1
                 Chemistry at HARvard Macromolecular Mechanics
           (CHARMM) - Developmental Version 47a2   February 15, 2021            
                                Revision unknown                                
       Copyright(c) 1984-2020  President and Fellows of Harvard College
                              All Rights Reserved
             Current operating system: Linux-6.1.0-45-amd64(x86_64)             
                 Created on  6/1/26 at  0:43:33 by user: charmm-gui  

            Maximum number of ATOMS:    360720, and RESidues:      120240
 RDTITL> * GENERATED BY CHARMM-GUI (HTTP://WWW.CHARMM-GUI.ORG) V3.7 ON JUN, 01. 2026. JOBID=8028885842
 RDTITL> * ORIENT THE MOLECULE ALONG THE Z-AXIS
 RDTITL> *
  
 CHARMM>     
  
 CHARMM>    DIMENS CHSIZE 5000000 MAXRES 3000000
Size      Original         New
MAXA        360720     5000000
MAXB        360720     5000000
MAXT        721440    10000000
MAXP       1082160    15000000
MAXIMP      180360     2500000
MAXNB        90180     1250000
MAXPAD      360720     5000000
MAXRES      120240     3000000
MAXSEG       45090      625000
MAXATC        1400
MAXCB         3000
MAXCT        50000
MAXCP        50000
MAXCI         1200
MAXCH         6400
MAXCN       502503
MAXCRT      120240     1666666
  
 CHARMM>     
  
 CHARMM>    ! Read topology and parameter files
 CHARMM>    stream toppar.str
 VOPEN> Attempting to open::toppar.str::
 OPNLGU> Unit 99 opened for READONLY access to toppar.str

                    INPUT STREAM SWITCHING TO UNIT    99
 RDTITL> * GENERATED BY CHARMM-GUI (HTTP://WWW.CHARMM-GUI.ORG) V3.7 ON JUN, 01. 2026. JOBID=8028885842
 RDTITL> * STREAM FILE FOR TOPOLOGY AND PARAMETER READING
 RDTITL> *
 Parameter: IN1 <- "" <empty>
  
 CHARMM>     
  
 CHARMM>    ! protein topology and parameter
 CHARMM>    open read card unit 10 name toppar/top_all36_prot.rtf
 VOPEN> Attempting to open::toppar/top_all36_prot.rtf::
 OPNLGU> Unit 10 opened for READONLY access to toppar/top_all36_prot.rtf
  
 CHARMM>    read  rtf card unit 10
 MAINIO> Residue topology file being read from unit  10.
 TITLE> *>>>>>>>>CHARMM36 ALL-HYDROGEN TOPOLOGY FILE FOR PROTEINS <<<<<<
 TITLE> *>>>>> INCLUDES PHI, PSI CROSS TERM MAP (CMAP) CORRECTION <<<<<<<
 TITLE> *>>>>>>>>>>>>>>>>>>>>>>>>>> MAY 2011 <<<<<<<<<<<<<<<<<<<<<<<<<<<<
 TITLE> * ALL COMMENTS TO THE CHARMM WEB SITE: WWW.CHARMM.ORG
 TITLE> *             PARAMETER SET DISCUSSION FORUM
 TITLE> *
  
 CHARMM>     
  
 CHARMM>    open read card unit 20 name toppar/par_all36m_prot.prm
 VOPEN> Attempting to open::toppar/par_all36m_prot.prm::
 OPNLGU> Unit 20 opened for READONLY access to toppar/par_all36m_prot.prm
  
 CHARMM>    read para card unit 20 flex

          PARAMETER FILE BEING READ FROM UNIT 20
 TITLE> *>>>> CHARMM36 ALL-HYDROGEN PARAMETER FILE FOR PROTEINS <<<<<<<<<<
 TITLE> *>>>>> INCLUDES PHI, PSI CROSS TERM MAP (CMAP) CORRECTION <<<<<<<<
 TITLE> *>>>>>>>>>>>>>>>>>>>>>>>>>> JAN. 2016 <<<<<<<<<<<<<<<<<<<<<<<<<<<<
 TITLE> * ALL COMMENTS TO THE CHARMM WEB SITE: WWW.CHARMM.ORG
 TITLE> *             PARAMETER SET DISCUSSION FORUM
 TITLE> *
 PARMIO> NONBOND, HBOND lists and IMAGE atoms cleared.
  
 CHARMM>     
  
 CHARMM>    ! nucleic acids
 CHARMM>    open read card unit 10 name toppar/top_all36_na.rtf
 OPNLGU> Unit already open. The old file will be closed first.
 VCLOSE: Closing unit   10 with status "KEEP"
 VOPEN> Attempting to open::toppar/top_all36_na.rtf::
 OPNLGU> Unit 10 opened for READONLY access to toppar/top_all36_na.rtf
  
 CHARMM>    read  rtf card unit 10 append
 MAINIO> Residue topology file being read from unit  10.
 TITLE> *  \\\\ CHARMM36 ALL-HYDROGEN NUCLEIC ACID TOPOLOGY FILE ////
 TITLE> *   ALEXANDER D. MACKERELL JR. AND COWORKERS
 TITLE> *                      APRIL 2011
 TITLE> * ALL COMMENTS TO THE CHARMM WEB SITE: WWW.CHARMM.ORG
 TITLE> *           PARAMETER SET DISCUSSION FORUM
 TITLE> *
  
 CHARMM>     
  
 CHARMM>    open read card unit 20 name toppar/par_all36_na.prm
 OPNLGU> Unit already open. The old file will be closed first.
 VCLOSE: Closing unit   20 with status "KEEP"
 VOPEN> Attempting to open::toppar/par_all36_na.prm::
 OPNLGU> Unit 20 opened for READONLY access to toppar/par_all36_na.prm
  
 CHARMM>    read para card unit 20 append flex

          PARAMETER FILE BEING READ FROM UNIT 20
 TITLE> * \\\\ CHARMM36 ALL-HYDROGEN NUCLEIC ACID PARAMETER FILE ////
 TITLE> *         ALEXANDER D. MACKERELL JR. AND COWORKERS
 TITLE> *                        APRIL 2011
 TITLE> * ALL COMMENTS TO THE CHARMM WEB SITE: WWW.CHARMM.ORG PARAMETER
 TITLE> *                     SET DISCUSSION FORUM
 TITLE> *
 PARMIO> NONBOND, HBOND lists and IMAGE atoms cleared.
  
 CHARMM>     
  
 CHARMM>    ! carbohydrates
 CHARMM>    open read card unit 10 name toppar/top_all36_carb.rtf
 OPNLGU> Unit already open. The old file will be closed first.
 VCLOSE: Closing unit   10 with status "KEEP"
 VOPEN> Attempting to open::toppar/top_all36_carb.rtf::
 OPNLGU> Unit 10 opened for READONLY access to toppar/top_all36_carb.rtf
  
 CHARMM>    read  rtf card unit 10 append
 MAINIO> Residue topology file being read from unit  10.
 TITLE> * $ID: TOP_ALLXX_SUGAR.INP,V 1.106 2014/08/19 19:07:43 ALEX EXP $
 TITLE> *>>>>>>>>>>>> ALL-HYDROGEN TOPOLOGIES USED IN THE <<<<<<<<<<<<<<<<
 TITLE> *>>>>> DEVELOPMENT OF THE CHARMM CARBOHYDRATE  FORCE FIELD<<<<<<<<
 TITLE> *>>>>>>>>>>>>>>>>>>>>>>>>> JUNE 2009 <<<<<<<<<<<<<<<<<<<<<<<<<<<<<
 TITLE> *>>>>>>>> DIRECT COMMENTS TO ALEXANDER D. MACKERELL JR. <<<<<<<<<<
 TITLE> *>>>>>>>>>> VIA THE CHARMM WEB SITE: WWW.CHARMM.ORG <<<<<<<<<<<<<<
 TITLE> *>>>>>>>>>>>>>>> PARAMETER SET DISCUSSION FORUM <<<<<<<<<<<<<<<<<<
 TITLE> *
  
 CHARMM>     
  
 CHARMM>    open read card unit 20 name toppar/par_all36_carb.prm
 OPNLGU> Unit already open. The old file will be closed first.
 VCLOSE: Closing unit   20 with status "KEEP"
 VOPEN> Attempting to open::toppar/par_all36_carb.prm::
 OPNLGU> Unit 20 opened for READONLY access to toppar/par_all36_carb.prm
  
 CHARMM>    read para card unit 20 append flex

          PARAMETER FILE BEING READ FROM UNIT 20
 TITLE> * $ID: PAR_ALLXX_SUGAR.INP,V 1.132 2014/08/19 19:03:21 ALEX EXP $
 TITLE> *>>>>>>>>>>>> ALL-HYDROGEN PARAMETERS USED IN THE <<<<<<<<<<<<<<<<
 TITLE> *>>>>> DEVELOPMENT OF THE CHARMM CARBOHYDRATE  FORCE FIELD<<<<<<<<
 TITLE> *>>>>>>>>>>>>>>>>>>>>>>>>> JUNE 2009 <<<<<<<<<<<<<<<<<<<<<<<<<<<<<
 TITLE> *>>>>>>>> DIRECT COMMENTS TO ALEXANDER D. MACKERELL JR. <<<<<<<<<<
 TITLE> *>>>>>>>>>> VIA THE CHARMM WEB SITE: WWW.CHARMM.ORG <<<<<<<<<<<<<<
 TITLE> *>>>>>>>>>>>>>>> PARAMETER SET DISCUSSION FORUM <<<<<<<<<<<<<<<<<<
 TITLE> *
 PARMIO> NONBOND, HBOND lists and IMAGE atoms cleared.
  
 CHARMM>     
  
 CHARMM>    ! lipids
 CHARMM>    open read card unit 10 name toppar/top_all36_lipid.rtf
 OPNLGU> Unit already open. The old file will be closed first.
 VCLOSE: Closing unit   10 with status "KEEP"
 VOPEN> Attempting to open::toppar/top_all36_lipid.rtf::
 OPNLGU> Unit 10 opened for READONLY access to toppar/top_all36_lipid.rtf
  
 CHARMM>    read  rtf card unit 10 append
 MAINIO> Residue topology file being read from unit  10.
 TITLE> *  \\\\\\\ CHARMM36 ALL-HYDROGEN LIPID TOPOLOGY FILE ///////
 TITLE> *  ALL COMMENTS AND QUESTIONS SHOULD BE SUBMITTED TO THE
 TITLE> *  PARAMETER FORUM AT THE CHARMM WEBSITE: WWW.CHARMM.ORG
 TITLE> *
  
 CHARMM>     
  
 CHARMM>    open read card unit 20 name toppar/par_all36_lipid.prm
 OPNLGU> Unit already open. The old file will be closed first.
 VCLOSE: Closing unit   20 with status "KEEP"
 VOPEN> Attempting to open::toppar/par_all36_lipid.prm::
 OPNLGU> Unit 20 opened for READONLY access to toppar/par_all36_lipid.prm
  
 CHARMM>    read para card unit 20 append flex

          PARAMETER FILE BEING READ FROM UNIT 20
 TITLE> *  \\\\\\\ CHARMM36 ALL-HYDROGEN LIPID PARAMETER FILE ///////
 TITLE> *  ALL COMMENTS AND QUESTIONS SHOULD BE SUBMITTED TO THE
 TITLE> *  PARAMETER FORUM AT THE CHARMM WEBSITE: WWW.CHARMM.ORG
 TITLE> *
 PARMIO> NONBOND, HBOND lists and IMAGE atoms cleared.
  
 CHARMM>     
  
 CHARMM>    ! CGENFF
 CHARMM>    open read card unit 10 name toppar/top_all36_cgenff.rtf
 OPNLGU> Unit already open. The old file will be closed first.
 VCLOSE: Closing unit   10 with status "KEEP"
 VOPEN> Attempting to open::toppar/top_all36_cgenff.rtf::
 OPNLGU> Unit 10 opened for READONLY access to toppar/top_all36_cgenff.rtf
  
 CHARMM>    read  rtf card unit 10 append
 MAINIO> Residue topology file being read from unit  10.
 TITLE> *  --------------------------------------------------------------------------  *
 TITLE> *          CGENFF: TOPOLOGY FOR THE CHARMM GENERAL FORCE FIELD V. 4.6          *
 TITLE> *                    FOR SMALL MOLECULE DRUG DESIGN                            *
 TITLE> *  --------------------------------------------------------------------------  *
 TITLE> *

 DRUDES PARTICLES WILL BE GENERATED AUTOMATICALLY FOR ALL ATOMS WITH NON-ZERO ALPHA
 Thole-type dipole screening, Slater-Delta shape {S(u) = 1 - (1+u/2)*exp(-u)}, default radius =  1.300000
  
 CHARMM>     
  
 CHARMM>    open read card unit 20 name toppar/par_all36_cgenff.prm
 OPNLGU> Unit already open. The old file will be closed first.
 VCLOSE: Closing unit   20 with status "KEEP"
 VOPEN> Attempting to open::toppar/par_all36_cgenff.prm::
 OPNLGU> Unit 20 opened for READONLY access to toppar/par_all36_cgenff.prm
  
 CHARMM>    read para card unit 20 append flex

          PARAMETER FILE BEING READ FROM UNIT 20
 TITLE> *  --------------------------------------------------------------------------  *
 TITLE> *         CGENFF: PARAMETERS FOR THE CHARMM GENERAL FORCE FIELD V. 4.6         *
 TITLE> *                    FOR SMALL MOLECULE DRUG DESIGN                            *
 TITLE> *  --------------------------------------------------------------------------  *
 TITLE> *  2017/8: IF PROTEIN, NUCLEIC ACID AND CARBOHYDRATE TOPOLOGY AND PARAMETER FILES
 TITLE> *  ARE NOT READ PRIOR TO THE CGENFF FILES "WARNING: ATOMS IN NBFIX ' errors will
 TITLE> *  BE ENCOUNTERED.  THESE CAN BE PASSED BY SETTING BOMLEV ( -2) PRIOR TO READING
 TITLE> *  THIS FILE. IN ADDITION, WHEN GENERATING AROMATIC HALOGENS (CL, BR, I) WITH
 TITLE> *  PRE C41B/C42A VERSIONS OF CHARMM "MISSING PARAMETER" ERRORS WILL BE
 TITLE> *  ENCOUNTERED THAT ALSO REQUIRE SETTING BOMLEV ( -2).
 TITLE> *
 PARMIO> NONBOND, HBOND lists and IMAGE atoms cleared.
  
 CHARMM>     
  
 CHARMM>    ! Phosphates and Sulfates
 CHARMM>    stream toppar/toppar_all36_moreions.str
 VOPEN> Attempting to open::toppar/toppar_all36_moreions.str::
 OPNLGU> Unit 98 opened for READONLY access to toppar/toppar_all36_moreions.str

                    INPUT STREAM SWITCHING TO UNIT    98
 RDTITL> * ADDITIONAL IONS GENERATED USING CGENFF
 RDTITL> *
 Parameter: IN1 <- "" <empty>
  
 CHARMM>     
  
 CHARMM>    set nat ?NATC
 RDCMND substituted energy or value "?NATC" to "345"
 Parameter: NAT <- "345"
  
 CHARMM>    set app
 Parameter: APP <- "" <empty>
  
 CHARMM>     
  
 CHARMM>    if "@NAT" ne "?NATC" if @nat ne 0 set app append
 Parameter: NAT -> "345"
 Parameter: NAT -> "345"
 RDCMND: can not substitute energy "?NATC""
 Comparing ""345"" and ""?NATC"".
 IF test evaluated as true.  Performing command
 Comparing "345" and "0".
 IF test evaluated as true.  Performing command
 Parameter: APP <- "APPEND"
  
 CHARMM>     
  
 CHARMM>    read rtf card @app
 Parameter: APP -> "APPEND"
 MAINIO> Residue topology file being read from unit  98.
 RDTITL> * TOPOLOGIES GENERATED BY
 RDTITL> * CHARMM GENERAL FORCE FIELD (CGENFF) PROGRAM VERSION 2.4.0
 RDTITL> *
  
 CHARMM>     
  
 CHARMM>    read para card flex @app
 Parameter: APP -> "APPEND"

          PARAMETER FILE BEING READ FROM UNIT 98
 RDTITL> * PARAMETERS GENERATED BY ANALOGY BY
 RDTITL> * CHARMM GENERAL FORCE FIELD (CGENFF) PROGRAM VERSION 2.4.0
 RDTITL> *
 PARMIO> NONBOND, HBOND lists and IMAGE atoms cleared.
  
 CHARMM>     
  
 VCLOSE: Closing unit   98 with status "KEEP"

                    RETURNING TO INPUT STREAM    99
  
 CHARMM>     
  
 CHARMM>    ! Interface FF
 CHARMM>    open read card unit 10 name toppar/top_interface.rtf
 OPNLGU> Unit already open. The old file will be closed first.
 VCLOSE: Closing unit   10 with status "KEEP"
 VOPEN> Attempting to open::toppar/top_interface.rtf::
 OPNLGU> Unit 10 opened for READONLY access to toppar/top_interface.rtf
  
 CHARMM>    read  rtf card unit 10 append
 MAINIO> Residue topology file being read from unit  10.
 TITLE> * INTERFACE FF
 TITLE> * TOPOLOGY FOR NANOMATERIALS
 TITLE> *
*** WARNING **** residue TSHO already exists (old one deleted)

      ***** LEVEL  1 WARNING FROM <RTFRDR> *****
      ***** Residue already exists.
      ******************************************
      BOMLEV (  0) IS NOT REACHED. WRNLEV IS  5

          PRES TSHO17      -1.050
*** WARNING **** residue TSHO already exists (old one deleted)

      ***** LEVEL  1 WARNING FROM <RTFRDR> *****
      ***** Residue already exists.
      ******************************************
      BOMLEV (  0) IS NOT REACHED. WRNLEV IS  5

          PRES TSHO21      -1.050
 There were   2 warning(s) from RTFRDR.
  
 CHARMM>     
  
 CHARMM>    open read card unit 10 name toppar/par_interface.prm
 OPNLGU> Unit already open. The old file will be closed first.
 VCLOSE: Closing unit   10 with status "KEEP"
 VOPEN> Attempting to open::toppar/par_interface.prm::
 OPNLGU> Unit 10 opened for READONLY access to toppar/par_interface.prm
  
 CHARMM>    read para card unit 10 append flex

          PARAMETER FILE BEING READ FROM UNIT 10
 TITLE> * INTERFACE FF
 TITLE> * TOPOLOGY AND PARAMETER FOR CALY MINERALS, CEMENT MINERALS
 TITLE> *
 PARRDR> Error: Repeated DIHE parameter ( 10947): HGR6  ICG1  ICG1  ICGE is replaced
 PARMIO> NONBOND, HBOND lists and IMAGE atoms cleared.
  
 CHARMM>     
  
 CHARMM>    stream toppar/toppar_all36_nano_lig.str
 VOPEN> Attempting to open::toppar/toppar_all36_nano_lig.str::
 OPNLGU> Unit 98 opened for READONLY access to toppar/toppar_all36_nano_lig.str

                    INPUT STREAM SWITCHING TO UNIT    98
 RDTITL> READ RTF CARD APPEND
 RDTITL> No title read.
 Parameter: IN1 <- "" <empty>
  
 CHARMM>    read rtf card append
 MAINIO> Residue topology file being read from unit  98.
 RDTITL> * TOPOLOGY FOR NANO-LIGAND
 RDTITL> *
  
 CHARMM>     
  
 CHARMM>    read param card flex append

          PARAMETER FILE BEING READ FROM UNIT 98
 RDTITL> * SYNTHETIC POLYMER PARAMETER
 RDTITL> *
 PARMIO> NONBOND, HBOND lists and IMAGE atoms cleared.
  
 CHARMM>    RETURN
 VCLOSE: Closing unit   98 with status "KEEP"

                    RETURNING TO INPUT STREAM    99
  
 CHARMM>    stream toppar/toppar_all36_nano_lig_patch.str
 VOPEN> Attempting to open::toppar/toppar_all36_nano_lig_patch.str::
 OPNLGU> Unit 98 opened for READONLY access to toppar/toppar_all36_nano_lig_patch.str

                    INPUT STREAM SWITCHING TO UNIT    98
 RDTITL> READ RTF CARD APPEND
 RDTITL> No title read.
 Parameter: IN1 <- "" <empty>
  
 CHARMM>    read rtf card append
 MAINIO> Residue topology file being read from unit  98.
 RDTITL> * TOPOLOGY FOR SYNTHETIC_POLYMER
 RDTITL> *
  
 CHARMM>    RETURN
 VCLOSE: Closing unit   98 with status "KEEP"

                    RETURNING TO INPUT STREAM    99
  
 CHARMM>     
  
 CHARMM>    ! Additional topologies and parameters for synthetic polymer
 CHARMM>    stream toppar/toppar_all36_synthetic_polymer.str
 VOPEN> Attempting to open::toppar/toppar_all36_synthetic_polymer.str::
 OPNLGU> Unit 98 opened for READONLY access to toppar/toppar_all36_synthetic_polymer.str

                    INPUT STREAM SWITCHING TO UNIT    98
 RDTITL> READ RTF CARD APPEND
 RDTITL> No title read.
 Parameter: IN1 <- "" <empty>
  
 CHARMM>    read rtf card append
 MAINIO> Residue topology file being read from unit  98.
 RDTITL> * TOPOLOGY FOR SYNTHETIC_POLYMER
 RDTITL> *
  
 CHARMM>     
  
 CHARMM>    read param card flex append

          PARAMETER FILE BEING READ FROM UNIT 98
 RDTITL> * SYNTHETIC POLYMER PARAMETER
 RDTITL> *
 PARMIO> NONBOND, HBOND lists and IMAGE atoms cleared.
  
 CHARMM>    RETURN
 VCLOSE: Closing unit   98 with status "KEEP"

                    RETURNING TO INPUT STREAM    99
  
 CHARMM>    stream toppar/toppar_all36_synthetic_polymer_patch.str
 VOPEN> Attempting to open::toppar/toppar_all36_synthetic_polymer_patch.str::
 OPNLGU> Unit 98 opened for READONLY access to toppar/toppar_all36_synthetic_polymer_patch.str

                    INPUT STREAM SWITCHING TO UNIT    98
 RDTITL> READ RTF CARD APPEND
 RDTITL> No title read.
 Parameter: IN1 <- "" <empty>
  
 CHARMM>    read rtf card append
 MAINIO> Residue topology file being read from unit  98.
 RDTITL> * TOPOLOGY FOR SYNTHETIC_POLYMER
 RDTITL> *
  
 CHARMM>     
  
 CHARMM>    return
 VCLOSE: Closing unit   98 with status "KEEP"

                    RETURNING TO INPUT STREAM    99
  
 CHARMM>    stream toppar/toppar_all36_polymer_solvent.str
 VOPEN> Attempting to open::toppar/toppar_all36_polymer_solvent.str::
 OPNLGU> Unit 98 opened for READONLY access to toppar/toppar_all36_polymer_solvent.str

                    INPUT STREAM SWITCHING TO UNIT    98
 RDTITL> READ RTF CARD APPEND
 RDTITL> No title read.
 Parameter: IN1 <- "" <empty>
  
 CHARMM>    read rtf card append
 MAINIO> Residue topology file being read from unit  98.
 RDTITL> * TOPOLOGY FOR SYNTHETIC_POLYMER
 RDTITL> *
  
 CHARMM>    read param card flex append

          PARAMETER FILE BEING READ FROM UNIT 98
 RDTITL> * SYNTHETIC POLYMER PARAMETER
 RDTITL> *
 PARMIO> NONBOND, HBOND lists and IMAGE atoms cleared.
  
 CHARMM>     
  
 CHARMM>    RETURN
 VCLOSE: Closing unit   98 with status "KEEP"

                    RETURNING TO INPUT STREAM    99
  
 CHARMM>     
  
 CHARMM>    ! Additional topologies and parameters for water and ions
 CHARMM>    stream toppar/toppar_water_ions.str
 VOPEN> Attempting to open::toppar/toppar_water_ions.str::
 OPNLGU> Unit 98 opened for READONLY access to toppar/toppar_water_ions.str

                    INPUT STREAM SWITCHING TO UNIT    98
 RDTITL> * TOPLOGY AND PARAMETER INFORMATION FOR WATER AND IONS.
 RDTITL> *
 Parameter: IN1 <- "" <empty>
  
 CHARMM>     
  
 CHARMM>    !Testcase
 CHARMM>    !test_water_ions.inp
 CHARMM>     
  
 CHARMM>    ! IMPORTANT NOTE: this file contains NBFixes between carboxylates and sodium,
 CHARMM>    ! which will only apply if the main files containing carboxylate atom types
 CHARMM>    ! have been read in first!
 CHARMM>     
  
 CHARMM>    !references
 CHARMM>    !
 CHARMM>    !TIP3P water model
 CHARMM>    !
 CHARMM>    !W.L. Jorgensen; J.Chandrasekhar; J.D. Madura; R.W. Impey;
 CHARMM>    !M.L. Klein; "Comparison of simple potential functions for
 CHARMM>    !simulating liquid water", J. Chem. Phys. 79 926-935 (1983).
 CHARMM>    !
 CHARMM>    !IONS
 CHARMM>    !
 CHARMM>    !Ions from Roux and coworkers
 CHARMM>    !
 CHARMM>    !Beglov, D. and Roux, B., Finite Representation of an Infinite
 CHARMM>    !Bulk System: Solvent Boundary Potential for Computer Simulations,
 CHARMM>    !Journal of Chemical Physics, 1994, 100: 9050-9063
 CHARMM>    !
 CHARMM>    !ZINC
 CHARMM>    !
 CHARMM>    !Stote, R.H. and Karplus, M. Zinc Binding in Proteins and
 CHARMM>    !Solution: A Simple but Accurate Nonbonded Representation, PROTEINS:
 CHARMM>    !Structure, Function, and Genetics 23:12-31 (1995)
 CHARMM>     
  
 CHARMM>    !test "append" to determine if previous toppar files have been read and
 CHARMM>    !add append to "read rtf card" if true
 CHARMM>    set nat ?NATC
 RDCMND substituted energy or value "?NATC" to "468"
 Parameter: NAT <- "468"
  
 CHARMM>    set app
 Parameter: APP <- "" <empty>
  
 CHARMM>    !We're exploiting what is arguably a bug in the parser. On the left hand side,
 CHARMM>    !the quotes have priority, so NAT is correctly substituted. On the right hand
 CHARMM>    !side, the ? has priority and NATC" (sic) is not a valid substitution...
 CHARMM>    if "@NAT" ne "?NATC" if @nat ne 0 set app append
 Parameter: NAT -> "468"
 Parameter: NAT -> "468"
 RDCMND: can not substitute energy "?NATC""
 Comparing ""468"" and ""?NATC"".
 IF test evaluated as true.  Performing command
 Comparing "468" and "0".
 IF test evaluated as true.  Performing command
 Parameter: APP <- "APPEND"
  
 CHARMM>     
  
 CHARMM>    read rtf card @app
 Parameter: APP -> "APPEND"
 MAINIO> Residue topology file being read from unit  98.
 RDTITL> * TOPOLOGY FOR WATER AND IONS
 RDTITL> *
  
 CHARMM>     
  
 CHARMM>    read para card flex @app
 Parameter: APP -> "APPEND"

          PARAMETER FILE BEING READ FROM UNIT 98
 RDTITL> * PARAMETERS FOR WATER AND IONS
 RDTITL> *
 PARMIO> NONBOND, HBOND lists and IMAGE atoms cleared.
  
 CHARMM>     
  
 CHARMM>    ! The following section contains NBFixes for sodium interacting with
 CHARMM>    ! carboxylate oxygens of various CHARMM force fields. It will generate
 CHARMM>    ! level -1 warnings whenever any of these force fields have not been
 CHARMM>    ! read prior to the current stream file. Since we don't want to force
 CHARMM>    ! the user to always read all the force fields, we're suppressing the
 CHARMM>    ! warnings. The only side effect is that you will have "most severe
 CHARMM>    ! warning was at level 0" at the end of your output. Also note that
 CHARMM>    ! the user is responsible for reading the current file last if they
 CHARMM>    ! want the NBFixes to apply. A more elegant solution would require new
 CHARMM>    ! features to be added to CHARMM.
 CHARMM>    ! parallel fix, to avoid duplicated messages in the log
 CHARMM>    set para
 Parameter: PARA <- "" <empty>
  
 CHARMM>    if ?NUMNODE gt 1 set para node 0
 RDCMND substituted energy or value "?NUMNODE" to "1"
 Comparing "1" and "1".
 IF test evaluated as false.  Skipping command
  
 CHARMM>     
  
 CHARMM>    set wrn ?WRNLEV
 RDCMND substituted energy or value "?WRNLEV" to "5"
 Parameter: WRN <- "5"
  
 CHARMM>    ! Some versions of CHARMM don't seem to initialize wrnlev...
 CHARMM>    if "@WRN" eq "?WRNLEV" set wrn 5
 Parameter: WRN -> "5"
 RDCMND: can not substitute energy "?WRNLEV""
 Comparing ""5"" and ""?WRNLEV"".
 IF test evaluated as false.  Skipping command
  
 CHARMM>    set bom ?bomlev
 RDCMND substituted energy or value "?BOMLEV" to "0"
 Parameter: BOM <- "0"
  
 CHARMM>    WRNLEV -1 @PARA
 Parameter: PARA -> "" <empty>
  
 CHARMM>    BOMLEV -1 @PARA
 Parameter: PARA -> "" <empty>
  
 CHARMM>    read para card flex append

          PARAMETER FILE BEING READ FROM UNIT 98
 RDTITL> * NBFIX BETWEEN CARBOXYLATE AND SODIUM
 RDTITL> *
 PARMIO> NONBOND, HBOND lists and IMAGE atoms cleared.
  
 CHARMM>    BOMLEV @bom @PARA
 Parameter: BOM -> "0"
 Parameter: PARA -> "" <empty>
  
 CHARMM>    WRNLEV @wrn @PARA
 Parameter: WRN -> "5"
 Parameter: PARA -> "" <empty>
  
 CHARMM>     
  
 CHARMM>    return
 VCLOSE: Closing unit   98 with status "KEEP"

                    RETURNING TO INPUT STREAM    99
  
 CHARMM>    stream toppar/toppar_dum_noble_gases.str
 VOPEN> Attempting to open::toppar/toppar_dum_noble_gases.str::
 OPNLGU> Unit 98 opened for READONLY access to toppar/toppar_dum_noble_gases.str

                    INPUT STREAM SWITCHING TO UNIT    98
 RDTITL> * TOPLOGY AND PARAMETER INFORMATION FOR HELIUM, NEON AND A DUMMY ATOM.
 RDTITL> *
 Parameter: IN1 <- "" <empty>
  
 CHARMM>     
  
 CHARMM>    !Testcase
 CHARMM>    !test_dum_nobel_gases.inp
 CHARMM>     
  
 CHARMM>    !test "append" to determine if previous	toppar files have been read and
 CHARMM>    !add append to "read rtf card" if true
 CHARMM>    set nat ?NATC
 RDCMND substituted energy or value "?NATC" to "485"
 Parameter: NAT <- "485"
  
 CHARMM>    set app
 Parameter: APP <- "" <empty>
  
 CHARMM>    !We're exploiting what is arguably a bug in the parser. On the left hand side,
 CHARMM>    !the quotes have proirity, so NAT is correctly substituted. On the right hand
 CHARMM>    !side, the ? has priority and NATC" (sic) is not a valid substitution...
 CHARMM>    if "@NAT" ne "?NATC" if @nat ne 0 set app append
 Parameter: NAT -> "485"
 Parameter: NAT -> "485"
 RDCMND: can not substitute energy "?NATC""
 Comparing ""485"" and ""?NATC"".
 IF test evaluated as true.  Performing command
 Comparing "485" and "0".
 IF test evaluated as true.  Performing command
 Parameter: APP <- "APPEND"
  
 CHARMM>     
  
 CHARMM>    read rtf card @app
 Parameter: APP -> "APPEND"
 MAINIO> Residue topology file being read from unit  98.
 RDTITL> * TOPOLOGY FOR HELIUM, NEON AND A DUMMY ATOM.
 RDTITL> *
  
 CHARMM>     
  
 CHARMM>    read para card flex @app
 Parameter: APP -> "APPEND"

          PARAMETER FILE BEING READ FROM UNIT 98
 RDTITL> * PARAMETERS FOR HELIUM, NEON AND A DUMMY ATOM.
 RDTITL> *
 PARMIO> NONBOND, HBOND lists and IMAGE atoms cleared.
  
 CHARMM>     
  
 CHARMM>    return
 VCLOSE: Closing unit   98 with status "KEEP"

                    RETURNING TO INPUT STREAM    99
  
 CHARMM>    stream toppar/toppar_ions_won.str
 VOPEN> Attempting to open::toppar/toppar_ions_won.str::
 OPNLGU> Unit 98 opened for READONLY access to toppar/toppar_ions_won.str

                    INPUT STREAM SWITCHING TO UNIT    98
 RDTITL> * TOP_IONS_WON.STR: GENERAL MODEL FOR MONO-, DI-, AND TRIVALENT CATIONS
 RDTITL> *
 Parameter: IN1 <- "" <empty>
  
 CHARMM>     
  
 CHARMM>    !This is a comprehensive set of ions developed using stochastic boundary
 CHARMM>    !conditions. It is strongly recommended that ion parameters in
 CHARMM>    !toppar_water_ions.str be used if available, as they are more highly
 CHARMM>    !optimized.  Accordingly, those ions have been commented in this
 CHARMM>    !file.
 CHARMM>    !
 CHARMM>    !reference
 CHARMM>    !Won, Y., "Force Field for Monovalent, Divalent, and Trivalent Cations
 CHARMM>    !Developed under the Solvent Boundary Potential," Journal of Physical
 CHARMM>    !Chemistry A., 116: 11763-11767, 2012.
 CHARMM>     
  
 CHARMM>     
  
 CHARMM>    !test "append" to determine if previous toppar files have been read and
 CHARMM>    !add append to "read rtf card" if true
 CHARMM>    set nat ?NATC
 RDCMND substituted energy or value "?NATC" to "488"
 Parameter: NAT <- "488"
  
 CHARMM>    set app
 Parameter: APP <- "" <empty>
  
 CHARMM>    !We're exploiting what is arguably a bug in the parser. On the left hand side,
 CHARMM>    !the quotes have priority, so NAT is correctly substituted. On the right hand
 CHARMM>    !side, the ? has priority and NATC" (sic) is not a valid substitution...
 CHARMM>    if "@NAT" ne "?NATC" if @nat ne 0 set app append
 Parameter: NAT -> "488"
 Parameter: NAT -> "488"
 RDCMND: can not substitute energy "?NATC""
 Comparing ""488"" and ""?NATC"".
 IF test evaluated as true.  Performing command
 Comparing "488" and "0".
 IF test evaluated as true.  Performing command
 Parameter: APP <- "APPEND"
  
 CHARMM>     
  
 CHARMM>    read rtf card @app
 Parameter: APP -> "APPEND"
 MAINIO> Residue topology file being read from unit  98.
 RDTITL> * TOPOLOGY FOR WATER AND IONS
 RDTITL> *
  
 CHARMM>     
  
 CHARMM>    read para card flex @app
 Parameter: APP -> "APPEND"

          PARAMETER FILE BEING READ FROM UNIT 98
 RDTITL> * PAR_CATION.PRM FOR MONO-, DI-, AND TRIVALENT CATIONS
 RDTITL> *
 PARMIO> NONBOND, HBOND lists and IMAGE atoms cleared.
  
 VCLOSE: Closing unit   98 with status "KEEP"

                    RETURNING TO INPUT STREAM    99
  
 CHARMM>    stream toppar/cam.str
 VOPEN> Attempting to open::toppar/cam.str::
 OPNLGU> Unit 98 opened for READONLY access to toppar/cam.str

                    INPUT STREAM SWITCHING TO UNIT    98
 RDTITL> READ RTF CARD APPEND
 RDTITL> No title read.
 Parameter: IN1 <- "" <empty>
  
 CHARMM>    read rtf card append
 MAINIO> Residue topology file being read from unit  98.
 RDTITL> * TOPOLOGY GENERATED BY PARMED
 RDTITL> *

      ***** LEVEL  1 WARNING FROM <rtfrdr> *****
      ***** No AUTOgen defaults specified in appended RTF. Potential conflict with prior RTF autogen options. Check.
      ******************************************
      BOMLEV (  0) IS NOT REACHED. WRNLEV IS  5

  
 CHARMM>     
  
 CHARMM>    read para card flex append

          PARAMETER FILE BEING READ FROM UNIT 98
 RDTITL> * PARAMETERS GENERATED BY PARMED
 RDTITL> *
 PARMIO> NONBOND, HBOND lists and IMAGE atoms cleared.
  
 CHARMM>     
  
 CHARMM>    ! The following section contains NBFixes for CAM interacting with
 CHARMM>    ! water.
 CHARMM>    set para
 Parameter: PARA <- "" <empty>
  
 CHARMM>    if ?NUMNODE gt 1 set para node 0
 RDCMND substituted energy or value "?NUMNODE" to "1"
 Comparing "1" and "1".
 IF test evaluated as false.  Skipping command
  
 CHARMM>     
  
 CHARMM>    set wrn ?WRNLEV
 RDCMND substituted energy or value "?WRNLEV" to "5"
 Parameter: WRN <- "5"
  
 CHARMM>    ! Some versions of CHARMM don't seem to initialize wrnlev...
 CHARMM>    if "@WRN" eq "?WRNLEV" set wrn 5
 Parameter: WRN -> "5"
 RDCMND: can not substitute energy "?WRNLEV""
 Comparing ""5"" and ""?WRNLEV"".
 IF test evaluated as false.  Skipping command
  
 CHARMM>    set bom ?bomlev
 RDCMND substituted energy or value "?BOMLEV" to "0"
 Parameter: BOM <- "0"
  
 CHARMM>    WRNLEV -1 @PARA
 Parameter: PARA -> "" <empty>
  
 CHARMM>    BOMLEV -1 @PARA
 Parameter: PARA -> "" <empty>
  
 CHARMM>     
  
 CHARMM>    read para card flex append

          PARAMETER FILE BEING READ FROM UNIT 98
 RDTITL> * NBFIX BETWEEN CAM AND WATER
 RDTITL> *
 PARMIO> NONBOND, HBOND lists and IMAGE atoms cleared.
  
 CHARMM>    BOMLEV @bom @PARA
 Parameter: BOM -> "0"
 Parameter: PARA -> "" <empty>
  
 CHARMM>    WRNLEV @wrn @PARA
 Parameter: WRN -> "5"
 Parameter: PARA -> "" <empty>
  
 CHARMM>     
  
 CHARMM>    return
 VCLOSE: Closing unit   98 with status "KEEP"

                    RETURNING TO INPUT STREAM    99
  
 CHARMM>     
  
 CHARMM>    ! Additional topologies and parameters for protein
 CHARMM>    stream toppar/toppar_all36_prot_arg0.str
 VOPEN> Attempting to open::toppar/toppar_all36_prot_arg0.str::
 OPNLGU> Unit 98 opened for READONLY access to toppar/toppar_all36_prot_arg0.str

                    INPUT STREAM SWITCHING TO UNIT    98
 RDTITL> *>>>>>> ALL-HYDROGEN TOPOLOGY FOR NEUTRAL ARG <<<<<<<<<<<<<<<<<<<<
 RDTITL> *>>>>>>>>>>>>>>>>>>>>>>> 2007 <<<<<<<<<<<<<<<<<<<<<<<<<<<<<<<<<<<<
 RDTITL> *>>>>>>>> DIRECT COMMENTS TO ALEXANDER D. MACKERELL JR. <<<<<<<<<<
 RDTITL> *>>>>>>>>>>>>>>> PARAMETER FORUM, WWW.CHARMM.ORG <<<<<<<<<<<<<<<<<
 RDTITL> *
 Parameter: IN1 <- "" <empty>
  
 CHARMM>     
  
 CHARMM>    ! Atom names include "R" (for Arg) as the second letter. The
 CHARMM>    ! only other atom types in the additive FF with this second
 CHARMM>    ! letter are histidine [HN]R[123] in the protein FF and CRL[12]
 CHARMM>    ! in toppar_all36_lipid_cholesterol.str , so no more conflicts.
 CHARMM>     
  
 CHARMM>    !Parent files that have to be read prior to streaming this file
 CHARMM>    !top_all36_prot.rtf
 CHARMM>    !par_all36_prot.rtf
 CHARMM>    !
 CHARMM>    !Testcase
 CHARMM>    !test_all36_prot_arg0.inp
 CHARMM>     
  
 CHARMM>    !Li, L., Vorobyov, I.V., MacKerell, Jr., A.D., Allen, T.W., "Is
 CHARMM>    !arginine charged in a membrane?" Biophysical Journal, 94: L11-L13,
 CHARMM>    !2008, PMCID: PMC2157258
 CHARMM>     
  
 CHARMM>    read rtf card append
 MAINIO> Residue topology file being read from unit  98.
 RDTITL> * TOPOLOGY FOR PROTEIN RELATED MODEL COMPOUNDS
 RDTITL> *
*** WARNING **** residue MGU1 already exists (old one deleted)

      ***** LEVEL  1 WARNING FROM <RTFRDR> *****
      ***** Residue already exists.
      ******************************************
      BOMLEV (  0) IS NOT REACHED. WRNLEV IS  5

          RESI MGU1          0.00
*** WARNING **** residue MGU2 already exists (old one deleted)

      ***** LEVEL  1 WARNING FROM <RTFRDR> *****
      ***** Residue already exists.
      ******************************************
      BOMLEV (  0) IS NOT REACHED. WRNLEV IS  5

          RESI MGU2          0.00
 There were   2 warning(s) from RTFRDR.
  
 CHARMM>     
  
 CHARMM>    read param card flex append

          PARAMETER FILE BEING READ FROM UNIT 98
 RDTITL>  
 RDTITL> No title read.
 PARMIO> NONBOND, HBOND lists and IMAGE atoms cleared.
  
 CHARMM>     
  
 CHARMM>    return
 VCLOSE: Closing unit   98 with status "KEEP"

                    RETURNING TO INPUT STREAM    99
  
 CHARMM>    stream toppar/toppar_all36_prot_c36m_d_aminoacids.str
 VOPEN> Attempting to open::toppar/toppar_all36_prot_c36m_d_aminoacids.str::
 OPNLGU> Unit 98 opened for READONLY access to toppar/toppar_all36_prot_c36m_d_aminoacids.str

                    INPUT STREAM SWITCHING TO UNIT    98
 RDTITL> *>>>>>>CHARMM36 ALL-HYDROGEN TOPPAR FILE FOR D-PROTEINS <<<<<<<
 RDTITL> *>>>>>>>>>>>>>>>>>>>>>>>>>> JAN. 2016 <<<<<<<<<<<<<<<<<<<<<<<<<<<<
 RDTITL> * ALL COMMENTS TO THE CHARMM WEB SITE: WWW.CHARMM.ORG
 RDTITL> *             PARAMETER SET DISCUSSION FORUM
 RDTITL> *
 Parameter: IN1 <- "" <empty>
  
 CHARMM>     
  
 CHARMM>    !update 2016/2. use directly inverted CMAPs
 CHARMM>     
  
 CHARMM>    !toppar stream file for D-amino acids. Includes new residue
 CHARMM>    !names, inverted CMAP and additional parameters.
 CHARMM>     
  
 CHARMM>    !Parent files that have to be read prior to streaming this file
 CHARMM>    !top_all36_prot.rtf
 CHARMM>    !par_all36m_prot.prm
 CHARMM>    !
 CHARMM>    !Testcase
 CHARMM>    !test_all36_d_amino_acid.inp
 CHARMM>     
  
 CHARMM>    !test "append" to determine if previous toppar files have been read and
 CHARMM>    !add append to "read rtf card" if true
 CHARMM>    set nat ?NATC
 RDCMND substituted energy or value "?NATC" to "554"
 Parameter: NAT <- "554"
  
 CHARMM>    set app
 Parameter: APP <- "" <empty>
  
 CHARMM>    !We're exploiting what is arguably a bug in the parser. On the left hand side,
 CHARMM>    !the quotes have priority, so NAT is correctly substituted. On the right hand
 CHARMM>    !side, the ? has priority and NATC" (sic) is not a valid substitution...
 CHARMM>    if "@NAT" ne "?NATC" if @nat ne 0 set app append
 Parameter: NAT -> "554"
 Parameter: NAT -> "554"
 RDCMND: can not substitute energy "?NATC""
 Comparing ""554"" and ""?NATC"".
 IF test evaluated as true.  Performing command
 Comparing "554" and "0".
 IF test evaluated as true.  Performing command
 Parameter: APP <- "APPEND"
  
 CHARMM>     
  
 CHARMM>    read rtf card @app
 Parameter: APP -> "APPEND"
 MAINIO> Residue topology file being read from unit  98.
 RDTITL> * TOPOLOGY FOR D- AMINOACIDS
 RDTITL> *
  
 CHARMM>     
  
 CHARMM>    read para card flex @app
 Parameter: APP -> "APPEND"

          PARAMETER FILE BEING READ FROM UNIT 98
 RDTITL> * PARAMETERS FOR D- AMINOACIDS
 RDTITL> *
 PARMIO> NONBOND, HBOND lists and IMAGE atoms cleared.
  
 VCLOSE: Closing unit   98 with status "KEEP"

                    RETURNING TO INPUT STREAM    99
  
 CHARMM>    stream toppar/toppar_all36_prot_fluoro_alkanes.str
 VOPEN> Attempting to open::toppar/toppar_all36_prot_fluoro_alkanes.str::
 OPNLGU> Unit 98 opened for READONLY access to toppar/toppar_all36_prot_fluoro_alkanes.str

                    INPUT STREAM SWITCHING TO UNIT    98
 RDTITL> * TOPOLOGY AND PARAMETERS FOR FLUORINATED ALKANES.
 RDTITL> *
 Parameter: IN1 <- "" <empty>
  
 CHARMM>     
  
 CHARMM>    !These parameters are maintained for historic reasons.  The CGenFF
 CHARMM>    !halogen parameters are a significant improvement over these
 CHARMM>    !parameters.
 CHARMM>     
  
 CHARMM>    !Parent files that have to be read prior to streaming this file
 CHARMM>    !top_all36_prot.rtf
 CHARMM>    !par_all36_prot.prm
 CHARMM>     
  
 CHARMM>    !Testcase
 CHARMM>    !test_all36_prot_fluoro_alkanes.inp
 CHARMM>     
  
 CHARMM>    !Reference
 CHARMM>    !Chen, I.-J., Yin, D. and MacKerell, Jr., A.D., "Combined Ab
 CHARMM>    !initio/Empirical Approach for Optimization of Lennard-Jones Parameters
 CHARMM>    !for Polar-Neutral Compounds," Journal of Computational Chemistry,
 CHARMM>    !2002, 23:199-213.
 CHARMM>    !
 CHARMM>    !Note that these parameters are higly optimized to reproduce the
 CHARMM>    !corresponding condensed phase properties and have not been incorporated
 CHARMM>    !into the CHARMM22 or CHARMM27 biomolecular force fields
 CHARMM>     
  
 CHARMM>    read rtf card append
 MAINIO> Residue topology file being read from unit  98.
 RDTITL> * TOPOLOGY FOR FLUOROALKANES
 RDTITL> *
*** WARNING **** residue ETHA already exists (old one deleted)

      ***** LEVEL  1 WARNING FROM <RTFRDR> *****
      ***** Residue already exists.
      ******************************************
      BOMLEV (  0) IS NOT REACHED. WRNLEV IS  5

          RESI ETHA  0.0
*** WARNING **** residue FETH already exists (old one deleted)

      ***** LEVEL  1 WARNING FROM <RTFRDR> *****
      ***** Residue already exists.
      ******************************************
      BOMLEV (  0) IS NOT REACHED. WRNLEV IS  5

          RESI FETH  0.0
*** WARNING **** residue DFET already exists (old one deleted)

      ***** LEVEL  1 WARNING FROM <RTFRDR> *****
      ***** Residue already exists.
      ******************************************
      BOMLEV (  0) IS NOT REACHED. WRNLEV IS  5

          RESI DFET 0.0
*** WARNING **** residue TFET already exists (old one deleted)

      ***** LEVEL  1 WARNING FROM <RTFRDR> *****
      ***** Residue already exists.
      ******************************************
      BOMLEV (  0) IS NOT REACHED. WRNLEV IS  5

          RESI TFET  0.0
*** WARNING **** residue TFE  already exists (old one deleted)

      ***** LEVEL  1 WARNING FROM <RTFRDR> *****
      ***** Residue already exists.
      ******************************************
      BOMLEV (  0) IS NOT REACHED. WRNLEV IS  5

          RESI TFE   0.0
 There were   5 warning(s) from RTFRDR.
  
 CHARMM>     
  
 CHARMM>    read para card flex append

          PARAMETER FILE BEING READ FROM UNIT 98
 RDTITL> * FLUOROALKANE PARAMETERS
 RDTITL> *
 PARMIO> NONBOND, HBOND lists and IMAGE atoms cleared.
  
 CHARMM>     
  
 CHARMM>    return
 VCLOSE: Closing unit   98 with status "KEEP"

                    RETURNING TO INPUT STREAM    99
  
 CHARMM>    stream toppar/toppar_all36_prot_heme.str
 VOPEN> Attempting to open::toppar/toppar_all36_prot_heme.str::
 OPNLGU> Unit 98 opened for READONLY access to toppar/toppar_all36_prot_heme.str

                    INPUT STREAM SWITCHING TO UNIT    98
 RDTITL> * TOPOLOGY AND PARAMETER STREAM FILE FOR HEME AND RELATED
 RDTITL> * LIGANDS AND PATCHES.
 RDTITL> *
 Parameter: IN1 <- "" <empty>
  
 CHARMM>     
  
 CHARMM>    !updated 2016/2, allow for use of AUTOGENERATE ANGLE DIHEDRAl PATCH
 CHARMM>     
  
 CHARMM>    !Parent files that have to be read prior to streaming this file
 CHARMM>    !top_all36_prot.rtf
 CHARMM>    !par_all36_prot.prm
 CHARMM>     
  
 CHARMM>    !Testcase
 CHARMM>    !test_all36_prot_heme.inp
 CHARMM>     
  
 CHARMM>    read rtf card append
 MAINIO> Residue topology file being read from unit  98.
 RDTITL> * TOPOLOGY FOR HEME AND RELATED COMPOUNDS AND PATCHES
 RDTITL> *
*** WARNING **** residue CO2  already exists (old one deleted)

      ***** LEVEL  1 WARNING FROM <RTFRDR> *****
      ***** Residue already exists.
      ******************************************
      BOMLEV (  0) IS NOT REACHED. WRNLEV IS  5

          RESI CO2             0.00
 There were   1 warning(s) from RTFRDR.
  
 CHARMM>     
  
 CHARMM>    read para card flex append

          PARAMETER FILE BEING READ FROM UNIT 98
 RDTITL> * ADDITIONAL PARAMETERS FOR HEME
 RDTITL> *
 PARMIO> NONBOND, HBOND lists and IMAGE atoms cleared.
  
 CHARMM>     
  
 CHARMM>    return
 VCLOSE: Closing unit   98 with status "KEEP"

                    RETURNING TO INPUT STREAM    99
  
 CHARMM>    stream toppar/toppar_all36_prot_heme_pcy.str
 VOPEN> Attempting to open::toppar/toppar_all36_prot_heme_pcy.str::
 OPNLGU> Unit 98 opened for READONLY access to toppar/toppar_all36_prot_heme_pcy.str

                    INPUT STREAM SWITCHING TO UNIT    98
 RDTITL> * TOPOLOGY AND PARAMETER STREAM FILE FOR HEME AND RELATED
 RDTITL> * LIGANDS AND PATCHES, WRITTEN BY SANGJUN PARK
 RDTITL> *
 Parameter: IN1 <- "" <empty>
  
 CHARMM>     
  
 CHARMM>    read rtf card append
 MAINIO> Residue topology file being read from unit  98.
 RDTITL> * TOPOLOGY FOR HEME AND RELATED COMPOUNDS AND PATCHES
 RDTITL> *
 **** WARNING from RTFRDR **** The total charge of the residue, PCY1,  -0.0700000,
 does not equal the expected charge,   0.0000000.
          PRES PCY2         0.00
 **** WARNING from RTFRDR **** The total charge of the residue, PCY2,  -0.0700000,
 does not equal the expected charge,   0.0000000.
 There were   2 warning(s) from RTFRDR.
  
 CHARMM>     
  
 CHARMM>    read para card flex append

          PARAMETER FILE BEING READ FROM UNIT 98
 RDTITL> * ADDITIONAL PARAMETERS FOR HEME
 RDTITL> *
 PARMIO> NONBOND, HBOND lists and IMAGE atoms cleared.
  
 CHARMM>     
  
 CHARMM>    return
 VCLOSE: Closing unit   98 with status "KEEP"

                    RETURNING TO INPUT STREAM    99
  
 CHARMM>    stream toppar/toppar_all36_prot_na_combined.str
 VOPEN> Attempting to open::toppar/toppar_all36_prot_na_combined.str::
 OPNLGU> Unit 98 opened for READONLY access to toppar/toppar_all36_prot_na_combined.str

                    INPUT STREAM SWITCHING TO UNIT    98
 RDTITL> * TOPOLOGY AND PARAMETER STREAM FILE FOR PATCHES TO CREATE
 RDTITL> * MODEL COMPOUNDS AND PATCHES THAT REQUIRE BOTH PROTEIN AND
 RDTITL> * NUCLEIC ACID TOPOLOGY AND PARAMETER INFORMATION
 RDTITL> *
 Parameter: IN1 <- "" <empty>
  
 CHARMM>     
  
 CHARMM>    !Parent files that have to be read prior to streaming this file
 CHARMM>    !top_all36_prot.rtf
 CHARMM>    !par_all36_prot.prm
 CHARMM>    !top_all36_na.rtf
 CHARMM>    !par_all36_na.prm
 CHARMM>    !stream/toppar_all36_prot_fluoro_alkanes.str ! atom types an parameters for fluorinated compounds
 CHARMM>     
  
 CHARMM>    !Testcase
 CHARMM>    !test_all36_prot_na_combined.inp
 CHARMM>     
  
 CHARMM>    !all patches must be followed by AUTOGENERATE ANGLES DIHEDRALS
 CHARMM>     
  
 CHARMM>    !PHOSPHOTYROSINE
 CHARMM>    !
 CHARMM>    !Feng, M.-H., Philippopoulos, M., MacKerell, Jr., A.D. and Lim, C.
 CHARMM>    !Structural Characterization of the Phosphotyrosine Binding Region of a
 CHARMM>    !High-Affinity aSH2 Domain-Phosphopeptide Complex by Molecular Dynamics
 CHARMM>    !Simulation and Chemical Shift Calculations. Journal of the American
 CHARMM>    !Chemical Society, 1996, 118: 11265-11277.
 CHARMM>     
  
 CHARMM>    read rtf card append
 MAINIO> Residue topology file being read from unit  98.
 RDTITL> * TOPOLOGY FOR PHOSPHORYLATED AMINO ACIDS
 RDTITL> *
*** WARNING **** residue THFI already exists (old one deleted)

      ***** LEVEL  1 WARNING FROM <RTFRDR> *****
      ***** Residue already exists.
      ******************************************
      BOMLEV (  0) IS NOT REACHED. WRNLEV IS  5

          RESI THFI       0.00
*** WARNING **** residue THMI already exists (old one deleted)

      ***** LEVEL  1 WARNING FROM <RTFRDR> *****
      ***** Residue already exists.
      ******************************************
      BOMLEV (  0) IS NOT REACHED. WRNLEV IS  5

          RESI THMI       0.00
*** WARNING **** residue THFA already exists (old one deleted)

      ***** LEVEL  1 WARNING FROM <RTFRDR> *****
      ***** Residue already exists.
      ******************************************
      BOMLEV (  0) IS NOT REACHED. WRNLEV IS  5

          RESI THFA        0.00
*** WARNING **** residue THAO already exists (old one deleted)

      ***** LEVEL  1 WARNING FROM <RTFRDR> *****
      ***** Residue already exists.
      ******************************************
      BOMLEV (  0) IS NOT REACHED. WRNLEV IS  5

          RESI THAO         0.00
*** WARNING **** residue RNUS already exists (old one deleted)

      ***** LEVEL  1 WARNING FROM <RTFRDR> *****
      ***** Residue already exists.
      ******************************************
      BOMLEV (  0) IS NOT REACHED. WRNLEV IS  5

          RESI RNUS         0.00
*** WARNING **** residue NUCL already exists (old one deleted)

      ***** LEVEL  1 WARNING FROM <RTFRDR> *****
      ***** Residue already exists.
      ******************************************
      BOMLEV (  0) IS NOT REACHED. WRNLEV IS  5

          RESI NUCL        -1.00
*** WARNING **** residue PPH1 already exists (old one deleted)

      ***** LEVEL  1 WARNING FROM <RTFRDR> *****
      ***** Residue already exists.
      ******************************************
      BOMLEV (  0) IS NOT REACHED. WRNLEV IS  5

          RESI PPH1      -1.00
*** WARNING **** residue BMPH already exists (old one deleted)

      ***** LEVEL  1 WARNING FROM <RTFRDR> *****
      ***** Residue already exists.
      ******************************************
      BOMLEV (  0) IS NOT REACHED. WRNLEV IS  5

          RESI BMPH      -1.00
*** WARNING **** residue BMPD already exists (old one deleted)

      ***** LEVEL  1 WARNING FROM <RTFRDR> *****
      ***** Residue already exists.
      ******************************************
      BOMLEV (  0) IS NOT REACHED. WRNLEV IS  5

          RESI BMPD      -2.00
*** WARNING **** residue BDFP already exists (old one deleted)

      ***** LEVEL  1 WARNING FROM <RTFRDR> *****
      ***** Residue already exists.
      ******************************************
      BOMLEV (  0) IS NOT REACHED. WRNLEV IS  5

          RESI BDFP      -1.00
*** WARNING **** residue BDFD already exists (old one deleted)

      ***** LEVEL  1 WARNING FROM <RTFRDR> *****
      ***** Residue already exists.
      ******************************************
      BOMLEV (  0) IS NOT REACHED. WRNLEV IS  5

          RESI BDFD -2.00
*** WARNING **** residue EP_2 already exists (old one deleted)

      ***** LEVEL  1 WARNING FROM <RTFRDR> *****
      ***** Residue already exists.
      ******************************************
      BOMLEV (  0) IS NOT REACHED. WRNLEV IS  5

          RESI EP_2        -2.00
*** WARNING **** residue IP_2 already exists (old one deleted)

      ***** LEVEL  1 WARNING FROM <RTFRDR> *****
      ***** Residue already exists.
      ******************************************
      BOMLEV (  0) IS NOT REACHED. WRNLEV IS  5

          RESI IP_2        -2.00
 There were  13 warning(s) from RTFRDR.
  
 CHARMM>     
  
 CHARMM>    read para card flex append

          PARAMETER FILE BEING READ FROM UNIT 98
 RDTITL> * ADDITIONAL PARAMETERS FOR PHOSPHORYLATED AMINO ACIDS
 RDTITL> *
 PARMIO> NONBOND, HBOND lists and IMAGE atoms cleared.
  
 VCLOSE: Closing unit   98 with status "KEEP"

                    RETURNING TO INPUT STREAM    99
  
 CHARMM>    stream toppar/toppar_all36_prot_retinol.str
 VOPEN> Attempting to open::toppar/toppar_all36_prot_retinol.str::
 OPNLGU> Unit 98 opened for READONLY access to toppar/toppar_all36_prot_retinol.str

                    INPUT STREAM SWITCHING TO UNIT    98
 RDTITL> * TOPPAR STREAM FILE FOR RETINOL AND RETINAL PARAMETERS
 RDTITL> * A. LOCCISANO, A.M.W., J. EVANSECK AND A.D. MACKERELL, JR.
 RDTITL> * APRIL, 2005
 RDTITL> *
 Parameter: IN1 <- "" <empty>
  
 CHARMM>     
  
 CHARMM>    !use with c36 protein force fields
 CHARMM>    !top_all36_prot.rtf
 CHARMM>    !par_all36_prot.prm
 CHARMM>     
  
 CHARMM>    read rtf card append
 MAINIO> Residue topology file being read from unit  98.
 RDTITL> * RETINAL/RETINOL AND RELATED MODEL COMPOUNDS
 RDTITL> *
*** WARNING **** residue BTE2 already exists (old one deleted)

      ***** LEVEL  1 WARNING FROM <RTFRDR> *****
      ***** Residue already exists.
      ******************************************
      BOMLEV (  0) IS NOT REACHED. WRNLEV IS  5

          RESI BTE2       0.00
*** WARNING **** residue 13DB already exists (old one deleted)

      ***** LEVEL  1 WARNING FROM <RTFRDR> *****
      ***** Residue already exists.
      ******************************************
      BOMLEV (  0) IS NOT REACHED. WRNLEV IS  5

          RESI 13DB       0.00
*** WARNING **** residue 13DP already exists (old one deleted)

      ***** LEVEL  1 WARNING FROM <RTFRDR> *****
      ***** Residue already exists.
      ******************************************
      BOMLEV (  0) IS NOT REACHED. WRNLEV IS  5

          RESI 13DP       0.00
*** WARNING **** residue DMB1 already exists (old one deleted)

      ***** LEVEL  1 WARNING FROM <RTFRDR> *****
      ***** Residue already exists.
      ******************************************
      BOMLEV (  0) IS NOT REACHED. WRNLEV IS  5

          RESI DMB1       0.00
*** WARNING **** residue DMP1 already exists (old one deleted)

      ***** LEVEL  1 WARNING FROM <RTFRDR> *****
      ***** Residue already exists.
      ******************************************
      BOMLEV (  0) IS NOT REACHED. WRNLEV IS  5

          RESI DMP1       0.00
*** WARNING **** residue DMP2 already exists (old one deleted)

      ***** LEVEL  1 WARNING FROM <RTFRDR> *****
      ***** Residue already exists.
      ******************************************
      BOMLEV (  0) IS NOT REACHED. WRNLEV IS  5

          RESI DMP2       0.00
*** WARNING **** residue CROT already exists (old one deleted)

      ***** LEVEL  1 WARNING FROM <RTFRDR> *****
      ***** Residue already exists.
      ******************************************
      BOMLEV (  0) IS NOT REACHED. WRNLEV IS  5

          RESI CROT       0.00
*** WARNING **** residue PACP already exists (old one deleted)

      ***** LEVEL  1 WARNING FROM <RTFRDR> *****
      ***** Residue already exists.
      ******************************************
      BOMLEV (  0) IS NOT REACHED. WRNLEV IS  5

          RESI PACP       0.00
*** WARNING **** residue MECH already exists (old one deleted)

      ***** LEVEL  1 WARNING FROM <RTFRDR> *****
      ***** Residue already exists.
      ******************************************
      BOMLEV (  0) IS NOT REACHED. WRNLEV IS  5

          RESI MECH       0.00
*** WARNING **** residue TMCH already exists (old one deleted)

      ***** LEVEL  1 WARNING FROM <RTFRDR> *****
      ***** Residue already exists.
      ******************************************
      BOMLEV (  0) IS NOT REACHED. WRNLEV IS  5

          RESI TMCH       0.00
*** WARNING **** residue FRET already exists (old one deleted)

      ***** LEVEL  1 WARNING FROM <RTFRDR> *****
      ***** Residue already exists.
      ******************************************
      BOMLEV (  0) IS NOT REACHED. WRNLEV IS  5

          RESI FRET       0.00
*** WARNING **** residue RTOL already exists (old one deleted)

      ***** LEVEL  1 WARNING FROM <RTFRDR> *****
      ***** Residue already exists.
      ******************************************
      BOMLEV (  0) IS NOT REACHED. WRNLEV IS  5

          RESI RTOL       0.00
*** WARNING **** residue RTAL already exists (old one deleted)

      ***** LEVEL  1 WARNING FROM <RTFRDR> *****
      ***** Residue already exists.
      ******************************************
      BOMLEV (  0) IS NOT REACHED. WRNLEV IS  5

          RESI RTAL       0.00
*** WARNING **** residue RTAC already exists (old one deleted)

      ***** LEVEL  1 WARNING FROM <RTFRDR> *****
      ***** Residue already exists.
      ******************************************
      BOMLEV (  0) IS NOT REACHED. WRNLEV IS  5

          RESI RTAC      -1.00
*** WARNING **** residue PRAC already exists (old one deleted)

      ***** LEVEL  1 WARNING FROM <RTFRDR> *****
      ***** Residue already exists.
      ******************************************
      BOMLEV (  0) IS NOT REACHED. WRNLEV IS  5

          RESI PRAC      -1.00
*** WARNING **** residue PROL already exists (old one deleted)

      ***** LEVEL  1 WARNING FROM <RTFRDR> *****
      ***** Residue already exists.
      ******************************************
      BOMLEV (  0) IS NOT REACHED. WRNLEV IS  5

          RESI PROL       0.00
*** WARNING **** residue PRAL already exists (old one deleted)

      ***** LEVEL  1 WARNING FROM <RTFRDR> *****
      ***** Residue already exists.
      ******************************************
      BOMLEV (  0) IS NOT REACHED. WRNLEV IS  5

          RESI PRAL       0.00
*** WARNING **** residue SCH1 already exists (old one deleted)

      ***** LEVEL  1 WARNING FROM <RTFRDR> *****
      ***** Residue already exists.
      ******************************************
      BOMLEV (  0) IS NOT REACHED. WRNLEV IS  5

          RESI SCH1       0.00
*** WARNING **** residue SCH2 already exists (old one deleted)

      ***** LEVEL  1 WARNING FROM <RTFRDR> *****
      ***** Residue already exists.
      ******************************************
      BOMLEV (  0) IS NOT REACHED. WRNLEV IS  5

          RESI SCH2       1.00
*** WARNING **** residue SCH3 already exists (old one deleted)

      ***** LEVEL  1 WARNING FROM <RTFRDR> *****
      ***** Residue already exists.
      ******************************************
      BOMLEV (  0) IS NOT REACHED. WRNLEV IS  5

          RESI SCH3       1.00
 There were  20 warning(s) from RTFRDR.
  
 CHARMM>     
  
 CHARMM>    read para card flex append

          PARAMETER FILE BEING READ FROM UNIT 98
 RDTITL> * RETINAL/RETINOL AND RELATED PARAMETERS
 RDTITL> *
 PARMIO> NONBOND, HBOND lists and IMAGE atoms cleared.
  
 CHARMM>     
  
 VCLOSE: Closing unit   98 with status "KEEP"

                    RETURNING TO INPUT STREAM    99
  
 CHARMM>    stream toppar/toppar_all36_prot_model.str
 VOPEN> Attempting to open::toppar/toppar_all36_prot_model.str::
 OPNLGU> Unit 98 opened for READONLY access to toppar/toppar_all36_prot_model.str

                    INPUT STREAM SWITCHING TO UNIT    98
 RDTITL> *>> ALL-HYDROGEN TOPOLOGY FOR SMALL MODEL COMPOUNDS USED IN THE <<
 RDTITL> *>> DEVELOPMENT OF THE CHARMM22 PROTEIN ALL-HYDROGEN PARAMETERS <<
 RDTITL> *>>>>>>>>>>>>>>>>>>>>>>> JULY 1997 <<<<<<<<<<<<<<<<<<<<<<<<<<<<<<<
 RDTITL> *>>>>>>>> DIRECT COMMENTS TO ALEXANDER D. MACKERELL JR. <<<<<<<<<<
 RDTITL> *>>>>>>>>>>>>>>> PARAMETER FORUM, WWW.CHARMM.ORG <<<<<<<<<<<<<<<<<
 RDTITL> *CONVERTED TO STREAM FORMAT, DECEMBER 2003
 RDTITL> *CONVERTED TO CHARMM36 PROTEIN ATOM TYPES, MAY 2011
 RDTITL> *
 Parameter: IN1 <- "" <empty>
  
 CHARMM>     
  
 CHARMM>    !Parent files that have to be read prior to streaming this file
 CHARMM>    !top_all36_prot.rtf
 CHARMM>    !par_all36_prot.prm
 CHARMM>    !
 CHARMM>    !Testcase
 CHARMM>    !test_all36_prot_model.inp
 CHARMM>     
  
 CHARMM>    !changes after 9/98
 CHARMM>    !
 CHARMM>    !change alkene HA1 and HA2 to HE1 and HE2
 CHARMM>    !
 CHARMM>    !improper atom ordering corrected
 CHARMM>    !
 CHARMM>    !version b5i to be consistent with protein toppar files
 CHARMM>    !
 CHARMM>    !Heme vinyl groups upgraded based on new butene parameters
 CHARMM>    !
 CHARMM>     
  
 CHARMM>    ! references
 CHARMM>    !
 CHARMM>    !PROTEINS
 CHARMM>    !
 CHARMM>    !MacKerell, Jr., A. D.; Bashford, D.; Bellott, M.; Dunbrack Jr., R.L.;
 CHARMM>    !Evanseck, J.D.; Field, M.J.; Fischer, S.; Gao, J.; Guo, H.; Ha, S.;
 CHARMM>    !Joseph-McCarthy, D.; Kuchnir, L.; Kuczera, K.; Lau, F.T.K.; Mattos,
 CHARMM>    !C.; Michnick, S.; Ngo, T.; Nguyen, D.T.; Prodhom, B.; Reiher, III,
 CHARMM>    !W.E.; Roux, B.; Schlenkrich, M.; Smith, J.C.; Stote, R.; Straub, J.;
 CHARMM>    !Watanabe, M.; Wiorkiewicz-Kuczera, J.; Yin, D.; Karplus, M.  All-atom
 CHARMM>    !empirical potential for molecular modeling and dynamics Studies of
 CHARMM>    !proteins.  Journal of Physical Chemistry B, 1998, 102, 3586-3616.
 CHARMM>     
  
 CHARMM>    read rtf card append
 MAINIO> Residue topology file being read from unit  98.
 RDTITL> * TOPOLOGY FOR PROTEIN RELATED MODEL COMPOUNDS
 RDTITL> *
*** WARNING **** residue ACET already exists (old one deleted)

      ***** LEVEL  1 WARNING FROM <RTFRDR> *****
      ***** Residue already exists.
      ******************************************
      BOMLEV (  0) IS NOT REACHED. WRNLEV IS  5

          RESI ACET       -1.00
*** WARNING **** residue PROA already exists (old one deleted)

      ***** LEVEL  1 WARNING FROM <RTFRDR> *****
      ***** Residue already exists.
      ******************************************
      BOMLEV (  0) IS NOT REACHED. WRNLEV IS  5

          RESI PROA       -1.00
*** WARNING **** residue GUAN already exists (old one deleted)

      ***** LEVEL  1 WARNING FROM <RTFRDR> *****
      ***** Residue already exists.
      ******************************************
      BOMLEV (  0) IS NOT REACHED. WRNLEV IS  5

          RESI GUAN        1.00
*** WARNING **** residue MGUA already exists (old one deleted)

      ***** LEVEL  1 WARNING FROM <RTFRDR> *****
      ***** Residue already exists.
      ******************************************
      BOMLEV (  0) IS NOT REACHED. WRNLEV IS  5

          RESI MGUA        1.00
*** WARNING **** residue GLYN already exists (old one deleted)

      ***** LEVEL  1 WARNING FROM <RTFRDR> *****
      ***** Residue already exists.
      ******************************************
      BOMLEV (  0) IS NOT REACHED. WRNLEV IS  5

          RESI GLYN         0.00
*** WARNING **** residue MAMM already exists (old one deleted)

      ***** LEVEL  1 WARNING FROM <RTFRDR> *****
      ***** Residue already exists.
      ******************************************
      BOMLEV (  0) IS NOT REACHED. WRNLEV IS  5

          RESI MAMM        1.00
*** WARNING **** residue EAMM already exists (old one deleted)

      ***** LEVEL  1 WARNING FROM <RTFRDR> *****
      ***** Residue already exists.
      ******************************************
      BOMLEV (  0) IS NOT REACHED. WRNLEV IS  5

          RESI EAMM        1.00
*** WARNING **** residue ACEH already exists (old one deleted)

      ***** LEVEL  1 WARNING FROM <RTFRDR> *****
      ***** Residue already exists.
      ******************************************
      BOMLEV (  0) IS NOT REACHED. WRNLEV IS  5

          RESI ACEH        0.00
*** WARNING **** residue MEOH already exists (old one deleted)

      ***** LEVEL  1 WARNING FROM <RTFRDR> *****
      ***** Residue already exists.
      ******************************************
      BOMLEV (  0) IS NOT REACHED. WRNLEV IS  5

          RESI MEOH        0.00
*** WARNING **** residue METO already exists (old one deleted)

      ***** LEVEL  1 WARNING FROM <RTFRDR> *****
      ***** Residue already exists.
      ******************************************
      BOMLEV (  0) IS NOT REACHED. WRNLEV IS  5

          RESI METO       -1.00
*** WARNING **** residue ETOH already exists (old one deleted)

      ***** LEVEL  1 WARNING FROM <RTFRDR> *****
      ***** Residue already exists.
      ******************************************
      BOMLEV (  0) IS NOT REACHED. WRNLEV IS  5

          RESI ETOH        0.00
*** WARNING **** residue ETO  already exists (old one deleted)

      ***** LEVEL  1 WARNING FROM <RTFRDR> *****
      ***** Residue already exists.
      ******************************************
      BOMLEV (  0) IS NOT REACHED. WRNLEV IS  5

          RESI ETO        -1.00
*** WARNING **** residue PRO2 already exists (old one deleted)

      ***** LEVEL  1 WARNING FROM <RTFRDR> *****
      ***** Residue already exists.
      ******************************************
      BOMLEV (  0) IS NOT REACHED. WRNLEV IS  5

          RESI PRO2        0.00
*** WARNING **** residue FORM already exists (old one deleted)

      ***** LEVEL  1 WARNING FROM <RTFRDR> *****
      ***** Residue already exists.
      ******************************************
      BOMLEV (  0) IS NOT REACHED. WRNLEV IS  5

          RESI FORM        0.00
*** WARNING **** residue ACEM already exists (old one deleted)

      ***** LEVEL  1 WARNING FROM <RTFRDR> *****
      ***** Residue already exists.
      ******************************************
      BOMLEV (  0) IS NOT REACHED. WRNLEV IS  5

          RESI ACEM        0.00
*** WARNING **** residue NMA  already exists (old one deleted)

      ***** LEVEL  1 WARNING FROM <RTFRDR> *****
      ***** Residue already exists.
      ******************************************
      BOMLEV (  0) IS NOT REACHED. WRNLEV IS  5

          RESI NMA         0.00
*** WARNING **** residue MESH already exists (old one deleted)

      ***** LEVEL  1 WARNING FROM <RTFRDR> *****
      ***** Residue already exists.
      ******************************************
      BOMLEV (  0) IS NOT REACHED. WRNLEV IS  5

          RESI MESH        0.00
*** WARNING **** residue MES1 already exists (old one deleted)

      ***** LEVEL  1 WARNING FROM <RTFRDR> *****
      ***** Residue already exists.
      ******************************************
      BOMLEV (  0) IS NOT REACHED. WRNLEV IS  5

          RESI MES1       -1.00
*** WARNING **** residue ETSH already exists (old one deleted)

      ***** LEVEL  1 WARNING FROM <RTFRDR> *****
      ***** Residue already exists.
      ******************************************
      BOMLEV (  0) IS NOT REACHED. WRNLEV IS  5

          RESI ETSH        0.00
*** WARNING **** residue ES1  already exists (old one deleted)

      ***** LEVEL  1 WARNING FROM <RTFRDR> *****
      ***** Residue already exists.
      ******************************************
      BOMLEV (  0) IS NOT REACHED. WRNLEV IS  5

          RESI ES1        -1.00
*** WARNING **** residue DMDS already exists (old one deleted)

      ***** LEVEL  1 WARNING FROM <RTFRDR> *****
      ***** Residue already exists.
      ******************************************
      BOMLEV (  0) IS NOT REACHED. WRNLEV IS  5

          RESI DMDS        0.00
*** WARNING **** residue DEDS already exists (old one deleted)

      ***** LEVEL  1 WARNING FROM <RTFRDR> *****
      ***** Residue already exists.
      ******************************************
      BOMLEV (  0) IS NOT REACHED. WRNLEV IS  5

          RESI DEDS        0.00
*** WARNING **** residue EMS  already exists (old one deleted)

      ***** LEVEL  1 WARNING FROM <RTFRDR> *****
      ***** Residue already exists.
      ******************************************
      BOMLEV (  0) IS NOT REACHED. WRNLEV IS  5

          RESI EMS         0.00
*** WARNING **** residue IMIA already exists (old one deleted)

      ***** LEVEL  1 WARNING FROM <RTFRDR> *****
      ***** Residue already exists.
      ******************************************
      BOMLEV (  0) IS NOT REACHED. WRNLEV IS  5

          RESI IMIA        0.00
*** WARNING **** residue MIMI already exists (old one deleted)

      ***** LEVEL  1 WARNING FROM <RTFRDR> *****
      ***** Residue already exists.
      ******************************************
      BOMLEV (  0) IS NOT REACHED. WRNLEV IS  5

          RESI MIMI        0.00
*** WARNING **** residue EIMI already exists (old one deleted)

      ***** LEVEL  1 WARNING FROM <RTFRDR> *****
      ***** Residue already exists.
      ******************************************
      BOMLEV (  0) IS NOT REACHED. WRNLEV IS  5

          RESI EIMI        0.00
*** WARNING **** residue IMIM already exists (old one deleted)

      ***** LEVEL  1 WARNING FROM <RTFRDR> *****
      ***** Residue already exists.
      ******************************************
      BOMLEV (  0) IS NOT REACHED. WRNLEV IS  5

          RESI IMIM        1.00
*** WARNING **** residue EIMM already exists (old one deleted)

      ***** LEVEL  1 WARNING FROM <RTFRDR> *****
      ***** Residue already exists.
      ******************************************
      BOMLEV (  0) IS NOT REACHED. WRNLEV IS  5

          RESI EIMM        1.00
*** WARNING **** residue BENZ already exists (old one deleted)

      ***** LEVEL  1 WARNING FROM <RTFRDR> *****
      ***** Residue already exists.
      ******************************************
      BOMLEV (  0) IS NOT REACHED. WRNLEV IS  5

          RESI BENZ        0.00
*** WARNING **** residue EBEN already exists (old one deleted)

      ***** LEVEL  1 WARNING FROM <RTFRDR> *****
      ***** Residue already exists.
      ******************************************
      BOMLEV (  0) IS NOT REACHED. WRNLEV IS  5

          RESI EBEN         0.00
*** WARNING **** residue PHEN already exists (old one deleted)

      ***** LEVEL  1 WARNING FROM <RTFRDR> *****
      ***** Residue already exists.
      ******************************************
      BOMLEV (  0) IS NOT REACHED. WRNLEV IS  5

          RESI PHEN        0.00
*** WARNING **** residue EPHE already exists (old one deleted)

      ***** LEVEL  1 WARNING FROM <RTFRDR> *****
      ***** Residue already exists.
      ******************************************
      BOMLEV (  0) IS NOT REACHED. WRNLEV IS  5

          RESI EPHE        0.00
*** WARNING **** residue PHEO already exists (old one deleted)

      ***** LEVEL  1 WARNING FROM <RTFRDR> *****
      ***** Residue already exists.
      ******************************************
      BOMLEV (  0) IS NOT REACHED. WRNLEV IS  5

          RESI PHEO       -1.00
*** WARNING **** residue INDO already exists (old one deleted)

      ***** LEVEL  1 WARNING FROM <RTFRDR> *****
      ***** Residue already exists.
      ******************************************
      BOMLEV (  0) IS NOT REACHED. WRNLEV IS  5

          RESI INDO        0.00
*** WARNING **** residue EIND already exists (old one deleted)

      ***** LEVEL  1 WARNING FROM <RTFRDR> *****
      ***** Residue already exists.
      ******************************************
      BOMLEV (  0) IS NOT REACHED. WRNLEV IS  5

          RESI EIND        0.00
*** WARNING **** residue PDIP already exists (old one deleted)

      ***** LEVEL  1 WARNING FROM <RTFRDR> *****
      ***** Residue already exists.
      ******************************************
      BOMLEV (  0) IS NOT REACHED. WRNLEV IS  5

          RESI PDIP        0.00
*** WARNING **** residue ETHA already exists (old one deleted)

      ***** LEVEL  1 WARNING FROM <RTFRDR> *****
      ***** Residue already exists.
      ******************************************
      BOMLEV (  0) IS NOT REACHED. WRNLEV IS  5

          RESI ETHA        0.00
*** WARNING **** residue PRPA already exists (old one deleted)

      ***** LEVEL  1 WARNING FROM <RTFRDR> *****
      ***** Residue already exists.
      ******************************************
      BOMLEV (  0) IS NOT REACHED. WRNLEV IS  5

          RESI PRPA        0.00
*** WARNING **** residue IBUT already exists (old one deleted)

      ***** LEVEL  1 WARNING FROM <RTFRDR> *****
      ***** Residue already exists.
      ******************************************
      BOMLEV (  0) IS NOT REACHED. WRNLEV IS  5

          RESI IBUT        0.00
*** WARNING **** residue OCOH already exists (old one deleted)

      ***** LEVEL  1 WARNING FROM <RTFRDR> *****
      ***** Residue already exists.
      ******************************************
      BOMLEV (  0) IS NOT REACHED. WRNLEV IS  5

          RESI OCOH    0.0
*** WARNING **** residue CO3  already exists (old one deleted)

      ***** LEVEL  1 WARNING FROM <RTFRDR> *****
      ***** Residue already exists.
      ******************************************
      BOMLEV (  0) IS NOT REACHED. WRNLEV IS  5

          RESI CO3  -2.0
*** WARNING **** residue C3   already exists (old one deleted)

      ***** LEVEL  1 WARNING FROM <RTFRDR> *****
      ***** Residue already exists.
      ******************************************
      BOMLEV (  0) IS NOT REACHED. WRNLEV IS  5

          RESI C3    0.00
 There were  42 warning(s) from RTFRDR.
  
 CHARMM>     
  
 CHARMM>    read para card flex append

          PARAMETER FILE BEING READ FROM UNIT 98
 RDTITL>  
 RDTITL> No title read.
 PARMIO> NONBOND, HBOND lists and IMAGE atoms cleared.
  
 CHARMM>     
  
 CHARMM>    return
 VCLOSE: Closing unit   98 with status "KEEP"

                    RETURNING TO INPUT STREAM    99
  
 CHARMM>    stream toppar/toppar_all36_prot_modify_res.str
 VOPEN> Attempting to open::toppar/toppar_all36_prot_modify_res.str::
 OPNLGU> Unit 98 opened for READONLY access to toppar/toppar_all36_prot_modify_res.str

                    INPUT STREAM SWITCHING TO UNIT    98
 RDTITL> * TOPPAR FILE FOR VARIOUS MODIFIED RESIDUES AND PATCHES, INCLUDING
 RDTITL> * PATCHES TO COVALENTLY LINK RESIDUES TO IONS TO WORK WITH THE
 RDTITL> * ADDITIVE C36 PROTEIN FORCE FIELD
 RDTITL> * REQUIRES CGENFF PARAMETER FILE
 RDTITL> *
 Parameter: IN1 <- "" <empty>
  
 CHARMM>     
  
 CHARMM>    !Acetyllysine (ALY)
 CHARMM>    !Norleucine (NLE) and
 CHARMM>    ! residues and patches for Zn-protein interactions modeled using
 CHARMM>    ! bond and angles between the protein and Zn.
 CHARMM>     
  
 CHARMM>    !non-standard amino acids: 2021
 CHARMM>    !Croitoru, A., Park, S.-J., Kumar, A., Lee, J., Im, Wonpil; MacKerell,
 CHARMM>    !A.D., Jr., and Aleksandrov, A. Additive CHARMM36 Force Field for
 CHARMM>    !Nonstandard Amino Acids, Journal of Chemical Theory and Computation,
 CHARMM>    !17:3554-3570, doi: 10.1021/acs.jctc.1c00254.
 CHARMM>     
  
 CHARMM>    read rtf card append
 MAINIO> Residue topology file being read from unit  98.
 RDTITL> * TOPPAR FILE PROTEIN MODIFICATIONS
 RDTITL> *
*** WARNING **** residue CGU  already exists (old one deleted)

      ***** LEVEL  1 WARNING FROM <RTFRDR> *****
      ***** Residue already exists.
      ******************************************
      BOMLEV (  0) IS NOT REACHED. WRNLEV IS  5

          RESI CGU              -2.000
*** WARNING **** residue CME  already exists (old one deleted)

      ***** LEVEL  1 WARNING FROM <RTFRDR> *****
      ***** Residue already exists.
      ******************************************
      BOMLEV (  0) IS NOT REACHED. WRNLEV IS  5

          RESI CME               0.000
*** WARNING **** residue HIC  already exists (old one deleted)

      ***** LEVEL  1 WARNING FROM <RTFRDR> *****
      ***** Residue already exists.
      ******************************************
      BOMLEV (  0) IS NOT REACHED. WRNLEV IS  5

          RESI HIC               0.000
*** WARNING **** residue HICP already exists (old one deleted)

      ***** LEVEL  1 WARNING FROM <RTFRDR> *****
      ***** Residue already exists.
      ******************************************
      BOMLEV (  0) IS NOT REACHED. WRNLEV IS  5

          RESI HICP              1.000
*** WARNING **** residue CGUP already exists (old one deleted)

      ***** LEVEL  1 WARNING FROM <RTFRDR> *****
      ***** Residue already exists.
      ******************************************
      BOMLEV (  0) IS NOT REACHED. WRNLEV IS  5

          RESI CGUP             -1.000
 There were   5 warning(s) from RTFRDR.
  
 CHARMM>     
  
 CHARMM>    read para card append flex

          PARAMETER FILE BEING READ FROM UNIT 98
 RDTITL>  
 RDTITL> No title read.
 PARMIO> NONBOND, HBOND lists and IMAGE atoms cleared.
  
 CHARMM>     
  
 CHARMM>    return
 VCLOSE: Closing unit   98 with status "KEEP"

                    RETURNING TO INPUT STREAM    99
  
 CHARMM>     
  
 CHARMM>    ! Additional topologies and parameters for nucleic acids
 CHARMM>    stream toppar/toppar_all36_na_nad_ppi.str
 VOPEN> Attempting to open::toppar/toppar_all36_na_nad_ppi.str::
 OPNLGU> Unit 98 opened for READONLY access to toppar/toppar_all36_na_nad_ppi.str

                    INPUT STREAM SWITCHING TO UNIT    98
 RDTITL> * CHARMM36 ALL-HYDROGEN NUCLEIC ACID FORCE TOPPAR STREAM FILE
 RDTITL> * NAD+, NADH, ADP, ATP, PPI AND RELATED ANALOGS
 RDTITL> * A.D. MACKERELL, JR., JULY 2001
 RDTITL> * STREAM FOLLOWING RTF AND PARAM READ OF
 RDTITL> *
 Parameter: IN1 <- "" <empty>
  
 CHARMM>     
  
 CHARMM>    !Update, 2015/1, nomenclature for NAD+ etc. consistent with PDB
 CHARMM>     
  
 CHARMM>    !Parent files that have to be read prior to streaming this file
 CHARMM>    !top_all36_na.rtf
 CHARMM>    !par_all36_na.prm
 CHARMM>     
  
 CHARMM>    !Testcase
 CHARMM>    !test_all36_na_nad_ppi.inp
 CHARMM>     
  
 CHARMM>    !Reference
 CHARMM>    !Pavelites, J.J., Bash, P.A., Gao, J., and MacKerell, Jr.,
 CHARMM>    !A.D. A Molecular Mechanics Force Field for NAD+, NADH and the
 CHARMM>    !Pyrophosphate Groups of Nucleotides, Journal of Computational
 CHARMM>    !Chemistry, 1997, 18: 221-239.
 CHARMM>     
  
 CHARMM>    read rtf card append
 MAINIO> Residue topology file being read from unit  98.
 RDTITL> * NAD, PPI TOPOLOGY
 RDTITL> *
*** WARNING **** residue NIC  already exists (old one deleted)

      ***** LEVEL  1 WARNING FROM <RTFRDR> *****
      ***** Residue already exists.
      ******************************************
      BOMLEV (  0) IS NOT REACHED. WRNLEV IS  5

          RESI NIC         1.00
*** WARNING **** residue NICH already exists (old one deleted)

      ***** LEVEL  1 WARNING FROM <RTFRDR> *****
      ***** Residue already exists.
      ******************************************
      BOMLEV (  0) IS NOT REACHED. WRNLEV IS  5

          RESI NICH         0.00
*** WARNING **** residue PPI1 already exists (old one deleted)

      ***** LEVEL  1 WARNING FROM <RTFRDR> *****
      ***** Residue already exists.
      ******************************************
      BOMLEV (  0) IS NOT REACHED. WRNLEV IS  5

          RESI PPI1        -3.00
*** WARNING **** residue PPI2 already exists (old one deleted)

      ***** LEVEL  1 WARNING FROM <RTFRDR> *****
      ***** Residue already exists.
      ******************************************
      BOMLEV (  0) IS NOT REACHED. WRNLEV IS  5

          RESI PPI2        -2.00
*** WARNING **** residue AMP  already exists (old one deleted)

      ***** LEVEL  1 WARNING FROM <RTFRDR> *****
      ***** Residue already exists.
      ******************************************
      BOMLEV (  0) IS NOT REACHED. WRNLEV IS  5

          RESI AMP         -2.00
*** WARNING **** residue ADP  already exists (old one deleted)

      ***** LEVEL  1 WARNING FROM <RTFRDR> *****
      ***** Residue already exists.
      ******************************************
      BOMLEV (  0) IS NOT REACHED. WRNLEV IS  5

          RESI ADP         -3.00
*** WARNING **** residue ATP  already exists (old one deleted)

      ***** LEVEL  1 WARNING FROM <RTFRDR> *****
      ***** Residue already exists.
      ******************************************
      BOMLEV (  0) IS NOT REACHED. WRNLEV IS  5

          RESI ATP         -4.00
*** WARNING **** residue 5DP  already exists (old one deleted)

      ***** LEVEL  1 WARNING FROM <RTFRDR> *****
      ***** Residue already exists.
      ******************************************
      BOMLEV (  0) IS NOT REACHED. WRNLEV IS  5

          PRES 5DP         -3.00
*** WARNING **** residue NAD  already exists (old one deleted)

      ***** LEVEL  1 WARNING FROM <RTFRDR> *****
      ***** Residue already exists.
      ******************************************
      BOMLEV (  0) IS NOT REACHED. WRNLEV IS  5

          RESI NAD         -1.00
*** WARNING **** residue NADH already exists (old one deleted)

      ***** LEVEL  1 WARNING FROM <RTFRDR> *****
      ***** Residue already exists.
      ******************************************
      BOMLEV (  0) IS NOT REACHED. WRNLEV IS  5

          RESI NADH        -2.00
*** WARNING **** residue NADP already exists (old one deleted)

      ***** LEVEL  1 WARNING FROM <RTFRDR> *****
      ***** Residue already exists.
      ******************************************
      BOMLEV (  0) IS NOT REACHED. WRNLEV IS  5

          RESI NADP        -2.00
*** WARNING **** residue NDPH already exists (old one deleted)

      ***** LEVEL  1 WARNING FROM <RTFRDR> *****
      ***** Residue already exists.
      ******************************************
      BOMLEV (  0) IS NOT REACHED. WRNLEV IS  5

          RESI NDPH        -3.00
 There were  12 warning(s) from RTFRDR.
  
 CHARMM>     
  
 CHARMM>    read para card flex append

          PARAMETER FILE BEING READ FROM UNIT 98
 RDTITL> * NAD, PPI PARAMETERS
 RDTITL> *
 PARMIO> NONBOND, HBOND lists and IMAGE atoms cleared.
  
 CHARMM>     
  
 CHARMM>     
  
 VCLOSE: Closing unit   98 with status "KEEP"

                    RETURNING TO INPUT STREAM    99
  
 CHARMM>    stream toppar/toppar_all36_na_rna_modified.str
 VOPEN> Attempting to open::toppar/toppar_all36_na_rna_modified.str::
 OPNLGU> Unit 98 opened for READONLY access to toppar/toppar_all36_na_rna_modified.str

                    INPUT STREAM SWITCHING TO UNIT    98
 RDTITL> * ADDITIVE CHARMM FORCE FIELD FOR MODIFIED RIBONUCLEIC ACIDS, INCLUDING
 RDTITL> * THOSE FOUNDS IN TRNA. YOU XU, KAROLINSKA INSTITUTET, 2015.
 RDTITL> * |
 RDTITL> * WARNING: PARAMETERS AND ATOM TYPE ASSIGNMENTS IN THIS FILE ARE SPECIFIC
 RDTITL> * FOR THESE COMPOUNDS AND SHOULD UNDER NO CIRCUMSTANCES BE APPLIED TO
 RDTITL> * OTHER ORGANIC MOLECULES
 RDTITL> *
 Parameter: IN1 <- "" <empty>
  
 CHARMM>     
  
 CHARMM>    ! Xu, Y., Vanommeslaeghe, K., Aleksandrov, A., MacKerell, A.D.,
 CHARMM>    ! Jr. Nilsson, L., “Additive CHARMM force field for naturally
 CHARMM>    ! occurring modified ribonucleotides,” Journal of Computational
 CHARMM>    !  Chemistry, DOI: 10.1002/jcc.24307, 2016
 CHARMM>     
  
 CHARMM>    ! Should be used with parent files CGenFF: top_all36_cgenff.inp and par_all36_cgenff.inp
 CHARMM>    !                                    NA36: top_all36_na.inp and par_all36_na.inp
 CHARMM>    !                              and Carb36: top_all36_carb.inp and par_all36_carb.inp
 CHARMM>    !
 CHARMM>     
  
 CHARMM>    read rtf card append
 MAINIO> Residue topology file being read from unit  98.
 RDTITL> * TOPOLOGIES OF MODIFIED NUCLEOTIDES
 RDTITL> *
*** WARNING **** residue BUG  already exists (old one deleted)

      ***** LEVEL  1 WARNING FROM <RTFRDR> *****
      ***** Residue already exists.
      ******************************************
      BOMLEV (  0) IS NOT REACHED. WRNLEV IS  5

          RESI BUG           -1.00
 There were   1 warning(s) from RTFRDR.
  
 CHARMM>     
  
 CHARMM>    read param card flex append

          PARAMETER FILE BEING READ FROM UNIT 98
 RDTITL> * ADDITIVE CHARMM PARAMETERS FOR MODIFIED NUCLEIC ACIDS, BETA VERSION
 RDTITL> * YOU XU, KAROLINSKA INSTITUTET, 2015.
 RDTITL> *
 PARMIO> NONBOND, HBOND lists and IMAGE atoms cleared.
  
 CHARMM>    RETURN
 VCLOSE: Closing unit   98 with status "KEEP"

                    RETURNING TO INPUT STREAM    99
  
 CHARMM>     
  
 CHARMM>    ! Additional topologies and parameters for lipids
 CHARMM>    stream toppar/toppar_all36_lipid_sphingo.str
 VOPEN> Attempting to open::toppar/toppar_all36_lipid_sphingo.str::
 OPNLGU> Unit 98 opened for READONLY access to toppar/toppar_all36_lipid_sphingo.str

                    INPUT STREAM SWITCHING TO UNIT    98
 RDTITL> * TOPPAR STREAM FOR CERAMIDES AND SPINGOMYELINS; REQUIRES FLEX FORMAT FILES
 RDTITL> * TOP_ALL36_LIPID.RTF AND PAR_ALL36_LIPID.PRM
 RDTITL> *
 Parameter: IN1 <- "" <empty>
  
 CHARMM>     
  
 CHARMM>    ! REFERENCES
 CHARMM>    !
 CHARMM>    ! PSM and SSM Lipids
 CHARMM>    !
 CHARMM>    ! Venable, R. M.; Sodt, A. J.; Rogaski, B.; Rui, H.; Hatcher, E.; MacKerell, A. D.;
 CHARMM>    ! Pastor, R. W.; Klauda, J. B., CHARMM All-Atom Additive Force Field for Sphingomyelin:
 CHARMM>    ! Elucidation of Hydrogen Bonding and of Positive Curvature. Biophys. J. 2014, 107 (1), 134-145
 CHARMM>    !
 CHARMM>    ! Ceramide
 CHARMM>    !
 CHARMM>    ! Submited by Sam Tonddast-Navaei of U. Cincinnati. Advised by Russell Devane
 CHARMM>    ! Tested by Eric Wang of U. Maryland. Advised by Jeffery Klauda
 CHARMM>    !
 CHARMM>    !
 CHARMM>    ! CerAP/Cer6, CerNP/Cer3, and CerEOS/Cer1
 CHARMM>    !
 CHARMM>    ! Wang, E.; Klauda, J. B., Structure and Permeability of Ceramide Bilayers and Multilayers.
 CHARMM>    ! J. Phys. Chem. B., 2019, 123, 11, 2525-2535
 CHARMM>    ! Wang, E.; Klauda, J. B., Molecular Structure of the Long Periodicity Phase in the Stratum Corneum.
 CHARMM>    ! J. Amer. Chem. Soc., 2019. 141, 42, 16930-16943
 CHARMM>     
  
 CHARMM>    set nat ?NATC
 RDCMND substituted energy or value "?NATC" to "585"
 Parameter: NAT <- "585"
  
 CHARMM>    set app
 Parameter: APP <- "" <empty>
  
 CHARMM>    !We're exploiting what is arguably a bug in the parser. On the left hand side,
 CHARMM>    !the quotes have proirity, so NAT is correctly substituted. On the right hand
 CHARMM>    !side, the ? has priority and NATC" (sic) is not a valid substitution...
 CHARMM>    if "@NAT" ne "?NATC" if @nat ne 0 set app append
 Parameter: NAT -> "585"
 Parameter: NAT -> "585"
 RDCMND: can not substitute energy "?NATC""
 Comparing ""585"" and ""?NATC"".
 IF test evaluated as true.  Performing command
 Comparing "585" and "0".
 IF test evaluated as true.  Performing command
 Parameter: APP <- "APPEND"
  
 CHARMM>     
  
 CHARMM>    read rtf card @app
 Parameter: APP -> "APPEND"
 MAINIO> Residue topology file being read from unit  98.
 RDTITL> * CER/SM RESIDUES
 RDTITL> *
  
 CHARMM>     
  
 CHARMM>    read para card flex @app
 Parameter: APP -> "APPEND"

          PARAMETER FILE BEING READ FROM UNIT 98
 RDTITL> * NEW PARAMETERS
 RDTITL> *
 PARRDR> Error: Repeated DIHE parameter ( 14778): NHL   C     CTO1  HAL1 is replaced
 PARRDR> Error: Repeated DIHE parameter ( 14799): O     C     CTO1  HAL1 is replaced
 PARMIO> NONBOND, HBOND lists and IMAGE atoms cleared.
  
 CHARMM>     
  
 CHARMM>    return
 VCLOSE: Closing unit   98 with status "KEEP"

                    RETURNING TO INPUT STREAM    99
  
 CHARMM>    stream toppar/toppar_all36_lipid_archaeal.str
 VOPEN> Attempting to open::toppar/toppar_all36_lipid_archaeal.str::
 OPNLGU> Unit 98 opened for READONLY access to toppar/toppar_all36_lipid_archaeal.str

                    INPUT STREAM SWITCHING TO UNIT    98
 RDTITL> * TOPPAR STREAM FILE FOR ARCHAEAL LIPIDS.
 RDTITL> *
 Parameter: IN1 <- "" <empty>
  
 CHARMM>     
  
 CHARMM>    ! This is an on-going file of archaeal lipids
 CHARMM>    ! I am adding meanquinone-7 now
 CHARMM>     
  
 CHARMM>    read rtf card append
 MAINIO> Residue topology file being read from unit  98.
 RDTITL> * ARCHAEAL LIPIDS
 RDTITL> *
  
 CHARMM>     
  
 CHARMM>    read param card flex append

          PARAMETER FILE BEING READ FROM UNIT 98
 RDTITL> * PARAMETERS GENERATED BY ANALOGY BY CGENFF
 RDTITL> *
 PARMIO> NONBOND, HBOND lists and IMAGE atoms cleared.
  
 CHARMM>     
  
 CHARMM>    RETURN
 VCLOSE: Closing unit   98 with status "KEEP"

                    RETURNING TO INPUT STREAM    99
  
 CHARMM>    stream toppar/toppar_all36_lipid_bacterial.str
 VOPEN> Attempting to open::toppar/toppar_all36_lipid_bacterial.str::
 OPNLGU> Unit 98 opened for READONLY access to toppar/toppar_all36_lipid_bacterial.str

                    INPUT STREAM SWITCHING TO UNIT    98
 RDTITL> * TOPPAR STREAM FILE FOR BRANCHED AND CYCLIC CHAINED LIPIDS.  FOLLOWING READING OF
 RDTITL> * TOP_ALL36_LIPID.RTF
 RDTITL> * AND
 RDTITL> * PAR_ALL36_LIPID.RTF
 RDTITL> *
 Parameter: IN1 <- "" <empty>
  
 CHARMM>     
  
 CHARMM>    ! REFERENCES
 CHARMM>    !
 CHARMM>    ! Branched Lipids
 CHARMM>    !
 CHARMM>    ! Lim, J.B. & Klauda, J.B. Branching at the Iso- and Anteiso- Positions in Complex Chlamydia
 CHARMM>    ! Membranes: A Molecular Dynamics Study. Biochimica et Biophysica Acta (BBA) - Biomembranes
 CHARMM>    ! 1808:323-331 (2011).
 CHARMM>    !
 CHARMM>    ! Cyclic-replacement of double bond
 CHARMM>    !
 CHARMM>    ! Pandit, K.R. & Klauda, J.B. Membrane models of E. coli containing cyclic moieties in
 CHARMM>    ! the aliphatic lipid chain. Biochimica et Biophysica Acta (BBA) - Biomembranes
 CHARMM>    ! 1818:1205-1210 (2012).
 CHARMM>    !
 CHARMM>     
  
 CHARMM>    set nat ?NATC
 RDCMND substituted energy or value "?NATC" to "590"
 Parameter: NAT <- "590"
  
 CHARMM>    set app
 Parameter: APP <- "" <empty>
  
 CHARMM>    !We're exploiting what is arguably a bug in the parser. On the left hand side,
 CHARMM>    !the quotes have proirity, so NAT is correctly substituted. On the right hand
 CHARMM>    !side, the ? has priority and NATC" (sic) is not a valid substitution...
 CHARMM>    if "@NAT" ne "?NATC" if @nat ne 0 set app append
 Parameter: NAT -> "590"
 Parameter: NAT -> "590"
 RDCMND: can not substitute energy "?NATC""
 Comparing ""590"" and ""?NATC"".
 IF test evaluated as true.  Performing command
 Comparing "590" and "0".
 IF test evaluated as true.  Performing command
 Parameter: APP <- "APPEND"
  
 CHARMM>     
  
 CHARMM>    read rtf card @app
 Parameter: APP -> "APPEND"
 MAINIO> Residue topology file being read from unit  98.
 RDTITL> * CHOLESTEROL RESIDUES
 RDTITL> *
  
 CHARMM>     
  
 CHARMM>    read para card flex @app
 Parameter: APP -> "APPEND"

          PARAMETER FILE BEING READ FROM UNIT 98
 RDTITL> * NEW PARAMETERS
 RDTITL> *
 PARMIO> NONBOND, HBOND lists and IMAGE atoms cleared.
  
 CHARMM>     
  
 CHARMM>    return
 VCLOSE: Closing unit   98 with status "KEEP"

                    RETURNING TO INPUT STREAM    99
  
 CHARMM>    stream toppar/toppar_all36_lipid_cardiolipin.str
 VOPEN> Attempting to open::toppar/toppar_all36_lipid_cardiolipin.str::
 OPNLGU> Unit 98 opened for READONLY access to toppar/toppar_all36_lipid_cardiolipin.str

                    INPUT STREAM SWITCHING TO UNIT    98
 RDTITL> READ RTF CARD APPEND FLEX
 RDTITL> No title read.
 Parameter: IN1 <- "" <empty>
  
 CHARMM>    read rtf card append flex
 MAINIO> Residue topology file being read from unit  98.
 RDTITL>  
 RDTITL> No title read.
 WARNING from DECODI -- Zero length string being converted to 0
 RTFRDR> WARNING: Version number is NOT specified.
  
 CHARMM>     
  
 CHARMM>    return
 VCLOSE: Closing unit   98 with status "KEEP"

                    RETURNING TO INPUT STREAM    99
  
 CHARMM>    stream toppar/toppar_all36_lipid_cholesterol.str
 VOPEN> Attempting to open::toppar/toppar_all36_lipid_cholesterol.str::
 OPNLGU> Unit 98 opened for READONLY access to toppar/toppar_all36_lipid_cholesterol.str

                    INPUT STREAM SWITCHING TO UNIT    98
 RDTITL> * TOPPAR STREAM FILE FOR CHOLESTEROL.  STREAM FOLLOWING READING OF
 RDTITL> * TOP_ALL36_LIPID.RTF
 RDTITL> * PAR_ALL36_LIPID.RTF
 RDTITL> * TOP_ALL36_CGENFF.RTF
 RDTITL> * AND PAR_ALL36_CGENFF.PRM
 RDTITL> *
 Parameter: IN1 <- "" <empty>
  
 CHARMM>     
  
 CHARMM>    !topology and parameters are included for two cholesterol models. the
 CHARMM>    !model may be selected by setting variable chol_model to 1 or 2, as
 CHARMM>    !specified below
 CHARMM>    !
 CHARMM>     
  
 CHARMM>    set chol_model 1 !2 for original Suits et al. model
 Parameter: CHOL_MODEL <- "1"
  
 CHARMM>     
  
 CHARMM>    !
 CHARMM>    !1) Revised model of Lim et al.  This contains a number of NBFIXes that
 CHARMM>    !makes it unsuitable for ANTON (set chol_model 1)
 CHARMM>    !
 CHARMM>    !2) Original model of Suits et al., which is used on ANTON as well as
 CHARMM>    !being suitable for other systems (set chol_model 2 (or anything but 1....))
 CHARMM>    !
 CHARMM>    !references
 CHARMM>    !
 CHARMM>    !Lim, J.B., Rogaski, B. and Klauda, J.B.. "Update of the Cholesterol Force Field
 CHARMM>    !Parameters in CHARMM" 116: 203-210 (2012).
 CHARMM>    !
 CHARMM>    !Suits, F., Pitman, M., MacKerell, A.D., Jr., Feller, S.E. "Molecular Level
 CHARMM>    !Organization of Saturated and Polyunsaturated Fatty Acids in a
 CHARMM>    !Phosphatidylcholine Bilayer Containing Cholesterol" Biochemistry,
 CHARMM>    !43(49):15318-28, 2004
 CHARMM>    !
 CHARMM>     
  
 CHARMM>    !test "append"
 CHARMM>    set nat ?NATC
 RDCMND substituted energy or value "?NATC" to "590"
 Parameter: NAT <- "590"
  
 CHARMM>    set app
 Parameter: APP <- "" <empty>
  
 CHARMM>    !We're exploiting what is arguably a bug in the parser. On the left hand side,
 CHARMM>    !the quotes have priority, so NAT is correctly substituted. On the right hand
 CHARMM>    !side, the ? has priority and NATC" (sic) is not a valid substitution...
 CHARMM>    if "@NAT" ne "?NATC" if @nat ne 0 set app append
 Parameter: NAT -> "590"
 Parameter: NAT -> "590"
 RDCMND: can not substitute energy "?NATC""
 Comparing ""590"" and ""?NATC"".
 IF test evaluated as true.  Performing command
 Comparing "590" and "0".
 IF test evaluated as true.  Performing command
 Parameter: APP <- "APPEND"
  
 CHARMM>     
  
 CHARMM>    if chol_model eq 1 then
 Comparing "1" and "1".
 IF test evaluated as true.  Performing command
  
 CHARMM>     
  
 CHARMM>    ! reference
 CHARMM>    ! Lim, J.B., Rogaski, B. and Klauda, J.B.. "Update of the Cholesterol Force Field
 CHARMM>    ! Parameters in CHARMM" 116: 203-210 (2012).
 CHARMM>    !
 CHARMM>     
  
 CHARMM>    read rtf card @app
 Parameter: APP -> "APPEND"
 MAINIO> Residue topology file being read from unit  98.
 RDTITL> * TOPOLOGY FOR CHOLESTEROL
 RDTITL> *
  
 CHARMM>     
  
 CHARMM>    read param card flex @app
 Parameter: APP -> "APPEND"

          PARAMETER FILE BEING READ FROM UNIT 98
 RDTITL> * CHOLESTEROL PARAMETERS
 RDTITL> *
 PARRDR> Error: Repeated DIHE parameter ( 15138): OG31  CG30  CG3C  CG3C is replaced
 PARRDR> Error: Repeated DIHE parameter ( 15139): OG31  CG30  CG3C  CG3R is replaced
 PARRDR> Error: Repeated DIHE parameter ( 15140): OG31  CG30  CG3C  HGA1 is replaced
 PARRDR> Error: Repeated DIHE parameter ( 15138): OG31  CG30  CG3C  CG3C is replaced
 PARRDR> Error: Repeated DIHE parameter ( 15139): OG31  CG30  CG3C  CG3R is replaced
 PARRDR> Error: Repeated DIHE parameter ( 15140): OG31  CG30  CG3C  HGA1 is replaced
 PARMIO> NONBOND, HBOND lists and IMAGE atoms cleared.
  
 CHARMM>     
  
 CHARMM>    return
 VCLOSE: Closing unit   98 with status "KEEP"

                    RETURNING TO INPUT STREAM    99
  
 CHARMM>    stream toppar/toppar_all36_lipid_dag.str
 VOPEN> Attempting to open::toppar/toppar_all36_lipid_dag.str::
 OPNLGU> Unit 98 opened for READONLY access to toppar/toppar_all36_lipid_dag.str

                    INPUT STREAM SWITCHING TO UNIT    98
 RDTITL> READ RTF CARD APPEND
 RDTITL> No title read.
 Parameter: IN1 <- "" <empty>
  
 CHARMM>    read rtf card append
 MAINIO> Residue topology file being read from unit  98.
 RDTITL> * TOPOLOGY FOR LIPIDA FROM DAG
 RDTITL> *
  
 VCLOSE: Closing unit   98 with status "KEEP"

                    RETURNING TO INPUT STREAM    99
  
 CHARMM>    stream toppar/toppar_all36_lipid_inositol.str
 VOPEN> Attempting to open::toppar/toppar_all36_lipid_inositol.str::
 OPNLGU> Unit 98 opened for READONLY access to toppar/toppar_all36_lipid_inositol.str

                    INPUT STREAM SWITCHING TO UNIT    98
 RDTITL> READ RTF CARD APPEND
 RDTITL> No title read.
 Parameter: IN1 <- "" <empty>
  
 CHARMM>    read rtf card append
 MAINIO> Residue topology file being read from unit  98.
 RDTITL> * TOPOLOGY FOR INOSITOL-BASED LIPIDS
 RDTITL> *
  
 CHARMM>     
  
 CHARMM>    RETURN
 VCLOSE: Closing unit   98 with status "KEEP"

                    RETURNING TO INPUT STREAM    99
  
 CHARMM>    stream toppar/toppar_all36_lipid_lnp.str
 VOPEN> Attempting to open::toppar/toppar_all36_lipid_lnp.str::
 OPNLGU> Unit 98 opened for READONLY access to toppar/toppar_all36_lipid_lnp.str

                    INPUT STREAM SWITCHING TO UNIT    98
 RDTITL> READ RTF CARD APPEND
 RDTITL> No title read.
 Parameter: IN1 <- "" <empty>
  
 CHARMM>    read rtf card append
 MAINIO> Residue topology file being read from unit  98.
 RDTITL> * LNP
 RDTITL> *

      ***** LEVEL  1 WARNING FROM <DECODF> *****
      ***** Zero length string
      ******************************************
      BOMLEV (  0) IS NOT REACHED. WRNLEV IS  5

 WARNING from DECODF -- Zero length string being converted to 0.
 **** WARNING from RTFRDR **** The total charge of the residue, DAGP,  -0.0100000,
 does not equal the expected charge,   0.0000000.

      ***** LEVEL  1 WARNING FROM <DECODF> *****
      ***** Zero length string
      ******************************************
      BOMLEV (  0) IS NOT REACHED. WRNLEV IS  5

 WARNING from DECODF -- Zero length string being converted to 0.
          PRES DPEPEG
 **** WARNING from RTFRDR **** The total charge of the residue, DPEP,  -0.0100000,
 does not equal the expected charge,   0.0000000.
 There were   2 warning(s) from RTFRDR.
  
 CHARMM>     
  
 CHARMM>    read param card flex append

          PARAMETER FILE BEING READ FROM UNIT 98
 RDTITL> * LNP
 RDTITL> *
 PARMIO> NONBOND, HBOND lists and IMAGE atoms cleared.
  
 CHARMM>     
  
 CHARMM>    RETURN
 VCLOSE: Closing unit   98 with status "KEEP"

                    RETURNING TO INPUT STREAM    99
  
 CHARMM>    stream toppar/toppar_all36_lipid_lps.str
 VOPEN> Attempting to open::toppar/toppar_all36_lipid_lps.str::
 OPNLGU> Unit 98 opened for READONLY access to toppar/toppar_all36_lipid_lps.str

                    INPUT STREAM SWITCHING TO UNIT    98
 RDTITL> READ RTF CARD APPEND
 RDTITL> No title read.
 Parameter: IN1 <- "" <empty>
  
 CHARMM>    read rtf card append
 MAINIO> Residue topology file being read from unit  98.
 RDTITL> * TOPOLOGY FOR LIPIDA FROM LPS
 RDTITL> *
 WARNING from DECODI -- Zero length string being converted to 0
 RTFRDR> WARNING: Version number is NOT specified.
  
 CHARMM>     
  
 CHARMM>     
  
 CHARMM>    read param card append flex

          PARAMETER FILE BEING READ FROM UNIT 98
 RDTITL> *    NEW PARAMETES
 RDTITL> *
 PARMIO> NONBOND, HBOND lists and IMAGE atoms cleared.
  
 CHARMM>     
  
 VCLOSE: Closing unit   98 with status "KEEP"

                    RETURNING TO INPUT STREAM    99
  
 CHARMM>    stream toppar/toppar_all36_lipid_mycobacterial.str
 VOPEN> Attempting to open::toppar/toppar_all36_lipid_mycobacterial.str::
 OPNLGU> Unit 98 opened for READONLY access to toppar/toppar_all36_lipid_mycobacterial.str

                    INPUT STREAM SWITCHING TO UNIT    98
 RDTITL> * TOPPAR STREAM FILE FOR BRANCHED AND CYCLIC CHAINED LIPIDS.  FOLLOWING READING OF
 RDTITL> * TOP_ALL36_LIPID.RTF, PAR_ALL36_LIPID.PRM
 RDTITL> * AND
 RDTITL> * TOPPAR_ALL36_LIPID_BACTERIAL.STR
 RDTITL> *
 Parameter: IN1 <- "" <empty>
  
 CHARMM>     
  
 CHARMM>    read rtf card append
 MAINIO> Residue topology file being read from unit  98.
 RDTITL> * CHOLESTEROL RESIDUES
 RDTITL> *
 **** WARNING from RTFRDR **** The total charge of the residue, PGL1,  -0.1100000,
 does not equal the expected charge,   0.0000000.
          PRES PGL2           0.00
 **** WARNING from RTFRDR **** The total charge of the residue, PGL2,  -0.4600000,
 does not equal the expected charge,   0.0000000.
          PRES PDIM1         0.00
*** WARNING **** residue PHEN already exists (old one deleted)

      ***** LEVEL  1 WARNING FROM <RTFRDR> *****
      ***** Residue already exists.
      ******************************************
      BOMLEV (  0) IS NOT REACHED. WRNLEV IS  5

          RESI PHEN          0.00
*** WARNING **** residue AGLC already exists (old one deleted)

      ***** LEVEL  1 WARNING FROM <RTFRDR> *****
      ***** Residue already exists.
      ******************************************
      BOMLEV (  0) IS NOT REACHED. WRNLEV IS  5

          RESI AGLC           0.000
 There were   4 warning(s) from RTFRDR.
  
 CHARMM>     
  
 CHARMM>    read para card flex @app
 Parameter: APP -> "APPEND"

          PARAMETER FILE BEING READ FROM UNIT 98
 RDTITL> * NEW PARAMETERS
 RDTITL> *
 PARRDR> Error: Repeated ANGLE parameter (  5031): CEL1  CEL1  CTL1 is replaced
 PARRDR> Error: Repeated DIHE parameter ( 15388): CTL2  CG2O  CTL1  CTL3 is replaced
 PARRDR> Error: Repeated DIHE parameter ( 15389): CTL2  CG2O  CTL1  CTL3 is replaced
 PARRDR> Error: Repeated DIHE parameter ( 15388): CTL2  CG2O  CTL1  CTL3 is replaced
 PARRDR> Error: Repeated DIHE parameter ( 15389): CTL2  CG2O  CTL1  CTL3 is replaced
 PARMIO> NONBOND, HBOND lists and IMAGE atoms cleared.
  
 CHARMM>     
  
 CHARMM>    RETURN
 VCLOSE: Closing unit   98 with status "KEEP"

                    RETURNING TO INPUT STREAM    99
  
 CHARMM>    stream toppar/toppar_all36_lipid_miscellaneous.str
 VOPEN> Attempting to open::toppar/toppar_all36_lipid_miscellaneous.str::
 OPNLGU> Unit 98 opened for READONLY access to toppar/toppar_all36_lipid_miscellaneous.str

                    INPUT STREAM SWITCHING TO UNIT    98
 RDTITL> READ RTF CARD APPEND FLEX
 RDTITL> No title read.
 Parameter: IN1 <- "" <empty>
  
 CHARMM>    read rtf card append flex
 MAINIO> Residue topology file being read from unit  98.
 RDTITL> * TOPOLOGY FOR MISCELLANEOUS LIPIDS
 RDTITL> *
  
 CHARMM>     
  
 CHARMM>    read param card flex append

          PARAMETER FILE BEING READ FROM UNIT 98
 RDTITL> * PARAMETER FOR ACYL PYROPHOSPHATE: ADDED 2019_7
 RDTITL> *
 PARMIO> NONBOND, HBOND lists and IMAGE atoms cleared.
  
 CHARMM>    return
 VCLOSE: Closing unit   98 with status "KEEP"

                    RETURNING TO INPUT STREAM    99
  
 CHARMM>    stream toppar/toppar_all36_lipid_model.str
 VOPEN> Attempting to open::toppar/toppar_all36_lipid_model.str::
 OPNLGU> Unit 98 opened for READONLY access to toppar/toppar_all36_lipid_model.str

                    INPUT STREAM SWITCHING TO UNIT    98
 RDTITL> * CHARMM36 ALL-HYDROGEN LIPID FORCE FIELD TOPPAR STREAM FILE
 RDTITL> * COLLECTION OF RESIDUES AND PATCHES FOR MODEL COMPOUNDS USED
 RDTITL> * IN THE OPTIMIZATION THE LIPID FORCE FIELD.
 RDTITL> *
 Parameter: IN1 <- "" <empty>
  
 CHARMM>     
  
 CHARMM>    !Parent files that have to be read prior to streaming this file
 CHARMM>    !top_all36_lipid.rtf
 CHARMM>    !par_all36_lipid.prm
 CHARMM>     
  
 CHARMM>    !Testcase
 CHARMM>    !test_all36_lipid_model.inp
 CHARMM>     
  
 CHARMM>    read rtf card append
 MAINIO> Residue topology file being read from unit  98.
 RDTITL> * C36 LIPID MODEL COMPOUNDS
 RDTITL> *
*** WARNING **** residue MAS  already exists (old one deleted)

      ***** LEVEL  1 WARNING FROM <RTFRDR> *****
      ***** Residue already exists.
      ******************************************
      BOMLEV (  0) IS NOT REACHED. WRNLEV IS  5

          RESI MAS          0.00
*** WARNING **** residue ETAC already exists (old one deleted)

      ***** LEVEL  1 WARNING FROM <RTFRDR> *****
      ***** Residue already exists.
      ******************************************
      BOMLEV (  0) IS NOT REACHED. WRNLEV IS  5

          RESI ETAC         0.00
*** WARNING **** residue MPRO already exists (old one deleted)

      ***** LEVEL  1 WARNING FROM <RTFRDR> *****
      ***** Residue already exists.
      ******************************************
      BOMLEV (  0) IS NOT REACHED. WRNLEV IS  5

          RESI MPRO         0.00
*** WARNING **** residue MP_1 already exists (old one deleted)

      ***** LEVEL  1 WARNING FROM <RTFRDR> *****
      ***** Residue already exists.
      ******************************************
      BOMLEV (  0) IS NOT REACHED. WRNLEV IS  5

          RESI MP_1        -1.00
*** WARNING **** residue MP_2 already exists (old one deleted)

      ***** LEVEL  1 WARNING FROM <RTFRDR> *****
      ***** Residue already exists.
      ******************************************
      BOMLEV (  0) IS NOT REACHED. WRNLEV IS  5

          RESI MP_2        -2.00
*** WARNING **** residue MSO4 already exists (old one deleted)

      ***** LEVEL  1 WARNING FROM <RTFRDR> *****
      ***** Residue already exists.
      ******************************************
      BOMLEV (  0) IS NOT REACHED. WRNLEV IS  5

          RESI MSO4        -1.00
*** WARNING **** residue BUTA already exists (old one deleted)

      ***** LEVEL  1 WARNING FROM <RTFRDR> *****
      ***** Residue already exists.
      ******************************************
      BOMLEV (  0) IS NOT REACHED. WRNLEV IS  5

          RESI BUTA         0.00
*** WARNING **** residue PENT already exists (old one deleted)

      ***** LEVEL  1 WARNING FROM <RTFRDR> *****
      ***** Residue already exists.
      ******************************************
      BOMLEV (  0) IS NOT REACHED. WRNLEV IS  5

          RESI PENT         0.00
*** WARNING **** residue HEXA already exists (old one deleted)

      ***** LEVEL  1 WARNING FROM <RTFRDR> *****
      ***** Residue already exists.
      ******************************************
      BOMLEV (  0) IS NOT REACHED. WRNLEV IS  5

          RESI HEXA         0.00
*** WARNING **** residue ETHE already exists (old one deleted)

      ***** LEVEL  1 WARNING FROM <RTFRDR> *****
      ***** Residue already exists.
      ******************************************
      BOMLEV (  0) IS NOT REACHED. WRNLEV IS  5

          RESI ETHE       0.00
*** WARNING **** residue PRPE already exists (old one deleted)

      ***** LEVEL  1 WARNING FROM <RTFRDR> *****
      ***** Residue already exists.
      ******************************************
      BOMLEV (  0) IS NOT REACHED. WRNLEV IS  5

          RESI PRPE       0.00
*** WARNING **** residue BTE1 already exists (old one deleted)

      ***** LEVEL  1 WARNING FROM <RTFRDR> *****
      ***** Residue already exists.
      ******************************************
      BOMLEV (  0) IS NOT REACHED. WRNLEV IS  5

          RESI BTE1       0.00
*** WARNING **** residue BTE2 already exists (old one deleted)

      ***** LEVEL  1 WARNING FROM <RTFRDR> *****
      ***** Residue already exists.
      ******************************************
      BOMLEV (  0) IS NOT REACHED. WRNLEV IS  5

          RESI BTE2       0.00
*** WARNING **** residue DIPE already exists (old one deleted)

      ***** LEVEL  1 WARNING FROM <RTFRDR> *****
      ***** Residue already exists.
      ******************************************
      BOMLEV (  0) IS NOT REACHED. WRNLEV IS  5

          RESI DIPE       0.00
*** WARNING **** residue DIHE already exists (old one deleted)

      ***** LEVEL  1 WARNING FROM <RTFRDR> *****
      ***** Residue already exists.
      ******************************************
      BOMLEV (  0) IS NOT REACHED. WRNLEV IS  5

          RESI DIHE       0.00
*** WARNING **** residue NC4  already exists (old one deleted)

      ***** LEVEL  1 WARNING FROM <RTFRDR> *****
      ***** Residue already exists.
      ******************************************
      BOMLEV (  0) IS NOT REACHED. WRNLEV IS  5

          RESI NC4          1.00
*** WARNING **** residue NC5  already exists (old one deleted)

      ***** LEVEL  1 WARNING FROM <RTFRDR> *****
      ***** Residue already exists.
      ******************************************
      BOMLEV (  0) IS NOT REACHED. WRNLEV IS  5

          RESI NC5          1.00
*** WARNING **** residue CHOL already exists (old one deleted)

      ***** LEVEL  1 WARNING FROM <RTFRDR> *****
      ***** Residue already exists.
      ******************************************
      BOMLEV (  0) IS NOT REACHED. WRNLEV IS  5

          RESI CHOL         1.00
*** WARNING **** residue ACHO already exists (old one deleted)

      ***** LEVEL  1 WARNING FROM <RTFRDR> *****
      ***** Residue already exists.
      ******************************************
      BOMLEV (  0) IS NOT REACHED. WRNLEV IS  5

          RESI ACHO         1.00
*** WARNING **** residue PC   already exists (old one deleted)

      ***** LEVEL  1 WARNING FROM <RTFRDR> *****
      ***** Residue already exists.
      ******************************************
      BOMLEV (  0) IS NOT REACHED. WRNLEV IS  5

          RESI PC           0.00
*** WARNING **** residue GPC  already exists (old one deleted)

      ***** LEVEL  1 WARNING FROM <RTFRDR> *****
      ***** Residue already exists.
      ******************************************
      BOMLEV (  0) IS NOT REACHED. WRNLEV IS  5

          RESI GPC          0.00
*** WARNING **** residue TEA  already exists (old one deleted)

      ***** LEVEL  1 WARNING FROM <RTFRDR> *****
      ***** Residue already exists.
      ******************************************
      BOMLEV (  0) IS NOT REACHED. WRNLEV IS  5

          RESI TEA          1.00
*** WARNING **** residue ETAM already exists (old one deleted)

      ***** LEVEL  1 WARNING FROM <RTFRDR> *****
      ***** Residue already exists.
      ******************************************
      BOMLEV (  0) IS NOT REACHED. WRNLEV IS  5

          RESI ETAM       1.00
*** WARNING **** residue GLYC already exists (old one deleted)

      ***** LEVEL  1 WARNING FROM <RTFRDR> *****
      ***** Residue already exists.
      ******************************************
      BOMLEV (  0) IS NOT REACHED. WRNLEV IS  5

          RESI GLYC         0.00
*** WARNING **** residue MBUT already exists (old one deleted)

      ***** LEVEL  1 WARNING FROM <RTFRDR> *****
      ***** Residue already exists.
      ******************************************
      BOMLEV (  0) IS NOT REACHED. WRNLEV IS  5

          RESI MBUT         0.00
 There were  25 warning(s) from RTFRDR.
  
 CHARMM>     
  
 CHARMM>    return
 VCLOSE: Closing unit   98 with status "KEEP"

                    RETURNING TO INPUT STREAM    99
  
 CHARMM>    stream toppar/toppar_all36_lipid_prot.str
 VOPEN> Attempting to open::toppar/toppar_all36_lipid_prot.str::
 OPNLGU> Unit 98 opened for READONLY access to toppar/toppar_all36_lipid_prot.str

                    INPUT STREAM SWITCHING TO UNIT    98
 RDTITL> * TOPOLOGY AND PARAMETERS FOR LIPID TAIL LINKERS TO CYSTEINE AND GLYCINE,
 RDTITL> * FOR EXAMPLE, PALMITOYLATION, MARISTOYLATION, FERNASYLATION, GERANYLATION
 RDTITL> *
 Parameter: IN1 <- "" <empty>
  
 CHARMM>     
  
 CHARMM>    read rtf card append
 MAINIO> Residue topology file being read from unit  98.
 RDTITL> * LIPID-MODIFIED PROTEIN RESIDUES
 RDTITL> *
  
 CHARMM>     
  
 CHARMM>    read para card append flex

          PARAMETER FILE BEING READ FROM UNIT 98
 RDTITL> * CYSTEIN-PALMITATE PARAMETERS
 RDTITL> *
 PARMIO> NONBOND, HBOND lists and IMAGE atoms cleared.
  
 CHARMM>     
  
 CHARMM>    return
 VCLOSE: Closing unit   98 with status "KEEP"

                    RETURNING TO INPUT STREAM    99
  
 CHARMM>    stream toppar/toppar_all36_lipid_tag.str
 VOPEN> Attempting to open::toppar/toppar_all36_lipid_tag.str::
 OPNLGU> Unit 98 opened for READONLY access to toppar/toppar_all36_lipid_tag.str

                    INPUT STREAM SWITCHING TO UNIT    98
 RDTITL> READ RTF CARD APPEND
 RDTITL> No title read.
 Parameter: IN1 <- "" <empty>
  
 CHARMM>    read rtf card append
 MAINIO> Residue topology file being read from unit  98.
 RDTITL> * TOPOLOGY FOR TRIACYLGLYCEROLS [STEPHEN GEE FROM LEHIGH UNIVERSITY]
 RDTITL> *
  
 VCLOSE: Closing unit   98 with status "KEEP"

                    RETURNING TO INPUT STREAM    99
  
 CHARMM>    stream toppar/toppar_all36_lipid_yeast.str
 VOPEN> Attempting to open::toppar/toppar_all36_lipid_yeast.str::
 OPNLGU> Unit 98 opened for READONLY access to toppar/toppar_all36_lipid_yeast.str

                    INPUT STREAM SWITCHING TO UNIT    98
 RDTITL> * TOPPAR STREAM FILE FOR BRANCHED AND CYCLIC CHAINED LIPIDS.  FOLLOWING READING OF
 RDTITL> * TOP_ALL36_LIPID.RTF
 RDTITL> * AND
 RDTITL> * PAR_ALL36_LIPID.RTF
 RDTITL> *
 Parameter: IN1 <- "" <empty>
  
 CHARMM>     
  
 CHARMM>    set nat ?NATC
 RDCMND substituted energy or value "?NATC" to "590"
 Parameter: NAT <- "590"
  
 CHARMM>    set app
 Parameter: APP <- "" <empty>
  
 CHARMM>    !We're exploiting what is arguably a bug in the parser. On the left hand side,
 CHARMM>    !the quotes have proirity, so NAT is correctly substituted. On the right hand
 CHARMM>    !side, the ? has priority and NATC" (sic) is not a valid substitution...
 CHARMM>    if "@NAT" ne "?NATC" if @nat ne 0 set app append
 Parameter: NAT -> "590"
 Parameter: NAT -> "590"
 RDCMND: can not substitute energy "?NATC""
 Comparing ""590"" and ""?NATC"".
 IF test evaluated as true.  Performing command
 Comparing "590" and "0".
 IF test evaluated as true.  Performing command
 Parameter: APP <- "APPEND"
  
 CHARMM>     
  
 CHARMM>    read rtf card @app
 Parameter: APP -> "APPEND"
 MAINIO> Residue topology file being read from unit  98.
 RDTITL> * CHOLESTEROL RESIDUES
 RDTITL> *
  
 CHARMM>     
  
 CHARMM>    read para card flex @app
 Parameter: APP -> "APPEND"

          PARAMETER FILE BEING READ FROM UNIT 98
 RDTITL> * NEW PARAMETERS
 RDTITL> *
 PARMIO> NONBOND, HBOND lists and IMAGE atoms cleared.
  
 CHARMM>     
  
 CHARMM>    return
 VCLOSE: Closing unit   98 with status "KEEP"

                    RETURNING TO INPUT STREAM    99
  
 CHARMM>    stream toppar/toppar_all36_lipid_hmmm.str
 VOPEN> Attempting to open::toppar/toppar_all36_lipid_hmmm.str::
 OPNLGU> Unit 98 opened for READONLY access to toppar/toppar_all36_lipid_hmmm.str

                    INPUT STREAM SWITCHING TO UNIT    98
 RDTITL> READ RTF CARD APPEND FLEX
 RDTITL> No title read.
 Parameter: IN1 <- "" <empty>
  
 CHARMM>    read rtf card append flex
 MAINIO> Residue topology file being read from unit  98.
 RDTITL> * TOPOLOGY FOR TERMINAL PATCHES FOR HMMM TRUNCATED LIPIDS
 RDTITL> *

      ***** LEVEL  1 WARNING FROM <DECODF> *****
      ***** Zero length string
      ******************************************
      BOMLEV (  0) IS NOT REACHED. WRNLEV IS  5

 WARNING from DECODF -- Zero length string being converted to 0.

      ***** LEVEL  1 WARNING FROM <DECODF> *****
      ***** Zero length string
      ******************************************
      BOMLEV (  0) IS NOT REACHED. WRNLEV IS  5

 WARNING from DECODF -- Zero length string being converted to 0.

      ***** LEVEL  1 WARNING FROM <DECODF> *****
      ***** Zero length string
      ******************************************
      BOMLEV (  0) IS NOT REACHED. WRNLEV IS  5

 WARNING from DECODF -- Zero length string being converted to 0.

      ***** LEVEL  1 WARNING FROM <DECODF> *****
      ***** Zero length string
      ******************************************
      BOMLEV (  0) IS NOT REACHED. WRNLEV IS  5

 WARNING from DECODF -- Zero length string being converted to 0.

      ***** LEVEL  1 WARNING FROM <DECODF> *****
      ***** Zero length string
      ******************************************
      BOMLEV (  0) IS NOT REACHED. WRNLEV IS  5

 WARNING from DECODF -- Zero length string being converted to 0.

      ***** LEVEL  1 WARNING FROM <DECODF> *****
      ***** Zero length string
      ******************************************
      BOMLEV (  0) IS NOT REACHED. WRNLEV IS  5

 WARNING from DECODF -- Zero length string being converted to 0.

      ***** LEVEL  1 WARNING FROM <DECODF> *****
      ***** Zero length string
      ******************************************
      BOMLEV (  0) IS NOT REACHED. WRNLEV IS  5

 WARNING from DECODF -- Zero length string being converted to 0.

      ***** LEVEL  1 WARNING FROM <DECODF> *****
      ***** Zero length string
      ******************************************
      BOMLEV (  0) IS NOT REACHED. WRNLEV IS  5

 WARNING from DECODF -- Zero length string being converted to 0.
  
 CHARMM>     
  
 CHARMM>    read para card flex @app
 Parameter: APP -> "APPEND"

          PARAMETER FILE BEING READ FROM UNIT 98
 RDTITL> * NEW PARAMETERS
 RDTITL> *
 PARMIO> NONBOND, HBOND lists and IMAGE atoms cleared.
  
 CHARMM>     
  
 CHARMM>    return
 VCLOSE: Closing unit   98 with status "KEEP"

                    RETURNING TO INPUT STREAM    99
  
 CHARMM>    stream toppar/toppar_all36_lipid_detergent.str
 VOPEN> Attempting to open::toppar/toppar_all36_lipid_detergent.str::
 OPNLGU> Unit 98 opened for READONLY access to toppar/toppar_all36_lipid_detergent.str

                    INPUT STREAM SWITCHING TO UNIT    98
 RDTITL> * TOPPAR STREAM FILE FOR DETERGENTS AND FATTY ACIDS.
 RDTITL> * STREAM FOLLOWING READING OF
 RDTITL> * TOP_ALL36_LIPID.RTF
 RDTITL> * AND
 RDTITL> * PAR_ALL36_LIPID.RTF
 RDTITL> *
 Parameter: IN1 <- "" <empty>
  
 CHARMM>     
  
 CHARMM>    !Additional residues added by Im lab, Aug. 2017
 CHARMM>     
  
 CHARMM>    !Fatty acids added Jan. 2016
 CHARMM>     
  
 CHARMM>    read rtf card append
 MAINIO> Residue topology file being read from unit  98.
 RDTITL> * DETERGENT AND FATTY ACID RESIDUES
 RDTITL> *
  
 CHARMM>     
  
 CHARMM>    read para card append flex

          PARAMETER FILE BEING READ FROM UNIT 98
 RDTITL> * SB3-12 AND SB3-14 PARAMETERS
 RDTITL> *
 PARMIO> NONBOND, HBOND lists and IMAGE atoms cleared.
  
 CHARMM>     
  
 CHARMM>    return
 VCLOSE: Closing unit   98 with status "KEEP"

                    RETURNING TO INPUT STREAM    99
  
 CHARMM>    stream toppar/toppar_all36_lipid_ether.str
 VOPEN> Attempting to open::toppar/toppar_all36_lipid_ether.str::
 OPNLGU> Unit 98 opened for READONLY access to toppar/toppar_all36_lipid_ether.str

                    INPUT STREAM SWITCHING TO UNIT    98
 RDTITL> * CHARMM36 ALL-HYDROGEN ETHER LIPID FORCE FIELD INCLUDING PLASMALOGENS ALISON
 RDTITL> * N. LEONARD (A. L.), 7/18 WITH RICHARD PASTOR AND JEFFERY KLAUDA, JPCB 122(26)
 RDTITL> * PP. 6744 - 6754.  ANA WEST, 1/20 WITH VALERIA ZONI, WALTER TEAGUE JR., ALISON
 RDTITL> * LEONARD, STEFANO VANNI, KLAUS GAWRISCH, STEPHANIE TRISTAM-NAGLE, JONATHAN
 RDTITL> * SACHS, AND JEFFERY KLAUDA, JPCB 124(5) PP. 828 - 839.
 RDTITL> *
 Parameter: IN1 <- "" <empty>
  
 CHARMM>     
  
 CHARMM>    !Parent files that have to be read prior to streaming this file
 CHARMM>    !top_all36_lipid.rtf
 CHARMM>    !par_all36_lipid.prm
 CHARMM>    !top_all36_cgenff.rtf
 CHARMM>    !par_all36_cgenff.prm
 CHARMM>     
  
 CHARMM>    read rtf card append
 MAINIO> Residue topology file being read from unit  98.
 RDTITL> * C36 ETHER MODEL COMPOUNDS
 RDTITL> *

      ***** LEVEL  1 WARNING FROM <DECODF> *****
      ***** Zero length string
      ******************************************
      BOMLEV (  0) IS NOT REACHED. WRNLEV IS  5

 WARNING from DECODF -- Zero length string being converted to 0.

      ***** LEVEL  1 WARNING FROM <DECODF> *****
      ***** Zero length string
      ******************************************
      BOMLEV (  0) IS NOT REACHED. WRNLEV IS  5

 WARNING from DECODF -- Zero length string being converted to 0.

      ***** LEVEL  1 WARNING FROM <DECODF> *****
      ***** Zero length string
      ******************************************
      BOMLEV (  0) IS NOT REACHED. WRNLEV IS  5

 WARNING from DECODF -- Zero length string being converted to 0.
  
 CHARMM>     
  
 CHARMM>    read para card flex append

          PARAMETER FILE BEING READ FROM UNIT 98
 RDTITL> * PARAMETERS
 RDTITL> *
 PARMIO> NONBOND, HBOND lists and IMAGE atoms cleared.
  
 CHARMM>     
  
 CHARMM>    return
 VCLOSE: Closing unit   98 with status "KEEP"

                    RETURNING TO INPUT STREAM    99
  
 CHARMM>    stream toppar/toppar_all36_lipid_oxidized.str
 VOPEN> Attempting to open::toppar/toppar_all36_lipid_oxidized.str::
 OPNLGU> Unit 98 opened for READONLY access to toppar/toppar_all36_lipid_oxidized.str

                    INPUT STREAM SWITCHING TO UNIT    98
 RDTITL> READ RTF CARD APPEND
 RDTITL> No title read.
 Parameter: IN1 <- "" <empty>
  
 CHARMM>    read rtf card append
 MAINIO> Residue topology file being read from unit  98.
 RDTITL> * TOPOLOGY FOR OXIDIZED PHOSPHOLIPID
 RDTITL> *

      ***** LEVEL  1 WARNING FROM <rtfrdr> *****
      ***** No AUTOgen defaults specified in appended RTF. Potential conflict with prior RTF autogen options. Check.
      ******************************************
      BOMLEV (  0) IS NOT REACHED. WRNLEV IS  5

  
 CHARMM>     
  
 CHARMM>    read param card flex append

          PARAMETER FILE BEING READ FROM UNIT 98
 RDTITL> * ADDITIONAL PARAMETERS FOR OXIDIZED PHOSPHOLIPIDS
 RDTITL> *
 PARMIO> NONBOND, HBOND lists and IMAGE atoms cleared.
  
 CHARMM>     
  
 CHARMM>    RETURN
 VCLOSE: Closing unit   98 with status "KEEP"

                    RETURNING TO INPUT STREAM    99
  
 CHARMM>     
  
 CHARMM>    ! Additional topologies and parameters for carbohydrates
 CHARMM>    stream toppar/toppar_all36_carb_glycolipid.str
 VOPEN> Attempting to open::toppar/toppar_all36_carb_glycolipid.str::
 OPNLGU> Unit 98 opened for READONLY access to toppar/toppar_all36_carb_glycolipid.str

                    INPUT STREAM SWITCHING TO UNIT    98
 RDTITL> READ RTF CARD APPEND
 RDTITL> No title read.
 Parameter: IN1 <- "" <empty>
  
 CHARMM>    read rtf card append
 MAINIO> Residue topology file being read from unit  98.
 RDTITL> * TOPOLOGY FOR GLYCOLIPIDS
 RDTITL> *
  
 CHARMM>     
  
 CHARMM>    read param card flex append

          PARAMETER FILE BEING READ FROM UNIT 98
 RDTITL> * PIP RELATED PARAMETERS
 RDTITL> *
 PARRDR> Error: Repeated DIHE parameter ( 15475): CG2R  CG2R  CG2R  OC30 is replaced
 PARRDR> Error: Repeated DIHE parameter ( 15474): HGR6  CG2R  CG2R  OC30 is replaced
 PARMIO> NONBOND, HBOND lists and IMAGE atoms cleared.
  
 CHARMM>     
  
 CHARMM>    RETURN
 VCLOSE: Closing unit   98 with status "KEEP"

                    RETURNING TO INPUT STREAM    99
  
 CHARMM>    stream toppar/toppar_all36_carb_glycopeptide.str
 VOPEN> Attempting to open::toppar/toppar_all36_carb_glycopeptide.str::
 OPNLGU> Unit 98 opened for READONLY access to toppar/toppar_all36_carb_glycopeptide.str

                    INPUT STREAM SWITCHING TO UNIT    98
 RDTITL> READ RTF CARD APPEND
 RDTITL> No title read.
 Parameter: IN1 <- "" <empty>
  
 CHARMM>    read rtf card append
 MAINIO> Residue topology file being read from unit  98.
 RDTITL> * TOPOLOGY FOR GLYCOPEPTIDE LINKAGES
 RDTITL> *
  
 CHARMM>     
  
 CHARMM>    read param card flex append

          PARAMETER FILE BEING READ FROM UNIT 98
 RDTITL> *    NEW PARAMETES
 RDTITL> *
 PARMIO> NONBOND, HBOND lists and IMAGE atoms cleared.
  
 CHARMM>     
  
 CHARMM>     
  
 CHARMM>    RETURN
 VCLOSE: Closing unit   98 with status "KEEP"

                    RETURNING TO INPUT STREAM    99
  
 CHARMM>    stream toppar/toppar_all36_carb_imlab.str
 VOPEN> Attempting to open::toppar/toppar_all36_carb_imlab.str::
 OPNLGU> Unit 98 opened for READONLY access to toppar/toppar_all36_carb_imlab.str

                    INPUT STREAM SWITCHING TO UNIT    98
 RDTITL> READ RTF CARD APPEND
 RDTITL> No title read.
 Parameter: IN1 <- "" <empty>
  
 CHARMM>    read rtf card append
 MAINIO> Residue topology file being read from unit  98.
 RDTITL> * GLYCAN CHEMICAL MODIFICATION PATCHES
 RDTITL> *
  
 CHARMM>     
  
 CHARMM>    read param card flex append

          PARAMETER FILE BEING READ FROM UNIT 98
 RDTITL> * GLYCAN CHEMICAL MODIFICATION PATCHES
 RDTITL> *
 PARMIO> NONBOND, HBOND lists and IMAGE atoms cleared.
  
 CHARMM>     
  
 CHARMM>    RETURN
 VCLOSE: Closing unit   98 with status "KEEP"

                    RETURNING TO INPUT STREAM    99
  
 CHARMM>     
  
 CHARMM>    ! Additional topologies and parameters for spin/fluorophore labels
 CHARMM>    stream toppar/toppar_all36_label_spin.str
 VOPEN> Attempting to open::toppar/toppar_all36_label_spin.str::
 OPNLGU> Unit 98 opened for READONLY access to toppar/toppar_all36_label_spin.str

                    INPUT STREAM SWITCHING TO UNIT    98
 RDTITL> *>>>>> TOPOLOGY FOR NITROXYDE SPIN LABELS <<<<<<<
 RDTITL> * SHAHIDUL M. ISLAM, UNIVERSITY OF CHICAGO
 RDTITL> *
 Parameter: IN1 <- "" <empty>
  
 CHARMM>     
  
 CHARMM>    ! please reference the following:
 CHARMM>    !Sezer, D., Freed J. H., and Roux, B. “Parametrization, Molecular Dynamics Simulation, and Calculation of Electron Spin
 CHARMM>    !Resonance Spectra of a Nitroxide Spin Label on a Polyalanine alpha-Helix” J. Phys. Chem. B 2008, 112, 5755-5767
 CHARMM>     
  
 CHARMM>    !Islam, S. M., and Roux, B. “Parameterization and molecular dynamics simulations of a
 CHARMM>    !conformationally constrained double linked spin label constrained by EPR/DEER data”
 CHARMM>    !(planed submission to J journal)
 CHARMM>     
  
 CHARMM>    !test "append" to determine if previous toppar files have been read and
 CHARMM>    !add append to "read rtf card" if true
 CHARMM>    set nat ?NATC
 RDCMND substituted energy or value "?NATC" to "590"
 Parameter: NAT <- "590"
  
 CHARMM>    set app
 Parameter: APP <- "" <empty>
  
 CHARMM>    !We're exploiting what is arguably a bug in the parser. On the left hand side,
 CHARMM>    !the quotes have proirity, so NAT is correctly substituted. On the right hand
 CHARMM>    !side, the ? has priority and NATC" (sic) is not a valid substitution...
 CHARMM>    if "@NAT" ne "?NATC" if @nat ne 0 set app append
 Parameter: NAT -> "590"
 Parameter: NAT -> "590"
 RDCMND: can not substitute energy "?NATC""
 Comparing ""590"" and ""?NATC"".
 IF test evaluated as true.  Performing command
 Comparing "590" and "0".
 IF test evaluated as true.  Performing command
 Parameter: APP <- "APPEND"
  
 CHARMM>     
  
 CHARMM>     
  
 CHARMM>    read rtf card @app
 Parameter: APP -> "APPEND"
 MAINIO> Residue topology file being read from unit  98.
 RDTITL> * TOPOLOGY FOR SPIN LABEL
 RDTITL> *
  
 CHARMM>     
  
 CHARMM>     
  
 CHARMM>    read para card flex @app
 Parameter: APP -> "APPEND"

          PARAMETER FILE BEING READ FROM UNIT 98
 RDTITL> * PARAMETERS FOR SPIN LABEL
 RDTITL> *
 PARMIO> NONBOND, HBOND lists and IMAGE atoms cleared.
  
 CHARMM>     
  
 CHARMM>    return
 VCLOSE: Closing unit   98 with status "KEEP"

                    RETURNING TO INPUT STREAM    99
  
 CHARMM>    stream toppar/toppar_all36_label_fluorophore.str
 VOPEN> Attempting to open::toppar/toppar_all36_label_fluorophore.str::
 OPNLGU> Unit 98 opened for READONLY access to toppar/toppar_all36_label_fluorophore.str

                    INPUT STREAM SWITCHING TO UNIT    98
 RDTITL> READ RTF CARD APPEND
 RDTITL> No title read.
 Parameter: IN1 <- "" <empty>
  
 CHARMM>    read rtf card append
 MAINIO> Residue topology file being read from unit  98.
 RDTITL> * TOPOLOGY FILES
 RDTITL> *
  
 CHARMM>     
  
 CHARMM>    read param card flex append

          PARAMETER FILE BEING READ FROM UNIT 98
 RDTITL> * MINI FORCE FIELD PARAMETER FILE.
 RDTITL> *
 PARMIO> NONBOND, HBOND lists and IMAGE atoms cleared.
  
 CHARMM>     
  
 VCLOSE: Closing unit   98 with status "KEEP"

                    RETURNING TO INPUT STREAM    99
  
 CHARMM>     
  
 CHARMM>     
  
 CHARMM>     
  
 VCLOSE: Closing unit   99 with status "KEEP"

                    RETURNING TO INPUT STREAM     5
  
 CHARMM>     
  
 CHARMM>    ! Read PSF and Coordinates
 CHARMM>    open read unit 10 card name step1_pdbreader.psf
 OPNLGU> Unit already open. The old file will be closed first.
 VCLOSE: Closing unit   10 with status "KEEP"
 VOPEN> Attempting to open::step1_pdbreader.psf::
 OPNLGU> Unit 10 opened for READONLY access to step1_pdbreader.psf
  
 CHARMM>    read psf  unit 10 card
 MAINIO> Protein structure file being read from unit  10.
 psf_read_formatted: Reading PSF in the expanded format.
 TITLE>  * GENERATED BY CHARMM-GUI (HTTP://WWW.CHARMM-GUI.ORG) V3.7 ON JUN, 01. 2026. JOB
 TITLE>  * READ PDB, MANIPULATE STRUCTURE IF NEEDED, AND GENERATE TOPOLOGY FILE
 TITLE>  *  DATE:     6/ 1/26      0:41:51      CREATED BY USER: charmm-gui
 TITLE>  *
 PSFSUM> PSF modified: NONBOND lists and IMAGE atoms cleared.
 PSFSUM> Summary of the structure file counters :
         Number of segments      =        4   Number of residues   =     1004
         Number of atoms         =    15156   Number of groups     =     4740
         Number of bonds         =    15384   Number of angles     =    27752
         Number of dihedrals     =    40648   Number of impropers  =     2540
         Number of cross-terms   =      996   Number of autogens   =        0
         Number of HB acceptors  =     1308   Number of HB donors  =     1456
         Number of NB exclusions =        0   Total charge =   -4.00000
  
 CHARMM>     
  
 CHARMM>    open read unit 10 card name step1_pdbreader.crd
 OPNLGU> Unit already open. The old file will be closed first.
 VCLOSE: Closing unit   10 with status "KEEP"
 VOPEN> Attempting to open::step1_pdbreader.crd::
 OPNLGU> Unit 10 opened for READONLY access to step1_pdbreader.crd
  
 CHARMM>    read coor unit 10 card
          SPATIAL COORDINATES BEING READ FROM UNIT 10
 TITLE> * GENERATED BY CHARMM-GUI (HTTP://WWW.CHARMM-GUI.ORG) V3.7 ON JUN, 01. 2026. JOB
 TITLE> * READ PDB, MANIPULATE STRUCTURE IF NEEDED, AND GENERATE TOPOLOGY FILE
 TITLE> *  DATE:     6/ 1/26      0:41:51      CREATED BY USER: CHARMM-GUI
 TITLE> *
  
 CHARMM>     
  
 CHARMM>    coor rotate matrix
  
 CORMAN>      0.2416157436 -0.9703720072 9.481E-7
  
 CORMAN>      -0.9703720071 -0.2416157435 1.84927E-5
  
 CORMAN>      -1.77158E-5 -5.3882E-6 -0.9999999998
 ROTATION MATRIX
    0.241616   -0.970372    0.000001
   -0.970372   -0.241616    0.000018
   -0.000018   -0.000005   -1.000000

 AXIS OF ROTATION IS  0.787914 -0.615786 -0.000005  ANGLE IS  180.00


 ** WARNING ** IN FNDROT. ROTATION AXIS POORLY RESOLVED
 RESULTANT ROTATION MATRIX
     0.241616   -0.970372   -0.000008
    -0.970372   -0.241616    0.000006
    -0.000008    0.000006   -1.000000
 SELECTED COORDINATES ROTATED IN THE MAIN SET.

  
 CHARMM>    coor trans xdir 77.236455413 ydir 128.449514528 zdir 102.134679736
 TRANSLATION VECTOR    77.236455  128.449515  102.134680
 SELECTED COORDINATES TRANSLATED IN THE MAIN SET.

  
 CHARMM>     
  
 CHARMM>    stream step2_area.str
 VOPEN> Attempting to open::step2_area.str::
 OPNLGU> Unit 99 opened for READONLY access to step2_area.str

                    INPUT STREAM SWITCHING TO UNIT    99
 RDTITL> * GENERATED BY CHARMM-GUI (HTTP://WWW.CHARMM-GUI.ORG) V3.7 ON JUN, 01. 2026. JOBID=8028885842
 RDTITL> * STREAM FILE TO ESTIMATE CROSS SECTIONAL AREA OF A PROTEIN
 RDTITL> *
 Parameter: IN1 <- "" <empty>
  
 CHARMM>     
  
 CHARMM>    open write card  unit 51 name step2_area.plo
 VOPEN> Attempting to open::step2_area.plo::
 OPNLGU> Unit 51 opened for WRITE access to step2_area.plo
  
 CHARMM>    write title unit 51
 RDTITL> * #CROSS SECTIONS ALONG Z AXIS
 RDTITL> *
  
 CHARMM>     
  
 CHARMM>    calc dcel   = 0.2
Evaluating: 0.2
 Parameter: DCEL <- "0.2"
  
 CHARMM>    calc factor = 1.0 / @dcel
 Parameter: DCEL -> "0.2"
Evaluating: 1.0/0.2
 Parameter: FACTOR <- "5"
  
 CHARMM>     
  
 CHARMM>     
  
 CHARMM>    coor stat sele all end
 SELRPN>  15156 atoms have been selected out of  15156
 STATISTICS FOR     15156 SELECTED ATOMS:
    XMIN =  -38.624426 XMAX =   38.625219 XAVE =    0.000025
    YMIN =  -38.630993 YMAX =   38.623024 YAVE =   -0.000352
    ZMIN =  -22.391973 ZMAX =   33.351475 ZAVE =    4.087678
    WMIN =    0.000000 WMAX =  118.940000 WAVE =   32.222381
  
 CHARMM>    calc x1 = ?xmin - 5
 RDCMND substituted energy or value "?XMIN" to "-38.6244258"
Evaluating: -38.6244258-5
 Parameter: X1 <- "-43.6244258"
  
 CHARMM>    calc x2 = ?xmax + 5
 RDCMND substituted energy or value "?XMAX" to "38.6252187"
Evaluating: 38.6252187+5
 Parameter: X2 <- "43.6252187"
  
 CHARMM>    calc y1 = ?ymin - 5
 RDCMND substituted energy or value "?YMIN" to "-38.6309926"
Evaluating: -38.6309926-5
 Parameter: Y1 <- "-43.6309926"
  
 CHARMM>    calc y2 = ?ymax + 5
 RDCMND substituted energy or value "?YMAX" to "38.6230242"
Evaluating: 38.6230242+5
 Parameter: Y2 <- "43.6230242"
  
 CHARMM>    calc xncel = int( ( @x2 - @x1 ) / @dcel )
 Parameter: X2 -> "43.6252187"
 Parameter: X1 -> "-43.6244258"
 Parameter: DCEL -> "0.2"
Evaluating: INT((43.6252187--43.6244258)/0.2)
 Parameter: XNCEL <- "436"
  
 CHARMM>    calc yncel = int( ( @y2 - @y1 ) / @dcel )
 Parameter: Y2 -> "43.6230242"
 Parameter: Y1 -> "-43.6309926"
 Parameter: DCEL -> "0.2"
Evaluating: INT((43.6230242--43.6309926)/0.2)
 Parameter: YNCEL <- "436"
  
 CHARMM>     
  
 CHARMM>    calc a = int( ?zmin )
 RDCMND substituted energy or value "?ZMIN" to "-22.3919731"
Evaluating: INT(-22.3919731)
 Parameter: A <- "-22"
  
 CHARMM>    calc b = @a + @dcel
 Parameter: A -> "-22"
 Parameter: DCEL -> "0.2"
Evaluating: -22+0.2
 Parameter: B <- "-21.8"
  
 CHARMM>     
  
 CHARMM>    calc toparea = -1.0
Evaluating: -1.0
 Parameter: TOPAREA <- "-1"
  
 CHARMM>    calc botarea = -1.0
Evaluating: -1.0
 Parameter: BOTAREA <- "-1"
  
 CHARMM>     
  
 CHARMM>    label DOAREA
  
 CHARMM>     
  
 CHARMM>    ! Cross sectional protein area with whole atom.
 CHARMM>    scalar wmain = radius
  
 CHARMM>    scalar wmain mult 2.5   sele resname TIP3 end
 SELRPN>      0 atoms have been selected out of  15156
  
 CHARMM>    scalar wmain add  1.529 sele .not. resname TIP3 end
 SELRPN>  15156 atoms have been selected out of  15156
  
 CHARMM>    scalar wmain mult 0.85  sele .not. resname TIP3 end
 SELRPN>  15156 atoms have been selected out of  15156
  
 CHARMM>    calc zab = ( @a + @b ) / 2.0
 Parameter: A -> "-22"
 Parameter: B -> "-21.8"
Evaluating: (-22+-21.8)/2.0
 Parameter: ZAB <- "-21.9"
  
 CHARMM>     
  
 CHARMM>    coor search -
 CHARMM>         xmin @x1  xmax @x2  xgrip @xncel -
 CHARMM>         ymin @y1  ymax @y2  ygrip @yncel -
 CHARMM>         zmin @a   zmax @b   zgrip 5
 Parameter: X1 -> "-43.6244258"
 Parameter: X2 -> "43.6252187"
 Parameter: XNCEL -> "436"
 Parameter: Y1 -> "-43.6309926"
 Parameter: Y2 -> "43.6230242"
 Parameter: YNCEL -> "436"
 Parameter: A -> "-22"
 Parameter: B -> "-21.8"

 A TOTAL OF   897782   VACUUM POINTS WERE FOUND
 A TOTAL OF    52698 OCCUPIED POINTS WERE FOUND
 A TOTAL OF        0 EXTERNAL POINTS WERE FOUND
 A TOTAL OF   897782 SELECTED POINTS WERE FOUND
 TOTAL OCCUPIED  VOLUME =      84.417064
 TOTAL SELECTED  VOLUME =    1438.159326
 TOTAL FREE      VOLUME =    1438.159326
 FRACTIONAL FREE VOLUME =      94.455643
  
 CHARMM>     
  
 CHARMM>    calc c = ?volume * @factor
 Parameter: FACTOR -> "5"
 RDCMND substituted energy or value "?VOLUME" to "84.4170636"
Evaluating: 84.4170636*5
 Parameter: C <- "422.085318"
  
 CHARMM>     
  
 CHARMM>    if a .lt. -10 if a .gt. -20 if c .gt. @botarea set botarea = @c
 Parameter: BOTAREA -> "-1"
 Parameter: C -> "422.085318"
 Comparing "-22" and "-10".
 IF test evaluated as true.  Performing command
 Comparing "-22" and "-20".
 IF test evaluated as false.  Skipping command
  
 CHARMM>    if a .gt.  10 if a .lt.  20 if c .gt. @toparea set toparea = @c
 Parameter: TOPAREA -> "-1"
 Parameter: C -> "422.085318"
 Comparing "-22" and "10".
 IF test evaluated as false.  Skipping command
  
 CHARMM>     
  
 CHARMM>    write title unit 51
 RDTITL> * -21.8  422.085318
 RDTITL> *
  
 CHARMM>     
  
 CHARMM>    incr a by @dcel
 Parameter: DCEL -> "0.2"
 Parameter: A <- "-21.8"
  
 CHARMM>    incr b by @dcel
 Parameter: DCEL -> "0.2"
 Parameter: B <- "-21.6"
  
 CHARMM>    if b le ?ZMAX goto DOAREA
 RDCMND substituted energy or value "?ZMAX" to "33.3514749"
 Comparing "-21.6" and "33.3514749".
 IF test evaluated as true.  Performing command
  
 CHARMM>     
  
 CHARMM>    ! Cross sectional protein area with whole atom.
 CHARMM>    scalar wmain = radius
  
 CHARMM>    scalar wmain mult 2.5   sele resname TIP3 end
 SELRPN>      0 atoms have been selected out of  15156
  
 CHARMM>    scalar wmain add  1.529 sele .not. resname TIP3 end
 SELRPN>  15156 atoms have been selected out of  15156
  
 CHARMM>    scalar wmain mult 0.85  sele .not. resname TIP3 end
 SELRPN>  15156 atoms have been selected out of  15156
  
 CHARMM>    calc zab = ( @a + @b ) / 2.0
 Parameter: A -> "-21.8"
 Parameter: B -> "-21.6"
Evaluating: (-21.8+-21.6)/2.0
 Parameter: ZAB <- "-21.7"
  
 CHARMM>     
  
 CHARMM>    coor search -
 CHARMM>         xmin @x1  xmax @x2  xgrip @xncel -
 CHARMM>         ymin @y1  ymax @y2  ygrip @yncel -
 CHARMM>         zmin @a   zmax @b   zgrip 5
 Parameter: X1 -> "-43.6244258"
 Parameter: X2 -> "43.6252187"
 Parameter: XNCEL -> "436"
 Parameter: Y1 -> "-43.6309926"
 Parameter: Y2 -> "43.6230242"
 Parameter: YNCEL -> "436"
 Parameter: A -> "-21.8"
 Parameter: B -> "-21.6"

 A TOTAL OF   888592   VACUUM POINTS WERE FOUND
 A TOTAL OF    61888 OCCUPIED POINTS WERE FOUND
 A TOTAL OF        0 EXTERNAL POINTS WERE FOUND
 A TOTAL OF   888592 SELECTED POINTS WERE FOUND
 TOTAL OCCUPIED  VOLUME =      99.138549
 TOTAL SELECTED  VOLUME =    1423.437841
 TOTAL FREE      VOLUME =    1423.437841
 FRACTIONAL FREE VOLUME =      93.488764
  
 CHARMM>     
  
 CHARMM>    calc c = ?volume * @factor
 Parameter: FACTOR -> "5"
 RDCMND substituted energy or value "?VOLUME" to "99.1385485"
Evaluating: 99.1385485*5
 Parameter: C <- "495.692743"
  
 CHARMM>     
  
 CHARMM>    if a .lt. -10 if a .gt. -20 if c .gt. @botarea set botarea = @c
 Parameter: BOTAREA -> "-1"
 Parameter: C -> "495.692743"
 Comparing "-21.8" and "-10".
 IF test evaluated as true.  Performing command
 Comparing "-21.8" and "-20".
 IF test evaluated as false.  Skipping command
  
 CHARMM>    if a .gt.  10 if a .lt.  20 if c .gt. @toparea set toparea = @c
 Parameter: TOPAREA -> "-1"
 Parameter: C -> "495.692743"
 Comparing "-21.8" and "10".
 IF test evaluated as false.  Skipping command
  
 CHARMM>     
  
 CHARMM>    write title unit 51
 RDTITL> * -21.6  495.692743
 RDTITL> *
  
 CHARMM>     
  
 CHARMM>    incr a by @dcel
 Parameter: DCEL -> "0.2"
 Parameter: A <- "-21.6"
  
 CHARMM>    incr b by @dcel
 Parameter: DCEL -> "0.2"
 Parameter: B <- "-21.4"
  
 CHARMM>    if b le ?ZMAX goto DOAREA
 RDCMND substituted energy or value "?ZMAX" to "33.3514749"
 Comparing "-21.4" and "33.3514749".
 IF test evaluated as true.  Performing command
  
 CHARMM>     
  
 CHARMM>    ! Cross sectional protein area with whole atom.
 CHARMM>    scalar wmain = radius
  
 CHARMM>    scalar wmain mult 2.5   sele resname TIP3 end
 SELRPN>      0 atoms have been selected out of  15156
  
 CHARMM>    scalar wmain add  1.529 sele .not. resname TIP3 end
 SELRPN>  15156 atoms have been selected out of  15156
  
 CHARMM>    scalar wmain mult 0.85  sele .not. resname TIP3 end
 SELRPN>  15156 atoms have been selected out of  15156
  
 CHARMM>    calc zab = ( @a + @b ) / 2.0
 Parameter: A -> "-21.6"
 Parameter: B -> "-21.4"
Evaluating: (-21.6+-21.4)/2.0
 Parameter: ZAB <- "-21.5"
  
 CHARMM>     
  
 CHARMM>    coor search -
 CHARMM>         xmin @x1  xmax @x2  xgrip @xncel -
 CHARMM>         ymin @y1  ymax @y2  ygrip @yncel -
 CHARMM>         zmin @a   zmax @b   zgrip 5
 Parameter: X1 -> "-43.6244258"
 Parameter: X2 -> "43.6252187"
 Parameter: XNCEL -> "436"
 Parameter: Y1 -> "-43.6309926"
 Parameter: Y2 -> "43.6230242"
 Parameter: YNCEL -> "436"
 Parameter: A -> "-21.6"
 Parameter: B -> "-21.4"

 A TOTAL OF   879926   VACUUM POINTS WERE FOUND
 A TOTAL OF    70554 OCCUPIED POINTS WERE FOUND
 A TOTAL OF        0 EXTERNAL POINTS WERE FOUND
 A TOTAL OF   879926 SELECTED POINTS WERE FOUND
 TOTAL OCCUPIED  VOLUME =     113.020636
 TOTAL SELECTED  VOLUME =    1409.555753
 TOTAL FREE      VOLUME =    1409.555753
 FRACTIONAL FREE VOLUME =      92.577014
  
 CHARMM>     
  
 CHARMM>    calc c = ?volume * @factor
 Parameter: FACTOR -> "5"
 RDCMND substituted energy or value "?VOLUME" to "113.020636"
Evaluating: 113.020636*5
 Parameter: C <- "565.10318"
  
 CHARMM>     
  
 CHARMM>    if a .lt. -10 if a .gt. -20 if c .gt. @botarea set botarea = @c
 Parameter: BOTAREA -> "-1"
 Parameter: C -> "565.10318"
 Comparing "-21.6" and "-10".
 IF test evaluated as true.  Performing command
 Comparing "-21.6" and "-20".
 IF test evaluated as false.  Skipping command
  
 CHARMM>    if a .gt.  10 if a .lt.  20 if c .gt. @toparea set toparea = @c
 Parameter: TOPAREA -> "-1"
 Parameter: C -> "565.10318"
 Comparing "-21.6" and "10".
 IF test evaluated as false.  Skipping command
  
 CHARMM>     
  
 CHARMM>    write title unit 51
 RDTITL> * -21.4  565.10318
 RDTITL> *
  
 CHARMM>     
  
 CHARMM>    incr a by @dcel
 Parameter: DCEL -> "0.2"
 Parameter: A <- "-21.4"
  
 CHARMM>    incr b by @dcel
 Parameter: DCEL -> "0.2"
 Parameter: B <- "-21.2"
  
 CHARMM>    if b le ?ZMAX goto DOAREA
 RDCMND substituted energy or value "?ZMAX" to "33.3514749"
 Comparing "-21.2" and "33.3514749".
 IF test evaluated as true.  Performing command
  
 CHARMM>     
  
 CHARMM>    ! Cross sectional protein area with whole atom.
 CHARMM>    scalar wmain = radius
  
 CHARMM>    scalar wmain mult 2.5   sele resname TIP3 end
 SELRPN>      0 atoms have been selected out of  15156
  
 CHARMM>    scalar wmain add  1.529 sele .not. resname TIP3 end
 SELRPN>  15156 atoms have been selected out of  15156
  
 CHARMM>    scalar wmain mult 0.85  sele .not. resname TIP3 end
 SELRPN>  15156 atoms have been selected out of  15156
  
 CHARMM>    calc zab = ( @a + @b ) / 2.0
 Parameter: A -> "-21.4"
 Parameter: B -> "-21.2"
Evaluating: (-21.4+-21.2)/2.0
 Parameter: ZAB <- "-21.3"
  
 CHARMM>     
  
 CHARMM>    coor search -
 CHARMM>         xmin @x1  xmax @x2  xgrip @xncel -
 CHARMM>         ymin @y1  ymax @y2  ygrip @yncel -
 CHARMM>         zmin @a   zmax @b   zgrip 5
 Parameter: X1 -> "-43.6244258"
 Parameter: X2 -> "43.6252187"
 Parameter: XNCEL -> "436"
 Parameter: Y1 -> "-43.6309926"
 Parameter: Y2 -> "43.6230242"
 Parameter: YNCEL -> "436"
 Parameter: A -> "-21.4"
 Parameter: B -> "-21.2"

 A TOTAL OF   871262   VACUUM POINTS WERE FOUND
 A TOTAL OF    79218 OCCUPIED POINTS WERE FOUND
 A TOTAL OF        0 EXTERNAL POINTS WERE FOUND
 A TOTAL OF   871262 SELECTED POINTS WERE FOUND
 TOTAL OCCUPIED  VOLUME =     126.899521
 TOTAL SELECTED  VOLUME =    1395.676869
 TOTAL FREE      VOLUME =    1395.676869
 FRACTIONAL FREE VOLUME =      91.665474
  
 CHARMM>     
  
 CHARMM>    calc c = ?volume * @factor
 Parameter: FACTOR -> "5"
 RDCMND substituted energy or value "?VOLUME" to "126.899521"
Evaluating: 126.899521*5
 Parameter: C <- "634.497605"
  
 CHARMM>     
  
 CHARMM>    if a .lt. -10 if a .gt. -20 if c .gt. @botarea set botarea = @c
 Parameter: BOTAREA -> "-1"
 Parameter: C -> "634.497605"
 Comparing "-21.4" and "-10".
 IF test evaluated as true.  Performing command
 Comparing "-21.4" and "-20".
 IF test evaluated as false.  Skipping command
  
 CHARMM>    if a .gt.  10 if a .lt.  20 if c .gt. @toparea set toparea = @c
 Parameter: TOPAREA -> "-1"
 Parameter: C -> "634.497605"
 Comparing "-21.4" and "10".
 IF test evaluated as false.  Skipping command
  
 CHARMM>     
  
 CHARMM>    write title unit 51
 RDTITL> * -21.2  634.497605
 RDTITL> *
  
 CHARMM>     
  
 CHARMM>    incr a by @dcel
 Parameter: DCEL -> "0.2"
 Parameter: A <- "-21.2"
  
 CHARMM>    incr b by @dcel
 Parameter: DCEL -> "0.2"
 Parameter: B <- "-21"
  
 CHARMM>    if b le ?ZMAX goto DOAREA
 RDCMND substituted energy or value "?ZMAX" to "33.3514749"
 Comparing "-21" and "33.3514749".
 IF test evaluated as true.  Performing command
  
 CHARMM>     
  
 CHARMM>    ! Cross sectional protein area with whole atom.
 CHARMM>    scalar wmain = radius
  
 CHARMM>    scalar wmain mult 2.5   sele resname TIP3 end
 SELRPN>      0 atoms have been selected out of  15156
  
 CHARMM>    scalar wmain add  1.529 sele .not. resname TIP3 end
 SELRPN>  15156 atoms have been selected out of  15156
  
 CHARMM>    scalar wmain mult 0.85  sele .not. resname TIP3 end
 SELRPN>  15156 atoms have been selected out of  15156
  
 CHARMM>    calc zab = ( @a + @b ) / 2.0
 Parameter: A -> "-21.2"
 Parameter: B -> "-21"
Evaluating: (-21.2+-21)/2.0
 Parameter: ZAB <- "-21.1"
  
 CHARMM>     
  
 CHARMM>    coor search -
 CHARMM>         xmin @x1  xmax @x2  xgrip @xncel -
 CHARMM>         ymin @y1  ymax @y2  ygrip @yncel -
 CHARMM>         zmin @a   zmax @b   zgrip 5
 Parameter: X1 -> "-43.6244258"
 Parameter: X2 -> "43.6252187"
 Parameter: XNCEL -> "436"
 Parameter: Y1 -> "-43.6309926"
 Parameter: Y2 -> "43.6230242"
 Parameter: YNCEL -> "436"
 Parameter: A -> "-21.2"
 Parameter: B -> "-21"

 A TOTAL OF   861135   VACUUM POINTS WERE FOUND
 A TOTAL OF    89345 OCCUPIED POINTS WERE FOUND
 A TOTAL OF        0 EXTERNAL POINTS WERE FOUND
 A TOTAL OF   861135 SELECTED POINTS WERE FOUND
 TOTAL OCCUPIED  VOLUME =     143.121988
 TOTAL SELECTED  VOLUME =    1379.454401
 TOTAL FREE      VOLUME =    1379.454401
 FRACTIONAL FREE VOLUME =      90.600013
  
 CHARMM>     
  
 CHARMM>    calc c = ?volume * @factor
 Parameter: FACTOR -> "5"
 RDCMND substituted energy or value "?VOLUME" to "143.121988"
Evaluating: 143.121988*5
 Parameter: C <- "715.60994"
  
 CHARMM>     
  
 CHARMM>    if a .lt. -10 if a .gt. -20 if c .gt. @botarea set botarea = @c
 Parameter: BOTAREA -> "-1"
 Parameter: C -> "715.60994"
 Comparing "-21.2" and "-10".
 IF test evaluated as true.  Performing command
 Comparing "-21.2" and "-20".
 IF test evaluated as false.  Skipping command
  
 CHARMM>    if a .gt.  10 if a .lt.  20 if c .gt. @toparea set toparea = @c
 Parameter: TOPAREA -> "-1"
 Parameter: C -> "715.60994"
 Comparing "-21.2" and "10".
 IF test evaluated as false.  Skipping command
  
 CHARMM>     
  
 CHARMM>    write title unit 51
 RDTITL> * -21  715.60994
 RDTITL> *
  
 CHARMM>     
  
 CHARMM>    incr a by @dcel
 Parameter: DCEL -> "0.2"
 Parameter: A <- "-21"
  
 CHARMM>    incr b by @dcel
 Parameter: DCEL -> "0.2"
 Parameter: B <- "-20.8"
  
 CHARMM>    if b le ?ZMAX goto DOAREA
 RDCMND substituted energy or value "?ZMAX" to "33.3514749"
 Comparing "-20.8" and "33.3514749".
 IF test evaluated as true.  Performing command
  
 CHARMM>     
  
 CHARMM>    ! Cross sectional protein area with whole atom.
 CHARMM>    scalar wmain = radius
  
 CHARMM>    scalar wmain mult 2.5   sele resname TIP3 end
 SELRPN>      0 atoms have been selected out of  15156
  
 CHARMM>    scalar wmain add  1.529 sele .not. resname TIP3 end
 SELRPN>  15156 atoms have been selected out of  15156
  
 CHARMM>    scalar wmain mult 0.85  sele .not. resname TIP3 end
 SELRPN>  15156 atoms have been selected out of  15156
  
 CHARMM>    calc zab = ( @a + @b ) / 2.0
 Parameter: A -> "-21"
 Parameter: B -> "-20.8"
Evaluating: (-21+-20.8)/2.0
 Parameter: ZAB <- "-20.9"
  
 CHARMM>     
  
 CHARMM>    coor search -
 CHARMM>         xmin @x1  xmax @x2  xgrip @xncel -
 CHARMM>         ymin @y1  ymax @y2  ygrip @yncel -
 CHARMM>         zmin @a   zmax @b   zgrip 5
 Parameter: X1 -> "-43.6244258"
 Parameter: X2 -> "43.6252187"
 Parameter: XNCEL -> "436"
 Parameter: Y1 -> "-43.6309926"
 Parameter: Y2 -> "43.6230242"
 Parameter: YNCEL -> "436"
 Parameter: A -> "-21"
 Parameter: B -> "-20.8"

 A TOTAL OF   848683   VACUUM POINTS WERE FOUND
 A TOTAL OF   101797 OCCUPIED POINTS WERE FOUND
 A TOTAL OF        0 EXTERNAL POINTS WERE FOUND
 A TOTAL OF   848683 SELECTED POINTS WERE FOUND
 TOTAL OCCUPIED  VOLUME =     163.068880
 TOTAL SELECTED  VOLUME =    1359.507510
 TOTAL FREE      VOLUME =    1359.507510
 FRACTIONAL FREE VOLUME =      89.289938
  
 CHARMM>     
  
 CHARMM>    calc c = ?volume * @factor
 Parameter: FACTOR -> "5"
 RDCMND substituted energy or value "?VOLUME" to "163.06888"
Evaluating: 163.06888*5
 Parameter: C <- "815.3444"
  
 CHARMM>     
  
 CHARMM>    if a .lt. -10 if a .gt. -20 if c .gt. @botarea set botarea = @c
 Parameter: BOTAREA -> "-1"
 Parameter: C -> "815.3444"
 Comparing "-21" and "-10".
 IF test evaluated as true.  Performing command
 Comparing "-21" and "-20".
 IF test evaluated as false.  Skipping command
  
 CHARMM>    if a .gt.  10 if a .lt.  20 if c .gt. @toparea set toparea = @c
 Parameter: TOPAREA -> "-1"
 Parameter: C -> "815.3444"
 Comparing "-21" and "10".
 IF test evaluated as false.  Skipping command
  
 CHARMM>     
  
 CHARMM>    write title unit 51
 RDTITL> * -20.8  815.3444
 RDTITL> *
  
 CHARMM>     
  
 CHARMM>    incr a by @dcel
 Parameter: DCEL -> "0.2"
 Parameter: A <- "-20.8"
  
 CHARMM>    incr b by @dcel
 Parameter: DCEL -> "0.2"
 Parameter: B <- "-20.6"
  
 CHARMM>    if b le ?ZMAX goto DOAREA
 RDCMND substituted energy or value "?ZMAX" to "33.3514749"
 Comparing "-20.6" and "33.3514749".
 IF test evaluated as true.  Performing command
  
 CHARMM>     
  
 CHARMM>    ! Cross sectional protein area with whole atom.
 CHARMM>    scalar wmain = radius
  
 CHARMM>    scalar wmain mult 2.5   sele resname TIP3 end
 SELRPN>      0 atoms have been selected out of  15156
  
 CHARMM>    scalar wmain add  1.529 sele .not. resname TIP3 end
 SELRPN>  15156 atoms have been selected out of  15156
  
 CHARMM>    scalar wmain mult 0.85  sele .not. resname TIP3 end
 SELRPN>  15156 atoms have been selected out of  15156
  
 CHARMM>    calc zab = ( @a + @b ) / 2.0
 Parameter: A -> "-20.8"
 Parameter: B -> "-20.6"
Evaluating: (-20.8+-20.6)/2.0
 Parameter: ZAB <- "-20.7"
  
 CHARMM>     
  
 CHARMM>    coor search -
 CHARMM>         xmin @x1  xmax @x2  xgrip @xncel -
 CHARMM>         ymin @y1  ymax @y2  ygrip @yncel -
 CHARMM>         zmin @a   zmax @b   zgrip 5
 Parameter: X1 -> "-43.6244258"
 Parameter: X2 -> "43.6252187"
 Parameter: XNCEL -> "436"
 Parameter: Y1 -> "-43.6309926"
 Parameter: Y2 -> "43.6230242"
 Parameter: YNCEL -> "436"
 Parameter: A -> "-20.8"
 Parameter: B -> "-20.6"

 A TOTAL OF   836566   VACUUM POINTS WERE FOUND
 A TOTAL OF   113914 OCCUPIED POINTS WERE FOUND
 A TOTAL OF        0 EXTERNAL POINTS WERE FOUND
 A TOTAL OF   836566 SELECTED POINTS WERE FOUND
 TOTAL OCCUPIED  VOLUME =     182.479134
 TOTAL SELECTED  VOLUME =    1340.097256
 TOTAL FREE      VOLUME =    1340.097256
 FRACTIONAL FREE VOLUME =      88.015108
  
 CHARMM>     
  
 CHARMM>    calc c = ?volume * @factor
 Parameter: FACTOR -> "5"
 RDCMND substituted energy or value "?VOLUME" to "182.479134"
Evaluating: 182.479134*5
 Parameter: C <- "912.39567"
  
 CHARMM>     
  
 CHARMM>    if a .lt. -10 if a .gt. -20 if c .gt. @botarea set botarea = @c
 Parameter: BOTAREA -> "-1"
 Parameter: C -> "912.39567"
 Comparing "-20.8" and "-10".
 IF test evaluated as true.  Performing command
 Comparing "-20.8" and "-20".
 IF test evaluated as false.  Skipping command
  
 CHARMM>    if a .gt.  10 if a .lt.  20 if c .gt. @toparea set toparea = @c
 Parameter: TOPAREA -> "-1"
 Parameter: C -> "912.39567"
 Comparing "-20.8" and "10".
 IF test evaluated as false.  Skipping command
  
 CHARMM>     
  
 CHARMM>    write title unit 51
 RDTITL> * -20.6  912.39567
 RDTITL> *
  
 CHARMM>     
  
 CHARMM>    incr a by @dcel
 Parameter: DCEL -> "0.2"
 Parameter: A <- "-20.6"
  
 CHARMM>    incr b by @dcel
 Parameter: DCEL -> "0.2"
 Parameter: B <- "-20.4"
  
 CHARMM>    if b le ?ZMAX goto DOAREA
 RDCMND substituted energy or value "?ZMAX" to "33.3514749"
 Comparing "-20.4" and "33.3514749".
 IF test evaluated as true.  Performing command
  
 CHARMM>     
  
 CHARMM>    ! Cross sectional protein area with whole atom.
 CHARMM>    scalar wmain = radius
  
 CHARMM>    scalar wmain mult 2.5   sele resname TIP3 end
 SELRPN>      0 atoms have been selected out of  15156
  
 CHARMM>    scalar wmain add  1.529 sele .not. resname TIP3 end
 SELRPN>  15156 atoms have been selected out of  15156
  
 CHARMM>    scalar wmain mult 0.85  sele .not. resname TIP3 end
 SELRPN>  15156 atoms have been selected out of  15156
  
 CHARMM>    calc zab = ( @a + @b ) / 2.0
 Parameter: A -> "-20.6"
 Parameter: B -> "-20.4"
Evaluating: (-20.6+-20.4)/2.0
 Parameter: ZAB <- "-20.5"
  
 CHARMM>     
  
 CHARMM>    coor search -
 CHARMM>         xmin @x1  xmax @x2  xgrip @xncel -
 CHARMM>         ymin @y1  ymax @y2  ygrip @yncel -
 CHARMM>         zmin @a   zmax @b   zgrip 5
 Parameter: X1 -> "-43.6244258"
 Parameter: X2 -> "43.6252187"
 Parameter: XNCEL -> "436"
 Parameter: Y1 -> "-43.6309926"
 Parameter: Y2 -> "43.6230242"
 Parameter: YNCEL -> "436"
 Parameter: A -> "-20.6"
 Parameter: B -> "-20.4"

 A TOTAL OF   825966   VACUUM POINTS WERE FOUND
 A TOTAL OF   124514 OCCUPIED POINTS WERE FOUND
 A TOTAL OF        0 EXTERNAL POINTS WERE FOUND
 A TOTAL OF   825966 SELECTED POINTS WERE FOUND
 TOTAL OCCUPIED  VOLUME =     199.459301
 TOTAL SELECTED  VOLUME =    1323.117088
 TOTAL FREE      VOLUME =    1323.117088
 FRACTIONAL FREE VOLUME =      86.899882
  
 CHARMM>     
  
 CHARMM>    calc c = ?volume * @factor
 Parameter: FACTOR -> "5"
 RDCMND substituted energy or value "?VOLUME" to "199.459301"
Evaluating: 199.459301*5
 Parameter: C <- "997.296505"
  
 CHARMM>     
  
 CHARMM>    if a .lt. -10 if a .gt. -20 if c .gt. @botarea set botarea = @c
 Parameter: BOTAREA -> "-1"
 Parameter: C -> "997.296505"
 Comparing "-20.6" and "-10".
 IF test evaluated as true.  Performing command
 Comparing "-20.6" and "-20".
 IF test evaluated as false.  Skipping command
  
 CHARMM>    if a .gt.  10 if a .lt.  20 if c .gt. @toparea set toparea = @c
 Parameter: TOPAREA -> "-1"
 Parameter: C -> "997.296505"
 Comparing "-20.6" and "10".
 IF test evaluated as false.  Skipping command
  
 CHARMM>     
  
 CHARMM>    write title unit 51
 RDTITL> * -20.4  997.296505
 RDTITL> *
  
 CHARMM>     
  
 CHARMM>    incr a by @dcel
 Parameter: DCEL -> "0.2"
 Parameter: A <- "-20.4"
  
 CHARMM>    incr b by @dcel
 Parameter: DCEL -> "0.2"
 Parameter: B <- "-20.2"
  
 CHARMM>    if b le ?ZMAX goto DOAREA
 RDCMND substituted energy or value "?ZMAX" to "33.3514749"
 Comparing "-20.2" and "33.3514749".
 IF test evaluated as true.  Performing command
  
 CHARMM>     
  
 CHARMM>    ! Cross sectional protein area with whole atom.
 CHARMM>    scalar wmain = radius
  
 CHARMM>    scalar wmain mult 2.5   sele resname TIP3 end
 SELRPN>      0 atoms have been selected out of  15156
  
 CHARMM>    scalar wmain add  1.529 sele .not. resname TIP3 end
 SELRPN>  15156 atoms have been selected out of  15156
  
 CHARMM>    scalar wmain mult 0.85  sele .not. resname TIP3 end
 SELRPN>  15156 atoms have been selected out of  15156
  
 CHARMM>    calc zab = ( @a + @b ) / 2.0
 Parameter: A -> "-20.4"
 Parameter: B -> "-20.2"
Evaluating: (-20.4+-20.2)/2.0
 Parameter: ZAB <- "-20.3"
  
 CHARMM>     
  
 CHARMM>    coor search -
 CHARMM>         xmin @x1  xmax @x2  xgrip @xncel -
 CHARMM>         ymin @y1  ymax @y2  ygrip @yncel -
 CHARMM>         zmin @a   zmax @b   zgrip 5
 Parameter: X1 -> "-43.6244258"
 Parameter: X2 -> "43.6252187"
 Parameter: XNCEL -> "436"
 Parameter: Y1 -> "-43.6309926"
 Parameter: Y2 -> "43.6230242"
 Parameter: YNCEL -> "436"
 Parameter: A -> "-20.4"
 Parameter: B -> "-20.2"

 A TOTAL OF   815823   VACUUM POINTS WERE FOUND
 A TOTAL OF   134657 OCCUPIED POINTS WERE FOUND
 A TOTAL OF        0 EXTERNAL POINTS WERE FOUND
 A TOTAL OF   815823 SELECTED POINTS WERE FOUND
 TOTAL OCCUPIED  VOLUME =     215.707399
 TOTAL SELECTED  VOLUME =    1306.868990
 TOTAL FREE      VOLUME =    1306.868990
 FRACTIONAL FREE VOLUME =      85.832737
  
 CHARMM>     
  
 CHARMM>    calc c = ?volume * @factor
 Parameter: FACTOR -> "5"
 RDCMND substituted energy or value "?VOLUME" to "215.707399"
Evaluating: 215.707399*5
 Parameter: C <- "1078.53699"
  
 CHARMM>     
  
 CHARMM>    if a .lt. -10 if a .gt. -20 if c .gt. @botarea set botarea = @c
 Parameter: BOTAREA -> "-1"
 Parameter: C -> "1078.53699"
 Comparing "-20.4" and "-10".
 IF test evaluated as true.  Performing command
 Comparing "-20.4" and "-20".
 IF test evaluated as false.  Skipping command
  
 CHARMM>    if a .gt.  10 if a .lt.  20 if c .gt. @toparea set toparea = @c
 Parameter: TOPAREA -> "-1"
 Parameter: C -> "1078.53699"
 Comparing "-20.4" and "10".
 IF test evaluated as false.  Skipping command
  
 CHARMM>     
  
 CHARMM>    write title unit 51
 RDTITL> * -20.2  1078.53699
 RDTITL> *
  
 CHARMM>     
  
 CHARMM>    incr a by @dcel
 Parameter: DCEL -> "0.2"
 Parameter: A <- "-20.2"
  
 CHARMM>    incr b by @dcel
 Parameter: DCEL -> "0.2"
 Parameter: B <- "-20"
  
 CHARMM>    if b le ?ZMAX goto DOAREA
 RDCMND substituted energy or value "?ZMAX" to "33.3514749"
 Comparing "-20" and "33.3514749".
 IF test evaluated as true.  Performing command
  
 CHARMM>     
  
 CHARMM>    ! Cross sectional protein area with whole atom.
 CHARMM>    scalar wmain = radius
  
 CHARMM>    scalar wmain mult 2.5   sele resname TIP3 end
 SELRPN>      0 atoms have been selected out of  15156
  
 CHARMM>    scalar wmain add  1.529 sele .not. resname TIP3 end
 SELRPN>  15156 atoms have been selected out of  15156
  
 CHARMM>    scalar wmain mult 0.85  sele .not. resname TIP3 end
 SELRPN>  15156 atoms have been selected out of  15156
  
 CHARMM>    calc zab = ( @a + @b ) / 2.0
 Parameter: A -> "-20.2"
 Parameter: B -> "-20"
Evaluating: (-20.2+-20)/2.0
 Parameter: ZAB <- "-20.1"
  
 CHARMM>     
  
 CHARMM>    coor search -
 CHARMM>         xmin @x1  xmax @x2  xgrip @xncel -
 CHARMM>         ymin @y1  ymax @y2  ygrip @yncel -
 CHARMM>         zmin @a   zmax @b   zgrip 5
 Parameter: X1 -> "-43.6244258"
 Parameter: X2 -> "43.6252187"
 Parameter: XNCEL -> "436"
 Parameter: Y1 -> "-43.6309926"
 Parameter: Y2 -> "43.6230242"
 Parameter: YNCEL -> "436"
 Parameter: A -> "-20.2"
 Parameter: B -> "-20"

 A TOTAL OF   806027   VACUUM POINTS WERE FOUND
 A TOTAL OF   144453 OCCUPIED POINTS WERE FOUND
 A TOTAL OF        0 EXTERNAL POINTS WERE FOUND
 A TOTAL OF   806027 SELECTED POINTS WERE FOUND
 TOTAL OCCUPIED  VOLUME =     231.399637
 TOTAL SELECTED  VOLUME =    1291.176752
 TOTAL FREE      VOLUME =    1291.176752
 FRACTIONAL FREE VOLUME =      84.802100
  
 CHARMM>     
  
 CHARMM>    calc c = ?volume * @factor
 Parameter: FACTOR -> "5"
 RDCMND substituted energy or value "?VOLUME" to "231.399637"
Evaluating: 231.399637*5
 Parameter: C <- "1156.99819"
  
 CHARMM>     
  
 CHARMM>    if a .lt. -10 if a .gt. -20 if c .gt. @botarea set botarea = @c
 Parameter: BOTAREA -> "-1"
 Parameter: C -> "1156.99819"
 Comparing "-20.2" and "-10".
 IF test evaluated as true.  Performing command
 Comparing "-20.2" and "-20".
 IF test evaluated as false.  Skipping command
  
 CHARMM>    if a .gt.  10 if a .lt.  20 if c .gt. @toparea set toparea = @c
 Parameter: TOPAREA -> "-1"
 Parameter: C -> "1156.99819"
 Comparing "-20.2" and "10".
 IF test evaluated as false.  Skipping command
  
 CHARMM>     
  
 CHARMM>    write title unit 51
 RDTITL> * -20  1156.99819
 RDTITL> *
  
 CHARMM>     
  
 CHARMM>    incr a by @dcel
 Parameter: DCEL -> "0.2"
 Parameter: A <- "-20"
  
 CHARMM>    incr b by @dcel
 Parameter: DCEL -> "0.2"
 Parameter: B <- "-19.8"
  
 CHARMM>    if b le ?ZMAX goto DOAREA
 RDCMND substituted energy or value "?ZMAX" to "33.3514749"
 Comparing "-19.8" and "33.3514749".
 IF test evaluated as true.  Performing command
  
 CHARMM>     
  
 CHARMM>    ! Cross sectional protein area with whole atom.
 CHARMM>    scalar wmain = radius
  
 CHARMM>    scalar wmain mult 2.5   sele resname TIP3 end
 SELRPN>      0 atoms have been selected out of  15156
  
 CHARMM>    scalar wmain add  1.529 sele .not. resname TIP3 end
 SELRPN>  15156 atoms have been selected out of  15156
  
 CHARMM>    scalar wmain mult 0.85  sele .not. resname TIP3 end
 SELRPN>  15156 atoms have been selected out of  15156
  
 CHARMM>    calc zab = ( @a + @b ) / 2.0
 Parameter: A -> "-20"
 Parameter: B -> "-19.8"
Evaluating: (-20+-19.8)/2.0
 Parameter: ZAB <- "-19.9"
  
 CHARMM>     
  
 CHARMM>    coor search -
 CHARMM>         xmin @x1  xmax @x2  xgrip @xncel -
 CHARMM>         ymin @y1  ymax @y2  ygrip @yncel -
 CHARMM>         zmin @a   zmax @b   zgrip 5
 Parameter: X1 -> "-43.6244258"
 Parameter: X2 -> "43.6252187"
 Parameter: XNCEL -> "436"
 Parameter: Y1 -> "-43.6309926"
 Parameter: Y2 -> "43.6230242"
 Parameter: YNCEL -> "436"
 Parameter: A -> "-20"
 Parameter: B -> "-19.8"

 A TOTAL OF   795496   VACUUM POINTS WERE FOUND
 A TOTAL OF   154984 OCCUPIED POINTS WERE FOUND
 A TOTAL OF        0 EXTERNAL POINTS WERE FOUND
 A TOTAL OF   795496 SELECTED POINTS WERE FOUND
 TOTAL OCCUPIED  VOLUME =     248.269274
 TOTAL SELECTED  VOLUME =    1274.307116
 TOTAL FREE      VOLUME =    1274.307116
 FRACTIONAL FREE VOLUME =      83.694133
  
 CHARMM>     
  
 CHARMM>    calc c = ?volume * @factor
 Parameter: FACTOR -> "5"
 RDCMND substituted energy or value "?VOLUME" to "248.269274"
Evaluating: 248.269274*5
 Parameter: C <- "1241.34637"
  
 CHARMM>     
  
 CHARMM>    if a .lt. -10 if a .gt. -20 if c .gt. @botarea set botarea = @c
 Parameter: BOTAREA -> "-1"
 Parameter: C -> "1241.34637"
 Comparing "-20" and "-10".
 IF test evaluated as true.  Performing command
 Comparing "-20" and "-20".
 IF test evaluated as false.  Skipping command
  
 CHARMM>    if a .gt.  10 if a .lt.  20 if c .gt. @toparea set toparea = @c
 Parameter: TOPAREA -> "-1"
 Parameter: C -> "1241.34637"
 Comparing "-20" and "10".
 IF test evaluated as false.  Skipping command
  
 CHARMM>     
  
 CHARMM>    write title unit 51
 RDTITL> * -19.8  1241.34637
 RDTITL> *
  
 CHARMM>     
  
 CHARMM>    incr a by @dcel
 Parameter: DCEL -> "0.2"
 Parameter: A <- "-19.8"
  
 CHARMM>    incr b by @dcel
 Parameter: DCEL -> "0.2"
 Parameter: B <- "-19.6"
  
 CHARMM>    if b le ?ZMAX goto DOAREA
 RDCMND substituted energy or value "?ZMAX" to "33.3514749"
 Comparing "-19.6" and "33.3514749".
 IF test evaluated as true.  Performing command
  
 CHARMM>     
  
 CHARMM>    ! Cross sectional protein area with whole atom.
 CHARMM>    scalar wmain = radius
  
 CHARMM>    scalar wmain mult 2.5   sele resname TIP3 end
 SELRPN>      0 atoms have been selected out of  15156
  
 CHARMM>    scalar wmain add  1.529 sele .not. resname TIP3 end
 SELRPN>  15156 atoms have been selected out of  15156
  
 CHARMM>    scalar wmain mult 0.85  sele .not. resname TIP3 end
 SELRPN>  15156 atoms have been selected out of  15156
  
 CHARMM>    calc zab = ( @a + @b ) / 2.0
 Parameter: A -> "-19.8"
 Parameter: B -> "-19.6"
Evaluating: (-19.8+-19.6)/2.0
 Parameter: ZAB <- "-19.7"
  
 CHARMM>     
  
 CHARMM>    coor search -
 CHARMM>         xmin @x1  xmax @x2  xgrip @xncel -
 CHARMM>         ymin @y1  ymax @y2  ygrip @yncel -
 CHARMM>         zmin @a   zmax @b   zgrip 5
 Parameter: X1 -> "-43.6244258"
 Parameter: X2 -> "43.6252187"
 Parameter: XNCEL -> "436"
 Parameter: Y1 -> "-43.6309926"
 Parameter: Y2 -> "43.6230242"
 Parameter: YNCEL -> "436"
 Parameter: A -> "-19.8"
 Parameter: B -> "-19.6"

 A TOTAL OF   785955   VACUUM POINTS WERE FOUND
 A TOTAL OF   164525 OCCUPIED POINTS WERE FOUND
 A TOTAL OF        0 EXTERNAL POINTS WERE FOUND
 A TOTAL OF   785955 SELECTED POINTS WERE FOUND
 TOTAL OCCUPIED  VOLUME =     263.553026
 TOTAL SELECTED  VOLUME =    1259.023363
 TOTAL FREE      VOLUME =    1259.023363
 FRACTIONAL FREE VOLUME =      82.690325
  
 CHARMM>     
  
 CHARMM>    calc c = ?volume * @factor
 Parameter: FACTOR -> "5"
 RDCMND substituted energy or value "?VOLUME" to "263.553026"
Evaluating: 263.553026*5
 Parameter: C <- "1317.76513"
  
 CHARMM>     
  
 CHARMM>    if a .lt. -10 if a .gt. -20 if c .gt. @botarea set botarea = @c
 Parameter: BOTAREA -> "-1"
 Parameter: C -> "1317.76513"
 Comparing "-19.8" and "-10".
 IF test evaluated as true.  Performing command
 Comparing "-19.8" and "-20".
 IF test evaluated as true.  Performing command
 Comparing "1317.76513" and "-1".
 IF test evaluated as true.  Performing command
 Parameter: BOTAREA <- "1317.76513"
  
 CHARMM>    if a .gt.  10 if a .lt.  20 if c .gt. @toparea set toparea = @c
 Parameter: TOPAREA -> "-1"
 Parameter: C -> "1317.76513"
 Comparing "-19.8" and "10".
 IF test evaluated as false.  Skipping command
  
 CHARMM>     
  
 CHARMM>    write title unit 51
 RDTITL> * -19.6  1317.76513
 RDTITL> *
  
 CHARMM>     
  
 CHARMM>    incr a by @dcel
 Parameter: DCEL -> "0.2"
 Parameter: A <- "-19.6"
  
 CHARMM>    incr b by @dcel
 Parameter: DCEL -> "0.2"
 Parameter: B <- "-19.4"
  
 CHARMM>    if b le ?ZMAX goto DOAREA
 RDCMND substituted energy or value "?ZMAX" to "33.3514749"
 Comparing "-19.4" and "33.3514749".
 IF test evaluated as true.  Performing command
  
 CHARMM>     
  
 CHARMM>    ! Cross sectional protein area with whole atom.
 CHARMM>    scalar wmain = radius
  
 CHARMM>    scalar wmain mult 2.5   sele resname TIP3 end
 SELRPN>      0 atoms have been selected out of  15156
  
 CHARMM>    scalar wmain add  1.529 sele .not. resname TIP3 end
 SELRPN>  15156 atoms have been selected out of  15156
  
 CHARMM>    scalar wmain mult 0.85  sele .not. resname TIP3 end
 SELRPN>  15156 atoms have been selected out of  15156
  
 CHARMM>    calc zab = ( @a + @b ) / 2.0
 Parameter: A -> "-19.6"
 Parameter: B -> "-19.4"
Evaluating: (-19.6+-19.4)/2.0
 Parameter: ZAB <- "-19.5"
  
 CHARMM>     
  
 CHARMM>    coor search -
 CHARMM>         xmin @x1  xmax @x2  xgrip @xncel -
 CHARMM>         ymin @y1  ymax @y2  ygrip @yncel -
 CHARMM>         zmin @a   zmax @b   zgrip 5
 Parameter: X1 -> "-43.6244258"
 Parameter: X2 -> "43.6252187"
 Parameter: XNCEL -> "436"
 Parameter: Y1 -> "-43.6309926"
 Parameter: Y2 -> "43.6230242"
 Parameter: YNCEL -> "436"
 Parameter: A -> "-19.6"
 Parameter: B -> "-19.4"

 A TOTAL OF   777064   VACUUM POINTS WERE FOUND
 A TOTAL OF   173416 OCCUPIED POINTS WERE FOUND
 A TOTAL OF        0 EXTERNAL POINTS WERE FOUND
 A TOTAL OF   777064 SELECTED POINTS WERE FOUND
 TOTAL OCCUPIED  VOLUME =     277.795542
 TOTAL SELECTED  VOLUME =    1244.780847
 TOTAL FREE      VOLUME =    1244.780847
 FRACTIONAL FREE VOLUME =      81.754903
  
 CHARMM>     
  
 CHARMM>    calc c = ?volume * @factor
 Parameter: FACTOR -> "5"
 RDCMND substituted energy or value "?VOLUME" to "277.795542"
Evaluating: 277.795542*5
 Parameter: C <- "1388.97771"
  
 CHARMM>     
  
 CHARMM>    if a .lt. -10 if a .gt. -20 if c .gt. @botarea set botarea = @c
 Parameter: BOTAREA -> "1317.76513"
 Parameter: C -> "1388.97771"
 Comparing "-19.6" and "-10".
 IF test evaluated as true.  Performing command
 Comparing "-19.6" and "-20".
 IF test evaluated as true.  Performing command
 Comparing "1388.97771" and "1317.76513".
 IF test evaluated as true.  Performing command
 Parameter: BOTAREA <- "1388.97771"
  
 CHARMM>    if a .gt.  10 if a .lt.  20 if c .gt. @toparea set toparea = @c
 Parameter: TOPAREA -> "-1"
 Parameter: C -> "1388.97771"
 Comparing "-19.6" and "10".
 IF test evaluated as false.  Skipping command
  
 CHARMM>     
  
 CHARMM>    write title unit 51
 RDTITL> * -19.4  1388.97771
 RDTITL> *
  
 CHARMM>     
  
 CHARMM>    incr a by @dcel
 Parameter: DCEL -> "0.2"
 Parameter: A <- "-19.4"
  
 CHARMM>    incr b by @dcel
 Parameter: DCEL -> "0.2"
 Parameter: B <- "-19.2"
  
 CHARMM>    if b le ?ZMAX goto DOAREA
 RDCMND substituted energy or value "?ZMAX" to "33.3514749"
 Comparing "-19.2" and "33.3514749".
 IF test evaluated as true.  Performing command
  
 CHARMM>     
  
 CHARMM>    ! Cross sectional protein area with whole atom.
 CHARMM>    scalar wmain = radius
  
 CHARMM>    scalar wmain mult 2.5   sele resname TIP3 end
 SELRPN>      0 atoms have been selected out of  15156
  
 CHARMM>    scalar wmain add  1.529 sele .not. resname TIP3 end
 SELRPN>  15156 atoms have been selected out of  15156
  
 CHARMM>    scalar wmain mult 0.85  sele .not. resname TIP3 end
 SELRPN>  15156 atoms have been selected out of  15156
  
 CHARMM>    calc zab = ( @a + @b ) / 2.0
 Parameter: A -> "-19.4"
 Parameter: B -> "-19.2"
Evaluating: (-19.4+-19.2)/2.0
 Parameter: ZAB <- "-19.3"
  
 CHARMM>     
  
 CHARMM>    coor search -
 CHARMM>         xmin @x1  xmax @x2  xgrip @xncel -
 CHARMM>         ymin @y1  ymax @y2  ygrip @yncel -
 CHARMM>         zmin @a   zmax @b   zgrip 5
 Parameter: X1 -> "-43.6244258"
 Parameter: X2 -> "43.6252187"
 Parameter: XNCEL -> "436"
 Parameter: Y1 -> "-43.6309926"
 Parameter: Y2 -> "43.6230242"
 Parameter: YNCEL -> "436"
 Parameter: A -> "-19.4"
 Parameter: B -> "-19.2"

 A TOTAL OF   765249   VACUUM POINTS WERE FOUND
 A TOTAL OF   185231 OCCUPIED POINTS WERE FOUND
 A TOTAL OF        0 EXTERNAL POINTS WERE FOUND
 A TOTAL OF   765249 SELECTED POINTS WERE FOUND
 TOTAL OCCUPIED  VOLUME =     296.722022
 TOTAL SELECTED  VOLUME =    1225.854368
 TOTAL FREE      VOLUME =    1225.854368
 FRACTIONAL FREE VOLUME =      80.511847
  
 CHARMM>     
  
 CHARMM>    calc c = ?volume * @factor
 Parameter: FACTOR -> "5"
 RDCMND substituted energy or value "?VOLUME" to "296.722022"
Evaluating: 296.722022*5
 Parameter: C <- "1483.61011"
  
 CHARMM>     
  
 CHARMM>    if a .lt. -10 if a .gt. -20 if c .gt. @botarea set botarea = @c
 Parameter: BOTAREA -> "1388.97771"
 Parameter: C -> "1483.61011"
 Comparing "-19.4" and "-10".
 IF test evaluated as true.  Performing command
 Comparing "-19.4" and "-20".
 IF test evaluated as true.  Performing command
 Comparing "1483.61011" and "1388.97771".
 IF test evaluated as true.  Performing command
 Parameter: BOTAREA <- "1483.61011"
  
 CHARMM>    if a .gt.  10 if a .lt.  20 if c .gt. @toparea set toparea = @c
 Parameter: TOPAREA -> "-1"
 Parameter: C -> "1483.61011"
 Comparing "-19.4" and "10".
 IF test evaluated as false.  Skipping command
  
 CHARMM>     
  
 CHARMM>    write title unit 51
 RDTITL> * -19.2  1483.61011
 RDTITL> *
  
 CHARMM>     
  
 CHARMM>    incr a by @dcel
 Parameter: DCEL -> "0.2"
 Parameter: A <- "-19.2"
  
 CHARMM>    incr b by @dcel
 Parameter: DCEL -> "0.2"
 Parameter: B <- "-19"
  
 CHARMM>    if b le ?ZMAX goto DOAREA
 RDCMND substituted energy or value "?ZMAX" to "33.3514749"
 Comparing "-19" and "33.3514749".
 IF test evaluated as true.  Performing command
  
 CHARMM>     
  
 CHARMM>    ! Cross sectional protein area with whole atom.
 CHARMM>    scalar wmain = radius
  
 CHARMM>    scalar wmain mult 2.5   sele resname TIP3 end
 SELRPN>      0 atoms have been selected out of  15156
  
 CHARMM>    scalar wmain add  1.529 sele .not. resname TIP3 end
 SELRPN>  15156 atoms have been selected out of  15156
  
 CHARMM>    scalar wmain mult 0.85  sele .not. resname TIP3 end
 SELRPN>  15156 atoms have been selected out of  15156
  
 CHARMM>    calc zab = ( @a + @b ) / 2.0
 Parameter: A -> "-19.2"
 Parameter: B -> "-19"
Evaluating: (-19.2+-19)/2.0
 Parameter: ZAB <- "-19.1"
  
 CHARMM>     
  
 CHARMM>    coor search -
 CHARMM>         xmin @x1  xmax @x2  xgrip @xncel -
 CHARMM>         ymin @y1  ymax @y2  ygrip @yncel -
 CHARMM>         zmin @a   zmax @b   zgrip 5
 Parameter: X1 -> "-43.6244258"
 Parameter: X2 -> "43.6252187"
 Parameter: XNCEL -> "436"
 Parameter: Y1 -> "-43.6309926"
 Parameter: Y2 -> "43.6230242"
 Parameter: YNCEL -> "436"
 Parameter: A -> "-19.2"
 Parameter: B -> "-19"

 A TOTAL OF   750618   VACUUM POINTS WERE FOUND
 A TOTAL OF   199862 OCCUPIED POINTS WERE FOUND
 A TOTAL OF        0 EXTERNAL POINTS WERE FOUND
 A TOTAL OF   750618 SELECTED POINTS WERE FOUND
 TOTAL OCCUPIED  VOLUME =     320.159459
 TOTAL SELECTED  VOLUME =    1202.416931
 TOTAL FREE      VOLUME =    1202.416931
 FRACTIONAL FREE VOLUME =      78.972519
  
 CHARMM>     
  
 CHARMM>    calc c = ?volume * @factor
 Parameter: FACTOR -> "5"
 RDCMND substituted energy or value "?VOLUME" to "320.159459"
Evaluating: 320.159459*5
 Parameter: C <- "1600.7973"
  
 CHARMM>     
  
 CHARMM>    if a .lt. -10 if a .gt. -20 if c .gt. @botarea set botarea = @c
 Parameter: BOTAREA -> "1483.61011"
 Parameter: C -> "1600.7973"
 Comparing "-19.2" and "-10".
 IF test evaluated as true.  Performing command
 Comparing "-19.2" and "-20".
 IF test evaluated as true.  Performing command
 Comparing "1600.7973" and "1483.61011".
 IF test evaluated as true.  Performing command
 Parameter: BOTAREA <- "1600.7973"
  
 CHARMM>    if a .gt.  10 if a .lt.  20 if c .gt. @toparea set toparea = @c
 Parameter: TOPAREA -> "-1"
 Parameter: C -> "1600.7973"
 Comparing "-19.2" and "10".
 IF test evaluated as false.  Skipping command
  
 CHARMM>     
  
 CHARMM>    write title unit 51
 RDTITL> * -19  1600.7973
 RDTITL> *
  
 CHARMM>     
  
 CHARMM>    incr a by @dcel
 Parameter: DCEL -> "0.2"
 Parameter: A <- "-19"
  
 CHARMM>    incr b by @dcel
 Parameter: DCEL -> "0.2"
 Parameter: B <- "-18.8"
  
 CHARMM>    if b le ?ZMAX goto DOAREA
 RDCMND substituted energy or value "?ZMAX" to "33.3514749"
 Comparing "-18.8" and "33.3514749".
 IF test evaluated as true.  Performing command
  
 CHARMM>     
  
 CHARMM>    ! Cross sectional protein area with whole atom.
 CHARMM>    scalar wmain = radius
  
 CHARMM>    scalar wmain mult 2.5   sele resname TIP3 end
 SELRPN>      0 atoms have been selected out of  15156
  
 CHARMM>    scalar wmain add  1.529 sele .not. resname TIP3 end
 SELRPN>  15156 atoms have been selected out of  15156
  
 CHARMM>    scalar wmain mult 0.85  sele .not. resname TIP3 end
 SELRPN>  15156 atoms have been selected out of  15156
  
 CHARMM>    calc zab = ( @a + @b ) / 2.0
 Parameter: A -> "-19"
 Parameter: B -> "-18.8"
Evaluating: (-19+-18.8)/2.0
 Parameter: ZAB <- "-18.9"
  
 CHARMM>     
  
 CHARMM>    coor search -
 CHARMM>         xmin @x1  xmax @x2  xgrip @xncel -
 CHARMM>         ymin @y1  ymax @y2  ygrip @yncel -
 CHARMM>         zmin @a   zmax @b   zgrip 5
 Parameter: X1 -> "-43.6244258"
 Parameter: X2 -> "43.6252187"
 Parameter: XNCEL -> "436"
 Parameter: Y1 -> "-43.6309926"
 Parameter: Y2 -> "43.6230242"
 Parameter: YNCEL -> "436"
 Parameter: A -> "-19"
 Parameter: B -> "-18.8"

 A TOTAL OF   736322   VACUUM POINTS WERE FOUND
 A TOTAL OF   214158 OCCUPIED POINTS WERE FOUND
 A TOTAL OF        0 EXTERNAL POINTS WERE FOUND
 A TOTAL OF   736322 SELECTED POINTS WERE FOUND
 TOTAL OCCUPIED  VOLUME =     343.060258
 TOTAL SELECTED  VOLUME =    1179.516131
 TOTAL FREE      VOLUME =    1179.516131
 FRACTIONAL FREE VOLUME =      77.468437
  
 CHARMM>     
  
 CHARMM>    calc c = ?volume * @factor
 Parameter: FACTOR -> "5"
 RDCMND substituted energy or value "?VOLUME" to "343.060258"
Evaluating: 343.060258*5
 Parameter: C <- "1715.30129"
  
 CHARMM>     
  
 CHARMM>    if a .lt. -10 if a .gt. -20 if c .gt. @botarea set botarea = @c
 Parameter: BOTAREA -> "1600.7973"
 Parameter: C -> "1715.30129"
 Comparing "-19" and "-10".
 IF test evaluated as true.  Performing command
 Comparing "-19" and "-20".
 IF test evaluated as true.  Performing command
 Comparing "1715.30129" and "1600.7973".
 IF test evaluated as true.  Performing command
 Parameter: BOTAREA <- "1715.30129"
  
 CHARMM>    if a .gt.  10 if a .lt.  20 if c .gt. @toparea set toparea = @c
 Parameter: TOPAREA -> "-1"
 Parameter: C -> "1715.30129"
 Comparing "-19" and "10".
 IF test evaluated as false.  Skipping command
  
 CHARMM>     
  
 CHARMM>    write title unit 51
 RDTITL> * -18.8  1715.30129
 RDTITL> *
  
 CHARMM>     
  
 CHARMM>    incr a by @dcel
 Parameter: DCEL -> "0.2"
 Parameter: A <- "-18.8"
  
 CHARMM>    incr b by @dcel
 Parameter: DCEL -> "0.2"
 Parameter: B <- "-18.6"
  
 CHARMM>    if b le ?ZMAX goto DOAREA
 RDCMND substituted energy or value "?ZMAX" to "33.3514749"
 Comparing "-18.6" and "33.3514749".
 IF test evaluated as true.  Performing command
  
 CHARMM>     
  
 CHARMM>    ! Cross sectional protein area with whole atom.
 CHARMM>    scalar wmain = radius
  
 CHARMM>    scalar wmain mult 2.5   sele resname TIP3 end
 SELRPN>      0 atoms have been selected out of  15156
  
 CHARMM>    scalar wmain add  1.529 sele .not. resname TIP3 end
 SELRPN>  15156 atoms have been selected out of  15156
  
 CHARMM>    scalar wmain mult 0.85  sele .not. resname TIP3 end
 SELRPN>  15156 atoms have been selected out of  15156
  
 CHARMM>    calc zab = ( @a + @b ) / 2.0
 Parameter: A -> "-18.8"
 Parameter: B -> "-18.6"
Evaluating: (-18.8+-18.6)/2.0
 Parameter: ZAB <- "-18.7"
  
 CHARMM>     
  
 CHARMM>    coor search -
 CHARMM>         xmin @x1  xmax @x2  xgrip @xncel -
 CHARMM>         ymin @y1  ymax @y2  ygrip @yncel -
 CHARMM>         zmin @a   zmax @b   zgrip 5
 Parameter: X1 -> "-43.6244258"
 Parameter: X2 -> "43.6252187"
 Parameter: XNCEL -> "436"
 Parameter: Y1 -> "-43.6309926"
 Parameter: Y2 -> "43.6230242"
 Parameter: YNCEL -> "436"
 Parameter: A -> "-18.8"
 Parameter: B -> "-18.6"

 A TOTAL OF   723983   VACUUM POINTS WERE FOUND
 A TOTAL OF   226497 OCCUPIED POINTS WERE FOUND
 A TOTAL OF        0 EXTERNAL POINTS WERE FOUND
 A TOTAL OF   723983 SELECTED POINTS WERE FOUND
 TOTAL OCCUPIED  VOLUME =     362.826135
 TOTAL SELECTED  VOLUME =    1159.750255
 TOTAL FREE      VOLUME =    1159.750255
 FRACTIONAL FREE VOLUME =      76.170251
  
 CHARMM>     
  
 CHARMM>    calc c = ?volume * @factor
 Parameter: FACTOR -> "5"
 RDCMND substituted energy or value "?VOLUME" to "362.826135"
Evaluating: 362.826135*5
 Parameter: C <- "1814.13068"
  
 CHARMM>     
  
 CHARMM>    if a .lt. -10 if a .gt. -20 if c .gt. @botarea set botarea = @c
 Parameter: BOTAREA -> "1715.30129"
 Parameter: C -> "1814.13068"
 Comparing "-18.8" and "-10".
 IF test evaluated as true.  Performing command
 Comparing "-18.8" and "-20".
 IF test evaluated as true.  Performing command
 Comparing "1814.13068" and "1715.30129".
 IF test evaluated as true.  Performing command
 Parameter: BOTAREA <- "1814.13068"
  
 CHARMM>    if a .gt.  10 if a .lt.  20 if c .gt. @toparea set toparea = @c
 Parameter: TOPAREA -> "-1"
 Parameter: C -> "1814.13068"
 Comparing "-18.8" and "10".
 IF test evaluated as false.  Skipping command
  
 CHARMM>     
  
 CHARMM>    write title unit 51
 RDTITL> * -18.6  1814.13068
 RDTITL> *
  
 CHARMM>     
  
 CHARMM>    incr a by @dcel
 Parameter: DCEL -> "0.2"
 Parameter: A <- "-18.6"
  
 CHARMM>    incr b by @dcel
 Parameter: DCEL -> "0.2"
 Parameter: B <- "-18.4"
  
 CHARMM>    if b le ?ZMAX goto DOAREA
 RDCMND substituted energy or value "?ZMAX" to "33.3514749"
 Comparing "-18.4" and "33.3514749".
 IF test evaluated as true.  Performing command
  
 CHARMM>     
  
 CHARMM>    ! Cross sectional protein area with whole atom.
 CHARMM>    scalar wmain = radius
  
 CHARMM>    scalar wmain mult 2.5   sele resname TIP3 end
 SELRPN>      0 atoms have been selected out of  15156
  
 CHARMM>    scalar wmain add  1.529 sele .not. resname TIP3 end
 SELRPN>  15156 atoms have been selected out of  15156
  
 CHARMM>    scalar wmain mult 0.85  sele .not. resname TIP3 end
 SELRPN>  15156 atoms have been selected out of  15156
  
 CHARMM>    calc zab = ( @a + @b ) / 2.0
 Parameter: A -> "-18.6"
 Parameter: B -> "-18.4"
Evaluating: (-18.6+-18.4)/2.0
 Parameter: ZAB <- "-18.5"
  
 CHARMM>     
  
 CHARMM>    coor search -
 CHARMM>         xmin @x1  xmax @x2  xgrip @xncel -
 CHARMM>         ymin @y1  ymax @y2  ygrip @yncel -
 CHARMM>         zmin @a   zmax @b   zgrip 5
 Parameter: X1 -> "-43.6244258"
 Parameter: X2 -> "43.6252187"
 Parameter: XNCEL -> "436"
 Parameter: Y1 -> "-43.6309926"
 Parameter: Y2 -> "43.6230242"
 Parameter: YNCEL -> "436"
 Parameter: A -> "-18.6"
 Parameter: B -> "-18.4"

 A TOTAL OF   712570   VACUUM POINTS WERE FOUND
 A TOTAL OF   237910 OCCUPIED POINTS WERE FOUND
 A TOTAL OF        0 EXTERNAL POINTS WERE FOUND
 A TOTAL OF   712570 SELECTED POINTS WERE FOUND
 TOTAL OCCUPIED  VOLUME =     381.108649
 TOTAL SELECTED  VOLUME =    1141.467740
 TOTAL FREE      VOLUME =    1141.467740
 FRACTIONAL FREE VOLUME =      74.969489
  
 CHARMM>     
  
 CHARMM>    calc c = ?volume * @factor
 Parameter: FACTOR -> "5"
 RDCMND substituted energy or value "?VOLUME" to "381.108649"
Evaluating: 381.108649*5
 Parameter: C <- "1905.54325"
  
 CHARMM>     
  
 CHARMM>    if a .lt. -10 if a .gt. -20 if c .gt. @botarea set botarea = @c
 Parameter: BOTAREA -> "1814.13068"
 Parameter: C -> "1905.54325"
 Comparing "-18.6" and "-10".
 IF test evaluated as true.  Performing command
 Comparing "-18.6" and "-20".
 IF test evaluated as true.  Performing command
 Comparing "1905.54325" and "1814.13068".
 IF test evaluated as true.  Performing command
 Parameter: BOTAREA <- "1905.54325"
  
 CHARMM>    if a .gt.  10 if a .lt.  20 if c .gt. @toparea set toparea = @c
 Parameter: TOPAREA -> "-1"
 Parameter: C -> "1905.54325"
 Comparing "-18.6" and "10".
 IF test evaluated as false.  Skipping command
  
 CHARMM>     
  
 CHARMM>    write title unit 51
 RDTITL> * -18.4  1905.54325
 RDTITL> *
  
 CHARMM>     
  
 CHARMM>    incr a by @dcel
 Parameter: DCEL -> "0.2"
 Parameter: A <- "-18.4"
  
 CHARMM>    incr b by @dcel
 Parameter: DCEL -> "0.2"
 Parameter: B <- "-18.2"
  
 CHARMM>    if b le ?ZMAX goto DOAREA
 RDCMND substituted energy or value "?ZMAX" to "33.3514749"
 Comparing "-18.2" and "33.3514749".
 IF test evaluated as true.  Performing command
  
 CHARMM>     
  
 CHARMM>    ! Cross sectional protein area with whole atom.
 CHARMM>    scalar wmain = radius
  
 CHARMM>    scalar wmain mult 2.5   sele resname TIP3 end
 SELRPN>      0 atoms have been selected out of  15156
  
 CHARMM>    scalar wmain add  1.529 sele .not. resname TIP3 end
 SELRPN>  15156 atoms have been selected out of  15156
  
 CHARMM>    scalar wmain mult 0.85  sele .not. resname TIP3 end
 SELRPN>  15156 atoms have been selected out of  15156
  
 CHARMM>    calc zab = ( @a + @b ) / 2.0
 Parameter: A -> "-18.4"
 Parameter: B -> "-18.2"
Evaluating: (-18.4+-18.2)/2.0
 Parameter: ZAB <- "-18.3"
  
 CHARMM>     
  
 CHARMM>    coor search -
 CHARMM>         xmin @x1  xmax @x2  xgrip @xncel -
 CHARMM>         ymin @y1  ymax @y2  ygrip @yncel -
 CHARMM>         zmin @a   zmax @b   zgrip 5
 Parameter: X1 -> "-43.6244258"
 Parameter: X2 -> "43.6252187"
 Parameter: XNCEL -> "436"
 Parameter: Y1 -> "-43.6309926"
 Parameter: Y2 -> "43.6230242"
 Parameter: YNCEL -> "436"
 Parameter: A -> "-18.4"
 Parameter: B -> "-18.2"

 A TOTAL OF   701238   VACUUM POINTS WERE FOUND
 A TOTAL OF   249242 OCCUPIED POINTS WERE FOUND
 A TOTAL OF        0 EXTERNAL POINTS WERE FOUND
 A TOTAL OF   701238 SELECTED POINTS WERE FOUND
 TOTAL OCCUPIED  VOLUME =     399.261409
 TOTAL SELECTED  VOLUME =    1123.314980
 TOTAL FREE      VOLUME =    1123.314980
 FRACTIONAL FREE VOLUME =      73.777249
  
 CHARMM>     
  
 CHARMM>    calc c = ?volume * @factor
 Parameter: FACTOR -> "5"
 RDCMND substituted energy or value "?VOLUME" to "399.261409"
Evaluating: 399.261409*5
 Parameter: C <- "1996.30705"
  
 CHARMM>     
  
 CHARMM>    if a .lt. -10 if a .gt. -20 if c .gt. @botarea set botarea = @c
 Parameter: BOTAREA -> "1905.54325"
 Parameter: C -> "1996.30705"
 Comparing "-18.4" and "-10".
 IF test evaluated as true.  Performing command
 Comparing "-18.4" and "-20".
 IF test evaluated as true.  Performing command
 Comparing "1996.30705" and "1905.54325".
 IF test evaluated as true.  Performing command
 Parameter: BOTAREA <- "1996.30705"
  
 CHARMM>    if a .gt.  10 if a .lt.  20 if c .gt. @toparea set toparea = @c
 Parameter: TOPAREA -> "-1"
 Parameter: C -> "1996.30705"
 Comparing "-18.4" and "10".
 IF test evaluated as false.  Skipping command
  
 CHARMM>     
  
 CHARMM>    write title unit 51
 RDTITL> * -18.2  1996.30705
 RDTITL> *
  
 CHARMM>     
  
 CHARMM>    incr a by @dcel
 Parameter: DCEL -> "0.2"
 Parameter: A <- "-18.2"
  
 CHARMM>    incr b by @dcel
 Parameter: DCEL -> "0.2"
 Parameter: B <- "-18"
  
 CHARMM>    if b le ?ZMAX goto DOAREA
 RDCMND substituted energy or value "?ZMAX" to "33.3514749"
 Comparing "-18" and "33.3514749".
 IF test evaluated as true.  Performing command
  
 CHARMM>     
  
 CHARMM>    ! Cross sectional protein area with whole atom.
 CHARMM>    scalar wmain = radius
  
 CHARMM>    scalar wmain mult 2.5   sele resname TIP3 end
 SELRPN>      0 atoms have been selected out of  15156
  
 CHARMM>    scalar wmain add  1.529 sele .not. resname TIP3 end
 SELRPN>  15156 atoms have been selected out of  15156
  
 CHARMM>    scalar wmain mult 0.85  sele .not. resname TIP3 end
 SELRPN>  15156 atoms have been selected out of  15156
  
 CHARMM>    calc zab = ( @a + @b ) / 2.0
 Parameter: A -> "-18.2"
 Parameter: B -> "-18"
Evaluating: (-18.2+-18)/2.0
 Parameter: ZAB <- "-18.1"
  
 CHARMM>     
  
 CHARMM>    coor search -
 CHARMM>         xmin @x1  xmax @x2  xgrip @xncel -
 CHARMM>         ymin @y1  ymax @y2  ygrip @yncel -
 CHARMM>         zmin @a   zmax @b   zgrip 5
 Parameter: X1 -> "-43.6244258"
 Parameter: X2 -> "43.6252187"
 Parameter: XNCEL -> "436"
 Parameter: Y1 -> "-43.6309926"
 Parameter: Y2 -> "43.6230242"
 Parameter: YNCEL -> "436"
 Parameter: A -> "-18.2"
 Parameter: B -> "-18"

 A TOTAL OF   689087   VACUUM POINTS WERE FOUND
 A TOTAL OF   261393 OCCUPIED POINTS WERE FOUND
 A TOTAL OF        0 EXTERNAL POINTS WERE FOUND
 A TOTAL OF   689087 SELECTED POINTS WERE FOUND
 TOTAL OCCUPIED  VOLUME =     418.726128
 TOTAL SELECTED  VOLUME =    1103.850261
 TOTAL FREE      VOLUME =    1103.850261
 FRACTIONAL FREE VOLUME =      72.498843
  
 CHARMM>     
  
 CHARMM>    calc c = ?volume * @factor
 Parameter: FACTOR -> "5"
 RDCMND substituted energy or value "?VOLUME" to "418.726128"
Evaluating: 418.726128*5
 Parameter: C <- "2093.63064"
  
 CHARMM>     
  
 CHARMM>    if a .lt. -10 if a .gt. -20 if c .gt. @botarea set botarea = @c
 Parameter: BOTAREA -> "1996.30705"
 Parameter: C -> "2093.63064"
 Comparing "-18.2" and "-10".
 IF test evaluated as true.  Performing command
 Comparing "-18.2" and "-20".
 IF test evaluated as true.  Performing command
 Comparing "2093.63064" and "1996.30705".
 IF test evaluated as true.  Performing command
 Parameter: BOTAREA <- "2093.63064"
  
 CHARMM>    if a .gt.  10 if a .lt.  20 if c .gt. @toparea set toparea = @c
 Parameter: TOPAREA -> "-1"
 Parameter: C -> "2093.63064"
 Comparing "-18.2" and "10".
 IF test evaluated as false.  Skipping command
  
 CHARMM>     
  
 CHARMM>    write title unit 51
 RDTITL> * -18  2093.63064
 RDTITL> *
  
 CHARMM>     
  
 CHARMM>    incr a by @dcel
 Parameter: DCEL -> "0.2"
 Parameter: A <- "-18"
  
 CHARMM>    incr b by @dcel
 Parameter: DCEL -> "0.2"
 Parameter: B <- "-17.8"
  
 CHARMM>    if b le ?ZMAX goto DOAREA
 RDCMND substituted energy or value "?ZMAX" to "33.3514749"
 Comparing "-17.8" and "33.3514749".
 IF test evaluated as true.  Performing command
  
 CHARMM>     
  
 CHARMM>    ! Cross sectional protein area with whole atom.
 CHARMM>    scalar wmain = radius
  
 CHARMM>    scalar wmain mult 2.5   sele resname TIP3 end
 SELRPN>      0 atoms have been selected out of  15156
  
 CHARMM>    scalar wmain add  1.529 sele .not. resname TIP3 end
 SELRPN>  15156 atoms have been selected out of  15156
  
 CHARMM>    scalar wmain mult 0.85  sele .not. resname TIP3 end
 SELRPN>  15156 atoms have been selected out of  15156
  
 CHARMM>    calc zab = ( @a + @b ) / 2.0
 Parameter: A -> "-18"
 Parameter: B -> "-17.8"
Evaluating: (-18+-17.8)/2.0
 Parameter: ZAB <- "-17.9"
  
 CHARMM>     
  
 CHARMM>    coor search -
 CHARMM>         xmin @x1  xmax @x2  xgrip @xncel -
 CHARMM>         ymin @y1  ymax @y2  ygrip @yncel -
 CHARMM>         zmin @a   zmax @b   zgrip 5
 Parameter: X1 -> "-43.6244258"
 Parameter: X2 -> "43.6252187"
 Parameter: XNCEL -> "436"
 Parameter: Y1 -> "-43.6309926"
 Parameter: Y2 -> "43.6230242"
 Parameter: YNCEL -> "436"
 Parameter: A -> "-18"
 Parameter: B -> "-17.8"

 A TOTAL OF   675163   VACUUM POINTS WERE FOUND
 A TOTAL OF   275317 OCCUPIED POINTS WERE FOUND
 A TOTAL OF        0 EXTERNAL POINTS WERE FOUND
 A TOTAL OF   675163 SELECTED POINTS WERE FOUND
 TOTAL OCCUPIED  VOLUME =     441.031020
 TOTAL SELECTED  VOLUME =    1081.545369
 TOTAL FREE      VOLUME =    1081.545369
 FRACTIONAL FREE VOLUME =      71.033899
  
 CHARMM>     
  
 CHARMM>    calc c = ?volume * @factor
 Parameter: FACTOR -> "5"
 RDCMND substituted energy or value "?VOLUME" to "441.03102"
Evaluating: 441.03102*5
 Parameter: C <- "2205.1551"
  
 CHARMM>     
  
 CHARMM>    if a .lt. -10 if a .gt. -20 if c .gt. @botarea set botarea = @c
 Parameter: BOTAREA -> "2093.63064"
 Parameter: C -> "2205.1551"
 Comparing "-18" and "-10".
 IF test evaluated as true.  Performing command
 Comparing "-18" and "-20".
 IF test evaluated as true.  Performing command
 Comparing "2205.1551" and "2093.63064".
 IF test evaluated as true.  Performing command
 Parameter: BOTAREA <- "2205.1551"
  
 CHARMM>    if a .gt.  10 if a .lt.  20 if c .gt. @toparea set toparea = @c
 Parameter: TOPAREA -> "-1"
 Parameter: C -> "2205.1551"
 Comparing "-18" and "10".
 IF test evaluated as false.  Skipping command
  
 CHARMM>     
  
 CHARMM>    write title unit 51
 RDTITL> * -17.8  2205.1551
 RDTITL> *
  
 CHARMM>     
  
 CHARMM>    incr a by @dcel
 Parameter: DCEL -> "0.2"
 Parameter: A <- "-17.8"
  
 CHARMM>    incr b by @dcel
 Parameter: DCEL -> "0.2"
 Parameter: B <- "-17.6"
  
 CHARMM>    if b le ?ZMAX goto DOAREA
 RDCMND substituted energy or value "?ZMAX" to "33.3514749"
 Comparing "-17.6" and "33.3514749".
 IF test evaluated as true.  Performing command
  
 CHARMM>     
  
 CHARMM>    ! Cross sectional protein area with whole atom.
 CHARMM>    scalar wmain = radius
  
 CHARMM>    scalar wmain mult 2.5   sele resname TIP3 end
 SELRPN>      0 atoms have been selected out of  15156
  
 CHARMM>    scalar wmain add  1.529 sele .not. resname TIP3 end
 SELRPN>  15156 atoms have been selected out of  15156
  
 CHARMM>    scalar wmain mult 0.85  sele .not. resname TIP3 end
 SELRPN>  15156 atoms have been selected out of  15156
  
 CHARMM>    calc zab = ( @a + @b ) / 2.0
 Parameter: A -> "-17.8"
 Parameter: B -> "-17.6"
Evaluating: (-17.8+-17.6)/2.0
 Parameter: ZAB <- "-17.7"
  
 CHARMM>     
  
 CHARMM>    coor search -
 CHARMM>         xmin @x1  xmax @x2  xgrip @xncel -
 CHARMM>         ymin @y1  ymax @y2  ygrip @yncel -
 CHARMM>         zmin @a   zmax @b   zgrip 5
 Parameter: X1 -> "-43.6244258"
 Parameter: X2 -> "43.6252187"
 Parameter: XNCEL -> "436"
 Parameter: Y1 -> "-43.6309926"
 Parameter: Y2 -> "43.6230242"
 Parameter: YNCEL -> "436"
 Parameter: A -> "-17.8"
 Parameter: B -> "-17.6"

 A TOTAL OF   661136   VACUUM POINTS WERE FOUND
 A TOTAL OF   289344 OCCUPIED POINTS WERE FOUND
 A TOTAL OF        0 EXTERNAL POINTS WERE FOUND
 A TOTAL OF   661136 SELECTED POINTS WERE FOUND
 TOTAL OCCUPIED  VOLUME =     463.500908
 TOTAL SELECTED  VOLUME =    1059.075482
 TOTAL FREE      VOLUME =    1059.075482
 FRACTIONAL FREE VOLUME =      69.558118
  
 CHARMM>     
  
 CHARMM>    calc c = ?volume * @factor
 Parameter: FACTOR -> "5"
 RDCMND substituted energy or value "?VOLUME" to "463.500908"
Evaluating: 463.500908*5
 Parameter: C <- "2317.50454"
  
 CHARMM>     
  
 CHARMM>    if a .lt. -10 if a .gt. -20 if c .gt. @botarea set botarea = @c
 Parameter: BOTAREA -> "2205.1551"
 Parameter: C -> "2317.50454"
 Comparing "-17.8" and "-10".
 IF test evaluated as true.  Performing command
 Comparing "-17.8" and "-20".
 IF test evaluated as true.  Performing command
 Comparing "2317.50454" and "2205.1551".
 IF test evaluated as true.  Performing command
 Parameter: BOTAREA <- "2317.50454"
  
 CHARMM>    if a .gt.  10 if a .lt.  20 if c .gt. @toparea set toparea = @c
 Parameter: TOPAREA -> "-1"
 Parameter: C -> "2317.50454"
 Comparing "-17.8" and "10".
 IF test evaluated as false.  Skipping command
  
 CHARMM>     
  
 CHARMM>    write title unit 51
 RDTITL> * -17.6  2317.50454
 RDTITL> *
  
 CHARMM>     
  
 CHARMM>    incr a by @dcel
 Parameter: DCEL -> "0.2"
 Parameter: A <- "-17.6"
  
 CHARMM>    incr b by @dcel
 Parameter: DCEL -> "0.2"
 Parameter: B <- "-17.4"
  
 CHARMM>    if b le ?ZMAX goto DOAREA
 RDCMND substituted energy or value "?ZMAX" to "33.3514749"
 Comparing "-17.4" and "33.3514749".
 IF test evaluated as true.  Performing command
  
 CHARMM>     
  
 CHARMM>    ! Cross sectional protein area with whole atom.
 CHARMM>    scalar wmain = radius
  
 CHARMM>    scalar wmain mult 2.5   sele resname TIP3 end
 SELRPN>      0 atoms have been selected out of  15156
  
 CHARMM>    scalar wmain add  1.529 sele .not. resname TIP3 end
 SELRPN>  15156 atoms have been selected out of  15156
  
 CHARMM>    scalar wmain mult 0.85  sele .not. resname TIP3 end
 SELRPN>  15156 atoms have been selected out of  15156
  
 CHARMM>    calc zab = ( @a + @b ) / 2.0
 Parameter: A -> "-17.6"
 Parameter: B -> "-17.4"
Evaluating: (-17.6+-17.4)/2.0
 Parameter: ZAB <- "-17.5"
  
 CHARMM>     
  
 CHARMM>    coor search -
 CHARMM>         xmin @x1  xmax @x2  xgrip @xncel -
 CHARMM>         ymin @y1  ymax @y2  ygrip @yncel -
 CHARMM>         zmin @a   zmax @b   zgrip 5
 Parameter: X1 -> "-43.6244258"
 Parameter: X2 -> "43.6252187"
 Parameter: XNCEL -> "436"
 Parameter: Y1 -> "-43.6309926"
 Parameter: Y2 -> "43.6230242"
 Parameter: YNCEL -> "436"
 Parameter: A -> "-17.6"
 Parameter: B -> "-17.4"

 A TOTAL OF   647083   VACUUM POINTS WERE FOUND
 A TOTAL OF   303397 OCCUPIED POINTS WERE FOUND
 A TOTAL OF        0 EXTERNAL POINTS WERE FOUND
 A TOTAL OF   647083 SELECTED POINTS WERE FOUND
 TOTAL OCCUPIED  VOLUME =     486.012445
 TOTAL SELECTED  VOLUME =    1036.563944
 TOTAL FREE      VOLUME =    1036.563944
 FRACTIONAL FREE VOLUME =      68.079602
  
 CHARMM>     
  
 CHARMM>    calc c = ?volume * @factor
 Parameter: FACTOR -> "5"
 RDCMND substituted energy or value "?VOLUME" to "486.012445"
Evaluating: 486.012445*5
 Parameter: C <- "2430.06223"
  
 CHARMM>     
  
 CHARMM>    if a .lt. -10 if a .gt. -20 if c .gt. @botarea set botarea = @c
 Parameter: BOTAREA -> "2317.50454"
 Parameter: C -> "2430.06223"
 Comparing "-17.6" and "-10".
 IF test evaluated as true.  Performing command
 Comparing "-17.6" and "-20".
 IF test evaluated as true.  Performing command
 Comparing "2430.06223" and "2317.50454".
 IF test evaluated as true.  Performing command
 Parameter: BOTAREA <- "2430.06223"
  
 CHARMM>    if a .gt.  10 if a .lt.  20 if c .gt. @toparea set toparea = @c
 Parameter: TOPAREA -> "-1"
 Parameter: C -> "2430.06223"
 Comparing "-17.6" and "10".
 IF test evaluated as false.  Skipping command
  
 CHARMM>     
  
 CHARMM>    write title unit 51
 RDTITL> * -17.4  2430.06223
 RDTITL> *
  
 CHARMM>     
  
 CHARMM>    incr a by @dcel
 Parameter: DCEL -> "0.2"
 Parameter: A <- "-17.4"
  
 CHARMM>    incr b by @dcel
 Parameter: DCEL -> "0.2"
 Parameter: B <- "-17.2"
  
 CHARMM>    if b le ?ZMAX goto DOAREA
 RDCMND substituted energy or value "?ZMAX" to "33.3514749"
 Comparing "-17.2" and "33.3514749".
 IF test evaluated as true.  Performing command
  
 CHARMM>     
  
 CHARMM>    ! Cross sectional protein area with whole atom.
 CHARMM>    scalar wmain = radius
  
 CHARMM>    scalar wmain mult 2.5   sele resname TIP3 end
 SELRPN>      0 atoms have been selected out of  15156
  
 CHARMM>    scalar wmain add  1.529 sele .not. resname TIP3 end
 SELRPN>  15156 atoms have been selected out of  15156
  
 CHARMM>    scalar wmain mult 0.85  sele .not. resname TIP3 end
 SELRPN>  15156 atoms have been selected out of  15156
  
 CHARMM>    calc zab = ( @a + @b ) / 2.0
 Parameter: A -> "-17.4"
 Parameter: B -> "-17.2"
Evaluating: (-17.4+-17.2)/2.0
 Parameter: ZAB <- "-17.3"
  
 CHARMM>     
  
 CHARMM>    coor search -
 CHARMM>         xmin @x1  xmax @x2  xgrip @xncel -
 CHARMM>         ymin @y1  ymax @y2  ygrip @yncel -
 CHARMM>         zmin @a   zmax @b   zgrip 5
 Parameter: X1 -> "-43.6244258"
 Parameter: X2 -> "43.6252187"
 Parameter: XNCEL -> "436"
 Parameter: Y1 -> "-43.6309926"
 Parameter: Y2 -> "43.6230242"
 Parameter: YNCEL -> "436"
 Parameter: A -> "-17.4"
 Parameter: B -> "-17.2"

 A TOTAL OF   633370   VACUUM POINTS WERE FOUND
 A TOTAL OF   317110 OCCUPIED POINTS WERE FOUND
 A TOTAL OF        0 EXTERNAL POINTS WERE FOUND
 A TOTAL OF   633370 SELECTED POINTS WERE FOUND
 TOTAL OCCUPIED  VOLUME =     507.979336
 TOTAL SELECTED  VOLUME =    1014.597054
 TOTAL FREE      VOLUME =    1014.597054
 FRACTIONAL FREE VOLUME =      66.636857
  
 CHARMM>     
  
 CHARMM>    calc c = ?volume * @factor
 Parameter: FACTOR -> "5"
 RDCMND substituted energy or value "?VOLUME" to "507.979336"
Evaluating: 507.979336*5
 Parameter: C <- "2539.89668"
  
 CHARMM>     
  
 CHARMM>    if a .lt. -10 if a .gt. -20 if c .gt. @botarea set botarea = @c
 Parameter: BOTAREA -> "2430.06223"
 Parameter: C -> "2539.89668"
 Comparing "-17.4" and "-10".
 IF test evaluated as true.  Performing command
 Comparing "-17.4" and "-20".
 IF test evaluated as true.  Performing command
 Comparing "2539.89668" and "2430.06223".
 IF test evaluated as true.  Performing command
 Parameter: BOTAREA <- "2539.89668"
  
 CHARMM>    if a .gt.  10 if a .lt.  20 if c .gt. @toparea set toparea = @c
 Parameter: TOPAREA -> "-1"
 Parameter: C -> "2539.89668"
 Comparing "-17.4" and "10".
 IF test evaluated as false.  Skipping command
  
 CHARMM>     
  
 CHARMM>    write title unit 51
 RDTITL> * -17.2  2539.89668
 RDTITL> *
  
 CHARMM>     
  
 CHARMM>    incr a by @dcel
 Parameter: DCEL -> "0.2"
 Parameter: A <- "-17.2"
  
 CHARMM>    incr b by @dcel
 Parameter: DCEL -> "0.2"
 Parameter: B <- "-17"
  
 CHARMM>    if b le ?ZMAX goto DOAREA
 RDCMND substituted energy or value "?ZMAX" to "33.3514749"
 Comparing "-17" and "33.3514749".
 IF test evaluated as true.  Performing command
  
 CHARMM>     
  
 CHARMM>    ! Cross sectional protein area with whole atom.
 CHARMM>    scalar wmain = radius
  
 CHARMM>    scalar wmain mult 2.5   sele resname TIP3 end
 SELRPN>      0 atoms have been selected out of  15156
  
 CHARMM>    scalar wmain add  1.529 sele .not. resname TIP3 end
 SELRPN>  15156 atoms have been selected out of  15156
  
 CHARMM>    scalar wmain mult 0.85  sele .not. resname TIP3 end
 SELRPN>  15156 atoms have been selected out of  15156
  
 CHARMM>    calc zab = ( @a + @b ) / 2.0
 Parameter: A -> "-17.2"
 Parameter: B -> "-17"
Evaluating: (-17.2+-17)/2.0
 Parameter: ZAB <- "-17.1"
  
 CHARMM>     
  
 CHARMM>    coor search -
 CHARMM>         xmin @x1  xmax @x2  xgrip @xncel -
 CHARMM>         ymin @y1  ymax @y2  ygrip @yncel -
 CHARMM>         zmin @a   zmax @b   zgrip 5
 Parameter: X1 -> "-43.6244258"
 Parameter: X2 -> "43.6252187"
 Parameter: XNCEL -> "436"
 Parameter: Y1 -> "-43.6309926"
 Parameter: Y2 -> "43.6230242"
 Parameter: YNCEL -> "436"
 Parameter: A -> "-17.2"
 Parameter: B -> "-17"

 A TOTAL OF   619588   VACUUM POINTS WERE FOUND
 A TOTAL OF   330892 OCCUPIED POINTS WERE FOUND
 A TOTAL OF        0 EXTERNAL POINTS WERE FOUND
 A TOTAL OF   619588 SELECTED POINTS WERE FOUND
 TOTAL OCCUPIED  VOLUME =     530.056757
 TOTAL SELECTED  VOLUME =     992.519632
 TOTAL FREE      VOLUME =     992.519632
 FRACTIONAL FREE VOLUME =      65.186853
  
 CHARMM>     
  
 CHARMM>    calc c = ?volume * @factor
 Parameter: FACTOR -> "5"
 RDCMND substituted energy or value "?VOLUME" to "530.056757"
Evaluating: 530.056757*5
 Parameter: C <- "2650.28378"
  
 CHARMM>     
  
 CHARMM>    if a .lt. -10 if a .gt. -20 if c .gt. @botarea set botarea = @c
 Parameter: BOTAREA -> "2539.89668"
 Parameter: C -> "2650.28378"
 Comparing "-17.2" and "-10".
 IF test evaluated as true.  Performing command
 Comparing "-17.2" and "-20".
 IF test evaluated as true.  Performing command
 Comparing "2650.28378" and "2539.89668".
 IF test evaluated as true.  Performing command
 Parameter: BOTAREA <- "2650.28378"
  
 CHARMM>    if a .gt.  10 if a .lt.  20 if c .gt. @toparea set toparea = @c
 Parameter: TOPAREA -> "-1"
 Parameter: C -> "2650.28378"
 Comparing "-17.2" and "10".
 IF test evaluated as false.  Skipping command
  
 CHARMM>     
  
 CHARMM>    write title unit 51
 RDTITL> * -17  2650.28378
 RDTITL> *
  
 CHARMM>     
  
 CHARMM>    incr a by @dcel
 Parameter: DCEL -> "0.2"
 Parameter: A <- "-17"
  
 CHARMM>    incr b by @dcel
 Parameter: DCEL -> "0.2"
 Parameter: B <- "-16.8"
  
 CHARMM>    if b le ?ZMAX goto DOAREA
 RDCMND substituted energy or value "?ZMAX" to "33.3514749"
 Comparing "-16.8" and "33.3514749".
 IF test evaluated as true.  Performing command
  
 CHARMM>     
  
 CHARMM>    ! Cross sectional protein area with whole atom.
 CHARMM>    scalar wmain = radius
  
 CHARMM>    scalar wmain mult 2.5   sele resname TIP3 end
 SELRPN>      0 atoms have been selected out of  15156
  
 CHARMM>    scalar wmain add  1.529 sele .not. resname TIP3 end
 SELRPN>  15156 atoms have been selected out of  15156
  
 CHARMM>    scalar wmain mult 0.85  sele .not. resname TIP3 end
 SELRPN>  15156 atoms have been selected out of  15156
  
 CHARMM>    calc zab = ( @a + @b ) / 2.0
 Parameter: A -> "-17"
 Parameter: B -> "-16.8"
Evaluating: (-17+-16.8)/2.0
 Parameter: ZAB <- "-16.9"
  
 CHARMM>     
  
 CHARMM>    coor search -
 CHARMM>         xmin @x1  xmax @x2  xgrip @xncel -
 CHARMM>         ymin @y1  ymax @y2  ygrip @yncel -
 CHARMM>         zmin @a   zmax @b   zgrip 5
 Parameter: X1 -> "-43.6244258"
 Parameter: X2 -> "43.6252187"
 Parameter: XNCEL -> "436"
 Parameter: Y1 -> "-43.6309926"
 Parameter: Y2 -> "43.6230242"
 Parameter: YNCEL -> "436"
 Parameter: A -> "-17"
 Parameter: B -> "-16.8"

 A TOTAL OF   608599   VACUUM POINTS WERE FOUND
 A TOTAL OF   341881 OCCUPIED POINTS WERE FOUND
 A TOTAL OF        0 EXTERNAL POINTS WERE FOUND
 A TOTAL OF   608599 SELECTED POINTS WERE FOUND
 TOTAL OCCUPIED  VOLUME =     547.660065
 TOTAL SELECTED  VOLUME =     974.916324
 TOTAL FREE      VOLUME =     974.916324
 FRACTIONAL FREE VOLUME =      64.030700
  
 CHARMM>     
  
 CHARMM>    calc c = ?volume * @factor
 Parameter: FACTOR -> "5"
 RDCMND substituted energy or value "?VOLUME" to "547.660065"
Evaluating: 547.660065*5
 Parameter: C <- "2738.30033"
  
 CHARMM>     
  
 CHARMM>    if a .lt. -10 if a .gt. -20 if c .gt. @botarea set botarea = @c
 Parameter: BOTAREA -> "2650.28378"
 Parameter: C -> "2738.30033"
 Comparing "-17" and "-10".
 IF test evaluated as true.  Performing command
 Comparing "-17" and "-20".
 IF test evaluated as true.  Performing command
 Comparing "2738.30033" and "2650.28378".
 IF test evaluated as true.  Performing command
 Parameter: BOTAREA <- "2738.30033"
  
 CHARMM>    if a .gt.  10 if a .lt.  20 if c .gt. @toparea set toparea = @c
 Parameter: TOPAREA -> "-1"
 Parameter: C -> "2738.30033"
 Comparing "-17" and "10".
 IF test evaluated as false.  Skipping command
  
 CHARMM>     
  
 CHARMM>    write title unit 51
 RDTITL> * -16.8  2738.30033
 RDTITL> *
  
 CHARMM>     
  
 CHARMM>    incr a by @dcel
 Parameter: DCEL -> "0.2"
 Parameter: A <- "-16.8"
  
 CHARMM>    incr b by @dcel
 Parameter: DCEL -> "0.2"
 Parameter: B <- "-16.6"
  
 CHARMM>    if b le ?ZMAX goto DOAREA
 RDCMND substituted energy or value "?ZMAX" to "33.3514749"
 Comparing "-16.6" and "33.3514749".
 IF test evaluated as true.  Performing command
  
 CHARMM>     
  
 CHARMM>    ! Cross sectional protein area with whole atom.
 CHARMM>    scalar wmain = radius
  
 CHARMM>    scalar wmain mult 2.5   sele resname TIP3 end
 SELRPN>      0 atoms have been selected out of  15156
  
 CHARMM>    scalar wmain add  1.529 sele .not. resname TIP3 end
 SELRPN>  15156 atoms have been selected out of  15156
  
 CHARMM>    scalar wmain mult 0.85  sele .not. resname TIP3 end
 SELRPN>  15156 atoms have been selected out of  15156
  
 CHARMM>    calc zab = ( @a + @b ) / 2.0
 Parameter: A -> "-16.8"
 Parameter: B -> "-16.6"
Evaluating: (-16.8+-16.6)/2.0
 Parameter: ZAB <- "-16.7"
  
 CHARMM>     
  
 CHARMM>    coor search -
 CHARMM>         xmin @x1  xmax @x2  xgrip @xncel -
 CHARMM>         ymin @y1  ymax @y2  ygrip @yncel -
 CHARMM>         zmin @a   zmax @b   zgrip 5
 Parameter: X1 -> "-43.6244258"
 Parameter: X2 -> "43.6252187"
 Parameter: XNCEL -> "436"
 Parameter: Y1 -> "-43.6309926"
 Parameter: Y2 -> "43.6230242"
 Parameter: YNCEL -> "436"
 Parameter: A -> "-16.8"
 Parameter: B -> "-16.6"

 A TOTAL OF   600889   VACUUM POINTS WERE FOUND
 A TOTAL OF   349591 OCCUPIED POINTS WERE FOUND
 A TOTAL OF        0 EXTERNAL POINTS WERE FOUND
 A TOTAL OF   600889 SELECTED POINTS WERE FOUND
 TOTAL OCCUPIED  VOLUME =     560.010734
 TOTAL SELECTED  VOLUME =     962.565655
 TOTAL FREE      VOLUME =     962.565655
 FRACTIONAL FREE VOLUME =      63.219531
  
 CHARMM>     
  
 CHARMM>    calc c = ?volume * @factor
 Parameter: FACTOR -> "5"
 RDCMND substituted energy or value "?VOLUME" to "560.010734"
Evaluating: 560.010734*5
 Parameter: C <- "2800.05367"
  
 CHARMM>     
  
 CHARMM>    if a .lt. -10 if a .gt. -20 if c .gt. @botarea set botarea = @c
 Parameter: BOTAREA -> "2738.30033"
 Parameter: C -> "2800.05367"
 Comparing "-16.8" and "-10".
 IF test evaluated as true.  Performing command
 Comparing "-16.8" and "-20".
 IF test evaluated as true.  Performing command
 Comparing "2800.05367" and "2738.30033".
 IF test evaluated as true.  Performing command
 Parameter: BOTAREA <- "2800.05367"
  
 CHARMM>    if a .gt.  10 if a .lt.  20 if c .gt. @toparea set toparea = @c
 Parameter: TOPAREA -> "-1"
 Parameter: C -> "2800.05367"
 Comparing "-16.8" and "10".
 IF test evaluated as false.  Skipping command
  
 CHARMM>     
  
 CHARMM>    write title unit 51
 RDTITL> * -16.6  2800.05367
 RDTITL> *
  
 CHARMM>     
  
 CHARMM>    incr a by @dcel
 Parameter: DCEL -> "0.2"
 Parameter: A <- "-16.6"
  
 CHARMM>    incr b by @dcel
 Parameter: DCEL -> "0.2"
 Parameter: B <- "-16.4"
  
 CHARMM>    if b le ?ZMAX goto DOAREA
 RDCMND substituted energy or value "?ZMAX" to "33.3514749"
 Comparing "-16.4" and "33.3514749".
 IF test evaluated as true.  Performing command
  
 CHARMM>     
  
 CHARMM>    ! Cross sectional protein area with whole atom.
 CHARMM>    scalar wmain = radius
  
 CHARMM>    scalar wmain mult 2.5   sele resname TIP3 end
 SELRPN>      0 atoms have been selected out of  15156
  
 CHARMM>    scalar wmain add  1.529 sele .not. resname TIP3 end
 SELRPN>  15156 atoms have been selected out of  15156
  
 CHARMM>    scalar wmain mult 0.85  sele .not. resname TIP3 end
 SELRPN>  15156 atoms have been selected out of  15156
  
 CHARMM>    calc zab = ( @a + @b ) / 2.0
 Parameter: A -> "-16.6"
 Parameter: B -> "-16.4"
Evaluating: (-16.6+-16.4)/2.0
 Parameter: ZAB <- "-16.5"
  
 CHARMM>     
  
 CHARMM>    coor search -
 CHARMM>         xmin @x1  xmax @x2  xgrip @xncel -
 CHARMM>         ymin @y1  ymax @y2  ygrip @yncel -
 CHARMM>         zmin @a   zmax @b   zgrip 5
 Parameter: X1 -> "-43.6244258"
 Parameter: X2 -> "43.6252187"
 Parameter: XNCEL -> "436"
 Parameter: Y1 -> "-43.6309926"
 Parameter: Y2 -> "43.6230242"
 Parameter: YNCEL -> "436"
 Parameter: A -> "-16.6"
 Parameter: B -> "-16.4"

 A TOTAL OF   593960   VACUUM POINTS WERE FOUND
 A TOTAL OF   356520 OCCUPIED POINTS WERE FOUND
 A TOTAL OF        0 EXTERNAL POINTS WERE FOUND
 A TOTAL OF   593960 SELECTED POINTS WERE FOUND
 TOTAL OCCUPIED  VOLUME =     571.110317
 TOTAL SELECTED  VOLUME =     951.466072
 TOTAL FREE      VOLUME =     951.466072
 FRACTIONAL FREE VOLUME =      62.490531
  
 CHARMM>     
  
 CHARMM>    calc c = ?volume * @factor
 Parameter: FACTOR -> "5"
 RDCMND substituted energy or value "?VOLUME" to "571.110317"
Evaluating: 571.110317*5
 Parameter: C <- "2855.55159"
  
 CHARMM>     
  
 CHARMM>    if a .lt. -10 if a .gt. -20 if c .gt. @botarea set botarea = @c
 Parameter: BOTAREA -> "2800.05367"
 Parameter: C -> "2855.55159"
 Comparing "-16.6" and "-10".
 IF test evaluated as true.  Performing command
 Comparing "-16.6" and "-20".
 IF test evaluated as true.  Performing command
 Comparing "2855.55159" and "2800.05367".
 IF test evaluated as true.  Performing command
 Parameter: BOTAREA <- "2855.55159"
  
 CHARMM>    if a .gt.  10 if a .lt.  20 if c .gt. @toparea set toparea = @c
 Parameter: TOPAREA -> "-1"
 Parameter: C -> "2855.55159"
 Comparing "-16.6" and "10".
 IF test evaluated as false.  Skipping command
  
 CHARMM>     
  
 CHARMM>    write title unit 51
 RDTITL> * -16.4  2855.55159
 RDTITL> *
  
 CHARMM>     
  
 CHARMM>    incr a by @dcel
 Parameter: DCEL -> "0.2"
 Parameter: A <- "-16.4"
  
 CHARMM>    incr b by @dcel
 Parameter: DCEL -> "0.2"
 Parameter: B <- "-16.2"
  
 CHARMM>    if b le ?ZMAX goto DOAREA
 RDCMND substituted energy or value "?ZMAX" to "33.3514749"
 Comparing "-16.2" and "33.3514749".
 IF test evaluated as true.  Performing command
  
 CHARMM>     
  
 CHARMM>    ! Cross sectional protein area with whole atom.
 CHARMM>    scalar wmain = radius
  
 CHARMM>    scalar wmain mult 2.5   sele resname TIP3 end
 SELRPN>      0 atoms have been selected out of  15156
  
 CHARMM>    scalar wmain add  1.529 sele .not. resname TIP3 end
 SELRPN>  15156 atoms have been selected out of  15156
  
 CHARMM>    scalar wmain mult 0.85  sele .not. resname TIP3 end
 SELRPN>  15156 atoms have been selected out of  15156
  
 CHARMM>    calc zab = ( @a + @b ) / 2.0
 Parameter: A -> "-16.4"
 Parameter: B -> "-16.2"
Evaluating: (-16.4+-16.2)/2.0
 Parameter: ZAB <- "-16.3"
  
 CHARMM>     
  
 CHARMM>    coor search -
 CHARMM>         xmin @x1  xmax @x2  xgrip @xncel -
 CHARMM>         ymin @y1  ymax @y2  ygrip @yncel -
 CHARMM>         zmin @a   zmax @b   zgrip 5
 Parameter: X1 -> "-43.6244258"
 Parameter: X2 -> "43.6252187"
 Parameter: XNCEL -> "436"
 Parameter: Y1 -> "-43.6309926"
 Parameter: Y2 -> "43.6230242"
 Parameter: YNCEL -> "436"
 Parameter: A -> "-16.4"
 Parameter: B -> "-16.2"

 A TOTAL OF   586831   VACUUM POINTS WERE FOUND
 A TOTAL OF   363649 OCCUPIED POINTS WERE FOUND
 A TOTAL OF        0 EXTERNAL POINTS WERE FOUND
 A TOTAL OF   586831 SELECTED POINTS WERE FOUND
 TOTAL OCCUPIED  VOLUME =     582.530281
 TOTAL SELECTED  VOLUME =     940.046108
 TOTAL FREE      VOLUME =     940.046108
 FRACTIONAL FREE VOLUME =      61.740489
  
 CHARMM>     
  
 CHARMM>    calc c = ?volume * @factor
 Parameter: FACTOR -> "5"
 RDCMND substituted energy or value "?VOLUME" to "582.530281"
Evaluating: 582.530281*5
 Parameter: C <- "2912.6514"
  
 CHARMM>     
  
 CHARMM>    if a .lt. -10 if a .gt. -20 if c .gt. @botarea set botarea = @c
 Parameter: BOTAREA -> "2855.55159"
 Parameter: C -> "2912.6514"
 Comparing "-16.4" and "-10".
 IF test evaluated as true.  Performing command
 Comparing "-16.4" and "-20".
 IF test evaluated as true.  Performing command
 Comparing "2912.6514" and "2855.55159".
 IF test evaluated as true.  Performing command
 Parameter: BOTAREA <- "2912.6514"
  
 CHARMM>    if a .gt.  10 if a .lt.  20 if c .gt. @toparea set toparea = @c
 Parameter: TOPAREA -> "-1"
 Parameter: C -> "2912.6514"
 Comparing "-16.4" and "10".
 IF test evaluated as false.  Skipping command
  
 CHARMM>     
  
 CHARMM>    write title unit 51
 RDTITL> * -16.2  2912.6514
 RDTITL> *
  
 CHARMM>     
  
 CHARMM>    incr a by @dcel
 Parameter: DCEL -> "0.2"
 Parameter: A <- "-16.2"
  
 CHARMM>    incr b by @dcel
 Parameter: DCEL -> "0.2"
 Parameter: B <- "-16"
  
 CHARMM>    if b le ?ZMAX goto DOAREA
 RDCMND substituted energy or value "?ZMAX" to "33.3514749"
 Comparing "-16" and "33.3514749".
 IF test evaluated as true.  Performing command
  
 CHARMM>     
  
 CHARMM>    ! Cross sectional protein area with whole atom.
 CHARMM>    scalar wmain = radius
  
 CHARMM>    scalar wmain mult 2.5   sele resname TIP3 end
 SELRPN>      0 atoms have been selected out of  15156
  
 CHARMM>    scalar wmain add  1.529 sele .not. resname TIP3 end
 SELRPN>  15156 atoms have been selected out of  15156
  
 CHARMM>    scalar wmain mult 0.85  sele .not. resname TIP3 end
 SELRPN>  15156 atoms have been selected out of  15156
  
 CHARMM>    calc zab = ( @a + @b ) / 2.0
 Parameter: A -> "-16.2"
 Parameter: B -> "-16"
Evaluating: (-16.2+-16)/2.0
 Parameter: ZAB <- "-16.1"
  
 CHARMM>     
  
 CHARMM>    coor search -
 CHARMM>         xmin @x1  xmax @x2  xgrip @xncel -
 CHARMM>         ymin @y1  ymax @y2  ygrip @yncel -
 CHARMM>         zmin @a   zmax @b   zgrip 5
 Parameter: X1 -> "-43.6244258"
 Parameter: X2 -> "43.6252187"
 Parameter: XNCEL -> "436"
 Parameter: Y1 -> "-43.6309926"
 Parameter: Y2 -> "43.6230242"
 Parameter: YNCEL -> "436"
 Parameter: A -> "-16.2"
 Parameter: B -> "-16"

 A TOTAL OF   579132   VACUUM POINTS WERE FOUND
 A TOTAL OF   371348 OCCUPIED POINTS WERE FOUND
 A TOTAL OF        0 EXTERNAL POINTS WERE FOUND
 A TOTAL OF   579132 SELECTED POINTS WERE FOUND
 TOTAL OCCUPIED  VOLUME =     594.863329
 TOTAL SELECTED  VOLUME =     927.713060
 TOTAL FREE      VOLUME =     927.713060
 FRACTIONAL FREE VOLUME =      60.930477
  
 CHARMM>     
  
 CHARMM>    calc c = ?volume * @factor
 Parameter: FACTOR -> "5"
 RDCMND substituted energy or value "?VOLUME" to "594.863329"
Evaluating: 594.863329*5
 Parameter: C <- "2974.31664"
  
 CHARMM>     
  
 CHARMM>    if a .lt. -10 if a .gt. -20 if c .gt. @botarea set botarea = @c
 Parameter: BOTAREA -> "2912.6514"
 Parameter: C -> "2974.31664"
 Comparing "-16.2" and "-10".
 IF test evaluated as true.  Performing command
 Comparing "-16.2" and "-20".
 IF test evaluated as true.  Performing command
 Comparing "2974.31664" and "2912.6514".
 IF test evaluated as true.  Performing command
 Parameter: BOTAREA <- "2974.31664"
  
 CHARMM>    if a .gt.  10 if a .lt.  20 if c .gt. @toparea set toparea = @c
 Parameter: TOPAREA -> "-1"
 Parameter: C -> "2974.31664"
 Comparing "-16.2" and "10".
 IF test evaluated as false.  Skipping command
  
 CHARMM>     
  
 CHARMM>    write title unit 51
 RDTITL> * -16  2974.31664
 RDTITL> *
  
 CHARMM>     
  
 CHARMM>    incr a by @dcel
 Parameter: DCEL -> "0.2"
 Parameter: A <- "-16"
  
 CHARMM>    incr b by @dcel
 Parameter: DCEL -> "0.2"
 Parameter: B <- "-15.8"
  
 CHARMM>    if b le ?ZMAX goto DOAREA
 RDCMND substituted energy or value "?ZMAX" to "33.3514749"
 Comparing "-15.8" and "33.3514749".
 IF test evaluated as true.  Performing command
  
 CHARMM>     
  
 CHARMM>    ! Cross sectional protein area with whole atom.
 CHARMM>    scalar wmain = radius
  
 CHARMM>    scalar wmain mult 2.5   sele resname TIP3 end
 SELRPN>      0 atoms have been selected out of  15156
  
 CHARMM>    scalar wmain add  1.529 sele .not. resname TIP3 end
 SELRPN>  15156 atoms have been selected out of  15156
  
 CHARMM>    scalar wmain mult 0.85  sele .not. resname TIP3 end
 SELRPN>  15156 atoms have been selected out of  15156
  
 CHARMM>    calc zab = ( @a + @b ) / 2.0
 Parameter: A -> "-16"
 Parameter: B -> "-15.8"
Evaluating: (-16+-15.8)/2.0
 Parameter: ZAB <- "-15.9"
  
 CHARMM>     
  
 CHARMM>    coor search -
 CHARMM>         xmin @x1  xmax @x2  xgrip @xncel -
 CHARMM>         ymin @y1  ymax @y2  ygrip @yncel -
 CHARMM>         zmin @a   zmax @b   zgrip 5
 Parameter: X1 -> "-43.6244258"
 Parameter: X2 -> "43.6252187"
 Parameter: XNCEL -> "436"
 Parameter: Y1 -> "-43.6309926"
 Parameter: Y2 -> "43.6230242"
 Parameter: YNCEL -> "436"
 Parameter: A -> "-16"
 Parameter: B -> "-15.8"

 A TOTAL OF   572351   VACUUM POINTS WERE FOUND
 A TOTAL OF   378129 OCCUPIED POINTS WERE FOUND
 A TOTAL OF        0 EXTERNAL POINTS WERE FOUND
 A TOTAL OF   572351 SELECTED POINTS WERE FOUND
 TOTAL OCCUPIED  VOLUME =     605.725831
 TOTAL SELECTED  VOLUME =     916.850559
 TOTAL FREE      VOLUME =     916.850559
 FRACTIONAL FREE VOLUME =      60.217048
  
 CHARMM>     
  
 CHARMM>    calc c = ?volume * @factor
 Parameter: FACTOR -> "5"
 RDCMND substituted energy or value "?VOLUME" to "605.725831"
Evaluating: 605.725831*5
 Parameter: C <- "3028.62915"
  
 CHARMM>     
  
 CHARMM>    if a .lt. -10 if a .gt. -20 if c .gt. @botarea set botarea = @c
 Parameter: BOTAREA -> "2974.31664"
 Parameter: C -> "3028.62915"
 Comparing "-16" and "-10".
 IF test evaluated as true.  Performing command
 Comparing "-16" and "-20".
 IF test evaluated as true.  Performing command
 Comparing "3028.62915" and "2974.31664".
 IF test evaluated as true.  Performing command
 Parameter: BOTAREA <- "3028.62915"
  
 CHARMM>    if a .gt.  10 if a .lt.  20 if c .gt. @toparea set toparea = @c
 Parameter: TOPAREA -> "-1"
 Parameter: C -> "3028.62915"
 Comparing "-16" and "10".
 IF test evaluated as false.  Skipping command
  
 CHARMM>     
  
 CHARMM>    write title unit 51
 RDTITL> * -15.8  3028.62915
 RDTITL> *
  
 CHARMM>     
  
 CHARMM>    incr a by @dcel
 Parameter: DCEL -> "0.2"
 Parameter: A <- "-15.8"
  
 CHARMM>    incr b by @dcel
 Parameter: DCEL -> "0.2"
 Parameter: B <- "-15.6"
  
 CHARMM>    if b le ?ZMAX goto DOAREA
 RDCMND substituted energy or value "?ZMAX" to "33.3514749"
 Comparing "-15.6" and "33.3514749".
 IF test evaluated as true.  Performing command
  
 CHARMM>     
  
 CHARMM>    ! Cross sectional protein area with whole atom.
 CHARMM>    scalar wmain = radius
  
 CHARMM>    scalar wmain mult 2.5   sele resname TIP3 end
 SELRPN>      0 atoms have been selected out of  15156
  
 CHARMM>    scalar wmain add  1.529 sele .not. resname TIP3 end
 SELRPN>  15156 atoms have been selected out of  15156
  
 CHARMM>    scalar wmain mult 0.85  sele .not. resname TIP3 end
 SELRPN>  15156 atoms have been selected out of  15156
  
 CHARMM>    calc zab = ( @a + @b ) / 2.0
 Parameter: A -> "-15.8"
 Parameter: B -> "-15.6"
Evaluating: (-15.8+-15.6)/2.0
 Parameter: ZAB <- "-15.7"
  
 CHARMM>     
  
 CHARMM>    coor search -
 CHARMM>         xmin @x1  xmax @x2  xgrip @xncel -
 CHARMM>         ymin @y1  ymax @y2  ygrip @yncel -
 CHARMM>         zmin @a   zmax @b   zgrip 5
 Parameter: X1 -> "-43.6244258"
 Parameter: X2 -> "43.6252187"
 Parameter: XNCEL -> "436"
 Parameter: Y1 -> "-43.6309926"
 Parameter: Y2 -> "43.6230242"
 Parameter: YNCEL -> "436"
 Parameter: A -> "-15.8"
 Parameter: B -> "-15.6"

 A TOTAL OF   564791   VACUUM POINTS WERE FOUND
 A TOTAL OF   385689 OCCUPIED POINTS WERE FOUND
 A TOTAL OF        0 EXTERNAL POINTS WERE FOUND
 A TOTAL OF   564791 SELECTED POINTS WERE FOUND
 TOTAL OCCUPIED  VOLUME =     617.836214
 TOTAL SELECTED  VOLUME =     904.740175
 TOTAL FREE      VOLUME =     904.740175
 FRACTIONAL FREE VOLUME =      59.421661
  
 CHARMM>     
  
 CHARMM>    calc c = ?volume * @factor
 Parameter: FACTOR -> "5"
 RDCMND substituted energy or value "?VOLUME" to "617.836214"
Evaluating: 617.836214*5
 Parameter: C <- "3089.18107"
  
 CHARMM>     
  
 CHARMM>    if a .lt. -10 if a .gt. -20 if c .gt. @botarea set botarea = @c
 Parameter: BOTAREA -> "3028.62915"
 Parameter: C -> "3089.18107"
 Comparing "-15.8" and "-10".
 IF test evaluated as true.  Performing command
 Comparing "-15.8" and "-20".
 IF test evaluated as true.  Performing command
 Comparing "3089.18107" and "3028.62915".
 IF test evaluated as true.  Performing command
 Parameter: BOTAREA <- "3089.18107"
  
 CHARMM>    if a .gt.  10 if a .lt.  20 if c .gt. @toparea set toparea = @c
 Parameter: TOPAREA -> "-1"
 Parameter: C -> "3089.18107"
 Comparing "-15.8" and "10".
 IF test evaluated as false.  Skipping command
  
 CHARMM>     
  
 CHARMM>    write title unit 51
 RDTITL> * -15.6  3089.18107
 RDTITL> *
  
 CHARMM>     
  
 CHARMM>    incr a by @dcel
 Parameter: DCEL -> "0.2"
 Parameter: A <- "-15.6"
  
 CHARMM>    incr b by @dcel
 Parameter: DCEL -> "0.2"
 Parameter: B <- "-15.4"
  
 CHARMM>    if b le ?ZMAX goto DOAREA
 RDCMND substituted energy or value "?ZMAX" to "33.3514749"
 Comparing "-15.4" and "33.3514749".
 IF test evaluated as true.  Performing command
  
 CHARMM>     
  
 CHARMM>    ! Cross sectional protein area with whole atom.
 CHARMM>    scalar wmain = radius
  
 CHARMM>    scalar wmain mult 2.5   sele resname TIP3 end
 SELRPN>      0 atoms have been selected out of  15156
  
 CHARMM>    scalar wmain add  1.529 sele .not. resname TIP3 end
 SELRPN>  15156 atoms have been selected out of  15156
  
 CHARMM>    scalar wmain mult 0.85  sele .not. resname TIP3 end
 SELRPN>  15156 atoms have been selected out of  15156
  
 CHARMM>    calc zab = ( @a + @b ) / 2.0
 Parameter: A -> "-15.6"
 Parameter: B -> "-15.4"
Evaluating: (-15.6+-15.4)/2.0
 Parameter: ZAB <- "-15.5"
  
 CHARMM>     
  
 CHARMM>    coor search -
 CHARMM>         xmin @x1  xmax @x2  xgrip @xncel -
 CHARMM>         ymin @y1  ymax @y2  ygrip @yncel -
 CHARMM>         zmin @a   zmax @b   zgrip 5
 Parameter: X1 -> "-43.6244258"
 Parameter: X2 -> "43.6252187"
 Parameter: XNCEL -> "436"
 Parameter: Y1 -> "-43.6309926"
 Parameter: Y2 -> "43.6230242"
 Parameter: YNCEL -> "436"
 Parameter: A -> "-15.6"
 Parameter: B -> "-15.4"

 A TOTAL OF   557259   VACUUM POINTS WERE FOUND
 A TOTAL OF   393221 OCCUPIED POINTS WERE FOUND
 A TOTAL OF        0 EXTERNAL POINTS WERE FOUND
 A TOTAL OF   557259 SELECTED POINTS WERE FOUND
 TOTAL OCCUPIED  VOLUME =     629.901745
 TOTAL SELECTED  VOLUME =     892.674645
 TOTAL FREE      VOLUME =     892.674645
 FRACTIONAL FREE VOLUME =      58.629219
  
 CHARMM>     
  
 CHARMM>    calc c = ?volume * @factor
 Parameter: FACTOR -> "5"
 RDCMND substituted energy or value "?VOLUME" to "629.901745"
Evaluating: 629.901745*5
 Parameter: C <- "3149.50873"
  
 CHARMM>     
  
 CHARMM>    if a .lt. -10 if a .gt. -20 if c .gt. @botarea set botarea = @c
 Parameter: BOTAREA -> "3089.18107"
 Parameter: C -> "3149.50873"
 Comparing "-15.6" and "-10".
 IF test evaluated as true.  Performing command
 Comparing "-15.6" and "-20".
 IF test evaluated as true.  Performing command
 Comparing "3149.50873" and "3089.18107".
 IF test evaluated as true.  Performing command
 Parameter: BOTAREA <- "3149.50873"
  
 CHARMM>    if a .gt.  10 if a .lt.  20 if c .gt. @toparea set toparea = @c
 Parameter: TOPAREA -> "-1"
 Parameter: C -> "3149.50873"
 Comparing "-15.6" and "10".
 IF test evaluated as false.  Skipping command
  
 CHARMM>     
  
 CHARMM>    write title unit 51
 RDTITL> * -15.4  3149.50873
 RDTITL> *
  
 CHARMM>     
  
 CHARMM>    incr a by @dcel
 Parameter: DCEL -> "0.2"
 Parameter: A <- "-15.4"
  
 CHARMM>    incr b by @dcel
 Parameter: DCEL -> "0.2"
 Parameter: B <- "-15.2"
  
 CHARMM>    if b le ?ZMAX goto DOAREA
 RDCMND substituted energy or value "?ZMAX" to "33.3514749"
 Comparing "-15.2" and "33.3514749".
 IF test evaluated as true.  Performing command
  
 CHARMM>     
  
 CHARMM>    ! Cross sectional protein area with whole atom.
 CHARMM>    scalar wmain = radius
  
 CHARMM>    scalar wmain mult 2.5   sele resname TIP3 end
 SELRPN>      0 atoms have been selected out of  15156
  
 CHARMM>    scalar wmain add  1.529 sele .not. resname TIP3 end
 SELRPN>  15156 atoms have been selected out of  15156
  
 CHARMM>    scalar wmain mult 0.85  sele .not. resname TIP3 end
 SELRPN>  15156 atoms have been selected out of  15156
  
 CHARMM>    calc zab = ( @a + @b ) / 2.0
 Parameter: A -> "-15.4"
 Parameter: B -> "-15.2"
Evaluating: (-15.4+-15.2)/2.0
 Parameter: ZAB <- "-15.3"
  
 CHARMM>     
  
 CHARMM>    coor search -
 CHARMM>         xmin @x1  xmax @x2  xgrip @xncel -
 CHARMM>         ymin @y1  ymax @y2  ygrip @yncel -
 CHARMM>         zmin @a   zmax @b   zgrip 5
 Parameter: X1 -> "-43.6244258"
 Parameter: X2 -> "43.6252187"
 Parameter: XNCEL -> "436"
 Parameter: Y1 -> "-43.6309926"
 Parameter: Y2 -> "43.6230242"
 Parameter: YNCEL -> "436"
 Parameter: A -> "-15.4"
 Parameter: B -> "-15.2"

 A TOTAL OF   550674   VACUUM POINTS WERE FOUND
 A TOTAL OF   399806 OCCUPIED POINTS WERE FOUND
 A TOTAL OF        0 EXTERNAL POINTS WERE FOUND
 A TOTAL OF   550674 SELECTED POINTS WERE FOUND
 TOTAL OCCUPIED  VOLUME =     640.450273
 TOTAL SELECTED  VOLUME =     882.126116
 TOTAL FREE      VOLUME =     882.126116
 FRACTIONAL FREE VOLUME =      57.936411
  
 CHARMM>     
  
 CHARMM>    calc c = ?volume * @factor
 Parameter: FACTOR -> "5"
 RDCMND substituted energy or value "?VOLUME" to "640.450273"
Evaluating: 640.450273*5
 Parameter: C <- "3202.25137"
  
 CHARMM>     
  
 CHARMM>    if a .lt. -10 if a .gt. -20 if c .gt. @botarea set botarea = @c
 Parameter: BOTAREA -> "3149.50873"
 Parameter: C -> "3202.25137"
 Comparing "-15.4" and "-10".
 IF test evaluated as true.  Performing command
 Comparing "-15.4" and "-20".
 IF test evaluated as true.  Performing command
 Comparing "3202.25137" and "3149.50873".
 IF test evaluated as true.  Performing command
 Parameter: BOTAREA <- "3202.25137"
  
 CHARMM>    if a .gt.  10 if a .lt.  20 if c .gt. @toparea set toparea = @c
 Parameter: TOPAREA -> "-1"
 Parameter: C -> "3202.25137"
 Comparing "-15.4" and "10".
 IF test evaluated as false.  Skipping command
  
 CHARMM>     
  
 CHARMM>    write title unit 51
 RDTITL> * -15.2  3202.25137
 RDTITL> *
  
 CHARMM>     
  
 CHARMM>    incr a by @dcel
 Parameter: DCEL -> "0.2"
 Parameter: A <- "-15.2"
  
 CHARMM>    incr b by @dcel
 Parameter: DCEL -> "0.2"
 Parameter: B <- "-15"
  
 CHARMM>    if b le ?ZMAX goto DOAREA
 RDCMND substituted energy or value "?ZMAX" to "33.3514749"
 Comparing "-15" and "33.3514749".
 IF test evaluated as true.  Performing command
  
 CHARMM>     
  
 CHARMM>    ! Cross sectional protein area with whole atom.
 CHARMM>    scalar wmain = radius
  
 CHARMM>    scalar wmain mult 2.5   sele resname TIP3 end
 SELRPN>      0 atoms have been selected out of  15156
  
 CHARMM>    scalar wmain add  1.529 sele .not. resname TIP3 end
 SELRPN>  15156 atoms have been selected out of  15156
  
 CHARMM>    scalar wmain mult 0.85  sele .not. resname TIP3 end
 SELRPN>  15156 atoms have been selected out of  15156
  
 CHARMM>    calc zab = ( @a + @b ) / 2.0
 Parameter: A -> "-15.2"
 Parameter: B -> "-15"
Evaluating: (-15.2+-15)/2.0
 Parameter: ZAB <- "-15.1"
  
 CHARMM>     
  
 CHARMM>    coor search -
 CHARMM>         xmin @x1  xmax @x2  xgrip @xncel -
 CHARMM>         ymin @y1  ymax @y2  ygrip @yncel -
 CHARMM>         zmin @a   zmax @b   zgrip 5
 Parameter: X1 -> "-43.6244258"
 Parameter: X2 -> "43.6252187"
 Parameter: XNCEL -> "436"
 Parameter: Y1 -> "-43.6309926"
 Parameter: Y2 -> "43.6230242"
 Parameter: YNCEL -> "436"
 Parameter: A -> "-15.2"
 Parameter: B -> "-15"

 A TOTAL OF   543587   VACUUM POINTS WERE FOUND
 A TOTAL OF   406893 OCCUPIED POINTS WERE FOUND
 A TOTAL OF        0 EXTERNAL POINTS WERE FOUND
 A TOTAL OF   543587 SELECTED POINTS WERE FOUND
 TOTAL OCCUPIED  VOLUME =     651.802957
 TOTAL SELECTED  VOLUME =     870.773432
 TOTAL FREE      VOLUME =     870.773432
 FRACTIONAL FREE VOLUME =      57.190788
  
 CHARMM>     
  
 CHARMM>    calc c = ?volume * @factor
 Parameter: FACTOR -> "5"
 RDCMND substituted energy or value "?VOLUME" to "651.802957"
Evaluating: 651.802957*5
 Parameter: C <- "3259.01478"
  
 CHARMM>     
  
 CHARMM>    if a .lt. -10 if a .gt. -20 if c .gt. @botarea set botarea = @c
 Parameter: BOTAREA -> "3202.25137"
 Parameter: C -> "3259.01478"
 Comparing "-15.2" and "-10".
 IF test evaluated as true.  Performing command
 Comparing "-15.2" and "-20".
 IF test evaluated as true.  Performing command
 Comparing "3259.01478" and "3202.25137".
 IF test evaluated as true.  Performing command
 Parameter: BOTAREA <- "3259.01478"
  
 CHARMM>    if a .gt.  10 if a .lt.  20 if c .gt. @toparea set toparea = @c
 Parameter: TOPAREA -> "-1"
 Parameter: C -> "3259.01478"
 Comparing "-15.2" and "10".
 IF test evaluated as false.  Skipping command
  
 CHARMM>     
  
 CHARMM>    write title unit 51
 RDTITL> * -15  3259.01478
 RDTITL> *
  
 CHARMM>     
  
 CHARMM>    incr a by @dcel
 Parameter: DCEL -> "0.2"
 Parameter: A <- "-15"
  
 CHARMM>    incr b by @dcel
 Parameter: DCEL -> "0.2"
 Parameter: B <- "-14.8"
  
 CHARMM>    if b le ?ZMAX goto DOAREA
 RDCMND substituted energy or value "?ZMAX" to "33.3514749"
 Comparing "-14.8" and "33.3514749".
 IF test evaluated as true.  Performing command
  
 CHARMM>     
  
 CHARMM>    ! Cross sectional protein area with whole atom.
 CHARMM>    scalar wmain = radius
  
 CHARMM>    scalar wmain mult 2.5   sele resname TIP3 end
 SELRPN>      0 atoms have been selected out of  15156
  
 CHARMM>    scalar wmain add  1.529 sele .not. resname TIP3 end
 SELRPN>  15156 atoms have been selected out of  15156
  
 CHARMM>    scalar wmain mult 0.85  sele .not. resname TIP3 end
 SELRPN>  15156 atoms have been selected out of  15156
  
 CHARMM>    calc zab = ( @a + @b ) / 2.0
 Parameter: A -> "-15"
 Parameter: B -> "-14.8"
Evaluating: (-15+-14.8)/2.0
 Parameter: ZAB <- "-14.9"
  
 CHARMM>     
  
 CHARMM>    coor search -
 CHARMM>         xmin @x1  xmax @x2  xgrip @xncel -
 CHARMM>         ymin @y1  ymax @y2  ygrip @yncel -
 CHARMM>         zmin @a   zmax @b   zgrip 5
 Parameter: X1 -> "-43.6244258"
 Parameter: X2 -> "43.6252187"
 Parameter: XNCEL -> "436"
 Parameter: Y1 -> "-43.6309926"
 Parameter: Y2 -> "43.6230242"
 Parameter: YNCEL -> "436"
 Parameter: A -> "-15"
 Parameter: B -> "-14.8"

 A TOTAL OF   534808   VACUUM POINTS WERE FOUND
 A TOTAL OF   415672 OCCUPIED POINTS WERE FOUND
 A TOTAL OF        0 EXTERNAL POINTS WERE FOUND
 A TOTAL OF   534808 SELECTED POINTS WERE FOUND
 TOTAL OCCUPIED  VOLUME =     665.866060
 TOTAL SELECTED  VOLUME =     856.710329
 TOTAL FREE      VOLUME =     856.710329
 FRACTIONAL FREE VOLUME =      56.267149
  
 CHARMM>     
  
 CHARMM>    calc c = ?volume * @factor
 Parameter: FACTOR -> "5"
 RDCMND substituted energy or value "?VOLUME" to "665.86606"
Evaluating: 665.86606*5
 Parameter: C <- "3329.3303"
  
 CHARMM>     
  
 CHARMM>    if a .lt. -10 if a .gt. -20 if c .gt. @botarea set botarea = @c
 Parameter: BOTAREA -> "3259.01478"
 Parameter: C -> "3329.3303"
 Comparing "-15" and "-10".
 IF test evaluated as true.  Performing command
 Comparing "-15" and "-20".
 IF test evaluated as true.  Performing command
 Comparing "3329.3303" and "3259.01478".
 IF test evaluated as true.  Performing command
 Parameter: BOTAREA <- "3329.3303"
  
 CHARMM>    if a .gt.  10 if a .lt.  20 if c .gt. @toparea set toparea = @c
 Parameter: TOPAREA -> "-1"
 Parameter: C -> "3329.3303"
 Comparing "-15" and "10".
 IF test evaluated as false.  Skipping command
  
 CHARMM>     
  
 CHARMM>    write title unit 51
 RDTITL> * -14.8  3329.3303
 RDTITL> *
  
 CHARMM>     
  
 CHARMM>    incr a by @dcel
 Parameter: DCEL -> "0.2"
 Parameter: A <- "-14.8"
  
 CHARMM>    incr b by @dcel
 Parameter: DCEL -> "0.2"
 Parameter: B <- "-14.6"
  
 CHARMM>    if b le ?ZMAX goto DOAREA
 RDCMND substituted energy or value "?ZMAX" to "33.3514749"
 Comparing "-14.6" and "33.3514749".
 IF test evaluated as true.  Performing command
  
 CHARMM>     
  
 CHARMM>    ! Cross sectional protein area with whole atom.
 CHARMM>    scalar wmain = radius
  
 CHARMM>    scalar wmain mult 2.5   sele resname TIP3 end
 SELRPN>      0 atoms have been selected out of  15156
  
 CHARMM>    scalar wmain add  1.529 sele .not. resname TIP3 end
 SELRPN>  15156 atoms have been selected out of  15156
  
 CHARMM>    scalar wmain mult 0.85  sele .not. resname TIP3 end
 SELRPN>  15156 atoms have been selected out of  15156
  
 CHARMM>    calc zab = ( @a + @b ) / 2.0
 Parameter: A -> "-14.8"
 Parameter: B -> "-14.6"
Evaluating: (-14.8+-14.6)/2.0
 Parameter: ZAB <- "-14.7"
  
 CHARMM>     
  
 CHARMM>    coor search -
 CHARMM>         xmin @x1  xmax @x2  xgrip @xncel -
 CHARMM>         ymin @y1  ymax @y2  ygrip @yncel -
 CHARMM>         zmin @a   zmax @b   zgrip 5
 Parameter: X1 -> "-43.6244258"
 Parameter: X2 -> "43.6252187"
 Parameter: XNCEL -> "436"
 Parameter: Y1 -> "-43.6309926"
 Parameter: Y2 -> "43.6230242"
 Parameter: YNCEL -> "436"
 Parameter: A -> "-14.8"
 Parameter: B -> "-14.6"

 A TOTAL OF   525784   VACUUM POINTS WERE FOUND
 A TOTAL OF   424696 OCCUPIED POINTS WERE FOUND
 A TOTAL OF        0 EXTERNAL POINTS WERE FOUND
 A TOTAL OF   525784 SELECTED POINTS WERE FOUND
 TOTAL OCCUPIED  VOLUME =     680.321629
 TOTAL SELECTED  VOLUME =     842.254760
 TOTAL FREE      VOLUME =     842.254760
 FRACTIONAL FREE VOLUME =      55.317734
  
 CHARMM>     
  
 CHARMM>    calc c = ?volume * @factor
 Parameter: FACTOR -> "5"
 RDCMND substituted energy or value "?VOLUME" to "680.321629"
Evaluating: 680.321629*5
 Parameter: C <- "3401.60815"
  
 CHARMM>     
  
 CHARMM>    if a .lt. -10 if a .gt. -20 if c .gt. @botarea set botarea = @c
 Parameter: BOTAREA -> "3329.3303"
 Parameter: C -> "3401.60815"
 Comparing "-14.8" and "-10".
 IF test evaluated as true.  Performing command
 Comparing "-14.8" and "-20".
 IF test evaluated as true.  Performing command
 Comparing "3401.60815" and "3329.3303".
 IF test evaluated as true.  Performing command
 Parameter: BOTAREA <- "3401.60815"
  
 CHARMM>    if a .gt.  10 if a .lt.  20 if c .gt. @toparea set toparea = @c
 Parameter: TOPAREA -> "-1"
 Parameter: C -> "3401.60815"
 Comparing "-14.8" and "10".
 IF test evaluated as false.  Skipping command
  
 CHARMM>     
  
 CHARMM>    write title unit 51
 RDTITL> * -14.6  3401.60815
 RDTITL> *
  
 CHARMM>     
  
 CHARMM>    incr a by @dcel
 Parameter: DCEL -> "0.2"
 Parameter: A <- "-14.6"
  
 CHARMM>    incr b by @dcel
 Parameter: DCEL -> "0.2"
 Parameter: B <- "-14.4"
  
 CHARMM>    if b le ?ZMAX goto DOAREA
 RDCMND substituted energy or value "?ZMAX" to "33.3514749"
 Comparing "-14.4" and "33.3514749".
 IF test evaluated as true.  Performing command
  
 CHARMM>     
  
 CHARMM>    ! Cross sectional protein area with whole atom.
 CHARMM>    scalar wmain = radius
  
 CHARMM>    scalar wmain mult 2.5   sele resname TIP3 end
 SELRPN>      0 atoms have been selected out of  15156
  
 CHARMM>    scalar wmain add  1.529 sele .not. resname TIP3 end
 SELRPN>  15156 atoms have been selected out of  15156
  
 CHARMM>    scalar wmain mult 0.85  sele .not. resname TIP3 end
 SELRPN>  15156 atoms have been selected out of  15156
  
 CHARMM>    calc zab = ( @a + @b ) / 2.0
 Parameter: A -> "-14.6"
 Parameter: B -> "-14.4"
Evaluating: (-14.6+-14.4)/2.0
 Parameter: ZAB <- "-14.5"
  
 CHARMM>     
  
 CHARMM>    coor search -
 CHARMM>         xmin @x1  xmax @x2  xgrip @xncel -
 CHARMM>         ymin @y1  ymax @y2  ygrip @yncel -
 CHARMM>         zmin @a   zmax @b   zgrip 5
 Parameter: X1 -> "-43.6244258"
 Parameter: X2 -> "43.6252187"
 Parameter: XNCEL -> "436"
 Parameter: Y1 -> "-43.6309926"
 Parameter: Y2 -> "43.6230242"
 Parameter: YNCEL -> "436"
 Parameter: A -> "-14.6"
 Parameter: B -> "-14.4"

 A TOTAL OF   518369   VACUUM POINTS WERE FOUND
 A TOTAL OF   432111 OCCUPIED POINTS WERE FOUND
 A TOTAL OF        0 EXTERNAL POINTS WERE FOUND
 A TOTAL OF   518369 SELECTED POINTS WERE FOUND
 TOTAL OCCUPIED  VOLUME =     692.199737
 TOTAL SELECTED  VOLUME =     830.376652
 TOTAL FREE      VOLUME =     830.376652
 FRACTIONAL FREE VOLUME =      54.537602
  
 CHARMM>     
  
 CHARMM>    calc c = ?volume * @factor
 Parameter: FACTOR -> "5"
 RDCMND substituted energy or value "?VOLUME" to "692.199737"
Evaluating: 692.199737*5
 Parameter: C <- "3460.99869"
  
 CHARMM>     
  
 CHARMM>    if a .lt. -10 if a .gt. -20 if c .gt. @botarea set botarea = @c
 Parameter: BOTAREA -> "3401.60815"
 Parameter: C -> "3460.99869"
 Comparing "-14.6" and "-10".
 IF test evaluated as true.  Performing command
 Comparing "-14.6" and "-20".
 IF test evaluated as true.  Performing command
 Comparing "3460.99869" and "3401.60815".
 IF test evaluated as true.  Performing command
 Parameter: BOTAREA <- "3460.99869"
  
 CHARMM>    if a .gt.  10 if a .lt.  20 if c .gt. @toparea set toparea = @c
 Parameter: TOPAREA -> "-1"
 Parameter: C -> "3460.99869"
 Comparing "-14.6" and "10".
 IF test evaluated as false.  Skipping command
  
 CHARMM>     
  
 CHARMM>    write title unit 51
 RDTITL> * -14.4  3460.99869
 RDTITL> *
  
 CHARMM>     
  
 CHARMM>    incr a by @dcel
 Parameter: DCEL -> "0.2"
 Parameter: A <- "-14.4"
  
 CHARMM>    incr b by @dcel
 Parameter: DCEL -> "0.2"
 Parameter: B <- "-14.2"
  
 CHARMM>    if b le ?ZMAX goto DOAREA
 RDCMND substituted energy or value "?ZMAX" to "33.3514749"
 Comparing "-14.2" and "33.3514749".
 IF test evaluated as true.  Performing command
  
 CHARMM>     
  
 CHARMM>    ! Cross sectional protein area with whole atom.
 CHARMM>    scalar wmain = radius
  
 CHARMM>    scalar wmain mult 2.5   sele resname TIP3 end
 SELRPN>      0 atoms have been selected out of  15156
  
 CHARMM>    scalar wmain add  1.529 sele .not. resname TIP3 end
 SELRPN>  15156 atoms have been selected out of  15156
  
 CHARMM>    scalar wmain mult 0.85  sele .not. resname TIP3 end
 SELRPN>  15156 atoms have been selected out of  15156
  
 CHARMM>    calc zab = ( @a + @b ) / 2.0
 Parameter: A -> "-14.4"
 Parameter: B -> "-14.2"
Evaluating: (-14.4+-14.2)/2.0
 Parameter: ZAB <- "-14.3"
  
 CHARMM>     
  
 CHARMM>    coor search -
 CHARMM>         xmin @x1  xmax @x2  xgrip @xncel -
 CHARMM>         ymin @y1  ymax @y2  ygrip @yncel -
 CHARMM>         zmin @a   zmax @b   zgrip 5
 Parameter: X1 -> "-43.6244258"
 Parameter: X2 -> "43.6252187"
 Parameter: XNCEL -> "436"
 Parameter: Y1 -> "-43.6309926"
 Parameter: Y2 -> "43.6230242"
 Parameter: YNCEL -> "436"
 Parameter: A -> "-14.4"
 Parameter: B -> "-14.2"

 A TOTAL OF   512697   VACUUM POINTS WERE FOUND
 A TOTAL OF   437783 OCCUPIED POINTS WERE FOUND
 A TOTAL OF        0 EXTERNAL POINTS WERE FOUND
 A TOTAL OF   512697 SELECTED POINTS WERE FOUND
 TOTAL OCCUPIED  VOLUME =     701.285729
 TOTAL SELECTED  VOLUME =     821.290661
 TOTAL FREE      VOLUME =     821.290661
 FRACTIONAL FREE VOLUME =      53.940851
  
 CHARMM>     
  
 CHARMM>    calc c = ?volume * @factor
 Parameter: FACTOR -> "5"
 RDCMND substituted energy or value "?VOLUME" to "701.285729"
Evaluating: 701.285729*5
 Parameter: C <- "3506.42864"
  
 CHARMM>     
  
 CHARMM>    if a .lt. -10 if a .gt. -20 if c .gt. @botarea set botarea = @c
 Parameter: BOTAREA -> "3460.99869"
 Parameter: C -> "3506.42864"
 Comparing "-14.4" and "-10".
 IF test evaluated as true.  Performing command
 Comparing "-14.4" and "-20".
 IF test evaluated as true.  Performing command
 Comparing "3506.42864" and "3460.99869".
 IF test evaluated as true.  Performing command
 Parameter: BOTAREA <- "3506.42864"
  
 CHARMM>    if a .gt.  10 if a .lt.  20 if c .gt. @toparea set toparea = @c
 Parameter: TOPAREA -> "-1"
 Parameter: C -> "3506.42864"
 Comparing "-14.4" and "10".
 IF test evaluated as false.  Skipping command
  
 CHARMM>     
  
 CHARMM>    write title unit 51
 RDTITL> * -14.2  3506.42864
 RDTITL> *
  
 CHARMM>     
  
 CHARMM>    incr a by @dcel
 Parameter: DCEL -> "0.2"
 Parameter: A <- "-14.2"
  
 CHARMM>    incr b by @dcel
 Parameter: DCEL -> "0.2"
 Parameter: B <- "-14"
  
 CHARMM>    if b le ?ZMAX goto DOAREA
 RDCMND substituted energy or value "?ZMAX" to "33.3514749"
 Comparing "-14" and "33.3514749".
 IF test evaluated as true.  Performing command
  
 CHARMM>     
  
 CHARMM>    ! Cross sectional protein area with whole atom.
 CHARMM>    scalar wmain = radius
  
 CHARMM>    scalar wmain mult 2.5   sele resname TIP3 end
 SELRPN>      0 atoms have been selected out of  15156
  
 CHARMM>    scalar wmain add  1.529 sele .not. resname TIP3 end
 SELRPN>  15156 atoms have been selected out of  15156
  
 CHARMM>    scalar wmain mult 0.85  sele .not. resname TIP3 end
 SELRPN>  15156 atoms have been selected out of  15156
  
 CHARMM>    calc zab = ( @a + @b ) / 2.0
 Parameter: A -> "-14.2"
 Parameter: B -> "-14"
Evaluating: (-14.2+-14)/2.0
 Parameter: ZAB <- "-14.1"
  
 CHARMM>     
  
 CHARMM>    coor search -
 CHARMM>         xmin @x1  xmax @x2  xgrip @xncel -
 CHARMM>         ymin @y1  ymax @y2  ygrip @yncel -
 CHARMM>         zmin @a   zmax @b   zgrip 5
 Parameter: X1 -> "-43.6244258"
 Parameter: X2 -> "43.6252187"
 Parameter: XNCEL -> "436"
 Parameter: Y1 -> "-43.6309926"
 Parameter: Y2 -> "43.6230242"
 Parameter: YNCEL -> "436"
 Parameter: A -> "-14.2"
 Parameter: B -> "-14"

 A TOTAL OF   507960   VACUUM POINTS WERE FOUND
 A TOTAL OF   442520 OCCUPIED POINTS WERE FOUND
 A TOTAL OF        0 EXTERNAL POINTS WERE FOUND
 A TOTAL OF   507960 SELECTED POINTS WERE FOUND
 TOTAL OCCUPIED  VOLUME =     708.873941
 TOTAL SELECTED  VOLUME =     813.702448
 TOTAL FREE      VOLUME =     813.702448
 FRACTIONAL FREE VOLUME =      53.442471
  
 CHARMM>     
  
 CHARMM>    calc c = ?volume * @factor
 Parameter: FACTOR -> "5"
 RDCMND substituted energy or value "?VOLUME" to "708.873941"
Evaluating: 708.873941*5
 Parameter: C <- "3544.3697"
  
 CHARMM>     
  
 CHARMM>    if a .lt. -10 if a .gt. -20 if c .gt. @botarea set botarea = @c
 Parameter: BOTAREA -> "3506.42864"
 Parameter: C -> "3544.3697"
 Comparing "-14.2" and "-10".
 IF test evaluated as true.  Performing command
 Comparing "-14.2" and "-20".
 IF test evaluated as true.  Performing command
 Comparing "3544.3697" and "3506.42864".
 IF test evaluated as true.  Performing command
 Parameter: BOTAREA <- "3544.3697"
  
 CHARMM>    if a .gt.  10 if a .lt.  20 if c .gt. @toparea set toparea = @c
 Parameter: TOPAREA -> "-1"
 Parameter: C -> "3544.3697"
 Comparing "-14.2" and "10".
 IF test evaluated as false.  Skipping command
  
 CHARMM>     
  
 CHARMM>    write title unit 51
 RDTITL> * -14  3544.3697
 RDTITL> *
  
 CHARMM>     
  
 CHARMM>    incr a by @dcel
 Parameter: DCEL -> "0.2"
 Parameter: A <- "-14"
  
 CHARMM>    incr b by @dcel
 Parameter: DCEL -> "0.2"
 Parameter: B <- "-13.8"
  
 CHARMM>    if b le ?ZMAX goto DOAREA
 RDCMND substituted energy or value "?ZMAX" to "33.3514749"
 Comparing "-13.8" and "33.3514749".
 IF test evaluated as true.  Performing command
  
 CHARMM>     
  
 CHARMM>    ! Cross sectional protein area with whole atom.
 CHARMM>    scalar wmain = radius
  
 CHARMM>    scalar wmain mult 2.5   sele resname TIP3 end
 SELRPN>      0 atoms have been selected out of  15156
  
 CHARMM>    scalar wmain add  1.529 sele .not. resname TIP3 end
 SELRPN>  15156 atoms have been selected out of  15156
  
 CHARMM>    scalar wmain mult 0.85  sele .not. resname TIP3 end
 SELRPN>  15156 atoms have been selected out of  15156
  
 CHARMM>    calc zab = ( @a + @b ) / 2.0
 Parameter: A -> "-14"
 Parameter: B -> "-13.8"
Evaluating: (-14+-13.8)/2.0
 Parameter: ZAB <- "-13.9"
  
 CHARMM>     
  
 CHARMM>    coor search -
 CHARMM>         xmin @x1  xmax @x2  xgrip @xncel -
 CHARMM>         ymin @y1  ymax @y2  ygrip @yncel -
 CHARMM>         zmin @a   zmax @b   zgrip 5
 Parameter: X1 -> "-43.6244258"
 Parameter: X2 -> "43.6252187"
 Parameter: XNCEL -> "436"
 Parameter: Y1 -> "-43.6309926"
 Parameter: Y2 -> "43.6230242"
 Parameter: YNCEL -> "436"
 Parameter: A -> "-14"
 Parameter: B -> "-13.8"

 A TOTAL OF   503779   VACUUM POINTS WERE FOUND
 A TOTAL OF   446701 OCCUPIED POINTS WERE FOUND
 A TOTAL OF        0 EXTERNAL POINTS WERE FOUND
 A TOTAL OF   503779 SELECTED POINTS WERE FOUND
 TOTAL OCCUPIED  VOLUME =     715.571496
 TOTAL SELECTED  VOLUME =     807.004893
 TOTAL FREE      VOLUME =     807.004893
 FRACTIONAL FREE VOLUME =      53.002588
  
 CHARMM>     
  
 CHARMM>    calc c = ?volume * @factor
 Parameter: FACTOR -> "5"
 RDCMND substituted energy or value "?VOLUME" to "715.571496"
Evaluating: 715.571496*5
 Parameter: C <- "3577.85748"
  
 CHARMM>     
  
 CHARMM>    if a .lt. -10 if a .gt. -20 if c .gt. @botarea set botarea = @c
 Parameter: BOTAREA -> "3544.3697"
 Parameter: C -> "3577.85748"
 Comparing "-14" and "-10".
 IF test evaluated as true.  Performing command
 Comparing "-14" and "-20".
 IF test evaluated as true.  Performing command
 Comparing "3577.85748" and "3544.3697".
 IF test evaluated as true.  Performing command
 Parameter: BOTAREA <- "3577.85748"
  
 CHARMM>    if a .gt.  10 if a .lt.  20 if c .gt. @toparea set toparea = @c
 Parameter: TOPAREA -> "-1"
 Parameter: C -> "3577.85748"
 Comparing "-14" and "10".
 IF test evaluated as false.  Skipping command
  
 CHARMM>     
  
 CHARMM>    write title unit 51
 RDTITL> * -13.8  3577.85748
 RDTITL> *
  
 CHARMM>     
  
 CHARMM>    incr a by @dcel
 Parameter: DCEL -> "0.2"
 Parameter: A <- "-13.8"
  
 CHARMM>    incr b by @dcel
 Parameter: DCEL -> "0.2"
 Parameter: B <- "-13.6"
  
 CHARMM>    if b le ?ZMAX goto DOAREA
 RDCMND substituted energy or value "?ZMAX" to "33.3514749"
 Comparing "-13.6" and "33.3514749".
 IF test evaluated as true.  Performing command
  
 CHARMM>     
  
 CHARMM>    ! Cross sectional protein area with whole atom.
 CHARMM>    scalar wmain = radius
  
 CHARMM>    scalar wmain mult 2.5   sele resname TIP3 end
 SELRPN>      0 atoms have been selected out of  15156
  
 CHARMM>    scalar wmain add  1.529 sele .not. resname TIP3 end
 SELRPN>  15156 atoms have been selected out of  15156
  
 CHARMM>    scalar wmain mult 0.85  sele .not. resname TIP3 end
 SELRPN>  15156 atoms have been selected out of  15156
  
 CHARMM>    calc zab = ( @a + @b ) / 2.0
 Parameter: A -> "-13.8"
 Parameter: B -> "-13.6"
Evaluating: (-13.8+-13.6)/2.0
 Parameter: ZAB <- "-13.7"
  
 CHARMM>     
  
 CHARMM>    coor search -
 CHARMM>         xmin @x1  xmax @x2  xgrip @xncel -
 CHARMM>         ymin @y1  ymax @y2  ygrip @yncel -
 CHARMM>         zmin @a   zmax @b   zgrip 5
 Parameter: X1 -> "-43.6244258"
 Parameter: X2 -> "43.6252187"
 Parameter: XNCEL -> "436"
 Parameter: Y1 -> "-43.6309926"
 Parameter: Y2 -> "43.6230242"
 Parameter: YNCEL -> "436"
 Parameter: A -> "-13.8"
 Parameter: B -> "-13.6"

 A TOTAL OF   500065   VACUUM POINTS WERE FOUND
 A TOTAL OF   450415 OCCUPIED POINTS WERE FOUND
 A TOTAL OF        0 EXTERNAL POINTS WERE FOUND
 A TOTAL OF   500065 SELECTED POINTS WERE FOUND
 TOTAL OCCUPIED  VOLUME =     721.520962
 TOTAL SELECTED  VOLUME =     801.055427
 TOTAL FREE      VOLUME =     801.055427
 FRACTIONAL FREE VOLUME =      52.611838
  
 CHARMM>     
  
 CHARMM>    calc c = ?volume * @factor
 Parameter: FACTOR -> "5"
 RDCMND substituted energy or value "?VOLUME" to "721.520962"
Evaluating: 721.520962*5
 Parameter: C <- "3607.60481"
  
 CHARMM>     
  
 CHARMM>    if a .lt. -10 if a .gt. -20 if c .gt. @botarea set botarea = @c
 Parameter: BOTAREA -> "3577.85748"
 Parameter: C -> "3607.60481"
 Comparing "-13.8" and "-10".
 IF test evaluated as true.  Performing command
 Comparing "-13.8" and "-20".
 IF test evaluated as true.  Performing command
 Comparing "3607.60481" and "3577.85748".
 IF test evaluated as true.  Performing command
 Parameter: BOTAREA <- "3607.60481"
  
 CHARMM>    if a .gt.  10 if a .lt.  20 if c .gt. @toparea set toparea = @c
 Parameter: TOPAREA -> "-1"
 Parameter: C -> "3607.60481"
 Comparing "-13.8" and "10".
 IF test evaluated as false.  Skipping command
  
 CHARMM>     
  
 CHARMM>    write title unit 51
 RDTITL> * -13.6  3607.60481
 RDTITL> *
  
 CHARMM>     
  
 CHARMM>    incr a by @dcel
 Parameter: DCEL -> "0.2"
 Parameter: A <- "-13.6"
  
 CHARMM>    incr b by @dcel
 Parameter: DCEL -> "0.2"
 Parameter: B <- "-13.4"
  
 CHARMM>    if b le ?ZMAX goto DOAREA
 RDCMND substituted energy or value "?ZMAX" to "33.3514749"
 Comparing "-13.4" and "33.3514749".
 IF test evaluated as true.  Performing command
  
 CHARMM>     
  
 CHARMM>    ! Cross sectional protein area with whole atom.
 CHARMM>    scalar wmain = radius
  
 CHARMM>    scalar wmain mult 2.5   sele resname TIP3 end
 SELRPN>      0 atoms have been selected out of  15156
  
 CHARMM>    scalar wmain add  1.529 sele .not. resname TIP3 end
 SELRPN>  15156 atoms have been selected out of  15156
  
 CHARMM>    scalar wmain mult 0.85  sele .not. resname TIP3 end
 SELRPN>  15156 atoms have been selected out of  15156
  
 CHARMM>    calc zab = ( @a + @b ) / 2.0
 Parameter: A -> "-13.6"
 Parameter: B -> "-13.4"
Evaluating: (-13.6+-13.4)/2.0
 Parameter: ZAB <- "-13.5"
  
 CHARMM>     
  
 CHARMM>    coor search -
 CHARMM>         xmin @x1  xmax @x2  xgrip @xncel -
 CHARMM>         ymin @y1  ymax @y2  ygrip @yncel -
 CHARMM>         zmin @a   zmax @b   zgrip 5
 Parameter: X1 -> "-43.6244258"
 Parameter: X2 -> "43.6252187"
 Parameter: XNCEL -> "436"
 Parameter: Y1 -> "-43.6309926"
 Parameter: Y2 -> "43.6230242"
 Parameter: YNCEL -> "436"
 Parameter: A -> "-13.6"
 Parameter: B -> "-13.4"

 A TOTAL OF   496959   VACUUM POINTS WERE FOUND
 A TOTAL OF   453521 OCCUPIED POINTS WERE FOUND
 A TOTAL OF        0 EXTERNAL POINTS WERE FOUND
 A TOTAL OF   496959 SELECTED POINTS WERE FOUND
 TOTAL OCCUPIED  VOLUME =     726.496472
 TOTAL SELECTED  VOLUME =     796.079917
 TOTAL FREE      VOLUME =     796.079917
 FRACTIONAL FREE VOLUME =      52.285056
  
 CHARMM>     
  
 CHARMM>    calc c = ?volume * @factor
 Parameter: FACTOR -> "5"
 RDCMND substituted energy or value "?VOLUME" to "726.496472"
Evaluating: 726.496472*5
 Parameter: C <- "3632.48236"
  
 CHARMM>     
  
 CHARMM>    if a .lt. -10 if a .gt. -20 if c .gt. @botarea set botarea = @c
 Parameter: BOTAREA -> "3607.60481"
 Parameter: C -> "3632.48236"
 Comparing "-13.6" and "-10".
 IF test evaluated as true.  Performing command
 Comparing "-13.6" and "-20".
 IF test evaluated as true.  Performing command
 Comparing "3632.48236" and "3607.60481".
 IF test evaluated as true.  Performing command
 Parameter: BOTAREA <- "3632.48236"
  
 CHARMM>    if a .gt.  10 if a .lt.  20 if c .gt. @toparea set toparea = @c
 Parameter: TOPAREA -> "-1"
 Parameter: C -> "3632.48236"
 Comparing "-13.6" and "10".
 IF test evaluated as false.  Skipping command
  
 CHARMM>     
  
 CHARMM>    write title unit 51
 RDTITL> * -13.4  3632.48236
 RDTITL> *
  
 CHARMM>     
  
 CHARMM>    incr a by @dcel
 Parameter: DCEL -> "0.2"
 Parameter: A <- "-13.4"
  
 CHARMM>    incr b by @dcel
 Parameter: DCEL -> "0.2"
 Parameter: B <- "-13.2"
  
 CHARMM>    if b le ?ZMAX goto DOAREA
 RDCMND substituted energy or value "?ZMAX" to "33.3514749"
 Comparing "-13.2" and "33.3514749".
 IF test evaluated as true.  Performing command
  
 CHARMM>     
  
 CHARMM>    ! Cross sectional protein area with whole atom.
 CHARMM>    scalar wmain = radius
  
 CHARMM>    scalar wmain mult 2.5   sele resname TIP3 end
 SELRPN>      0 atoms have been selected out of  15156
  
 CHARMM>    scalar wmain add  1.529 sele .not. resname TIP3 end
 SELRPN>  15156 atoms have been selected out of  15156
  
 CHARMM>    scalar wmain mult 0.85  sele .not. resname TIP3 end
 SELRPN>  15156 atoms have been selected out of  15156
  
 CHARMM>    calc zab = ( @a + @b ) / 2.0
 Parameter: A -> "-13.4"
 Parameter: B -> "-13.2"
Evaluating: (-13.4+-13.2)/2.0
 Parameter: ZAB <- "-13.3"
  
 CHARMM>     
  
 CHARMM>    coor search -
 CHARMM>         xmin @x1  xmax @x2  xgrip @xncel -
 CHARMM>         ymin @y1  ymax @y2  ygrip @yncel -
 CHARMM>         zmin @a   zmax @b   zgrip 5
 Parameter: X1 -> "-43.6244258"
 Parameter: X2 -> "43.6252187"
 Parameter: XNCEL -> "436"
 Parameter: Y1 -> "-43.6309926"
 Parameter: Y2 -> "43.6230242"
 Parameter: YNCEL -> "436"
 Parameter: A -> "-13.4"
 Parameter: B -> "-13.2"

 A TOTAL OF   494358   VACUUM POINTS WERE FOUND
 A TOTAL OF   456122 OCCUPIED POINTS WERE FOUND
 A TOTAL OF        0 EXTERNAL POINTS WERE FOUND
 A TOTAL OF   494358 SELECTED POINTS WERE FOUND
 TOTAL OCCUPIED  VOLUME =     730.663021
 TOTAL SELECTED  VOLUME =     791.913369
 TOTAL FREE      VOLUME =     791.913369
 FRACTIONAL FREE VOLUME =      52.011405
  
 CHARMM>     
  
 CHARMM>    calc c = ?volume * @factor
 Parameter: FACTOR -> "5"
 RDCMND substituted energy or value "?VOLUME" to "730.663021"
Evaluating: 730.663021*5
 Parameter: C <- "3653.3151"
  
 CHARMM>     
  
 CHARMM>    if a .lt. -10 if a .gt. -20 if c .gt. @botarea set botarea = @c
 Parameter: BOTAREA -> "3632.48236"
 Parameter: C -> "3653.3151"
 Comparing "-13.4" and "-10".
 IF test evaluated as true.  Performing command
 Comparing "-13.4" and "-20".
 IF test evaluated as true.  Performing command
 Comparing "3653.3151" and "3632.48236".
 IF test evaluated as true.  Performing command
 Parameter: BOTAREA <- "3653.3151"
  
 CHARMM>    if a .gt.  10 if a .lt.  20 if c .gt. @toparea set toparea = @c
 Parameter: TOPAREA -> "-1"
 Parameter: C -> "3653.3151"
 Comparing "-13.4" and "10".
 IF test evaluated as false.  Skipping command
  
 CHARMM>     
  
 CHARMM>    write title unit 51
 RDTITL> * -13.2  3653.3151
 RDTITL> *
  
 CHARMM>     
  
 CHARMM>    incr a by @dcel
 Parameter: DCEL -> "0.2"
 Parameter: A <- "-13.2"
  
 CHARMM>    incr b by @dcel
 Parameter: DCEL -> "0.2"
 Parameter: B <- "-13"
  
 CHARMM>    if b le ?ZMAX goto DOAREA
 RDCMND substituted energy or value "?ZMAX" to "33.3514749"
 Comparing "-13" and "33.3514749".
 IF test evaluated as true.  Performing command
  
 CHARMM>     
  
 CHARMM>    ! Cross sectional protein area with whole atom.
 CHARMM>    scalar wmain = radius
  
 CHARMM>    scalar wmain mult 2.5   sele resname TIP3 end
 SELRPN>      0 atoms have been selected out of  15156
  
 CHARMM>    scalar wmain add  1.529 sele .not. resname TIP3 end
 SELRPN>  15156 atoms have been selected out of  15156
  
 CHARMM>    scalar wmain mult 0.85  sele .not. resname TIP3 end
 SELRPN>  15156 atoms have been selected out of  15156
  
 CHARMM>    calc zab = ( @a + @b ) / 2.0
 Parameter: A -> "-13.2"
 Parameter: B -> "-13"
Evaluating: (-13.2+-13)/2.0
 Parameter: ZAB <- "-13.1"
  
 CHARMM>     
  
 CHARMM>    coor search -
 CHARMM>         xmin @x1  xmax @x2  xgrip @xncel -
 CHARMM>         ymin @y1  ymax @y2  ygrip @yncel -
 CHARMM>         zmin @a   zmax @b   zgrip 5
 Parameter: X1 -> "-43.6244258"
 Parameter: X2 -> "43.6252187"
 Parameter: XNCEL -> "436"
 Parameter: Y1 -> "-43.6309926"
 Parameter: Y2 -> "43.6230242"
 Parameter: YNCEL -> "436"
 Parameter: A -> "-13.2"
 Parameter: B -> "-13"

 A TOTAL OF   492544   VACUUM POINTS WERE FOUND
 A TOTAL OF   457936 OCCUPIED POINTS WERE FOUND
 A TOTAL OF        0 EXTERNAL POINTS WERE FOUND
 A TOTAL OF   492544 SELECTED POINTS WERE FOUND
 TOTAL OCCUPIED  VOLUME =     733.568872
 TOTAL SELECTED  VOLUME =     789.007517
 TOTAL FREE      VOLUME =     789.007517
 FRACTIONAL FREE VOLUME =      51.820554
  
 CHARMM>     
  
 CHARMM>    calc c = ?volume * @factor
 Parameter: FACTOR -> "5"
 RDCMND substituted energy or value "?VOLUME" to "733.568872"
Evaluating: 733.568872*5
 Parameter: C <- "3667.84436"
  
 CHARMM>     
  
 CHARMM>    if a .lt. -10 if a .gt. -20 if c .gt. @botarea set botarea = @c
 Parameter: BOTAREA -> "3653.3151"
 Parameter: C -> "3667.84436"
 Comparing "-13.2" and "-10".
 IF test evaluated as true.  Performing command
 Comparing "-13.2" and "-20".
 IF test evaluated as true.  Performing command
 Comparing "3667.84436" and "3653.3151".
 IF test evaluated as true.  Performing command
 Parameter: BOTAREA <- "3667.84436"
  
 CHARMM>    if a .gt.  10 if a .lt.  20 if c .gt. @toparea set toparea = @c
 Parameter: TOPAREA -> "-1"
 Parameter: C -> "3667.84436"
 Comparing "-13.2" and "10".
 IF test evaluated as false.  Skipping command
  
 CHARMM>     
  
 CHARMM>    write title unit 51
 RDTITL> * -13  3667.84436
 RDTITL> *
  
 CHARMM>     
  
 CHARMM>    incr a by @dcel
 Parameter: DCEL -> "0.2"
 Parameter: A <- "-13"
  
 CHARMM>    incr b by @dcel
 Parameter: DCEL -> "0.2"
 Parameter: B <- "-12.8"
  
 CHARMM>    if b le ?ZMAX goto DOAREA
 RDCMND substituted energy or value "?ZMAX" to "33.3514749"
 Comparing "-12.8" and "33.3514749".
 IF test evaluated as true.  Performing command
  
 CHARMM>     
  
 CHARMM>    ! Cross sectional protein area with whole atom.
 CHARMM>    scalar wmain = radius
  
 CHARMM>    scalar wmain mult 2.5   sele resname TIP3 end
 SELRPN>      0 atoms have been selected out of  15156
  
 CHARMM>    scalar wmain add  1.529 sele .not. resname TIP3 end
 SELRPN>  15156 atoms have been selected out of  15156
  
 CHARMM>    scalar wmain mult 0.85  sele .not. resname TIP3 end
 SELRPN>  15156 atoms have been selected out of  15156
  
 CHARMM>    calc zab = ( @a + @b ) / 2.0
 Parameter: A -> "-13"
 Parameter: B -> "-12.8"
Evaluating: (-13+-12.8)/2.0
 Parameter: ZAB <- "-12.9"
  
 CHARMM>     
  
 CHARMM>    coor search -
 CHARMM>         xmin @x1  xmax @x2  xgrip @xncel -
 CHARMM>         ymin @y1  ymax @y2  ygrip @yncel -
 CHARMM>         zmin @a   zmax @b   zgrip 5
 Parameter: X1 -> "-43.6244258"
 Parameter: X2 -> "43.6252187"
 Parameter: XNCEL -> "436"
 Parameter: Y1 -> "-43.6309926"
 Parameter: Y2 -> "43.6230242"
 Parameter: YNCEL -> "436"
 Parameter: A -> "-13"
 Parameter: B -> "-12.8"

 A TOTAL OF   491161   VACUUM POINTS WERE FOUND
 A TOTAL OF   459319 OCCUPIED POINTS WERE FOUND
 A TOTAL OF        0 EXTERNAL POINTS WERE FOUND
 A TOTAL OF   491161 SELECTED POINTS WERE FOUND
 TOTAL OCCUPIED  VOLUME =     735.784303
 TOTAL SELECTED  VOLUME =     786.792086
 TOTAL FREE      VOLUME =     786.792086
 FRACTIONAL FREE VOLUME =      51.675048
  
 CHARMM>     
  
 CHARMM>    calc c = ?volume * @factor
 Parameter: FACTOR -> "5"
 RDCMND substituted energy or value "?VOLUME" to "735.784303"
Evaluating: 735.784303*5
 Parameter: C <- "3678.92151"
  
 CHARMM>     
  
 CHARMM>    if a .lt. -10 if a .gt. -20 if c .gt. @botarea set botarea = @c
 Parameter: BOTAREA -> "3667.84436"
 Parameter: C -> "3678.92151"
 Comparing "-13" and "-10".
 IF test evaluated as true.  Performing command
 Comparing "-13" and "-20".
 IF test evaluated as true.  Performing command
 Comparing "3678.92151" and "3667.84436".
 IF test evaluated as true.  Performing command
 Parameter: BOTAREA <- "3678.92151"
  
 CHARMM>    if a .gt.  10 if a .lt.  20 if c .gt. @toparea set toparea = @c
 Parameter: TOPAREA -> "-1"
 Parameter: C -> "3678.92151"
 Comparing "-13" and "10".
 IF test evaluated as false.  Skipping command
  
 CHARMM>     
  
 CHARMM>    write title unit 51
 RDTITL> * -12.8  3678.92151
 RDTITL> *
  
 CHARMM>     
  
 CHARMM>    incr a by @dcel
 Parameter: DCEL -> "0.2"
 Parameter: A <- "-12.8"
  
 CHARMM>    incr b by @dcel
 Parameter: DCEL -> "0.2"
 Parameter: B <- "-12.6"
  
 CHARMM>    if b le ?ZMAX goto DOAREA
 RDCMND substituted energy or value "?ZMAX" to "33.3514749"
 Comparing "-12.6" and "33.3514749".
 IF test evaluated as true.  Performing command
  
 CHARMM>     
  
 CHARMM>    ! Cross sectional protein area with whole atom.
 CHARMM>    scalar wmain = radius
  
 CHARMM>    scalar wmain mult 2.5   sele resname TIP3 end
 SELRPN>      0 atoms have been selected out of  15156
  
 CHARMM>    scalar wmain add  1.529 sele .not. resname TIP3 end
 SELRPN>  15156 atoms have been selected out of  15156
  
 CHARMM>    scalar wmain mult 0.85  sele .not. resname TIP3 end
 SELRPN>  15156 atoms have been selected out of  15156
  
 CHARMM>    calc zab = ( @a + @b ) / 2.0
 Parameter: A -> "-12.8"
 Parameter: B -> "-12.6"
Evaluating: (-12.8+-12.6)/2.0
 Parameter: ZAB <- "-12.7"
  
 CHARMM>     
  
 CHARMM>    coor search -
 CHARMM>         xmin @x1  xmax @x2  xgrip @xncel -
 CHARMM>         ymin @y1  ymax @y2  ygrip @yncel -
 CHARMM>         zmin @a   zmax @b   zgrip 5
 Parameter: X1 -> "-43.6244258"
 Parameter: X2 -> "43.6252187"
 Parameter: XNCEL -> "436"
 Parameter: Y1 -> "-43.6309926"
 Parameter: Y2 -> "43.6230242"
 Parameter: YNCEL -> "436"
 Parameter: A -> "-12.8"
 Parameter: B -> "-12.6"

 A TOTAL OF   489439   VACUUM POINTS WERE FOUND
 A TOTAL OF   461041 OCCUPIED POINTS WERE FOUND
 A TOTAL OF        0 EXTERNAL POINTS WERE FOUND
 A TOTAL OF   489439 SELECTED POINTS WERE FOUND
 TOTAL OCCUPIED  VOLUME =     738.542780
 TOTAL SELECTED  VOLUME =     784.033610
 TOTAL FREE      VOLUME =     784.033610
 FRACTIONAL FREE VOLUME =      51.493877
  
 CHARMM>     
  
 CHARMM>    calc c = ?volume * @factor
 Parameter: FACTOR -> "5"
 RDCMND substituted energy or value "?VOLUME" to "738.54278"
Evaluating: 738.54278*5
 Parameter: C <- "3692.7139"
  
 CHARMM>     
  
 CHARMM>    if a .lt. -10 if a .gt. -20 if c .gt. @botarea set botarea = @c
 Parameter: BOTAREA -> "3678.92151"
 Parameter: C -> "3692.7139"
 Comparing "-12.8" and "-10".
 IF test evaluated as true.  Performing command
 Comparing "-12.8" and "-20".
 IF test evaluated as true.  Performing command
 Comparing "3692.7139" and "3678.92151".
 IF test evaluated as true.  Performing command
 Parameter: BOTAREA <- "3692.7139"
  
 CHARMM>    if a .gt.  10 if a .lt.  20 if c .gt. @toparea set toparea = @c
 Parameter: TOPAREA -> "-1"
 Parameter: C -> "3692.7139"
 Comparing "-12.8" and "10".
 IF test evaluated as false.  Skipping command
  
 CHARMM>     
  
 CHARMM>    write title unit 51
 RDTITL> * -12.6  3692.7139
 RDTITL> *
  
 CHARMM>     
  
 CHARMM>    incr a by @dcel
 Parameter: DCEL -> "0.2"
 Parameter: A <- "-12.6"
  
 CHARMM>    incr b by @dcel
 Parameter: DCEL -> "0.2"
 Parameter: B <- "-12.4"
  
 CHARMM>    if b le ?ZMAX goto DOAREA
 RDCMND substituted energy or value "?ZMAX" to "33.3514749"
 Comparing "-12.4" and "33.3514749".
 IF test evaluated as true.  Performing command
  
 CHARMM>     
  
 CHARMM>    ! Cross sectional protein area with whole atom.
 CHARMM>    scalar wmain = radius
  
 CHARMM>    scalar wmain mult 2.5   sele resname TIP3 end
 SELRPN>      0 atoms have been selected out of  15156
  
 CHARMM>    scalar wmain add  1.529 sele .not. resname TIP3 end
 SELRPN>  15156 atoms have been selected out of  15156
  
 CHARMM>    scalar wmain mult 0.85  sele .not. resname TIP3 end
 SELRPN>  15156 atoms have been selected out of  15156
  
 CHARMM>    calc zab = ( @a + @b ) / 2.0
 Parameter: A -> "-12.6"
 Parameter: B -> "-12.4"
Evaluating: (-12.6+-12.4)/2.0
 Parameter: ZAB <- "-12.5"
  
 CHARMM>     
  
 CHARMM>    coor search -
 CHARMM>         xmin @x1  xmax @x2  xgrip @xncel -
 CHARMM>         ymin @y1  ymax @y2  ygrip @yncel -
 CHARMM>         zmin @a   zmax @b   zgrip 5
 Parameter: X1 -> "-43.6244258"
 Parameter: X2 -> "43.6252187"
 Parameter: XNCEL -> "436"
 Parameter: Y1 -> "-43.6309926"
 Parameter: Y2 -> "43.6230242"
 Parameter: YNCEL -> "436"
 Parameter: A -> "-12.6"
 Parameter: B -> "-12.4"

 A TOTAL OF   486692   VACUUM POINTS WERE FOUND
 A TOTAL OF   463788 OCCUPIED POINTS WERE FOUND
 A TOTAL OF        0 EXTERNAL POINTS WERE FOUND
 A TOTAL OF   486692 SELECTED POINTS WERE FOUND
 TOTAL OCCUPIED  VOLUME =     742.943206
 TOTAL SELECTED  VOLUME =     779.633183
 TOTAL FREE      VOLUME =     779.633183
 FRACTIONAL FREE VOLUME =      51.204865
  
 CHARMM>     
  
 CHARMM>    calc c = ?volume * @factor
 Parameter: FACTOR -> "5"
 RDCMND substituted energy or value "?VOLUME" to "742.943206"
Evaluating: 742.943206*5
 Parameter: C <- "3714.71603"
  
 CHARMM>     
  
 CHARMM>    if a .lt. -10 if a .gt. -20 if c .gt. @botarea set botarea = @c
 Parameter: BOTAREA -> "3692.7139"
 Parameter: C -> "3714.71603"
 Comparing "-12.6" and "-10".
 IF test evaluated as true.  Performing command
 Comparing "-12.6" and "-20".
 IF test evaluated as true.  Performing command
 Comparing "3714.71603" and "3692.7139".
 IF test evaluated as true.  Performing command
 Parameter: BOTAREA <- "3714.71603"
  
 CHARMM>    if a .gt.  10 if a .lt.  20 if c .gt. @toparea set toparea = @c
 Parameter: TOPAREA -> "-1"
 Parameter: C -> "3714.71603"
 Comparing "-12.6" and "10".
 IF test evaluated as false.  Skipping command
  
 CHARMM>     
  
 CHARMM>    write title unit 51
 RDTITL> * -12.4  3714.71603
 RDTITL> *
  
 CHARMM>     
  
 CHARMM>    incr a by @dcel
 Parameter: DCEL -> "0.2"
 Parameter: A <- "-12.4"
  
 CHARMM>    incr b by @dcel
 Parameter: DCEL -> "0.2"
 Parameter: B <- "-12.2"
  
 CHARMM>    if b le ?ZMAX goto DOAREA
 RDCMND substituted energy or value "?ZMAX" to "33.3514749"
 Comparing "-12.2" and "33.3514749".
 IF test evaluated as true.  Performing command
  
 CHARMM>     
  
 CHARMM>    ! Cross sectional protein area with whole atom.
 CHARMM>    scalar wmain = radius
  
 CHARMM>    scalar wmain mult 2.5   sele resname TIP3 end
 SELRPN>      0 atoms have been selected out of  15156
  
 CHARMM>    scalar wmain add  1.529 sele .not. resname TIP3 end
 SELRPN>  15156 atoms have been selected out of  15156
  
 CHARMM>    scalar wmain mult 0.85  sele .not. resname TIP3 end
 SELRPN>  15156 atoms have been selected out of  15156
  
 CHARMM>    calc zab = ( @a + @b ) / 2.0
 Parameter: A -> "-12.4"
 Parameter: B -> "-12.2"
Evaluating: (-12.4+-12.2)/2.0
 Parameter: ZAB <- "-12.3"
  
 CHARMM>     
  
 CHARMM>    coor search -
 CHARMM>         xmin @x1  xmax @x2  xgrip @xncel -
 CHARMM>         ymin @y1  ymax @y2  ygrip @yncel -
 CHARMM>         zmin @a   zmax @b   zgrip 5
 Parameter: X1 -> "-43.6244258"
 Parameter: X2 -> "43.6252187"
 Parameter: XNCEL -> "436"
 Parameter: Y1 -> "-43.6309926"
 Parameter: Y2 -> "43.6230242"
 Parameter: YNCEL -> "436"
 Parameter: A -> "-12.4"
 Parameter: B -> "-12.2"

 A TOTAL OF   482004   VACUUM POINTS WERE FOUND
 A TOTAL OF   468476 OCCUPIED POINTS WERE FOUND
 A TOTAL OF        0 EXTERNAL POINTS WERE FOUND
 A TOTAL OF   482004 SELECTED POINTS WERE FOUND
 TOTAL OCCUPIED  VOLUME =     750.452925
 TOTAL SELECTED  VOLUME =     772.123464
 TOTAL FREE      VOLUME =     772.123464
 FRACTIONAL FREE VOLUME =      50.711640
  
 CHARMM>     
  
 CHARMM>    calc c = ?volume * @factor
 Parameter: FACTOR -> "5"
 RDCMND substituted energy or value "?VOLUME" to "750.452925"
Evaluating: 750.452925*5
 Parameter: C <- "3752.26463"
  
 CHARMM>     
  
 CHARMM>    if a .lt. -10 if a .gt. -20 if c .gt. @botarea set botarea = @c
 Parameter: BOTAREA -> "3714.71603"
 Parameter: C -> "3752.26463"
 Comparing "-12.4" and "-10".
 IF test evaluated as true.  Performing command
 Comparing "-12.4" and "-20".
 IF test evaluated as true.  Performing command
 Comparing "3752.26463" and "3714.71603".
 IF test evaluated as true.  Performing command
 Parameter: BOTAREA <- "3752.26463"
  
 CHARMM>    if a .gt.  10 if a .lt.  20 if c .gt. @toparea set toparea = @c
 Parameter: TOPAREA -> "-1"
 Parameter: C -> "3752.26463"
 Comparing "-12.4" and "10".
 IF test evaluated as false.  Skipping command
  
 CHARMM>     
  
 CHARMM>    write title unit 51
 RDTITL> * -12.2  3752.26463
 RDTITL> *
  
 CHARMM>     
  
 CHARMM>    incr a by @dcel
 Parameter: DCEL -> "0.2"
 Parameter: A <- "-12.2"
  
 CHARMM>    incr b by @dcel
 Parameter: DCEL -> "0.2"
 Parameter: B <- "-12"
  
 CHARMM>    if b le ?ZMAX goto DOAREA
 RDCMND substituted energy or value "?ZMAX" to "33.3514749"
 Comparing "-12" and "33.3514749".
 IF test evaluated as true.  Performing command
  
 CHARMM>     
  
 CHARMM>    ! Cross sectional protein area with whole atom.
 CHARMM>    scalar wmain = radius
  
 CHARMM>    scalar wmain mult 2.5   sele resname TIP3 end
 SELRPN>      0 atoms have been selected out of  15156
  
 CHARMM>    scalar wmain add  1.529 sele .not. resname TIP3 end
 SELRPN>  15156 atoms have been selected out of  15156
  
 CHARMM>    scalar wmain mult 0.85  sele .not. resname TIP3 end
 SELRPN>  15156 atoms have been selected out of  15156
  
 CHARMM>    calc zab = ( @a + @b ) / 2.0
 Parameter: A -> "-12.2"
 Parameter: B -> "-12"
Evaluating: (-12.2+-12)/2.0
 Parameter: ZAB <- "-12.1"
  
 CHARMM>     
  
 CHARMM>    coor search -
 CHARMM>         xmin @x1  xmax @x2  xgrip @xncel -
 CHARMM>         ymin @y1  ymax @y2  ygrip @yncel -
 CHARMM>         zmin @a   zmax @b   zgrip 5
 Parameter: X1 -> "-43.6244258"
 Parameter: X2 -> "43.6252187"
 Parameter: XNCEL -> "436"
 Parameter: Y1 -> "-43.6309926"
 Parameter: Y2 -> "43.6230242"
 Parameter: YNCEL -> "436"
 Parameter: A -> "-12.2"
 Parameter: B -> "-12"

 A TOTAL OF   477826   VACUUM POINTS WERE FOUND
 A TOTAL OF   472654 OCCUPIED POINTS WERE FOUND
 A TOTAL OF        0 EXTERNAL POINTS WERE FOUND
 A TOTAL OF   477826 SELECTED POINTS WERE FOUND
 TOTAL OCCUPIED  VOLUME =     757.145675
 TOTAL SELECTED  VOLUME =     765.430715
 TOTAL FREE      VOLUME =     765.430715
 FRACTIONAL FREE VOLUME =      50.272073
  
 CHARMM>     
  
 CHARMM>    calc c = ?volume * @factor
 Parameter: FACTOR -> "5"
 RDCMND substituted energy or value "?VOLUME" to "757.145675"
Evaluating: 757.145675*5
 Parameter: C <- "3785.72837"
  
 CHARMM>     
  
 CHARMM>    if a .lt. -10 if a .gt. -20 if c .gt. @botarea set botarea = @c
 Parameter: BOTAREA -> "3752.26463"
 Parameter: C -> "3785.72837"
 Comparing "-12.2" and "-10".
 IF test evaluated as true.  Performing command
 Comparing "-12.2" and "-20".
 IF test evaluated as true.  Performing command
 Comparing "3785.72837" and "3752.26463".
 IF test evaluated as true.  Performing command
 Parameter: BOTAREA <- "3785.72837"
  
 CHARMM>    if a .gt.  10 if a .lt.  20 if c .gt. @toparea set toparea = @c
 Parameter: TOPAREA -> "-1"
 Parameter: C -> "3785.72837"
 Comparing "-12.2" and "10".
 IF test evaluated as false.  Skipping command
  
 CHARMM>     
  
 CHARMM>    write title unit 51
 RDTITL> * -12  3785.72837
 RDTITL> *
  
 CHARMM>     
  
 CHARMM>    incr a by @dcel
 Parameter: DCEL -> "0.2"
 Parameter: A <- "-12"
  
 CHARMM>    incr b by @dcel
 Parameter: DCEL -> "0.2"
 Parameter: B <- "-11.8"
  
 CHARMM>    if b le ?ZMAX goto DOAREA
 RDCMND substituted energy or value "?ZMAX" to "33.3514749"
 Comparing "-11.8" and "33.3514749".
 IF test evaluated as true.  Performing command
  
 CHARMM>     
  
 CHARMM>    ! Cross sectional protein area with whole atom.
 CHARMM>    scalar wmain = radius
  
 CHARMM>    scalar wmain mult 2.5   sele resname TIP3 end
 SELRPN>      0 atoms have been selected out of  15156
  
 CHARMM>    scalar wmain add  1.529 sele .not. resname TIP3 end
 SELRPN>  15156 atoms have been selected out of  15156
  
 CHARMM>    scalar wmain mult 0.85  sele .not. resname TIP3 end
 SELRPN>  15156 atoms have been selected out of  15156
  
 CHARMM>    calc zab = ( @a + @b ) / 2.0
 Parameter: A -> "-12"
 Parameter: B -> "-11.8"
Evaluating: (-12+-11.8)/2.0
 Parameter: ZAB <- "-11.9"
  
 CHARMM>     
  
 CHARMM>    coor search -
 CHARMM>         xmin @x1  xmax @x2  xgrip @xncel -
 CHARMM>         ymin @y1  ymax @y2  ygrip @yncel -
 CHARMM>         zmin @a   zmax @b   zgrip 5
 Parameter: X1 -> "-43.6244258"
 Parameter: X2 -> "43.6252187"
 Parameter: XNCEL -> "436"
 Parameter: Y1 -> "-43.6309926"
 Parameter: Y2 -> "43.6230242"
 Parameter: YNCEL -> "436"
 Parameter: A -> "-12"
 Parameter: B -> "-11.8"

 A TOTAL OF   474397   VACUUM POINTS WERE FOUND
 A TOTAL OF   476083 OCCUPIED POINTS WERE FOUND
 A TOTAL OF        0 EXTERNAL POINTS WERE FOUND
 A TOTAL OF   474397 SELECTED POINTS WERE FOUND
 TOTAL OCCUPIED  VOLUME =     762.638599
 TOTAL SELECTED  VOLUME =     759.937791
 TOTAL FREE      VOLUME =     759.937791
 FRACTIONAL FREE VOLUME =      49.911308
  
 CHARMM>     
  
 CHARMM>    calc c = ?volume * @factor
 Parameter: FACTOR -> "5"
 RDCMND substituted energy or value "?VOLUME" to "762.638599"
Evaluating: 762.638599*5
 Parameter: C <- "3813.19299"
  
 CHARMM>     
  
 CHARMM>    if a .lt. -10 if a .gt. -20 if c .gt. @botarea set botarea = @c
 Parameter: BOTAREA -> "3785.72837"
 Parameter: C -> "3813.19299"
 Comparing "-12" and "-10".
 IF test evaluated as true.  Performing command
 Comparing "-12" and "-20".
 IF test evaluated as true.  Performing command
 Comparing "3813.19299" and "3785.72837".
 IF test evaluated as true.  Performing command
 Parameter: BOTAREA <- "3813.19299"
  
 CHARMM>    if a .gt.  10 if a .lt.  20 if c .gt. @toparea set toparea = @c
 Parameter: TOPAREA -> "-1"
 Parameter: C -> "3813.19299"
 Comparing "-12" and "10".
 IF test evaluated as false.  Skipping command
  
 CHARMM>     
  
 CHARMM>    write title unit 51
 RDTITL> * -11.8  3813.19299
 RDTITL> *
  
 CHARMM>     
  
 CHARMM>    incr a by @dcel
 Parameter: DCEL -> "0.2"
 Parameter: A <- "-11.8"
  
 CHARMM>    incr b by @dcel
 Parameter: DCEL -> "0.2"
 Parameter: B <- "-11.6"
  
 CHARMM>    if b le ?ZMAX goto DOAREA
 RDCMND substituted energy or value "?ZMAX" to "33.3514749"
 Comparing "-11.6" and "33.3514749".
 IF test evaluated as true.  Performing command
  
 CHARMM>     
  
 CHARMM>    ! Cross sectional protein area with whole atom.
 CHARMM>    scalar wmain = radius
  
 CHARMM>    scalar wmain mult 2.5   sele resname TIP3 end
 SELRPN>      0 atoms have been selected out of  15156
  
 CHARMM>    scalar wmain add  1.529 sele .not. resname TIP3 end
 SELRPN>  15156 atoms have been selected out of  15156
  
 CHARMM>    scalar wmain mult 0.85  sele .not. resname TIP3 end
 SELRPN>  15156 atoms have been selected out of  15156
  
 CHARMM>    calc zab = ( @a + @b ) / 2.0
 Parameter: A -> "-11.8"
 Parameter: B -> "-11.6"
Evaluating: (-11.8+-11.6)/2.0
 Parameter: ZAB <- "-11.7"
  
 CHARMM>     
  
 CHARMM>    coor search -
 CHARMM>         xmin @x1  xmax @x2  xgrip @xncel -
 CHARMM>         ymin @y1  ymax @y2  ygrip @yncel -
 CHARMM>         zmin @a   zmax @b   zgrip 5
 Parameter: X1 -> "-43.6244258"
 Parameter: X2 -> "43.6252187"
 Parameter: XNCEL -> "436"
 Parameter: Y1 -> "-43.6309926"
 Parameter: Y2 -> "43.6230242"
 Parameter: YNCEL -> "436"
 Parameter: A -> "-11.8"
 Parameter: B -> "-11.6"

 A TOTAL OF   471948   VACUUM POINTS WERE FOUND
 A TOTAL OF   478532 OCCUPIED POINTS WERE FOUND
 A TOTAL OF        0 EXTERNAL POINTS WERE FOUND
 A TOTAL OF   471948 SELECTED POINTS WERE FOUND
 TOTAL OCCUPIED  VOLUME =     766.561658
 TOTAL SELECTED  VOLUME =     756.014731
 TOTAL FREE      VOLUME =     756.014731
 FRACTIONAL FREE VOLUME =      49.653649
  
 CHARMM>     
  
 CHARMM>    calc c = ?volume * @factor
 Parameter: FACTOR -> "5"
 RDCMND substituted energy or value "?VOLUME" to "766.561658"
Evaluating: 766.561658*5
 Parameter: C <- "3832.80829"
  
 CHARMM>     
  
 CHARMM>    if a .lt. -10 if a .gt. -20 if c .gt. @botarea set botarea = @c
 Parameter: BOTAREA -> "3813.19299"
 Parameter: C -> "3832.80829"
 Comparing "-11.8" and "-10".
 IF test evaluated as true.  Performing command
 Comparing "-11.8" and "-20".
 IF test evaluated as true.  Performing command
 Comparing "3832.80829" and "3813.19299".
 IF test evaluated as true.  Performing command
 Parameter: BOTAREA <- "3832.80829"
  
 CHARMM>    if a .gt.  10 if a .lt.  20 if c .gt. @toparea set toparea = @c
 Parameter: TOPAREA -> "-1"
 Parameter: C -> "3832.80829"
 Comparing "-11.8" and "10".
 IF test evaluated as false.  Skipping command
  
 CHARMM>     
  
 CHARMM>    write title unit 51
 RDTITL> * -11.6  3832.80829
 RDTITL> *
  
 CHARMM>     
  
 CHARMM>    incr a by @dcel
 Parameter: DCEL -> "0.2"
 Parameter: A <- "-11.6"
  
 CHARMM>    incr b by @dcel
 Parameter: DCEL -> "0.2"
 Parameter: B <- "-11.4"
  
 CHARMM>    if b le ?ZMAX goto DOAREA
 RDCMND substituted energy or value "?ZMAX" to "33.3514749"
 Comparing "-11.4" and "33.3514749".
 IF test evaluated as true.  Performing command
  
 CHARMM>     
  
 CHARMM>    ! Cross sectional protein area with whole atom.
 CHARMM>    scalar wmain = radius
  
 CHARMM>    scalar wmain mult 2.5   sele resname TIP3 end
 SELRPN>      0 atoms have been selected out of  15156
  
 CHARMM>    scalar wmain add  1.529 sele .not. resname TIP3 end
 SELRPN>  15156 atoms have been selected out of  15156
  
 CHARMM>    scalar wmain mult 0.85  sele .not. resname TIP3 end
 SELRPN>  15156 atoms have been selected out of  15156
  
 CHARMM>    calc zab = ( @a + @b ) / 2.0
 Parameter: A -> "-11.6"
 Parameter: B -> "-11.4"
Evaluating: (-11.6+-11.4)/2.0
 Parameter: ZAB <- "-11.5"
  
 CHARMM>     
  
 CHARMM>    coor search -
 CHARMM>         xmin @x1  xmax @x2  xgrip @xncel -
 CHARMM>         ymin @y1  ymax @y2  ygrip @yncel -
 CHARMM>         zmin @a   zmax @b   zgrip 5
 Parameter: X1 -> "-43.6244258"
 Parameter: X2 -> "43.6252187"
 Parameter: XNCEL -> "436"
 Parameter: Y1 -> "-43.6309926"
 Parameter: Y2 -> "43.6230242"
 Parameter: YNCEL -> "436"
 Parameter: A -> "-11.6"
 Parameter: B -> "-11.4"

 A TOTAL OF   470033   VACUUM POINTS WERE FOUND
 A TOTAL OF   480447 OCCUPIED POINTS WERE FOUND
 A TOTAL OF        0 EXTERNAL POINTS WERE FOUND
 A TOTAL OF   470033 SELECTED POINTS WERE FOUND
 TOTAL OCCUPIED  VOLUME =     769.629302
 TOTAL SELECTED  VOLUME =     752.947088
 TOTAL FREE      VOLUME =     752.947088
 FRACTIONAL FREE VOLUME =      49.452172
  
 CHARMM>     
  
 CHARMM>    calc c = ?volume * @factor
 Parameter: FACTOR -> "5"
 RDCMND substituted energy or value "?VOLUME" to "769.629302"
Evaluating: 769.629302*5
 Parameter: C <- "3848.14651"
  
 CHARMM>     
  
 CHARMM>    if a .lt. -10 if a .gt. -20 if c .gt. @botarea set botarea = @c
 Parameter: BOTAREA -> "3832.80829"
 Parameter: C -> "3848.14651"
 Comparing "-11.6" and "-10".
 IF test evaluated as true.  Performing command
 Comparing "-11.6" and "-20".
 IF test evaluated as true.  Performing command
 Comparing "3848.14651" and "3832.80829".
 IF test evaluated as true.  Performing command
 Parameter: BOTAREA <- "3848.14651"
  
 CHARMM>    if a .gt.  10 if a .lt.  20 if c .gt. @toparea set toparea = @c
 Parameter: TOPAREA -> "-1"
 Parameter: C -> "3848.14651"
 Comparing "-11.6" and "10".
 IF test evaluated as false.  Skipping command
  
 CHARMM>     
  
 CHARMM>    write title unit 51
 RDTITL> * -11.4  3848.14651
 RDTITL> *
  
 CHARMM>     
  
 CHARMM>    incr a by @dcel
 Parameter: DCEL -> "0.2"
 Parameter: A <- "-11.4"
  
 CHARMM>    incr b by @dcel
 Parameter: DCEL -> "0.2"
 Parameter: B <- "-11.2"
  
 CHARMM>    if b le ?ZMAX goto DOAREA
 RDCMND substituted energy or value "?ZMAX" to "33.3514749"
 Comparing "-11.2" and "33.3514749".
 IF test evaluated as true.  Performing command
  
 CHARMM>     
  
 CHARMM>    ! Cross sectional protein area with whole atom.
 CHARMM>    scalar wmain = radius
  
 CHARMM>    scalar wmain mult 2.5   sele resname TIP3 end
 SELRPN>      0 atoms have been selected out of  15156
  
 CHARMM>    scalar wmain add  1.529 sele .not. resname TIP3 end
 SELRPN>  15156 atoms have been selected out of  15156
  
 CHARMM>    scalar wmain mult 0.85  sele .not. resname TIP3 end
 SELRPN>  15156 atoms have been selected out of  15156
  
 CHARMM>    calc zab = ( @a + @b ) / 2.0
 Parameter: A -> "-11.4"
 Parameter: B -> "-11.2"
Evaluating: (-11.4+-11.2)/2.0
 Parameter: ZAB <- "-11.3"
  
 CHARMM>     
  
 CHARMM>    coor search -
 CHARMM>         xmin @x1  xmax @x2  xgrip @xncel -
 CHARMM>         ymin @y1  ymax @y2  ygrip @yncel -
 CHARMM>         zmin @a   zmax @b   zgrip 5
 Parameter: X1 -> "-43.6244258"
 Parameter: X2 -> "43.6252187"
 Parameter: XNCEL -> "436"
 Parameter: Y1 -> "-43.6309926"
 Parameter: Y2 -> "43.6230242"
 Parameter: YNCEL -> "436"
 Parameter: A -> "-11.4"
 Parameter: B -> "-11.2"

 A TOTAL OF   468345   VACUUM POINTS WERE FOUND
 A TOTAL OF   482135 OCCUPIED POINTS WERE FOUND
 A TOTAL OF        0 EXTERNAL POINTS WERE FOUND
 A TOTAL OF   468345 SELECTED POINTS WERE FOUND
 TOTAL OCCUPIED  VOLUME =     772.333313
 TOTAL SELECTED  VOLUME =     750.243076
 TOTAL FREE      VOLUME =     750.243076
 FRACTIONAL FREE VOLUME =      49.274577
  
 CHARMM>     
  
 CHARMM>    calc c = ?volume * @factor
 Parameter: FACTOR -> "5"
 RDCMND substituted energy or value "?VOLUME" to "772.333313"
Evaluating: 772.333313*5
 Parameter: C <- "3861.66656"
  
 CHARMM>     
  
 CHARMM>    if a .lt. -10 if a .gt. -20 if c .gt. @botarea set botarea = @c
 Parameter: BOTAREA -> "3848.14651"
 Parameter: C -> "3861.66656"
 Comparing "-11.4" and "-10".
 IF test evaluated as true.  Performing command
 Comparing "-11.4" and "-20".
 IF test evaluated as true.  Performing command
 Comparing "3861.66656" and "3848.14651".
 IF test evaluated as true.  Performing command
 Parameter: BOTAREA <- "3861.66656"
  
 CHARMM>    if a .gt.  10 if a .lt.  20 if c .gt. @toparea set toparea = @c
 Parameter: TOPAREA -> "-1"
 Parameter: C -> "3861.66656"
 Comparing "-11.4" and "10".
 IF test evaluated as false.  Skipping command
  
 CHARMM>     
  
 CHARMM>    write title unit 51
 RDTITL> * -11.2  3861.66656
 RDTITL> *
  
 CHARMM>     
  
 CHARMM>    incr a by @dcel
 Parameter: DCEL -> "0.2"
 Parameter: A <- "-11.2"
  
 CHARMM>    incr b by @dcel
 Parameter: DCEL -> "0.2"
 Parameter: B <- "-11"
  
 CHARMM>    if b le ?ZMAX goto DOAREA
 RDCMND substituted energy or value "?ZMAX" to "33.3514749"
 Comparing "-11" and "33.3514749".
 IF test evaluated as true.  Performing command
  
 CHARMM>     
  
 CHARMM>    ! Cross sectional protein area with whole atom.
 CHARMM>    scalar wmain = radius
  
 CHARMM>    scalar wmain mult 2.5   sele resname TIP3 end
 SELRPN>      0 atoms have been selected out of  15156
  
 CHARMM>    scalar wmain add  1.529 sele .not. resname TIP3 end
 SELRPN>  15156 atoms have been selected out of  15156
  
 CHARMM>    scalar wmain mult 0.85  sele .not. resname TIP3 end
 SELRPN>  15156 atoms have been selected out of  15156
  
 CHARMM>    calc zab = ( @a + @b ) / 2.0
 Parameter: A -> "-11.2"
 Parameter: B -> "-11"
Evaluating: (-11.2+-11)/2.0
 Parameter: ZAB <- "-11.1"
  
 CHARMM>     
  
 CHARMM>    coor search -
 CHARMM>         xmin @x1  xmax @x2  xgrip @xncel -
 CHARMM>         ymin @y1  ymax @y2  ygrip @yncel -
 CHARMM>         zmin @a   zmax @b   zgrip 5
 Parameter: X1 -> "-43.6244258"
 Parameter: X2 -> "43.6252187"
 Parameter: XNCEL -> "436"
 Parameter: Y1 -> "-43.6309926"
 Parameter: Y2 -> "43.6230242"
 Parameter: YNCEL -> "436"
 Parameter: A -> "-11.2"
 Parameter: B -> "-11"

 A TOTAL OF   466692   VACUUM POINTS WERE FOUND
 A TOTAL OF   483788 OCCUPIED POINTS WERE FOUND
 A TOTAL OF        0 EXTERNAL POINTS WERE FOUND
 A TOTAL OF   466692 SELECTED POINTS WERE FOUND
 TOTAL OCCUPIED  VOLUME =     774.981258
 TOTAL SELECTED  VOLUME =     747.595131
 TOTAL FREE      VOLUME =     747.595131
 FRACTIONAL FREE VOLUME =      49.100665
  
 CHARMM>     
  
 CHARMM>    calc c = ?volume * @factor
 Parameter: FACTOR -> "5"
 RDCMND substituted energy or value "?VOLUME" to "774.981258"
Evaluating: 774.981258*5
 Parameter: C <- "3874.90629"
  
 CHARMM>     
  
 CHARMM>    if a .lt. -10 if a .gt. -20 if c .gt. @botarea set botarea = @c
 Parameter: BOTAREA -> "3861.66656"
 Parameter: C -> "3874.90629"
 Comparing "-11.2" and "-10".
 IF test evaluated as true.  Performing command
 Comparing "-11.2" and "-20".
 IF test evaluated as true.  Performing command
 Comparing "3874.90629" and "3861.66656".
 IF test evaluated as true.  Performing command
 Parameter: BOTAREA <- "3874.90629"
  
 CHARMM>    if a .gt.  10 if a .lt.  20 if c .gt. @toparea set toparea = @c
 Parameter: TOPAREA -> "-1"
 Parameter: C -> "3874.90629"
 Comparing "-11.2" and "10".
 IF test evaluated as false.  Skipping command
  
 CHARMM>     
  
 CHARMM>    write title unit 51
 RDTITL> * -11  3874.90629
 RDTITL> *
  
 CHARMM>     
  
 CHARMM>    incr a by @dcel
 Parameter: DCEL -> "0.2"
 Parameter: A <- "-11"
  
 CHARMM>    incr b by @dcel
 Parameter: DCEL -> "0.2"
 Parameter: B <- "-10.8"
  
 CHARMM>    if b le ?ZMAX goto DOAREA
 RDCMND substituted energy or value "?ZMAX" to "33.3514749"
 Comparing "-10.8" and "33.3514749".
 IF test evaluated as true.  Performing command
  
 CHARMM>     
  
 CHARMM>    ! Cross sectional protein area with whole atom.
 CHARMM>    scalar wmain = radius
  
 CHARMM>    scalar wmain mult 2.5   sele resname TIP3 end
 SELRPN>      0 atoms have been selected out of  15156
  
 CHARMM>    scalar wmain add  1.529 sele .not. resname TIP3 end
 SELRPN>  15156 atoms have been selected out of  15156
  
 CHARMM>    scalar wmain mult 0.85  sele .not. resname TIP3 end
 SELRPN>  15156 atoms have been selected out of  15156
  
 CHARMM>    calc zab = ( @a + @b ) / 2.0
 Parameter: A -> "-11"
 Parameter: B -> "-10.8"
Evaluating: (-11+-10.8)/2.0
 Parameter: ZAB <- "-10.9"
  
 CHARMM>     
  
 CHARMM>    coor search -
 CHARMM>         xmin @x1  xmax @x2  xgrip @xncel -
 CHARMM>         ymin @y1  ymax @y2  ygrip @yncel -
 CHARMM>         zmin @a   zmax @b   zgrip 5
 Parameter: X1 -> "-43.6244258"
 Parameter: X2 -> "43.6252187"
 Parameter: XNCEL -> "436"
 Parameter: Y1 -> "-43.6309926"
 Parameter: Y2 -> "43.6230242"
 Parameter: YNCEL -> "436"
 Parameter: A -> "-11"
 Parameter: B -> "-10.8"

 A TOTAL OF   465834   VACUUM POINTS WERE FOUND
 A TOTAL OF   484646 OCCUPIED POINTS WERE FOUND
 A TOTAL OF        0 EXTERNAL POINTS WERE FOUND
 A TOTAL OF   465834 SELECTED POINTS WERE FOUND
 TOTAL OCCUPIED  VOLUME =     776.355691
 TOTAL SELECTED  VOLUME =     746.220699
 TOTAL FREE      VOLUME =     746.220699
 FRACTIONAL FREE VOLUME =      49.010395
  
 CHARMM>     
  
 CHARMM>    calc c = ?volume * @factor
 Parameter: FACTOR -> "5"
 RDCMND substituted energy or value "?VOLUME" to "776.355691"
Evaluating: 776.355691*5
 Parameter: C <- "3881.77845"
  
 CHARMM>     
  
 CHARMM>    if a .lt. -10 if a .gt. -20 if c .gt. @botarea set botarea = @c
 Parameter: BOTAREA -> "3874.90629"
 Parameter: C -> "3881.77845"
 Comparing "-11" and "-10".
 IF test evaluated as true.  Performing command
 Comparing "-11" and "-20".
 IF test evaluated as true.  Performing command
 Comparing "3881.77845" and "3874.90629".
 IF test evaluated as true.  Performing command
 Parameter: BOTAREA <- "3881.77845"
  
 CHARMM>    if a .gt.  10 if a .lt.  20 if c .gt. @toparea set toparea = @c
 Parameter: TOPAREA -> "-1"
 Parameter: C -> "3881.77845"
 Comparing "-11" and "10".
 IF test evaluated as false.  Skipping command
  
 CHARMM>     
  
 CHARMM>    write title unit 51
 RDTITL> * -10.8  3881.77845
 RDTITL> *
  
 CHARMM>     
  
 CHARMM>    incr a by @dcel
 Parameter: DCEL -> "0.2"
 Parameter: A <- "-10.8"
  
 CHARMM>    incr b by @dcel
 Parameter: DCEL -> "0.2"
 Parameter: B <- "-10.6"
  
 CHARMM>    if b le ?ZMAX goto DOAREA
 RDCMND substituted energy or value "?ZMAX" to "33.3514749"
 Comparing "-10.6" and "33.3514749".
 IF test evaluated as true.  Performing command
  
 CHARMM>     
  
 CHARMM>    ! Cross sectional protein area with whole atom.
 CHARMM>    scalar wmain = radius
  
 CHARMM>    scalar wmain mult 2.5   sele resname TIP3 end
 SELRPN>      0 atoms have been selected out of  15156
  
 CHARMM>    scalar wmain add  1.529 sele .not. resname TIP3 end
 SELRPN>  15156 atoms have been selected out of  15156
  
 CHARMM>    scalar wmain mult 0.85  sele .not. resname TIP3 end
 SELRPN>  15156 atoms have been selected out of  15156
  
 CHARMM>    calc zab = ( @a + @b ) / 2.0
 Parameter: A -> "-10.8"
 Parameter: B -> "-10.6"
Evaluating: (-10.8+-10.6)/2.0
 Parameter: ZAB <- "-10.7"
  
 CHARMM>     
  
 CHARMM>    coor search -
 CHARMM>         xmin @x1  xmax @x2  xgrip @xncel -
 CHARMM>         ymin @y1  ymax @y2  ygrip @yncel -
 CHARMM>         zmin @a   zmax @b   zgrip 5
 Parameter: X1 -> "-43.6244258"
 Parameter: X2 -> "43.6252187"
 Parameter: XNCEL -> "436"
 Parameter: Y1 -> "-43.6309926"
 Parameter: Y2 -> "43.6230242"
 Parameter: YNCEL -> "436"
 Parameter: A -> "-10.8"
 Parameter: B -> "-10.6"

 A TOTAL OF   464927   VACUUM POINTS WERE FOUND
 A TOTAL OF   485553 OCCUPIED POINTS WERE FOUND
 A TOTAL OF        0 EXTERNAL POINTS WERE FOUND
 A TOTAL OF   464927 SELECTED POINTS WERE FOUND
 TOTAL OCCUPIED  VOLUME =     777.808616
 TOTAL SELECTED  VOLUME =     744.767773
 TOTAL FREE      VOLUME =     744.767773
 FRACTIONAL FREE VOLUME =      48.914969
  
 CHARMM>     
  
 CHARMM>    calc c = ?volume * @factor
 Parameter: FACTOR -> "5"
 RDCMND substituted energy or value "?VOLUME" to "777.808616"
Evaluating: 777.808616*5
 Parameter: C <- "3889.04308"
  
 CHARMM>     
  
 CHARMM>    if a .lt. -10 if a .gt. -20 if c .gt. @botarea set botarea = @c
 Parameter: BOTAREA -> "3881.77845"
 Parameter: C -> "3889.04308"
 Comparing "-10.8" and "-10".
 IF test evaluated as true.  Performing command
 Comparing "-10.8" and "-20".
 IF test evaluated as true.  Performing command
 Comparing "3889.04308" and "3881.77845".
 IF test evaluated as true.  Performing command
 Parameter: BOTAREA <- "3889.04308"
  
 CHARMM>    if a .gt.  10 if a .lt.  20 if c .gt. @toparea set toparea = @c
 Parameter: TOPAREA -> "-1"
 Parameter: C -> "3889.04308"
 Comparing "-10.8" and "10".
 IF test evaluated as false.  Skipping command
  
 CHARMM>     
  
 CHARMM>    write title unit 51
 RDTITL> * -10.6  3889.04308
 RDTITL> *
  
 CHARMM>     
  
 CHARMM>    incr a by @dcel
 Parameter: DCEL -> "0.2"
 Parameter: A <- "-10.6"
  
 CHARMM>    incr b by @dcel
 Parameter: DCEL -> "0.2"
 Parameter: B <- "-10.4"
  
 CHARMM>    if b le ?ZMAX goto DOAREA
 RDCMND substituted energy or value "?ZMAX" to "33.3514749"
 Comparing "-10.4" and "33.3514749".
 IF test evaluated as true.  Performing command
  
 CHARMM>     
  
 CHARMM>    ! Cross sectional protein area with whole atom.
 CHARMM>    scalar wmain = radius
  
 CHARMM>    scalar wmain mult 2.5   sele resname TIP3 end
 SELRPN>      0 atoms have been selected out of  15156
  
 CHARMM>    scalar wmain add  1.529 sele .not. resname TIP3 end
 SELRPN>  15156 atoms have been selected out of  15156
  
 CHARMM>    scalar wmain mult 0.85  sele .not. resname TIP3 end
 SELRPN>  15156 atoms have been selected out of  15156
  
 CHARMM>    calc zab = ( @a + @b ) / 2.0
 Parameter: A -> "-10.6"
 Parameter: B -> "-10.4"
Evaluating: (-10.6+-10.4)/2.0
 Parameter: ZAB <- "-10.5"
  
 CHARMM>     
  
 CHARMM>    coor search -
 CHARMM>         xmin @x1  xmax @x2  xgrip @xncel -
 CHARMM>         ymin @y1  ymax @y2  ygrip @yncel -
 CHARMM>         zmin @a   zmax @b   zgrip 5
 Parameter: X1 -> "-43.6244258"
 Parameter: X2 -> "43.6252187"
 Parameter: XNCEL -> "436"
 Parameter: Y1 -> "-43.6309926"
 Parameter: Y2 -> "43.6230242"
 Parameter: YNCEL -> "436"
 Parameter: A -> "-10.6"
 Parameter: B -> "-10.4"

 A TOTAL OF   463074   VACUUM POINTS WERE FOUND
 A TOTAL OF   487406 OCCUPIED POINTS WERE FOUND
 A TOTAL OF        0 EXTERNAL POINTS WERE FOUND
 A TOTAL OF   463074 SELECTED POINTS WERE FOUND
 TOTAL OCCUPIED  VOLUME =     780.776942
 TOTAL SELECTED  VOLUME =     741.799448
 TOTAL FREE      VOLUME =     741.799448
 FRACTIONAL FREE VOLUME =      48.720015
  
 CHARMM>     
  
 CHARMM>    calc c = ?volume * @factor
 Parameter: FACTOR -> "5"
 RDCMND substituted energy or value "?VOLUME" to "780.776942"
Evaluating: 780.776942*5
 Parameter: C <- "3903.88471"
  
 CHARMM>     
  
 CHARMM>    if a .lt. -10 if a .gt. -20 if c .gt. @botarea set botarea = @c
 Parameter: BOTAREA -> "3889.04308"
 Parameter: C -> "3903.88471"
 Comparing "-10.6" and "-10".
 IF test evaluated as true.  Performing command
 Comparing "-10.6" and "-20".
 IF test evaluated as true.  Performing command
 Comparing "3903.88471" and "3889.04308".
 IF test evaluated as true.  Performing command
 Parameter: BOTAREA <- "3903.88471"
  
 CHARMM>    if a .gt.  10 if a .lt.  20 if c .gt. @toparea set toparea = @c
 Parameter: TOPAREA -> "-1"
 Parameter: C -> "3903.88471"
 Comparing "-10.6" and "10".
 IF test evaluated as false.  Skipping command
  
 CHARMM>     
  
 CHARMM>    write title unit 51
 RDTITL> * -10.4  3903.88471
 RDTITL> *
  
 CHARMM>     
  
 CHARMM>    incr a by @dcel
 Parameter: DCEL -> "0.2"
 Parameter: A <- "-10.4"
  
 CHARMM>    incr b by @dcel
 Parameter: DCEL -> "0.2"
 Parameter: B <- "-10.2"
  
 CHARMM>    if b le ?ZMAX goto DOAREA
 RDCMND substituted energy or value "?ZMAX" to "33.3514749"
 Comparing "-10.2" and "33.3514749".
 IF test evaluated as true.  Performing command
  
 CHARMM>     
  
 CHARMM>    ! Cross sectional protein area with whole atom.
 CHARMM>    scalar wmain = radius
  
 CHARMM>    scalar wmain mult 2.5   sele resname TIP3 end
 SELRPN>      0 atoms have been selected out of  15156
  
 CHARMM>    scalar wmain add  1.529 sele .not. resname TIP3 end
 SELRPN>  15156 atoms have been selected out of  15156
  
 CHARMM>    scalar wmain mult 0.85  sele .not. resname TIP3 end
 SELRPN>  15156 atoms have been selected out of  15156
  
 CHARMM>    calc zab = ( @a + @b ) / 2.0
 Parameter: A -> "-10.4"
 Parameter: B -> "-10.2"
Evaluating: (-10.4+-10.2)/2.0
 Parameter: ZAB <- "-10.3"
  
 CHARMM>     
  
 CHARMM>    coor search -
 CHARMM>         xmin @x1  xmax @x2  xgrip @xncel -
 CHARMM>         ymin @y1  ymax @y2  ygrip @yncel -
 CHARMM>         zmin @a   zmax @b   zgrip 5
 Parameter: X1 -> "-43.6244258"
 Parameter: X2 -> "43.6252187"
 Parameter: XNCEL -> "436"
 Parameter: Y1 -> "-43.6309926"
 Parameter: Y2 -> "43.6230242"
 Parameter: YNCEL -> "436"
 Parameter: A -> "-10.4"
 Parameter: B -> "-10.2"

 A TOTAL OF   461679   VACUUM POINTS WERE FOUND
 A TOTAL OF   488801 OCCUPIED POINTS WERE FOUND
 A TOTAL OF        0 EXTERNAL POINTS WERE FOUND
 A TOTAL OF   461679 SELECTED POINTS WERE FOUND
 TOTAL OCCUPIED  VOLUME =     783.011596
 TOTAL SELECTED  VOLUME =     739.564793
 TOTAL FREE      VOLUME =     739.564793
 FRACTIONAL FREE VOLUME =      48.573247
  
 CHARMM>     
  
 CHARMM>    calc c = ?volume * @factor
 Parameter: FACTOR -> "5"
 RDCMND substituted energy or value "?VOLUME" to "783.011596"
Evaluating: 783.011596*5
 Parameter: C <- "3915.05798"
  
 CHARMM>     
  
 CHARMM>    if a .lt. -10 if a .gt. -20 if c .gt. @botarea set botarea = @c
 Parameter: BOTAREA -> "3903.88471"
 Parameter: C -> "3915.05798"
 Comparing "-10.4" and "-10".
 IF test evaluated as true.  Performing command
 Comparing "-10.4" and "-20".
 IF test evaluated as true.  Performing command
 Comparing "3915.05798" and "3903.88471".
 IF test evaluated as true.  Performing command
 Parameter: BOTAREA <- "3915.05798"
  
 CHARMM>    if a .gt.  10 if a .lt.  20 if c .gt. @toparea set toparea = @c
 Parameter: TOPAREA -> "-1"
 Parameter: C -> "3915.05798"
 Comparing "-10.4" and "10".
 IF test evaluated as false.  Skipping command
  
 CHARMM>     
  
 CHARMM>    write title unit 51
 RDTITL> * -10.2  3915.05798
 RDTITL> *
  
 CHARMM>     
  
 CHARMM>    incr a by @dcel
 Parameter: DCEL -> "0.2"
 Parameter: A <- "-10.2"
  
 CHARMM>    incr b by @dcel
 Parameter: DCEL -> "0.2"
 Parameter: B <- "-10"
  
 CHARMM>    if b le ?ZMAX goto DOAREA
 RDCMND substituted energy or value "?ZMAX" to "33.3514749"
 Comparing "-10" and "33.3514749".
 IF test evaluated as true.  Performing command
  
 CHARMM>     
  
 CHARMM>    ! Cross sectional protein area with whole atom.
 CHARMM>    scalar wmain = radius
  
 CHARMM>    scalar wmain mult 2.5   sele resname TIP3 end
 SELRPN>      0 atoms have been selected out of  15156
  
 CHARMM>    scalar wmain add  1.529 sele .not. resname TIP3 end
 SELRPN>  15156 atoms have been selected out of  15156
  
 CHARMM>    scalar wmain mult 0.85  sele .not. resname TIP3 end
 SELRPN>  15156 atoms have been selected out of  15156
  
 CHARMM>    calc zab = ( @a + @b ) / 2.0
 Parameter: A -> "-10.2"
 Parameter: B -> "-10"
Evaluating: (-10.2+-10)/2.0
 Parameter: ZAB <- "-10.1"
  
 CHARMM>     
  
 CHARMM>    coor search -
 CHARMM>         xmin @x1  xmax @x2  xgrip @xncel -
 CHARMM>         ymin @y1  ymax @y2  ygrip @yncel -
 CHARMM>         zmin @a   zmax @b   zgrip 5
 Parameter: X1 -> "-43.6244258"
 Parameter: X2 -> "43.6252187"
 Parameter: XNCEL -> "436"
 Parameter: Y1 -> "-43.6309926"
 Parameter: Y2 -> "43.6230242"
 Parameter: YNCEL -> "436"
 Parameter: A -> "-10.2"
 Parameter: B -> "-10"

 A TOTAL OF   460039   VACUUM POINTS WERE FOUND
 A TOTAL OF   490441 OCCUPIED POINTS WERE FOUND
 A TOTAL OF        0 EXTERNAL POINTS WERE FOUND
 A TOTAL OF   460039 SELECTED POINTS WERE FOUND
 TOTAL OCCUPIED  VOLUME =     785.638716
 TOTAL SELECTED  VOLUME =     736.937673
 TOTAL FREE      VOLUME =     736.937673
 FRACTIONAL FREE VOLUME =      48.400703
  
 CHARMM>     
  
 CHARMM>    calc c = ?volume * @factor
 Parameter: FACTOR -> "5"
 RDCMND substituted energy or value "?VOLUME" to "785.638716"
Evaluating: 785.638716*5
 Parameter: C <- "3928.19358"
  
 CHARMM>     
  
 CHARMM>    if a .lt. -10 if a .gt. -20 if c .gt. @botarea set botarea = @c
 Parameter: BOTAREA -> "3915.05798"
 Parameter: C -> "3928.19358"
 Comparing "-10.2" and "-10".
 IF test evaluated as true.  Performing command
 Comparing "-10.2" and "-20".
 IF test evaluated as true.  Performing command
 Comparing "3928.19358" and "3915.05798".
 IF test evaluated as true.  Performing command
 Parameter: BOTAREA <- "3928.19358"
  
 CHARMM>    if a .gt.  10 if a .lt.  20 if c .gt. @toparea set toparea = @c
 Parameter: TOPAREA -> "-1"
 Parameter: C -> "3928.19358"
 Comparing "-10.2" and "10".
 IF test evaluated as false.  Skipping command
  
 CHARMM>     
  
 CHARMM>    write title unit 51
 RDTITL> * -10  3928.19358
 RDTITL> *
  
 CHARMM>     
  
 CHARMM>    incr a by @dcel
 Parameter: DCEL -> "0.2"
 Parameter: A <- "-10"
  
 CHARMM>    incr b by @dcel
 Parameter: DCEL -> "0.2"
 Parameter: B <- "-9.8"
  
 CHARMM>    if b le ?ZMAX goto DOAREA
 RDCMND substituted energy or value "?ZMAX" to "33.3514749"
 Comparing "-9.8" and "33.3514749".
 IF test evaluated as true.  Performing command
  
 CHARMM>     
  
 CHARMM>    ! Cross sectional protein area with whole atom.
 CHARMM>    scalar wmain = radius
  
 CHARMM>    scalar wmain mult 2.5   sele resname TIP3 end
 SELRPN>      0 atoms have been selected out of  15156
  
 CHARMM>    scalar wmain add  1.529 sele .not. resname TIP3 end
 SELRPN>  15156 atoms have been selected out of  15156
  
 CHARMM>    scalar wmain mult 0.85  sele .not. resname TIP3 end
 SELRPN>  15156 atoms have been selected out of  15156
  
 CHARMM>    calc zab = ( @a + @b ) / 2.0
 Parameter: A -> "-10"
 Parameter: B -> "-9.8"
Evaluating: (-10+-9.8)/2.0
 Parameter: ZAB <- "-9.9"
  
 CHARMM>     
  
 CHARMM>    coor search -
 CHARMM>         xmin @x1  xmax @x2  xgrip @xncel -
 CHARMM>         ymin @y1  ymax @y2  ygrip @yncel -
 CHARMM>         zmin @a   zmax @b   zgrip 5
 Parameter: X1 -> "-43.6244258"
 Parameter: X2 -> "43.6252187"
 Parameter: XNCEL -> "436"
 Parameter: Y1 -> "-43.6309926"
 Parameter: Y2 -> "43.6230242"
 Parameter: YNCEL -> "436"
 Parameter: A -> "-10"
 Parameter: B -> "-9.8"

 A TOTAL OF   457391   VACUUM POINTS WERE FOUND
 A TOTAL OF   493089 OCCUPIED POINTS WERE FOUND
 A TOTAL OF        0 EXTERNAL POINTS WERE FOUND
 A TOTAL OF   457391 SELECTED POINTS WERE FOUND
 TOTAL OCCUPIED  VOLUME =     789.880554
 TOTAL SELECTED  VOLUME =     732.695835
 TOTAL FREE      VOLUME =     732.695835
 FRACTIONAL FREE VOLUME =      48.122107
  
 CHARMM>     
  
 CHARMM>    calc c = ?volume * @factor
 Parameter: FACTOR -> "5"
 RDCMND substituted energy or value "?VOLUME" to "789.880554"
Evaluating: 789.880554*5
 Parameter: C <- "3949.40277"
  
 CHARMM>     
  
 CHARMM>    if a .lt. -10 if a .gt. -20 if c .gt. @botarea set botarea = @c
 Parameter: BOTAREA -> "3928.19358"
 Parameter: C -> "3949.40277"
 Comparing "-10" and "-10".
 IF test evaluated as false.  Skipping command
  
 CHARMM>    if a .gt.  10 if a .lt.  20 if c .gt. @toparea set toparea = @c
 Parameter: TOPAREA -> "-1"
 Parameter: C -> "3949.40277"
 Comparing "-10" and "10".
 IF test evaluated as false.  Skipping command
  
 CHARMM>     
  
 CHARMM>    write title unit 51
 RDTITL> * -9.8  3949.40277
 RDTITL> *
  
 CHARMM>     
  
 CHARMM>    incr a by @dcel
 Parameter: DCEL -> "0.2"
 Parameter: A <- "-9.8"
  
 CHARMM>    incr b by @dcel
 Parameter: DCEL -> "0.2"
 Parameter: B <- "-9.6"
  
 CHARMM>    if b le ?ZMAX goto DOAREA
 RDCMND substituted energy or value "?ZMAX" to "33.3514749"
 Comparing "-9.6" and "33.3514749".
 IF test evaluated as true.  Performing command
  
 CHARMM>     
  
 CHARMM>    ! Cross sectional protein area with whole atom.
 CHARMM>    scalar wmain = radius
  
 CHARMM>    scalar wmain mult 2.5   sele resname TIP3 end
 SELRPN>      0 atoms have been selected out of  15156
  
 CHARMM>    scalar wmain add  1.529 sele .not. resname TIP3 end
 SELRPN>  15156 atoms have been selected out of  15156
  
 CHARMM>    scalar wmain mult 0.85  sele .not. resname TIP3 end
 SELRPN>  15156 atoms have been selected out of  15156
  
 CHARMM>    calc zab = ( @a + @b ) / 2.0
 Parameter: A -> "-9.8"
 Parameter: B -> "-9.6"
Evaluating: (-9.8+-9.6)/2.0
 Parameter: ZAB <- "-9.7"
  
 CHARMM>     
  
 CHARMM>    coor search -
 CHARMM>         xmin @x1  xmax @x2  xgrip @xncel -
 CHARMM>         ymin @y1  ymax @y2  ygrip @yncel -
 CHARMM>         zmin @a   zmax @b   zgrip 5
 Parameter: X1 -> "-43.6244258"
 Parameter: X2 -> "43.6252187"
 Parameter: XNCEL -> "436"
 Parameter: Y1 -> "-43.6309926"
 Parameter: Y2 -> "43.6230242"
 Parameter: YNCEL -> "436"
 Parameter: A -> "-9.8"
 Parameter: B -> "-9.6"

 A TOTAL OF   452927   VACUUM POINTS WERE FOUND
 A TOTAL OF   497553 OCCUPIED POINTS WERE FOUND
 A TOTAL OF        0 EXTERNAL POINTS WERE FOUND
 A TOTAL OF   452927 SELECTED POINTS WERE FOUND
 TOTAL OCCUPIED  VOLUME =     797.031448
 TOTAL SELECTED  VOLUME =     725.544942
 TOTAL FREE      VOLUME =     725.544942
 FRACTIONAL FREE VOLUME =      47.652449
  
 CHARMM>     
  
 CHARMM>    calc c = ?volume * @factor
 Parameter: FACTOR -> "5"
 RDCMND substituted energy or value "?VOLUME" to "797.031448"
Evaluating: 797.031448*5
 Parameter: C <- "3985.15724"
  
 CHARMM>     
  
 CHARMM>    if a .lt. -10 if a .gt. -20 if c .gt. @botarea set botarea = @c
 Parameter: BOTAREA -> "3928.19358"
 Parameter: C -> "3985.15724"
 Comparing "-9.8" and "-10".
 IF test evaluated as false.  Skipping command
  
 CHARMM>    if a .gt.  10 if a .lt.  20 if c .gt. @toparea set toparea = @c
 Parameter: TOPAREA -> "-1"
 Parameter: C -> "3985.15724"
 Comparing "-9.8" and "10".
 IF test evaluated as false.  Skipping command
  
 CHARMM>     
  
 CHARMM>    write title unit 51
 RDTITL> * -9.6  3985.15724
 RDTITL> *
  
 CHARMM>     
  
 CHARMM>    incr a by @dcel
 Parameter: DCEL -> "0.2"
 Parameter: A <- "-9.6"
  
 CHARMM>    incr b by @dcel
 Parameter: DCEL -> "0.2"
 Parameter: B <- "-9.4"
  
 CHARMM>    if b le ?ZMAX goto DOAREA
 RDCMND substituted energy or value "?ZMAX" to "33.3514749"
 Comparing "-9.4" and "33.3514749".
 IF test evaluated as true.  Performing command
  
 CHARMM>     
  
 CHARMM>    ! Cross sectional protein area with whole atom.
 CHARMM>    scalar wmain = radius
  
 CHARMM>    scalar wmain mult 2.5   sele resname TIP3 end
 SELRPN>      0 atoms have been selected out of  15156
  
 CHARMM>    scalar wmain add  1.529 sele .not. resname TIP3 end
 SELRPN>  15156 atoms have been selected out of  15156
  
 CHARMM>    scalar wmain mult 0.85  sele .not. resname TIP3 end
 SELRPN>  15156 atoms have been selected out of  15156
  
 CHARMM>    calc zab = ( @a + @b ) / 2.0
 Parameter: A -> "-9.6"
 Parameter: B -> "-9.4"
Evaluating: (-9.6+-9.4)/2.0
 Parameter: ZAB <- "-9.5"
  
 CHARMM>     
  
 CHARMM>    coor search -
 CHARMM>         xmin @x1  xmax @x2  xgrip @xncel -
 CHARMM>         ymin @y1  ymax @y2  ygrip @yncel -
 CHARMM>         zmin @a   zmax @b   zgrip 5
 Parameter: X1 -> "-43.6244258"
 Parameter: X2 -> "43.6252187"
 Parameter: XNCEL -> "436"
 Parameter: Y1 -> "-43.6309926"
 Parameter: Y2 -> "43.6230242"
 Parameter: YNCEL -> "436"
 Parameter: A -> "-9.6"
 Parameter: B -> "-9.4"

 A TOTAL OF   449546   VACUUM POINTS WERE FOUND
 A TOTAL OF   500934 OCCUPIED POINTS WERE FOUND
 A TOTAL OF        0 EXTERNAL POINTS WERE FOUND
 A TOTAL OF   449546 SELECTED POINTS WERE FOUND
 TOTAL OCCUPIED  VOLUME =     802.447480
 TOTAL SELECTED  VOLUME =     720.128909
 TOTAL FREE      VOLUME =     720.128909
 FRACTIONAL FREE VOLUME =      47.296734
  
 CHARMM>     
  
 CHARMM>    calc c = ?volume * @factor
 Parameter: FACTOR -> "5"
 RDCMND substituted energy or value "?VOLUME" to "802.44748"
Evaluating: 802.44748*5
 Parameter: C <- "4012.2374"
  
 CHARMM>     
  
 CHARMM>    if a .lt. -10 if a .gt. -20 if c .gt. @botarea set botarea = @c
 Parameter: BOTAREA -> "3928.19358"
 Parameter: C -> "4012.2374"
 Comparing "-9.6" and "-10".
 IF test evaluated as false.  Skipping command
  
 CHARMM>    if a .gt.  10 if a .lt.  20 if c .gt. @toparea set toparea = @c
 Parameter: TOPAREA -> "-1"
 Parameter: C -> "4012.2374"
 Comparing "-9.6" and "10".
 IF test evaluated as false.  Skipping command
  
 CHARMM>     
  
 CHARMM>    write title unit 51
 RDTITL> * -9.4  4012.2374
 RDTITL> *
  
 CHARMM>     
  
 CHARMM>    incr a by @dcel
 Parameter: DCEL -> "0.2"
 Parameter: A <- "-9.4"
  
 CHARMM>    incr b by @dcel
 Parameter: DCEL -> "0.2"
 Parameter: B <- "-9.2"
  
 CHARMM>    if b le ?ZMAX goto DOAREA
 RDCMND substituted energy or value "?ZMAX" to "33.3514749"
 Comparing "-9.2" and "33.3514749".
 IF test evaluated as true.  Performing command
  
 CHARMM>     
  
 CHARMM>    ! Cross sectional protein area with whole atom.
 CHARMM>    scalar wmain = radius
  
 CHARMM>    scalar wmain mult 2.5   sele resname TIP3 end
 SELRPN>      0 atoms have been selected out of  15156
  
 CHARMM>    scalar wmain add  1.529 sele .not. resname TIP3 end
 SELRPN>  15156 atoms have been selected out of  15156
  
 CHARMM>    scalar wmain mult 0.85  sele .not. resname TIP3 end
 SELRPN>  15156 atoms have been selected out of  15156
  
 CHARMM>    calc zab = ( @a + @b ) / 2.0
 Parameter: A -> "-9.4"
 Parameter: B -> "-9.2"
Evaluating: (-9.4+-9.2)/2.0
 Parameter: ZAB <- "-9.3"
  
 CHARMM>     
  
 CHARMM>    coor search -
 CHARMM>         xmin @x1  xmax @x2  xgrip @xncel -
 CHARMM>         ymin @y1  ymax @y2  ygrip @yncel -
 CHARMM>         zmin @a   zmax @b   zgrip 5
 Parameter: X1 -> "-43.6244258"
 Parameter: X2 -> "43.6252187"
 Parameter: XNCEL -> "436"
 Parameter: Y1 -> "-43.6309926"
 Parameter: Y2 -> "43.6230242"
 Parameter: YNCEL -> "436"
 Parameter: A -> "-9.4"
 Parameter: B -> "-9.2"

 A TOTAL OF   446710   VACUUM POINTS WERE FOUND
 A TOTAL OF   503770 OCCUPIED POINTS WERE FOUND
 A TOTAL OF        0 EXTERNAL POINTS WERE FOUND
 A TOTAL OF   446710 SELECTED POINTS WERE FOUND
 TOTAL OCCUPIED  VOLUME =     806.990476
 TOTAL SELECTED  VOLUME =     715.585913
 TOTAL FREE      VOLUME =     715.585913
 FRACTIONAL FREE VOLUME =      46.998359
  
 CHARMM>     
  
 CHARMM>    calc c = ?volume * @factor
 Parameter: FACTOR -> "5"
 RDCMND substituted energy or value "?VOLUME" to "806.990476"
Evaluating: 806.990476*5
 Parameter: C <- "4034.95238"
  
 CHARMM>     
  
 CHARMM>    if a .lt. -10 if a .gt. -20 if c .gt. @botarea set botarea = @c
 Parameter: BOTAREA -> "3928.19358"
 Parameter: C -> "4034.95238"
 Comparing "-9.4" and "-10".
 IF test evaluated as false.  Skipping command
  
 CHARMM>    if a .gt.  10 if a .lt.  20 if c .gt. @toparea set toparea = @c
 Parameter: TOPAREA -> "-1"
 Parameter: C -> "4034.95238"
 Comparing "-9.4" and "10".
 IF test evaluated as false.  Skipping command
  
 CHARMM>     
  
 CHARMM>    write title unit 51
 RDTITL> * -9.2  4034.95238
 RDTITL> *
  
 CHARMM>     
  
 CHARMM>    incr a by @dcel
 Parameter: DCEL -> "0.2"
 Parameter: A <- "-9.2"
  
 CHARMM>    incr b by @dcel
 Parameter: DCEL -> "0.2"
 Parameter: B <- "-9"
  
 CHARMM>    if b le ?ZMAX goto DOAREA
 RDCMND substituted energy or value "?ZMAX" to "33.3514749"
 Comparing "-9" and "33.3514749".
 IF test evaluated as true.  Performing command
  
 CHARMM>     
  
 CHARMM>    ! Cross sectional protein area with whole atom.
 CHARMM>    scalar wmain = radius
  
 CHARMM>    scalar wmain mult 2.5   sele resname TIP3 end
 SELRPN>      0 atoms have been selected out of  15156
  
 CHARMM>    scalar wmain add  1.529 sele .not. resname TIP3 end
 SELRPN>  15156 atoms have been selected out of  15156
  
 CHARMM>    scalar wmain mult 0.85  sele .not. resname TIP3 end
 SELRPN>  15156 atoms have been selected out of  15156
  
 CHARMM>    calc zab = ( @a + @b ) / 2.0
 Parameter: A -> "-9.2"
 Parameter: B -> "-9"
Evaluating: (-9.2+-9)/2.0
 Parameter: ZAB <- "-9.1"
  
 CHARMM>     
  
 CHARMM>    coor search -
 CHARMM>         xmin @x1  xmax @x2  xgrip @xncel -
 CHARMM>         ymin @y1  ymax @y2  ygrip @yncel -
 CHARMM>         zmin @a   zmax @b   zgrip 5
 Parameter: X1 -> "-43.6244258"
 Parameter: X2 -> "43.6252187"
 Parameter: XNCEL -> "436"
 Parameter: Y1 -> "-43.6309926"
 Parameter: Y2 -> "43.6230242"
 Parameter: YNCEL -> "436"
 Parameter: A -> "-9.2"
 Parameter: B -> "-9"

 A TOTAL OF   444252   VACUUM POINTS WERE FOUND
 A TOTAL OF   506228 OCCUPIED POINTS WERE FOUND
 A TOTAL OF        0 EXTERNAL POINTS WERE FOUND
 A TOTAL OF   444252 SELECTED POINTS WERE FOUND
 TOTAL OCCUPIED  VOLUME =     810.927953
 TOTAL SELECTED  VOLUME =     711.648437
 TOTAL FREE      VOLUME =     711.648437
 FRACTIONAL FREE VOLUME =      46.739753
  
 CHARMM>     
  
 CHARMM>    calc c = ?volume * @factor
 Parameter: FACTOR -> "5"
 RDCMND substituted energy or value "?VOLUME" to "810.927953"
Evaluating: 810.927953*5
 Parameter: C <- "4054.63976"
  
 CHARMM>     
  
 CHARMM>    if a .lt. -10 if a .gt. -20 if c .gt. @botarea set botarea = @c
 Parameter: BOTAREA -> "3928.19358"
 Parameter: C -> "4054.63976"
 Comparing "-9.2" and "-10".
 IF test evaluated as false.  Skipping command
  
 CHARMM>    if a .gt.  10 if a .lt.  20 if c .gt. @toparea set toparea = @c
 Parameter: TOPAREA -> "-1"
 Parameter: C -> "4054.63976"
 Comparing "-9.2" and "10".
 IF test evaluated as false.  Skipping command
  
 CHARMM>     
  
 CHARMM>    write title unit 51
 RDTITL> * -9  4054.63976
 RDTITL> *
  
 CHARMM>     
  
 CHARMM>    incr a by @dcel
 Parameter: DCEL -> "0.2"
 Parameter: A <- "-9"
  
 CHARMM>    incr b by @dcel
 Parameter: DCEL -> "0.2"
 Parameter: B <- "-8.8"
  
 CHARMM>    if b le ?ZMAX goto DOAREA
 RDCMND substituted energy or value "?ZMAX" to "33.3514749"
 Comparing "-8.8" and "33.3514749".
 IF test evaluated as true.  Performing command
  
 CHARMM>     
  
 CHARMM>    ! Cross sectional protein area with whole atom.
 CHARMM>    scalar wmain = radius
  
 CHARMM>    scalar wmain mult 2.5   sele resname TIP3 end
 SELRPN>      0 atoms have been selected out of  15156
  
 CHARMM>    scalar wmain add  1.529 sele .not. resname TIP3 end
 SELRPN>  15156 atoms have been selected out of  15156
  
 CHARMM>    scalar wmain mult 0.85  sele .not. resname TIP3 end
 SELRPN>  15156 atoms have been selected out of  15156
  
 CHARMM>    calc zab = ( @a + @b ) / 2.0
 Parameter: A -> "-9"
 Parameter: B -> "-8.8"
Evaluating: (-9+-8.8)/2.0
 Parameter: ZAB <- "-8.9"
  
 CHARMM>     
  
 CHARMM>    coor search -
 CHARMM>         xmin @x1  xmax @x2  xgrip @xncel -
 CHARMM>         ymin @y1  ymax @y2  ygrip @yncel -
 CHARMM>         zmin @a   zmax @b   zgrip 5
 Parameter: X1 -> "-43.6244258"
 Parameter: X2 -> "43.6252187"
 Parameter: XNCEL -> "436"
 Parameter: Y1 -> "-43.6309926"
 Parameter: Y2 -> "43.6230242"
 Parameter: YNCEL -> "436"
 Parameter: A -> "-9"
 Parameter: B -> "-8.8"

 A TOTAL OF   442577   VACUUM POINTS WERE FOUND
 A TOTAL OF   507903 OCCUPIED POINTS WERE FOUND
 A TOTAL OF        0 EXTERNAL POINTS WERE FOUND
 A TOTAL OF   442577 SELECTED POINTS WERE FOUND
 TOTAL OCCUPIED  VOLUME =     813.611140
 TOTAL SELECTED  VOLUME =     708.965250
 TOTAL FREE      VOLUME =     708.965250
 FRACTIONAL FREE VOLUME =      46.563526
  
 CHARMM>     
  
 CHARMM>    calc c = ?volume * @factor
 Parameter: FACTOR -> "5"
 RDCMND substituted energy or value "?VOLUME" to "813.61114"
Evaluating: 813.61114*5
 Parameter: C <- "4068.0557"
  
 CHARMM>     
  
 CHARMM>    if a .lt. -10 if a .gt. -20 if c .gt. @botarea set botarea = @c
 Parameter: BOTAREA -> "3928.19358"
 Parameter: C -> "4068.0557"
 Comparing "-9" and "-10".
 IF test evaluated as false.  Skipping command
  
 CHARMM>    if a .gt.  10 if a .lt.  20 if c .gt. @toparea set toparea = @c
 Parameter: TOPAREA -> "-1"
 Parameter: C -> "4068.0557"
 Comparing "-9" and "10".
 IF test evaluated as false.  Skipping command
  
 CHARMM>     
  
 CHARMM>    write title unit 51
 RDTITL> * -8.8  4068.0557
 RDTITL> *
  
 CHARMM>     
  
 CHARMM>    incr a by @dcel
 Parameter: DCEL -> "0.2"
 Parameter: A <- "-8.8"
  
 CHARMM>    incr b by @dcel
 Parameter: DCEL -> "0.2"
 Parameter: B <- "-8.6"
  
 CHARMM>    if b le ?ZMAX goto DOAREA
 RDCMND substituted energy or value "?ZMAX" to "33.3514749"
 Comparing "-8.6" and "33.3514749".
 IF test evaluated as true.  Performing command
  
 CHARMM>     
  
 CHARMM>    ! Cross sectional protein area with whole atom.
 CHARMM>    scalar wmain = radius
  
 CHARMM>    scalar wmain mult 2.5   sele resname TIP3 end
 SELRPN>      0 atoms have been selected out of  15156
  
 CHARMM>    scalar wmain add  1.529 sele .not. resname TIP3 end
 SELRPN>  15156 atoms have been selected out of  15156
  
 CHARMM>    scalar wmain mult 0.85  sele .not. resname TIP3 end
 SELRPN>  15156 atoms have been selected out of  15156
  
 CHARMM>    calc zab = ( @a + @b ) / 2.0
 Parameter: A -> "-8.8"
 Parameter: B -> "-8.6"
Evaluating: (-8.8+-8.6)/2.0
 Parameter: ZAB <- "-8.7"
  
 CHARMM>     
  
 CHARMM>    coor search -
 CHARMM>         xmin @x1  xmax @x2  xgrip @xncel -
 CHARMM>         ymin @y1  ymax @y2  ygrip @yncel -
 CHARMM>         zmin @a   zmax @b   zgrip 5
 Parameter: X1 -> "-43.6244258"
 Parameter: X2 -> "43.6252187"
 Parameter: XNCEL -> "436"
 Parameter: Y1 -> "-43.6309926"
 Parameter: Y2 -> "43.6230242"
 Parameter: YNCEL -> "436"
 Parameter: A -> "-8.8"
 Parameter: B -> "-8.6"

 A TOTAL OF   442116   VACUUM POINTS WERE FOUND
 A TOTAL OF   508364 OCCUPIED POINTS WERE FOUND
 A TOTAL OF        0 EXTERNAL POINTS WERE FOUND
 A TOTAL OF   442116 SELECTED POINTS WERE FOUND
 TOTAL OCCUPIED  VOLUME =     814.349617
 TOTAL SELECTED  VOLUME =     708.226773
 TOTAL FREE      VOLUME =     708.226773
 FRACTIONAL FREE VOLUME =      46.515024
  
 CHARMM>     
  
 CHARMM>    calc c = ?volume * @factor
 Parameter: FACTOR -> "5"
 RDCMND substituted energy or value "?VOLUME" to "814.349617"
Evaluating: 814.349617*5
 Parameter: C <- "4071.74808"
  
 CHARMM>     
  
 CHARMM>    if a .lt. -10 if a .gt. -20 if c .gt. @botarea set botarea = @c
 Parameter: BOTAREA -> "3928.19358"
 Parameter: C -> "4071.74808"
 Comparing "-8.8" and "-10".
 IF test evaluated as false.  Skipping command
  
 CHARMM>    if a .gt.  10 if a .lt.  20 if c .gt. @toparea set toparea = @c
 Parameter: TOPAREA -> "-1"
 Parameter: C -> "4071.74808"
 Comparing "-8.8" and "10".
 IF test evaluated as false.  Skipping command
  
 CHARMM>     
  
 CHARMM>    write title unit 51
 RDTITL> * -8.6  4071.74808
 RDTITL> *
  
 CHARMM>     
  
 CHARMM>    incr a by @dcel
 Parameter: DCEL -> "0.2"
 Parameter: A <- "-8.6"
  
 CHARMM>    incr b by @dcel
 Parameter: DCEL -> "0.2"
 Parameter: B <- "-8.4"
  
 CHARMM>    if b le ?ZMAX goto DOAREA
 RDCMND substituted energy or value "?ZMAX" to "33.3514749"
 Comparing "-8.4" and "33.3514749".
 IF test evaluated as true.  Performing command
  
 CHARMM>     
  
 CHARMM>    ! Cross sectional protein area with whole atom.
 CHARMM>    scalar wmain = radius
  
 CHARMM>    scalar wmain mult 2.5   sele resname TIP3 end
 SELRPN>      0 atoms have been selected out of  15156
  
 CHARMM>    scalar wmain add  1.529 sele .not. resname TIP3 end
 SELRPN>  15156 atoms have been selected out of  15156
  
 CHARMM>    scalar wmain mult 0.85  sele .not. resname TIP3 end
 SELRPN>  15156 atoms have been selected out of  15156
  
 CHARMM>    calc zab = ( @a + @b ) / 2.0
 Parameter: A -> "-8.6"
 Parameter: B -> "-8.4"
Evaluating: (-8.6+-8.4)/2.0
 Parameter: ZAB <- "-8.5"
  
 CHARMM>     
  
 CHARMM>    coor search -
 CHARMM>         xmin @x1  xmax @x2  xgrip @xncel -
 CHARMM>         ymin @y1  ymax @y2  ygrip @yncel -
 CHARMM>         zmin @a   zmax @b   zgrip 5
 Parameter: X1 -> "-43.6244258"
 Parameter: X2 -> "43.6252187"
 Parameter: XNCEL -> "436"
 Parameter: Y1 -> "-43.6309926"
 Parameter: Y2 -> "43.6230242"
 Parameter: YNCEL -> "436"
 Parameter: A -> "-8.6"
 Parameter: B -> "-8.4"

 A TOTAL OF   442300   VACUUM POINTS WERE FOUND
 A TOTAL OF   508180 OCCUPIED POINTS WERE FOUND
 A TOTAL OF        0 EXTERNAL POINTS WERE FOUND
 A TOTAL OF   442300 SELECTED POINTS WERE FOUND
 TOTAL OCCUPIED  VOLUME =     814.054867
 TOTAL SELECTED  VOLUME =     708.521523
 TOTAL FREE      VOLUME =     708.521523
 FRACTIONAL FREE VOLUME =      46.534383
  
 CHARMM>     
  
 CHARMM>    calc c = ?volume * @factor
 Parameter: FACTOR -> "5"
 RDCMND substituted energy or value "?VOLUME" to "814.054867"
Evaluating: 814.054867*5
 Parameter: C <- "4070.27433"
  
 CHARMM>     
  
 CHARMM>    if a .lt. -10 if a .gt. -20 if c .gt. @botarea set botarea = @c
 Parameter: BOTAREA -> "3928.19358"
 Parameter: C -> "4070.27433"
 Comparing "-8.6" and "-10".
 IF test evaluated as false.  Skipping command
  
 CHARMM>    if a .gt.  10 if a .lt.  20 if c .gt. @toparea set toparea = @c
 Parameter: TOPAREA -> "-1"
 Parameter: C -> "4070.27433"
 Comparing "-8.6" and "10".
 IF test evaluated as false.  Skipping command
  
 CHARMM>     
  
 CHARMM>    write title unit 51
 RDTITL> * -8.4  4070.27433
 RDTITL> *
  
 CHARMM>     
  
 CHARMM>    incr a by @dcel
 Parameter: DCEL -> "0.2"
 Parameter: A <- "-8.4"
  
 CHARMM>    incr b by @dcel
 Parameter: DCEL -> "0.2"
 Parameter: B <- "-8.2"
  
 CHARMM>    if b le ?ZMAX goto DOAREA
 RDCMND substituted energy or value "?ZMAX" to "33.3514749"
 Comparing "-8.2" and "33.3514749".
 IF test evaluated as true.  Performing command
  
 CHARMM>     
  
 CHARMM>    ! Cross sectional protein area with whole atom.
 CHARMM>    scalar wmain = radius
  
 CHARMM>    scalar wmain mult 2.5   sele resname TIP3 end
 SELRPN>      0 atoms have been selected out of  15156
  
 CHARMM>    scalar wmain add  1.529 sele .not. resname TIP3 end
 SELRPN>  15156 atoms have been selected out of  15156
  
 CHARMM>    scalar wmain mult 0.85  sele .not. resname TIP3 end
 SELRPN>  15156 atoms have been selected out of  15156
  
 CHARMM>    calc zab = ( @a + @b ) / 2.0
 Parameter: A -> "-8.4"
 Parameter: B -> "-8.2"
Evaluating: (-8.4+-8.2)/2.0
 Parameter: ZAB <- "-8.3"
  
 CHARMM>     
  
 CHARMM>    coor search -
 CHARMM>         xmin @x1  xmax @x2  xgrip @xncel -
 CHARMM>         ymin @y1  ymax @y2  ygrip @yncel -
 CHARMM>         zmin @a   zmax @b   zgrip 5
 Parameter: X1 -> "-43.6244258"
 Parameter: X2 -> "43.6252187"
 Parameter: XNCEL -> "436"
 Parameter: Y1 -> "-43.6309926"
 Parameter: Y2 -> "43.6230242"
 Parameter: YNCEL -> "436"
 Parameter: A -> "-8.4"
 Parameter: B -> "-8.2"

 A TOTAL OF   442890   VACUUM POINTS WERE FOUND
 A TOTAL OF   507590 OCCUPIED POINTS WERE FOUND
 A TOTAL OF        0 EXTERNAL POINTS WERE FOUND
 A TOTAL OF   442890 SELECTED POINTS WERE FOUND
 TOTAL OCCUPIED  VOLUME =     813.109744
 TOTAL SELECTED  VOLUME =     709.466645
 TOTAL FREE      VOLUME =     709.466645
 FRACTIONAL FREE VOLUME =      46.596457
  
 CHARMM>     
  
 CHARMM>    calc c = ?volume * @factor
 Parameter: FACTOR -> "5"
 RDCMND substituted energy or value "?VOLUME" to "813.109744"
Evaluating: 813.109744*5
 Parameter: C <- "4065.54872"
  
 CHARMM>     
  
 CHARMM>    if a .lt. -10 if a .gt. -20 if c .gt. @botarea set botarea = @c
 Parameter: BOTAREA -> "3928.19358"
 Parameter: C -> "4065.54872"
 Comparing "-8.4" and "-10".
 IF test evaluated as false.  Skipping command
  
 CHARMM>    if a .gt.  10 if a .lt.  20 if c .gt. @toparea set toparea = @c
 Parameter: TOPAREA -> "-1"
 Parameter: C -> "4065.54872"
 Comparing "-8.4" and "10".
 IF test evaluated as false.  Skipping command
  
 CHARMM>     
  
 CHARMM>    write title unit 51
 RDTITL> * -8.2  4065.54872
 RDTITL> *
  
 CHARMM>     
  
 CHARMM>    incr a by @dcel
 Parameter: DCEL -> "0.2"
 Parameter: A <- "-8.2"
  
 CHARMM>    incr b by @dcel
 Parameter: DCEL -> "0.2"
 Parameter: B <- "-8"
  
 CHARMM>    if b le ?ZMAX goto DOAREA
 RDCMND substituted energy or value "?ZMAX" to "33.3514749"
 Comparing "-8" and "33.3514749".
 IF test evaluated as true.  Performing command
  
 CHARMM>     
  
 CHARMM>    ! Cross sectional protein area with whole atom.
 CHARMM>    scalar wmain = radius
  
 CHARMM>    scalar wmain mult 2.5   sele resname TIP3 end
 SELRPN>      0 atoms have been selected out of  15156
  
 CHARMM>    scalar wmain add  1.529 sele .not. resname TIP3 end
 SELRPN>  15156 atoms have been selected out of  15156
  
 CHARMM>    scalar wmain mult 0.85  sele .not. resname TIP3 end
 SELRPN>  15156 atoms have been selected out of  15156
  
 CHARMM>    calc zab = ( @a + @b ) / 2.0
 Parameter: A -> "-8.2"
 Parameter: B -> "-8"
Evaluating: (-8.2+-8)/2.0
 Parameter: ZAB <- "-8.1"
  
 CHARMM>     
  
 CHARMM>    coor search -
 CHARMM>         xmin @x1  xmax @x2  xgrip @xncel -
 CHARMM>         ymin @y1  ymax @y2  ygrip @yncel -
 CHARMM>         zmin @a   zmax @b   zgrip 5
 Parameter: X1 -> "-43.6244258"
 Parameter: X2 -> "43.6252187"
 Parameter: XNCEL -> "436"
 Parameter: Y1 -> "-43.6309926"
 Parameter: Y2 -> "43.6230242"
 Parameter: YNCEL -> "436"
 Parameter: A -> "-8.2"
 Parameter: B -> "-8"

 A TOTAL OF   443062   VACUUM POINTS WERE FOUND
 A TOTAL OF   507418 OCCUPIED POINTS WERE FOUND
 A TOTAL OF        0 EXTERNAL POINTS WERE FOUND
 A TOTAL OF   443062 SELECTED POINTS WERE FOUND
 TOTAL OCCUPIED  VOLUME =     812.834217
 TOTAL SELECTED  VOLUME =     709.742173
 TOTAL FREE      VOLUME =     709.742173
 FRACTIONAL FREE VOLUME =      46.614553
  
 CHARMM>     
  
 CHARMM>    calc c = ?volume * @factor
 Parameter: FACTOR -> "5"
 RDCMND substituted energy or value "?VOLUME" to "812.834217"
Evaluating: 812.834217*5
 Parameter: C <- "4064.17108"
  
 CHARMM>     
  
 CHARMM>    if a .lt. -10 if a .gt. -20 if c .gt. @botarea set botarea = @c
 Parameter: BOTAREA -> "3928.19358"
 Parameter: C -> "4064.17108"
 Comparing "-8.2" and "-10".
 IF test evaluated as false.  Skipping command
  
 CHARMM>    if a .gt.  10 if a .lt.  20 if c .gt. @toparea set toparea = @c
 Parameter: TOPAREA -> "-1"
 Parameter: C -> "4064.17108"
 Comparing "-8.2" and "10".
 IF test evaluated as false.  Skipping command
  
 CHARMM>     
  
 CHARMM>    write title unit 51
 RDTITL> * -8  4064.17108
 RDTITL> *
  
 CHARMM>     
  
 CHARMM>    incr a by @dcel
 Parameter: DCEL -> "0.2"
 Parameter: A <- "-8"
  
 CHARMM>    incr b by @dcel
 Parameter: DCEL -> "0.2"
 Parameter: B <- "-7.8"
  
 CHARMM>    if b le ?ZMAX goto DOAREA
 RDCMND substituted energy or value "?ZMAX" to "33.3514749"
 Comparing "-7.8" and "33.3514749".
 IF test evaluated as true.  Performing command
  
 CHARMM>     
  
 CHARMM>    ! Cross sectional protein area with whole atom.
 CHARMM>    scalar wmain = radius
  
 CHARMM>    scalar wmain mult 2.5   sele resname TIP3 end
 SELRPN>      0 atoms have been selected out of  15156
  
 CHARMM>    scalar wmain add  1.529 sele .not. resname TIP3 end
 SELRPN>  15156 atoms have been selected out of  15156
  
 CHARMM>    scalar wmain mult 0.85  sele .not. resname TIP3 end
 SELRPN>  15156 atoms have been selected out of  15156
  
 CHARMM>    calc zab = ( @a + @b ) / 2.0
 Parameter: A -> "-8"
 Parameter: B -> "-7.8"
Evaluating: (-8+-7.8)/2.0
 Parameter: ZAB <- "-7.9"
  
 CHARMM>     
  
 CHARMM>    coor search -
 CHARMM>         xmin @x1  xmax @x2  xgrip @xncel -
 CHARMM>         ymin @y1  ymax @y2  ygrip @yncel -
 CHARMM>         zmin @a   zmax @b   zgrip 5
 Parameter: X1 -> "-43.6244258"
 Parameter: X2 -> "43.6252187"
 Parameter: XNCEL -> "436"
 Parameter: Y1 -> "-43.6309926"
 Parameter: Y2 -> "43.6230242"
 Parameter: YNCEL -> "436"
 Parameter: A -> "-8"
 Parameter: B -> "-7.8"

 A TOTAL OF   443487   VACUUM POINTS WERE FOUND
 A TOTAL OF   506993 OCCUPIED POINTS WERE FOUND
 A TOTAL OF        0 EXTERNAL POINTS WERE FOUND
 A TOTAL OF   443487 SELECTED POINTS WERE FOUND
 TOTAL OCCUPIED  VOLUME =     812.153408
 TOTAL SELECTED  VOLUME =     710.422981
 TOTAL FREE      VOLUME =     710.422981
 FRACTIONAL FREE VOLUME =      46.659267
  
 CHARMM>     
  
 CHARMM>    calc c = ?volume * @factor
 Parameter: FACTOR -> "5"
 RDCMND substituted energy or value "?VOLUME" to "812.153408"
Evaluating: 812.153408*5
 Parameter: C <- "4060.76704"
  
 CHARMM>     
  
 CHARMM>    if a .lt. -10 if a .gt. -20 if c .gt. @botarea set botarea = @c
 Parameter: BOTAREA -> "3928.19358"
 Parameter: C -> "4060.76704"
 Comparing "-8" and "-10".
 IF test evaluated as false.  Skipping command
  
 CHARMM>    if a .gt.  10 if a .lt.  20 if c .gt. @toparea set toparea = @c
 Parameter: TOPAREA -> "-1"
 Parameter: C -> "4060.76704"
 Comparing "-8" and "10".
 IF test evaluated as false.  Skipping command
  
 CHARMM>     
  
 CHARMM>    write title unit 51
 RDTITL> * -7.8  4060.76704
 RDTITL> *
  
 CHARMM>     
  
 CHARMM>    incr a by @dcel
 Parameter: DCEL -> "0.2"
 Parameter: A <- "-7.8"
  
 CHARMM>    incr b by @dcel
 Parameter: DCEL -> "0.2"
 Parameter: B <- "-7.6"
  
 CHARMM>    if b le ?ZMAX goto DOAREA
 RDCMND substituted energy or value "?ZMAX" to "33.3514749"
 Comparing "-7.6" and "33.3514749".
 IF test evaluated as true.  Performing command
  
 CHARMM>     
  
 CHARMM>    ! Cross sectional protein area with whole atom.
 CHARMM>    scalar wmain = radius
  
 CHARMM>    scalar wmain mult 2.5   sele resname TIP3 end
 SELRPN>      0 atoms have been selected out of  15156
  
 CHARMM>    scalar wmain add  1.529 sele .not. resname TIP3 end
 SELRPN>  15156 atoms have been selected out of  15156
  
 CHARMM>    scalar wmain mult 0.85  sele .not. resname TIP3 end
 SELRPN>  15156 atoms have been selected out of  15156
  
 CHARMM>    calc zab = ( @a + @b ) / 2.0
 Parameter: A -> "-7.8"
 Parameter: B -> "-7.6"
Evaluating: (-7.8+-7.6)/2.0
 Parameter: ZAB <- "-7.7"
  
 CHARMM>     
  
 CHARMM>    coor search -
 CHARMM>         xmin @x1  xmax @x2  xgrip @xncel -
 CHARMM>         ymin @y1  ymax @y2  ygrip @yncel -
 CHARMM>         zmin @a   zmax @b   zgrip 5
 Parameter: X1 -> "-43.6244258"
 Parameter: X2 -> "43.6252187"
 Parameter: XNCEL -> "436"
 Parameter: Y1 -> "-43.6309926"
 Parameter: Y2 -> "43.6230242"
 Parameter: YNCEL -> "436"
 Parameter: A -> "-7.8"
 Parameter: B -> "-7.6"

 A TOTAL OF   445173   VACUUM POINTS WERE FOUND
 A TOTAL OF   505307 OCCUPIED POINTS WERE FOUND
 A TOTAL OF        0 EXTERNAL POINTS WERE FOUND
 A TOTAL OF   445173 SELECTED POINTS WERE FOUND
 TOTAL OCCUPIED  VOLUME =     809.452600
 TOTAL SELECTED  VOLUME =     713.123789
 TOTAL FREE      VOLUME =     713.123789
 FRACTIONAL FREE VOLUME =      46.836651
  
 CHARMM>     
  
 CHARMM>    calc c = ?volume * @factor
 Parameter: FACTOR -> "5"
 RDCMND substituted energy or value "?VOLUME" to "809.4526"
Evaluating: 809.4526*5
 Parameter: C <- "4047.263"
  
 CHARMM>     
  
 CHARMM>    if a .lt. -10 if a .gt. -20 if c .gt. @botarea set botarea = @c
 Parameter: BOTAREA -> "3928.19358"
 Parameter: C -> "4047.263"
 Comparing "-7.8" and "-10".
 IF test evaluated as false.  Skipping command
  
 CHARMM>    if a .gt.  10 if a .lt.  20 if c .gt. @toparea set toparea = @c
 Parameter: TOPAREA -> "-1"
 Parameter: C -> "4047.263"
 Comparing "-7.8" and "10".
 IF test evaluated as false.  Skipping command
  
 CHARMM>     
  
 CHARMM>    write title unit 51
 RDTITL> * -7.6  4047.263
 RDTITL> *
  
 CHARMM>     
  
 CHARMM>    incr a by @dcel
 Parameter: DCEL -> "0.2"
 Parameter: A <- "-7.6"
  
 CHARMM>    incr b by @dcel
 Parameter: DCEL -> "0.2"
 Parameter: B <- "-7.4"
  
 CHARMM>    if b le ?ZMAX goto DOAREA
 RDCMND substituted energy or value "?ZMAX" to "33.3514749"
 Comparing "-7.4" and "33.3514749".
 IF test evaluated as true.  Performing command
  
 CHARMM>     
  
 CHARMM>    ! Cross sectional protein area with whole atom.
 CHARMM>    scalar wmain = radius
  
 CHARMM>    scalar wmain mult 2.5   sele resname TIP3 end
 SELRPN>      0 atoms have been selected out of  15156
  
 CHARMM>    scalar wmain add  1.529 sele .not. resname TIP3 end
 SELRPN>  15156 atoms have been selected out of  15156
  
 CHARMM>    scalar wmain mult 0.85  sele .not. resname TIP3 end
 SELRPN>  15156 atoms have been selected out of  15156
  
 CHARMM>    calc zab = ( @a + @b ) / 2.0
 Parameter: A -> "-7.6"
 Parameter: B -> "-7.4"
Evaluating: (-7.6+-7.4)/2.0
 Parameter: ZAB <- "-7.5"
  
 CHARMM>     
  
 CHARMM>    coor search -
 CHARMM>         xmin @x1  xmax @x2  xgrip @xncel -
 CHARMM>         ymin @y1  ymax @y2  ygrip @yncel -
 CHARMM>         zmin @a   zmax @b   zgrip 5
 Parameter: X1 -> "-43.6244258"
 Parameter: X2 -> "43.6252187"
 Parameter: XNCEL -> "436"
 Parameter: Y1 -> "-43.6309926"
 Parameter: Y2 -> "43.6230242"
 Parameter: YNCEL -> "436"
 Parameter: A -> "-7.6"
 Parameter: B -> "-7.4"

 A TOTAL OF   446365   VACUUM POINTS WERE FOUND
 A TOTAL OF   504115 OCCUPIED POINTS WERE FOUND
 A TOTAL OF        0 EXTERNAL POINTS WERE FOUND
 A TOTAL OF   446365 SELECTED POINTS WERE FOUND
 TOTAL OCCUPIED  VOLUME =     807.543132
 TOTAL SELECTED  VOLUME =     715.033257
 TOTAL FREE      VOLUME =     715.033257
 FRACTIONAL FREE VOLUME =      46.962061
  
 CHARMM>     
  
 CHARMM>    calc c = ?volume * @factor
 Parameter: FACTOR -> "5"
 RDCMND substituted energy or value "?VOLUME" to "807.543132"
Evaluating: 807.543132*5
 Parameter: C <- "4037.71566"
  
 CHARMM>     
  
 CHARMM>    if a .lt. -10 if a .gt. -20 if c .gt. @botarea set botarea = @c
 Parameter: BOTAREA -> "3928.19358"
 Parameter: C -> "4037.71566"
 Comparing "-7.6" and "-10".
 IF test evaluated as false.  Skipping command
  
 CHARMM>    if a .gt.  10 if a .lt.  20 if c .gt. @toparea set toparea = @c
 Parameter: TOPAREA -> "-1"
 Parameter: C -> "4037.71566"
 Comparing "-7.6" and "10".
 IF test evaluated as false.  Skipping command
  
 CHARMM>     
  
 CHARMM>    write title unit 51
 RDTITL> * -7.4  4037.71566
 RDTITL> *
  
 CHARMM>     
  
 CHARMM>    incr a by @dcel
 Parameter: DCEL -> "0.2"
 Parameter: A <- "-7.4"
  
 CHARMM>    incr b by @dcel
 Parameter: DCEL -> "0.2"
 Parameter: B <- "-7.2"
  
 CHARMM>    if b le ?ZMAX goto DOAREA
 RDCMND substituted energy or value "?ZMAX" to "33.3514749"
 Comparing "-7.2" and "33.3514749".
 IF test evaluated as true.  Performing command
  
 CHARMM>     
  
 CHARMM>    ! Cross sectional protein area with whole atom.
 CHARMM>    scalar wmain = radius
  
 CHARMM>    scalar wmain mult 2.5   sele resname TIP3 end
 SELRPN>      0 atoms have been selected out of  15156
  
 CHARMM>    scalar wmain add  1.529 sele .not. resname TIP3 end
 SELRPN>  15156 atoms have been selected out of  15156
  
 CHARMM>    scalar wmain mult 0.85  sele .not. resname TIP3 end
 SELRPN>  15156 atoms have been selected out of  15156
  
 CHARMM>    calc zab = ( @a + @b ) / 2.0
 Parameter: A -> "-7.4"
 Parameter: B -> "-7.2"
Evaluating: (-7.4+-7.2)/2.0
 Parameter: ZAB <- "-7.3"
  
 CHARMM>     
  
 CHARMM>    coor search -
 CHARMM>         xmin @x1  xmax @x2  xgrip @xncel -
 CHARMM>         ymin @y1  ymax @y2  ygrip @yncel -
 CHARMM>         zmin @a   zmax @b   zgrip 5
 Parameter: X1 -> "-43.6244258"
 Parameter: X2 -> "43.6252187"
 Parameter: XNCEL -> "436"
 Parameter: Y1 -> "-43.6309926"
 Parameter: Y2 -> "43.6230242"
 Parameter: YNCEL -> "436"
 Parameter: A -> "-7.4"
 Parameter: B -> "-7.2"

 A TOTAL OF   446740   VACUUM POINTS WERE FOUND
 A TOTAL OF   503740 OCCUPIED POINTS WERE FOUND
 A TOTAL OF        0 EXTERNAL POINTS WERE FOUND
 A TOTAL OF   446740 SELECTED POINTS WERE FOUND
 TOTAL OCCUPIED  VOLUME =     806.942419
 TOTAL SELECTED  VOLUME =     715.633970
 TOTAL FREE      VOLUME =     715.633970
 FRACTIONAL FREE VOLUME =      47.001515
  
 CHARMM>     
  
 CHARMM>    calc c = ?volume * @factor
 Parameter: FACTOR -> "5"
 RDCMND substituted energy or value "?VOLUME" to "806.942419"
Evaluating: 806.942419*5
 Parameter: C <- "4034.71209"
  
 CHARMM>     
  
 CHARMM>    if a .lt. -10 if a .gt. -20 if c .gt. @botarea set botarea = @c
 Parameter: BOTAREA -> "3928.19358"
 Parameter: C -> "4034.71209"
 Comparing "-7.4" and "-10".
 IF test evaluated as false.  Skipping command
  
 CHARMM>    if a .gt.  10 if a .lt.  20 if c .gt. @toparea set toparea = @c
 Parameter: TOPAREA -> "-1"
 Parameter: C -> "4034.71209"
 Comparing "-7.4" and "10".
 IF test evaluated as false.  Skipping command
  
 CHARMM>     
  
 CHARMM>    write title unit 51
 RDTITL> * -7.2  4034.71209
 RDTITL> *
  
 CHARMM>     
  
 CHARMM>    incr a by @dcel
 Parameter: DCEL -> "0.2"
 Parameter: A <- "-7.2"
  
 CHARMM>    incr b by @dcel
 Parameter: DCEL -> "0.2"
 Parameter: B <- "-7"
  
 CHARMM>    if b le ?ZMAX goto DOAREA
 RDCMND substituted energy or value "?ZMAX" to "33.3514749"
 Comparing "-7" and "33.3514749".
 IF test evaluated as true.  Performing command
  
 CHARMM>     
  
 CHARMM>    ! Cross sectional protein area with whole atom.
 CHARMM>    scalar wmain = radius
  
 CHARMM>    scalar wmain mult 2.5   sele resname TIP3 end
 SELRPN>      0 atoms have been selected out of  15156
  
 CHARMM>    scalar wmain add  1.529 sele .not. resname TIP3 end
 SELRPN>  15156 atoms have been selected out of  15156
  
 CHARMM>    scalar wmain mult 0.85  sele .not. resname TIP3 end
 SELRPN>  15156 atoms have been selected out of  15156
  
 CHARMM>    calc zab = ( @a + @b ) / 2.0
 Parameter: A -> "-7.2"
 Parameter: B -> "-7"
Evaluating: (-7.2+-7)/2.0
 Parameter: ZAB <- "-7.1"
  
 CHARMM>     
  
 CHARMM>    coor search -
 CHARMM>         xmin @x1  xmax @x2  xgrip @xncel -
 CHARMM>         ymin @y1  ymax @y2  ygrip @yncel -
 CHARMM>         zmin @a   zmax @b   zgrip 5
 Parameter: X1 -> "-43.6244258"
 Parameter: X2 -> "43.6252187"
 Parameter: XNCEL -> "436"
 Parameter: Y1 -> "-43.6309926"
 Parameter: Y2 -> "43.6230242"
 Parameter: YNCEL -> "436"
 Parameter: A -> "-7.2"
 Parameter: B -> "-7"

 A TOTAL OF   447534   VACUUM POINTS WERE FOUND
 A TOTAL OF   502946 OCCUPIED POINTS WERE FOUND
 A TOTAL OF        0 EXTERNAL POINTS WERE FOUND
 A TOTAL OF   447534 SELECTED POINTS WERE FOUND
 TOTAL OCCUPIED  VOLUME =     805.670508
 TOTAL SELECTED  VOLUME =     716.905881
 TOTAL FREE      VOLUME =     716.905881
 FRACTIONAL FREE VOLUME =      47.085052
  
 CHARMM>     
  
 CHARMM>    calc c = ?volume * @factor
 Parameter: FACTOR -> "5"
 RDCMND substituted energy or value "?VOLUME" to "805.670508"
Evaluating: 805.670508*5
 Parameter: C <- "4028.35254"
  
 CHARMM>     
  
 CHARMM>    if a .lt. -10 if a .gt. -20 if c .gt. @botarea set botarea = @c
 Parameter: BOTAREA -> "3928.19358"
 Parameter: C -> "4028.35254"
 Comparing "-7.2" and "-10".
 IF test evaluated as false.  Skipping command
  
 CHARMM>    if a .gt.  10 if a .lt.  20 if c .gt. @toparea set toparea = @c
 Parameter: TOPAREA -> "-1"
 Parameter: C -> "4028.35254"
 Comparing "-7.2" and "10".
 IF test evaluated as false.  Skipping command
  
 CHARMM>     
  
 CHARMM>    write title unit 51
 RDTITL> * -7  4028.35254
 RDTITL> *
  
 CHARMM>     
  
 CHARMM>    incr a by @dcel
 Parameter: DCEL -> "0.2"
 Parameter: A <- "-7"
  
 CHARMM>    incr b by @dcel
 Parameter: DCEL -> "0.2"
 Parameter: B <- "-6.8"
  
 CHARMM>    if b le ?ZMAX goto DOAREA
 RDCMND substituted energy or value "?ZMAX" to "33.3514749"
 Comparing "-6.8" and "33.3514749".
 IF test evaluated as true.  Performing command
  
 CHARMM>     
  
 CHARMM>    ! Cross sectional protein area with whole atom.
 CHARMM>    scalar wmain = radius
  
 CHARMM>    scalar wmain mult 2.5   sele resname TIP3 end
 SELRPN>      0 atoms have been selected out of  15156
  
 CHARMM>    scalar wmain add  1.529 sele .not. resname TIP3 end
 SELRPN>  15156 atoms have been selected out of  15156
  
 CHARMM>    scalar wmain mult 0.85  sele .not. resname TIP3 end
 SELRPN>  15156 atoms have been selected out of  15156
  
 CHARMM>    calc zab = ( @a + @b ) / 2.0
 Parameter: A -> "-7"
 Parameter: B -> "-6.8"
Evaluating: (-7+-6.8)/2.0
 Parameter: ZAB <- "-6.9"
  
 CHARMM>     
  
 CHARMM>    coor search -
 CHARMM>         xmin @x1  xmax @x2  xgrip @xncel -
 CHARMM>         ymin @y1  ymax @y2  ygrip @yncel -
 CHARMM>         zmin @a   zmax @b   zgrip 5
 Parameter: X1 -> "-43.6244258"
 Parameter: X2 -> "43.6252187"
 Parameter: XNCEL -> "436"
 Parameter: Y1 -> "-43.6309926"
 Parameter: Y2 -> "43.6230242"
 Parameter: YNCEL -> "436"
 Parameter: A -> "-7"
 Parameter: B -> "-6.8"

 A TOTAL OF   448892   VACUUM POINTS WERE FOUND
 A TOTAL OF   501588 OCCUPIED POINTS WERE FOUND
 A TOTAL OF        0 EXTERNAL POINTS WERE FOUND
 A TOTAL OF   448892 SELECTED POINTS WERE FOUND
 TOTAL OCCUPIED  VOLUME =     803.495125
 TOTAL SELECTED  VOLUME =     719.081265
 TOTAL FREE      VOLUME =     719.081265
 FRACTIONAL FREE VOLUME =      47.227927
  
 CHARMM>     
  
 CHARMM>    calc c = ?volume * @factor
 Parameter: FACTOR -> "5"
 RDCMND substituted energy or value "?VOLUME" to "803.495125"
Evaluating: 803.495125*5
 Parameter: C <- "4017.47563"
  
 CHARMM>     
  
 CHARMM>    if a .lt. -10 if a .gt. -20 if c .gt. @botarea set botarea = @c
 Parameter: BOTAREA -> "3928.19358"
 Parameter: C -> "4017.47563"
 Comparing "-7" and "-10".
 IF test evaluated as false.  Skipping command
  
 CHARMM>    if a .gt.  10 if a .lt.  20 if c .gt. @toparea set toparea = @c
 Parameter: TOPAREA -> "-1"
 Parameter: C -> "4017.47563"
 Comparing "-7" and "10".
 IF test evaluated as false.  Skipping command
  
 CHARMM>     
  
 CHARMM>    write title unit 51
 RDTITL> * -6.8  4017.47563
 RDTITL> *
  
 CHARMM>     
  
 CHARMM>    incr a by @dcel
 Parameter: DCEL -> "0.2"
 Parameter: A <- "-6.8"
  
 CHARMM>    incr b by @dcel
 Parameter: DCEL -> "0.2"
 Parameter: B <- "-6.6"
  
 CHARMM>    if b le ?ZMAX goto DOAREA
 RDCMND substituted energy or value "?ZMAX" to "33.3514749"
 Comparing "-6.6" and "33.3514749".
 IF test evaluated as true.  Performing command
  
 CHARMM>     
  
 CHARMM>    ! Cross sectional protein area with whole atom.
 CHARMM>    scalar wmain = radius
  
 CHARMM>    scalar wmain mult 2.5   sele resname TIP3 end
 SELRPN>      0 atoms have been selected out of  15156
  
 CHARMM>    scalar wmain add  1.529 sele .not. resname TIP3 end
 SELRPN>  15156 atoms have been selected out of  15156
  
 CHARMM>    scalar wmain mult 0.85  sele .not. resname TIP3 end
 SELRPN>  15156 atoms have been selected out of  15156
  
 CHARMM>    calc zab = ( @a + @b ) / 2.0
 Parameter: A -> "-6.8"
 Parameter: B -> "-6.6"
Evaluating: (-6.8+-6.6)/2.0
 Parameter: ZAB <- "-6.7"
  
 CHARMM>     
  
 CHARMM>    coor search -
 CHARMM>         xmin @x1  xmax @x2  xgrip @xncel -
 CHARMM>         ymin @y1  ymax @y2  ygrip @yncel -
 CHARMM>         zmin @a   zmax @b   zgrip 5
 Parameter: X1 -> "-43.6244258"
 Parameter: X2 -> "43.6252187"
 Parameter: XNCEL -> "436"
 Parameter: Y1 -> "-43.6309926"
 Parameter: Y2 -> "43.6230242"
 Parameter: YNCEL -> "436"
 Parameter: A -> "-6.8"
 Parameter: B -> "-6.6"

 A TOTAL OF   450850   VACUUM POINTS WERE FOUND
 A TOTAL OF   499630 OCCUPIED POINTS WERE FOUND
 A TOTAL OF        0 EXTERNAL POINTS WERE FOUND
 A TOTAL OF   450850 SELECTED POINTS WERE FOUND
 TOTAL OCCUPIED  VOLUME =     800.358599
 TOTAL SELECTED  VOLUME =     722.217790
 TOTAL FREE      VOLUME =     722.217790
 FRACTIONAL FREE VOLUME =      47.433928
  
 CHARMM>     
  
 CHARMM>    calc c = ?volume * @factor
 Parameter: FACTOR -> "5"
 RDCMND substituted energy or value "?VOLUME" to "800.358599"
Evaluating: 800.358599*5
 Parameter: C <- "4001.793"
  
 CHARMM>     
  
 CHARMM>    if a .lt. -10 if a .gt. -20 if c .gt. @botarea set botarea = @c
 Parameter: BOTAREA -> "3928.19358"
 Parameter: C -> "4001.793"
 Comparing "-6.8" and "-10".
 IF test evaluated as false.  Skipping command
  
 CHARMM>    if a .gt.  10 if a .lt.  20 if c .gt. @toparea set toparea = @c
 Parameter: TOPAREA -> "-1"
 Parameter: C -> "4001.793"
 Comparing "-6.8" and "10".
 IF test evaluated as false.  Skipping command
  
 CHARMM>     
  
 CHARMM>    write title unit 51
 RDTITL> * -6.6  4001.793
 RDTITL> *
  
 CHARMM>     
  
 CHARMM>    incr a by @dcel
 Parameter: DCEL -> "0.2"
 Parameter: A <- "-6.6"
  
 CHARMM>    incr b by @dcel
 Parameter: DCEL -> "0.2"
 Parameter: B <- "-6.4"
  
 CHARMM>    if b le ?ZMAX goto DOAREA
 RDCMND substituted energy or value "?ZMAX" to "33.3514749"
 Comparing "-6.4" and "33.3514749".
 IF test evaluated as true.  Performing command
  
 CHARMM>     
  
 CHARMM>    ! Cross sectional protein area with whole atom.
 CHARMM>    scalar wmain = radius
  
 CHARMM>    scalar wmain mult 2.5   sele resname TIP3 end
 SELRPN>      0 atoms have been selected out of  15156
  
 CHARMM>    scalar wmain add  1.529 sele .not. resname TIP3 end
 SELRPN>  15156 atoms have been selected out of  15156
  
 CHARMM>    scalar wmain mult 0.85  sele .not. resname TIP3 end
 SELRPN>  15156 atoms have been selected out of  15156
  
 CHARMM>    calc zab = ( @a + @b ) / 2.0
 Parameter: A -> "-6.6"
 Parameter: B -> "-6.4"
Evaluating: (-6.6+-6.4)/2.0
 Parameter: ZAB <- "-6.5"
  
 CHARMM>     
  
 CHARMM>    coor search -
 CHARMM>         xmin @x1  xmax @x2  xgrip @xncel -
 CHARMM>         ymin @y1  ymax @y2  ygrip @yncel -
 CHARMM>         zmin @a   zmax @b   zgrip 5
 Parameter: X1 -> "-43.6244258"
 Parameter: X2 -> "43.6252187"
 Parameter: XNCEL -> "436"
 Parameter: Y1 -> "-43.6309926"
 Parameter: Y2 -> "43.6230242"
 Parameter: YNCEL -> "436"
 Parameter: A -> "-6.6"
 Parameter: B -> "-6.4"

 A TOTAL OF   453527   VACUUM POINTS WERE FOUND
 A TOTAL OF   496953 OCCUPIED POINTS WERE FOUND
 A TOTAL OF        0 EXTERNAL POINTS WERE FOUND
 A TOTAL OF   453527 SELECTED POINTS WERE FOUND
 TOTAL OCCUPIED  VOLUME =     796.070306
 TOTAL SELECTED  VOLUME =     726.506083
 TOTAL FREE      VOLUME =     726.506083
 FRACTIONAL FREE VOLUME =      47.715575
  
 CHARMM>     
  
 CHARMM>    calc c = ?volume * @factor
 Parameter: FACTOR -> "5"
 RDCMND substituted energy or value "?VOLUME" to "796.070306"
Evaluating: 796.070306*5
 Parameter: C <- "3980.35153"
  
 CHARMM>     
  
 CHARMM>    if a .lt. -10 if a .gt. -20 if c .gt. @botarea set botarea = @c
 Parameter: BOTAREA -> "3928.19358"
 Parameter: C -> "3980.35153"
 Comparing "-6.6" and "-10".
 IF test evaluated as false.  Skipping command
  
 CHARMM>    if a .gt.  10 if a .lt.  20 if c .gt. @toparea set toparea = @c
 Parameter: TOPAREA -> "-1"
 Parameter: C -> "3980.35153"
 Comparing "-6.6" and "10".
 IF test evaluated as false.  Skipping command
  
 CHARMM>     
  
 CHARMM>    write title unit 51
 RDTITL> * -6.4  3980.35153
 RDTITL> *
  
 CHARMM>     
  
 CHARMM>    incr a by @dcel
 Parameter: DCEL -> "0.2"
 Parameter: A <- "-6.4"
  
 CHARMM>    incr b by @dcel
 Parameter: DCEL -> "0.2"
 Parameter: B <- "-6.2"
  
 CHARMM>    if b le ?ZMAX goto DOAREA
 RDCMND substituted energy or value "?ZMAX" to "33.3514749"
 Comparing "-6.2" and "33.3514749".
 IF test evaluated as true.  Performing command
  
 CHARMM>     
  
 CHARMM>    ! Cross sectional protein area with whole atom.
 CHARMM>    scalar wmain = radius
  
 CHARMM>    scalar wmain mult 2.5   sele resname TIP3 end
 SELRPN>      0 atoms have been selected out of  15156
  
 CHARMM>    scalar wmain add  1.529 sele .not. resname TIP3 end
 SELRPN>  15156 atoms have been selected out of  15156
  
 CHARMM>    scalar wmain mult 0.85  sele .not. resname TIP3 end
 SELRPN>  15156 atoms have been selected out of  15156
  
 CHARMM>    calc zab = ( @a + @b ) / 2.0
 Parameter: A -> "-6.4"
 Parameter: B -> "-6.2"
Evaluating: (-6.4+-6.2)/2.0
 Parameter: ZAB <- "-6.3"
  
 CHARMM>     
  
 CHARMM>    coor search -
 CHARMM>         xmin @x1  xmax @x2  xgrip @xncel -
 CHARMM>         ymin @y1  ymax @y2  ygrip @yncel -
 CHARMM>         zmin @a   zmax @b   zgrip 5
 Parameter: X1 -> "-43.6244258"
 Parameter: X2 -> "43.6252187"
 Parameter: XNCEL -> "436"
 Parameter: Y1 -> "-43.6309926"
 Parameter: Y2 -> "43.6230242"
 Parameter: YNCEL -> "436"
 Parameter: A -> "-6.4"
 Parameter: B -> "-6.2"

 A TOTAL OF   455358   VACUUM POINTS WERE FOUND
 A TOTAL OF   495122 OCCUPIED POINTS WERE FOUND
 A TOTAL OF        0 EXTERNAL POINTS WERE FOUND
 A TOTAL OF   455358 SELECTED POINTS WERE FOUND
 TOTAL OCCUPIED  VOLUME =     793.137222
 TOTAL SELECTED  VOLUME =     729.439167
 TOTAL FREE      VOLUME =     729.439167
 FRACTIONAL FREE VOLUME =      47.908215
  
 CHARMM>     
  
 CHARMM>    calc c = ?volume * @factor
 Parameter: FACTOR -> "5"
 RDCMND substituted energy or value "?VOLUME" to "793.137222"
Evaluating: 793.137222*5
 Parameter: C <- "3965.68611"
  
 CHARMM>     
  
 CHARMM>    if a .lt. -10 if a .gt. -20 if c .gt. @botarea set botarea = @c
 Parameter: BOTAREA -> "3928.19358"
 Parameter: C -> "3965.68611"
 Comparing "-6.4" and "-10".
 IF test evaluated as false.  Skipping command
  
 CHARMM>    if a .gt.  10 if a .lt.  20 if c .gt. @toparea set toparea = @c
 Parameter: TOPAREA -> "-1"
 Parameter: C -> "3965.68611"
 Comparing "-6.4" and "10".
 IF test evaluated as false.  Skipping command
  
 CHARMM>     
  
 CHARMM>    write title unit 51
 RDTITL> * -6.2  3965.68611
 RDTITL> *
  
 CHARMM>     
  
 CHARMM>    incr a by @dcel
 Parameter: DCEL -> "0.2"
 Parameter: A <- "-6.2"
  
 CHARMM>    incr b by @dcel
 Parameter: DCEL -> "0.2"
 Parameter: B <- "-6"
  
 CHARMM>    if b le ?ZMAX goto DOAREA
 RDCMND substituted energy or value "?ZMAX" to "33.3514749"
 Comparing "-6" and "33.3514749".
 IF test evaluated as true.  Performing command
  
 CHARMM>     
  
 CHARMM>    ! Cross sectional protein area with whole atom.
 CHARMM>    scalar wmain = radius
  
 CHARMM>    scalar wmain mult 2.5   sele resname TIP3 end
 SELRPN>      0 atoms have been selected out of  15156
  
 CHARMM>    scalar wmain add  1.529 sele .not. resname TIP3 end
 SELRPN>  15156 atoms have been selected out of  15156
  
 CHARMM>    scalar wmain mult 0.85  sele .not. resname TIP3 end
 SELRPN>  15156 atoms have been selected out of  15156
  
 CHARMM>    calc zab = ( @a + @b ) / 2.0
 Parameter: A -> "-6.2"
 Parameter: B -> "-6"
Evaluating: (-6.2+-6)/2.0
 Parameter: ZAB <- "-6.1"
  
 CHARMM>     
  
 CHARMM>    coor search -
 CHARMM>         xmin @x1  xmax @x2  xgrip @xncel -
 CHARMM>         ymin @y1  ymax @y2  ygrip @yncel -
 CHARMM>         zmin @a   zmax @b   zgrip 5
 Parameter: X1 -> "-43.6244258"
 Parameter: X2 -> "43.6252187"
 Parameter: XNCEL -> "436"
 Parameter: Y1 -> "-43.6309926"
 Parameter: Y2 -> "43.6230242"
 Parameter: YNCEL -> "436"
 Parameter: A -> "-6.2"
 Parameter: B -> "-6"

 A TOTAL OF   456954   VACUUM POINTS WERE FOUND
 A TOTAL OF   493526 OCCUPIED POINTS WERE FOUND
 A TOTAL OF        0 EXTERNAL POINTS WERE FOUND
 A TOTAL OF   456954 SELECTED POINTS WERE FOUND
 TOTAL OCCUPIED  VOLUME =     790.580586
 TOTAL SELECTED  VOLUME =     731.995804
 TOTAL FREE      VOLUME =     731.995804
 FRACTIONAL FREE VOLUME =      48.076130
  
 CHARMM>     
  
 CHARMM>    calc c = ?volume * @factor
 Parameter: FACTOR -> "5"
 RDCMND substituted energy or value "?VOLUME" to "790.580586"
Evaluating: 790.580586*5
 Parameter: C <- "3952.90293"
  
 CHARMM>     
  
 CHARMM>    if a .lt. -10 if a .gt. -20 if c .gt. @botarea set botarea = @c
 Parameter: BOTAREA -> "3928.19358"
 Parameter: C -> "3952.90293"
 Comparing "-6.2" and "-10".
 IF test evaluated as false.  Skipping command
  
 CHARMM>    if a .gt.  10 if a .lt.  20 if c .gt. @toparea set toparea = @c
 Parameter: TOPAREA -> "-1"
 Parameter: C -> "3952.90293"
 Comparing "-6.2" and "10".
 IF test evaluated as false.  Skipping command
  
 CHARMM>     
  
 CHARMM>    write title unit 51
 RDTITL> * -6  3952.90293
 RDTITL> *
  
 CHARMM>     
  
 CHARMM>    incr a by @dcel
 Parameter: DCEL -> "0.2"
 Parameter: A <- "-6"
  
 CHARMM>    incr b by @dcel
 Parameter: DCEL -> "0.2"
 Parameter: B <- "-5.8"
  
 CHARMM>    if b le ?ZMAX goto DOAREA
 RDCMND substituted energy or value "?ZMAX" to "33.3514749"
 Comparing "-5.8" and "33.3514749".
 IF test evaluated as true.  Performing command
  
 CHARMM>     
  
 CHARMM>    ! Cross sectional protein area with whole atom.
 CHARMM>    scalar wmain = radius
  
 CHARMM>    scalar wmain mult 2.5   sele resname TIP3 end
 SELRPN>      0 atoms have been selected out of  15156
  
 CHARMM>    scalar wmain add  1.529 sele .not. resname TIP3 end
 SELRPN>  15156 atoms have been selected out of  15156
  
 CHARMM>    scalar wmain mult 0.85  sele .not. resname TIP3 end
 SELRPN>  15156 atoms have been selected out of  15156
  
 CHARMM>    calc zab = ( @a + @b ) / 2.0
 Parameter: A -> "-6"
 Parameter: B -> "-5.8"
Evaluating: (-6+-5.8)/2.0
 Parameter: ZAB <- "-5.9"
  
 CHARMM>     
  
 CHARMM>    coor search -
 CHARMM>         xmin @x1  xmax @x2  xgrip @xncel -
 CHARMM>         ymin @y1  ymax @y2  ygrip @yncel -
 CHARMM>         zmin @a   zmax @b   zgrip 5
 Parameter: X1 -> "-43.6244258"
 Parameter: X2 -> "43.6252187"
 Parameter: XNCEL -> "436"
 Parameter: Y1 -> "-43.6309926"
 Parameter: Y2 -> "43.6230242"
 Parameter: YNCEL -> "436"
 Parameter: A -> "-6"
 Parameter: B -> "-5.8"

 A TOTAL OF   458924   VACUUM POINTS WERE FOUND
 A TOTAL OF   491556 OCCUPIED POINTS WERE FOUND
 A TOTAL OF        0 EXTERNAL POINTS WERE FOUND
 A TOTAL OF   458924 SELECTED POINTS WERE FOUND
 TOTAL OCCUPIED  VOLUME =     787.424838
 TOTAL SELECTED  VOLUME =     735.151552
 TOTAL FREE      VOLUME =     735.151552
 FRACTIONAL FREE VOLUME =      48.283394
  
 CHARMM>     
  
 CHARMM>    calc c = ?volume * @factor
 Parameter: FACTOR -> "5"
 RDCMND substituted energy or value "?VOLUME" to "787.424838"
Evaluating: 787.424838*5
 Parameter: C <- "3937.12419"
  
 CHARMM>     
  
 CHARMM>    if a .lt. -10 if a .gt. -20 if c .gt. @botarea set botarea = @c
 Parameter: BOTAREA -> "3928.19358"
 Parameter: C -> "3937.12419"
 Comparing "-6" and "-10".
 IF test evaluated as false.  Skipping command
  
 CHARMM>    if a .gt.  10 if a .lt.  20 if c .gt. @toparea set toparea = @c
 Parameter: TOPAREA -> "-1"
 Parameter: C -> "3937.12419"
 Comparing "-6" and "10".
 IF test evaluated as false.  Skipping command
  
 CHARMM>     
  
 CHARMM>    write title unit 51
 RDTITL> * -5.8  3937.12419
 RDTITL> *
  
 CHARMM>     
  
 CHARMM>    incr a by @dcel
 Parameter: DCEL -> "0.2"
 Parameter: A <- "-5.8"
  
 CHARMM>    incr b by @dcel
 Parameter: DCEL -> "0.2"
 Parameter: B <- "-5.6"
  
 CHARMM>    if b le ?ZMAX goto DOAREA
 RDCMND substituted energy or value "?ZMAX" to "33.3514749"
 Comparing "-5.6" and "33.3514749".
 IF test evaluated as true.  Performing command
  
 CHARMM>     
  
 CHARMM>    ! Cross sectional protein area with whole atom.
 CHARMM>    scalar wmain = radius
  
 CHARMM>    scalar wmain mult 2.5   sele resname TIP3 end
 SELRPN>      0 atoms have been selected out of  15156
  
 CHARMM>    scalar wmain add  1.529 sele .not. resname TIP3 end
 SELRPN>  15156 atoms have been selected out of  15156
  
 CHARMM>    scalar wmain mult 0.85  sele .not. resname TIP3 end
 SELRPN>  15156 atoms have been selected out of  15156
  
 CHARMM>    calc zab = ( @a + @b ) / 2.0
 Parameter: A -> "-5.8"
 Parameter: B -> "-5.6"
Evaluating: (-5.8+-5.6)/2.0
 Parameter: ZAB <- "-5.7"
  
 CHARMM>     
  
 CHARMM>    coor search -
 CHARMM>         xmin @x1  xmax @x2  xgrip @xncel -
 CHARMM>         ymin @y1  ymax @y2  ygrip @yncel -
 CHARMM>         zmin @a   zmax @b   zgrip 5
 Parameter: X1 -> "-43.6244258"
 Parameter: X2 -> "43.6252187"
 Parameter: XNCEL -> "436"
 Parameter: Y1 -> "-43.6309926"
 Parameter: Y2 -> "43.6230242"
 Parameter: YNCEL -> "436"
 Parameter: A -> "-5.8"
 Parameter: B -> "-5.6"

 A TOTAL OF   461358   VACUUM POINTS WERE FOUND
 A TOTAL OF   489122 OCCUPIED POINTS WERE FOUND
 A TOTAL OF        0 EXTERNAL POINTS WERE FOUND
 A TOTAL OF   461358 SELECTED POINTS WERE FOUND
 TOTAL OCCUPIED  VOLUME =     783.525807
 TOTAL SELECTED  VOLUME =     739.050583
 TOTAL FREE      VOLUME =     739.050583
 FRACTIONAL FREE VOLUME =      48.539475
  
 CHARMM>     
  
 CHARMM>    calc c = ?volume * @factor
 Parameter: FACTOR -> "5"
 RDCMND substituted energy or value "?VOLUME" to "783.525807"
Evaluating: 783.525807*5
 Parameter: C <- "3917.62903"
  
 CHARMM>     
  
 CHARMM>    if a .lt. -10 if a .gt. -20 if c .gt. @botarea set botarea = @c
 Parameter: BOTAREA -> "3928.19358"
 Parameter: C -> "3917.62903"
 Comparing "-5.8" and "-10".
 IF test evaluated as false.  Skipping command
  
 CHARMM>    if a .gt.  10 if a .lt.  20 if c .gt. @toparea set toparea = @c
 Parameter: TOPAREA -> "-1"
 Parameter: C -> "3917.62903"
 Comparing "-5.8" and "10".
 IF test evaluated as false.  Skipping command
  
 CHARMM>     
  
 CHARMM>    write title unit 51
 RDTITL> * -5.6  3917.62903
 RDTITL> *
  
 CHARMM>     
  
 CHARMM>    incr a by @dcel
 Parameter: DCEL -> "0.2"
 Parameter: A <- "-5.6"
  
 CHARMM>    incr b by @dcel
 Parameter: DCEL -> "0.2"
 Parameter: B <- "-5.4"
  
 CHARMM>    if b le ?ZMAX goto DOAREA
 RDCMND substituted energy or value "?ZMAX" to "33.3514749"
 Comparing "-5.4" and "33.3514749".
 IF test evaluated as true.  Performing command
  
 CHARMM>     
  
 CHARMM>    ! Cross sectional protein area with whole atom.
 CHARMM>    scalar wmain = radius
  
 CHARMM>    scalar wmain mult 2.5   sele resname TIP3 end
 SELRPN>      0 atoms have been selected out of  15156
  
 CHARMM>    scalar wmain add  1.529 sele .not. resname TIP3 end
 SELRPN>  15156 atoms have been selected out of  15156
  
 CHARMM>    scalar wmain mult 0.85  sele .not. resname TIP3 end
 SELRPN>  15156 atoms have been selected out of  15156
  
 CHARMM>    calc zab = ( @a + @b ) / 2.0
 Parameter: A -> "-5.6"
 Parameter: B -> "-5.4"
Evaluating: (-5.6+-5.4)/2.0
 Parameter: ZAB <- "-5.5"
  
 CHARMM>     
  
 CHARMM>    coor search -
 CHARMM>         xmin @x1  xmax @x2  xgrip @xncel -
 CHARMM>         ymin @y1  ymax @y2  ygrip @yncel -
 CHARMM>         zmin @a   zmax @b   zgrip 5
 Parameter: X1 -> "-43.6244258"
 Parameter: X2 -> "43.6252187"
 Parameter: XNCEL -> "436"
 Parameter: Y1 -> "-43.6309926"
 Parameter: Y2 -> "43.6230242"
 Parameter: YNCEL -> "436"
 Parameter: A -> "-5.6"
 Parameter: B -> "-5.4"

 A TOTAL OF   463920   VACUUM POINTS WERE FOUND
 A TOTAL OF   486560 OCCUPIED POINTS WERE FOUND
 A TOTAL OF        0 EXTERNAL POINTS WERE FOUND
 A TOTAL OF   463920 SELECTED POINTS WERE FOUND
 TOTAL OCCUPIED  VOLUME =     779.421732
 TOTAL SELECTED  VOLUME =     743.154657
 TOTAL FREE      VOLUME =     743.154657
 FRACTIONAL FREE VOLUME =      48.809023
  
 CHARMM>     
  
 CHARMM>    calc c = ?volume * @factor
 Parameter: FACTOR -> "5"
 RDCMND substituted energy or value "?VOLUME" to "779.421732"
Evaluating: 779.421732*5
 Parameter: C <- "3897.10866"
  
 CHARMM>     
  
 CHARMM>    if a .lt. -10 if a .gt. -20 if c .gt. @botarea set botarea = @c
 Parameter: BOTAREA -> "3928.19358"
 Parameter: C -> "3897.10866"
 Comparing "-5.6" and "-10".
 IF test evaluated as false.  Skipping command
  
 CHARMM>    if a .gt.  10 if a .lt.  20 if c .gt. @toparea set toparea = @c
 Parameter: TOPAREA -> "-1"
 Parameter: C -> "3897.10866"
 Comparing "-5.6" and "10".
 IF test evaluated as false.  Skipping command
  
 CHARMM>     
  
 CHARMM>    write title unit 51
 RDTITL> * -5.4  3897.10866
 RDTITL> *
  
 CHARMM>     
  
 CHARMM>    incr a by @dcel
 Parameter: DCEL -> "0.2"
 Parameter: A <- "-5.4"
  
 CHARMM>    incr b by @dcel
 Parameter: DCEL -> "0.2"
 Parameter: B <- "-5.2"
  
 CHARMM>    if b le ?ZMAX goto DOAREA
 RDCMND substituted energy or value "?ZMAX" to "33.3514749"
 Comparing "-5.2" and "33.3514749".
 IF test evaluated as true.  Performing command
  
 CHARMM>     
  
 CHARMM>    ! Cross sectional protein area with whole atom.
 CHARMM>    scalar wmain = radius
  
 CHARMM>    scalar wmain mult 2.5   sele resname TIP3 end
 SELRPN>      0 atoms have been selected out of  15156
  
 CHARMM>    scalar wmain add  1.529 sele .not. resname TIP3 end
 SELRPN>  15156 atoms have been selected out of  15156
  
 CHARMM>    scalar wmain mult 0.85  sele .not. resname TIP3 end
 SELRPN>  15156 atoms have been selected out of  15156
  
 CHARMM>    calc zab = ( @a + @b ) / 2.0
 Parameter: A -> "-5.4"
 Parameter: B -> "-5.2"
Evaluating: (-5.4+-5.2)/2.0
 Parameter: ZAB <- "-5.3"
  
 CHARMM>     
  
 CHARMM>    coor search -
 CHARMM>         xmin @x1  xmax @x2  xgrip @xncel -
 CHARMM>         ymin @y1  ymax @y2  ygrip @yncel -
 CHARMM>         zmin @a   zmax @b   zgrip 5
 Parameter: X1 -> "-43.6244258"
 Parameter: X2 -> "43.6252187"
 Parameter: XNCEL -> "436"
 Parameter: Y1 -> "-43.6309926"
 Parameter: Y2 -> "43.6230242"
 Parameter: YNCEL -> "436"
 Parameter: A -> "-5.4"
 Parameter: B -> "-5.2"

 A TOTAL OF   466532   VACUUM POINTS WERE FOUND
 A TOTAL OF   483948 OCCUPIED POINTS WERE FOUND
 A TOTAL OF        0 EXTERNAL POINTS WERE FOUND
 A TOTAL OF   466532 SELECTED POINTS WERE FOUND
 TOTAL OCCUPIED  VOLUME =     775.237563
 TOTAL SELECTED  VOLUME =     747.338827
 TOTAL FREE      VOLUME =     747.338827
 FRACTIONAL FREE VOLUME =      49.083831
  
 CHARMM>     
  
 CHARMM>    calc c = ?volume * @factor
 Parameter: FACTOR -> "5"
 RDCMND substituted energy or value "?VOLUME" to "775.237563"
Evaluating: 775.237563*5
 Parameter: C <- "3876.18782"
  
 CHARMM>     
  
 CHARMM>    if a .lt. -10 if a .gt. -20 if c .gt. @botarea set botarea = @c
 Parameter: BOTAREA -> "3928.19358"
 Parameter: C -> "3876.18782"
 Comparing "-5.4" and "-10".
 IF test evaluated as false.  Skipping command
  
 CHARMM>    if a .gt.  10 if a .lt.  20 if c .gt. @toparea set toparea = @c
 Parameter: TOPAREA -> "-1"
 Parameter: C -> "3876.18782"
 Comparing "-5.4" and "10".
 IF test evaluated as false.  Skipping command
  
 CHARMM>     
  
 CHARMM>    write title unit 51
 RDTITL> * -5.2  3876.18782
 RDTITL> *
  
 CHARMM>     
  
 CHARMM>    incr a by @dcel
 Parameter: DCEL -> "0.2"
 Parameter: A <- "-5.2"
  
 CHARMM>    incr b by @dcel
 Parameter: DCEL -> "0.2"
 Parameter: B <- "-5"
  
 CHARMM>    if b le ?ZMAX goto DOAREA
 RDCMND substituted energy or value "?ZMAX" to "33.3514749"
 Comparing "-5" and "33.3514749".
 IF test evaluated as true.  Performing command
  
 CHARMM>     
  
 CHARMM>    ! Cross sectional protein area with whole atom.
 CHARMM>    scalar wmain = radius
  
 CHARMM>    scalar wmain mult 2.5   sele resname TIP3 end
 SELRPN>      0 atoms have been selected out of  15156
  
 CHARMM>    scalar wmain add  1.529 sele .not. resname TIP3 end
 SELRPN>  15156 atoms have been selected out of  15156
  
 CHARMM>    scalar wmain mult 0.85  sele .not. resname TIP3 end
 SELRPN>  15156 atoms have been selected out of  15156
  
 CHARMM>    calc zab = ( @a + @b ) / 2.0
 Parameter: A -> "-5.2"
 Parameter: B -> "-5"
Evaluating: (-5.2+-5)/2.0
 Parameter: ZAB <- "-5.1"
  
 CHARMM>     
  
 CHARMM>    coor search -
 CHARMM>         xmin @x1  xmax @x2  xgrip @xncel -
 CHARMM>         ymin @y1  ymax @y2  ygrip @yncel -
 CHARMM>         zmin @a   zmax @b   zgrip 5
 Parameter: X1 -> "-43.6244258"
 Parameter: X2 -> "43.6252187"
 Parameter: XNCEL -> "436"
 Parameter: Y1 -> "-43.6309926"
 Parameter: Y2 -> "43.6230242"
 Parameter: YNCEL -> "436"
 Parameter: A -> "-5.2"
 Parameter: B -> "-5"

 A TOTAL OF   469038   VACUUM POINTS WERE FOUND
 A TOTAL OF   481442 OCCUPIED POINTS WERE FOUND
 A TOTAL OF        0 EXTERNAL POINTS WERE FOUND
 A TOTAL OF   469038 SELECTED POINTS WERE FOUND
 TOTAL OCCUPIED  VOLUME =     771.223195
 TOTAL SELECTED  VOLUME =     751.353195
 TOTAL FREE      VOLUME =     751.353195
 FRACTIONAL FREE VOLUME =      49.347488
  
 CHARMM>     
  
 CHARMM>    calc c = ?volume * @factor
 Parameter: FACTOR -> "5"
 RDCMND substituted energy or value "?VOLUME" to "771.223195"
Evaluating: 771.223195*5
 Parameter: C <- "3856.11598"
  
 CHARMM>     
  
 CHARMM>    if a .lt. -10 if a .gt. -20 if c .gt. @botarea set botarea = @c
 Parameter: BOTAREA -> "3928.19358"
 Parameter: C -> "3856.11598"
 Comparing "-5.2" and "-10".
 IF test evaluated as false.  Skipping command
  
 CHARMM>    if a .gt.  10 if a .lt.  20 if c .gt. @toparea set toparea = @c
 Parameter: TOPAREA -> "-1"
 Parameter: C -> "3856.11598"
 Comparing "-5.2" and "10".
 IF test evaluated as false.  Skipping command
  
 CHARMM>     
  
 CHARMM>    write title unit 51
 RDTITL> * -5  3856.11598
 RDTITL> *
  
 CHARMM>     
  
 CHARMM>    incr a by @dcel
 Parameter: DCEL -> "0.2"
 Parameter: A <- "-5"
  
 CHARMM>    incr b by @dcel
 Parameter: DCEL -> "0.2"
 Parameter: B <- "-4.8"
  
 CHARMM>    if b le ?ZMAX goto DOAREA
 RDCMND substituted energy or value "?ZMAX" to "33.3514749"
 Comparing "-4.8" and "33.3514749".
 IF test evaluated as true.  Performing command
  
 CHARMM>     
  
 CHARMM>    ! Cross sectional protein area with whole atom.
 CHARMM>    scalar wmain = radius
  
 CHARMM>    scalar wmain mult 2.5   sele resname TIP3 end
 SELRPN>      0 atoms have been selected out of  15156
  
 CHARMM>    scalar wmain add  1.529 sele .not. resname TIP3 end
 SELRPN>  15156 atoms have been selected out of  15156
  
 CHARMM>    scalar wmain mult 0.85  sele .not. resname TIP3 end
 SELRPN>  15156 atoms have been selected out of  15156
  
 CHARMM>    calc zab = ( @a + @b ) / 2.0
 Parameter: A -> "-5"
 Parameter: B -> "-4.8"
Evaluating: (-5+-4.8)/2.0
 Parameter: ZAB <- "-4.9"
  
 CHARMM>     
  
 CHARMM>    coor search -
 CHARMM>         xmin @x1  xmax @x2  xgrip @xncel -
 CHARMM>         ymin @y1  ymax @y2  ygrip @yncel -
 CHARMM>         zmin @a   zmax @b   zgrip 5
 Parameter: X1 -> "-43.6244258"
 Parameter: X2 -> "43.6252187"
 Parameter: XNCEL -> "436"
 Parameter: Y1 -> "-43.6309926"
 Parameter: Y2 -> "43.6230242"
 Parameter: YNCEL -> "436"
 Parameter: A -> "-5"
 Parameter: B -> "-4.8"

 A TOTAL OF   470895   VACUUM POINTS WERE FOUND
 A TOTAL OF   479585 OCCUPIED POINTS WERE FOUND
 A TOTAL OF        0 EXTERNAL POINTS WERE FOUND
 A TOTAL OF   470895 SELECTED POINTS WERE FOUND
 TOTAL OCCUPIED  VOLUME =     768.248462
 TOTAL SELECTED  VOLUME =     754.327928
 TOTAL FREE      VOLUME =     754.327928
 FRACTIONAL FREE VOLUME =      49.542863
  
 CHARMM>     
  
 CHARMM>    calc c = ?volume * @factor
 Parameter: FACTOR -> "5"
 RDCMND substituted energy or value "?VOLUME" to "768.248462"
Evaluating: 768.248462*5
 Parameter: C <- "3841.24231"
  
 CHARMM>     
  
 CHARMM>    if a .lt. -10 if a .gt. -20 if c .gt. @botarea set botarea = @c
 Parameter: BOTAREA -> "3928.19358"
 Parameter: C -> "3841.24231"
 Comparing "-5" and "-10".
 IF test evaluated as false.  Skipping command
  
 CHARMM>    if a .gt.  10 if a .lt.  20 if c .gt. @toparea set toparea = @c
 Parameter: TOPAREA -> "-1"
 Parameter: C -> "3841.24231"
 Comparing "-5" and "10".
 IF test evaluated as false.  Skipping command
  
 CHARMM>     
  
 CHARMM>    write title unit 51
 RDTITL> * -4.8  3841.24231
 RDTITL> *
  
 CHARMM>     
  
 CHARMM>    incr a by @dcel
 Parameter: DCEL -> "0.2"
 Parameter: A <- "-4.8"
  
 CHARMM>    incr b by @dcel
 Parameter: DCEL -> "0.2"
 Parameter: B <- "-4.6"
  
 CHARMM>    if b le ?ZMAX goto DOAREA
 RDCMND substituted energy or value "?ZMAX" to "33.3514749"
 Comparing "-4.6" and "33.3514749".
 IF test evaluated as true.  Performing command
  
 CHARMM>     
  
 CHARMM>    ! Cross sectional protein area with whole atom.
 CHARMM>    scalar wmain = radius
  
 CHARMM>    scalar wmain mult 2.5   sele resname TIP3 end
 SELRPN>      0 atoms have been selected out of  15156
  
 CHARMM>    scalar wmain add  1.529 sele .not. resname TIP3 end
 SELRPN>  15156 atoms have been selected out of  15156
  
 CHARMM>    scalar wmain mult 0.85  sele .not. resname TIP3 end
 SELRPN>  15156 atoms have been selected out of  15156
  
 CHARMM>    calc zab = ( @a + @b ) / 2.0
 Parameter: A -> "-4.8"
 Parameter: B -> "-4.6"
Evaluating: (-4.8+-4.6)/2.0
 Parameter: ZAB <- "-4.7"
  
 CHARMM>     
  
 CHARMM>    coor search -
 CHARMM>         xmin @x1  xmax @x2  xgrip @xncel -
 CHARMM>         ymin @y1  ymax @y2  ygrip @yncel -
 CHARMM>         zmin @a   zmax @b   zgrip 5
 Parameter: X1 -> "-43.6244258"
 Parameter: X2 -> "43.6252187"
 Parameter: XNCEL -> "436"
 Parameter: Y1 -> "-43.6309926"
 Parameter: Y2 -> "43.6230242"
 Parameter: YNCEL -> "436"
 Parameter: A -> "-4.8"
 Parameter: B -> "-4.6"

 A TOTAL OF   473006   VACUUM POINTS WERE FOUND
 A TOTAL OF   477474 OCCUPIED POINTS WERE FOUND
 A TOTAL OF        0 EXTERNAL POINTS WERE FOUND
 A TOTAL OF   473006 SELECTED POINTS WERE FOUND
 TOTAL OCCUPIED  VOLUME =     764.866845
 TOTAL SELECTED  VOLUME =     757.709544
 TOTAL FREE      VOLUME =     757.709544
 FRACTIONAL FREE VOLUME =      49.764961
  
 CHARMM>     
  
 CHARMM>    calc c = ?volume * @factor
 Parameter: FACTOR -> "5"
 RDCMND substituted energy or value "?VOLUME" to "764.866845"
Evaluating: 764.866845*5
 Parameter: C <- "3824.33423"
  
 CHARMM>     
  
 CHARMM>    if a .lt. -10 if a .gt. -20 if c .gt. @botarea set botarea = @c
 Parameter: BOTAREA -> "3928.19358"
 Parameter: C -> "3824.33423"
 Comparing "-4.8" and "-10".
 IF test evaluated as false.  Skipping command
  
 CHARMM>    if a .gt.  10 if a .lt.  20 if c .gt. @toparea set toparea = @c
 Parameter: TOPAREA -> "-1"
 Parameter: C -> "3824.33423"
 Comparing "-4.8" and "10".
 IF test evaluated as false.  Skipping command
  
 CHARMM>     
  
 CHARMM>    write title unit 51
 RDTITL> * -4.6  3824.33423
 RDTITL> *
  
 CHARMM>     
  
 CHARMM>    incr a by @dcel
 Parameter: DCEL -> "0.2"
 Parameter: A <- "-4.6"
  
 CHARMM>    incr b by @dcel
 Parameter: DCEL -> "0.2"
 Parameter: B <- "-4.4"
  
 CHARMM>    if b le ?ZMAX goto DOAREA
 RDCMND substituted energy or value "?ZMAX" to "33.3514749"
 Comparing "-4.4" and "33.3514749".
 IF test evaluated as true.  Performing command
  
 CHARMM>     
  
 CHARMM>    ! Cross sectional protein area with whole atom.
 CHARMM>    scalar wmain = radius
  
 CHARMM>    scalar wmain mult 2.5   sele resname TIP3 end
 SELRPN>      0 atoms have been selected out of  15156
  
 CHARMM>    scalar wmain add  1.529 sele .not. resname TIP3 end
 SELRPN>  15156 atoms have been selected out of  15156
  
 CHARMM>    scalar wmain mult 0.85  sele .not. resname TIP3 end
 SELRPN>  15156 atoms have been selected out of  15156
  
 CHARMM>    calc zab = ( @a + @b ) / 2.0
 Parameter: A -> "-4.6"
 Parameter: B -> "-4.4"
Evaluating: (-4.6+-4.4)/2.0
 Parameter: ZAB <- "-4.5"
  
 CHARMM>     
  
 CHARMM>    coor search -
 CHARMM>         xmin @x1  xmax @x2  xgrip @xncel -
 CHARMM>         ymin @y1  ymax @y2  ygrip @yncel -
 CHARMM>         zmin @a   zmax @b   zgrip 5
 Parameter: X1 -> "-43.6244258"
 Parameter: X2 -> "43.6252187"
 Parameter: XNCEL -> "436"
 Parameter: Y1 -> "-43.6309926"
 Parameter: Y2 -> "43.6230242"
 Parameter: YNCEL -> "436"
 Parameter: A -> "-4.6"
 Parameter: B -> "-4.4"

 A TOTAL OF   475048   VACUUM POINTS WERE FOUND
 A TOTAL OF   475432 OCCUPIED POINTS WERE FOUND
 A TOTAL OF        0 EXTERNAL POINTS WERE FOUND
 A TOTAL OF   475048 SELECTED POINTS WERE FOUND
 TOTAL OCCUPIED  VOLUME =     761.595760
 TOTAL SELECTED  VOLUME =     760.980629
 TOTAL FREE      VOLUME =     760.980629
 FRACTIONAL FREE VOLUME =      49.979800
  
 CHARMM>     
  
 CHARMM>    calc c = ?volume * @factor
 Parameter: FACTOR -> "5"
 RDCMND substituted energy or value "?VOLUME" to "761.59576"
Evaluating: 761.59576*5
 Parameter: C <- "3807.9788"
  
 CHARMM>     
  
 CHARMM>    if a .lt. -10 if a .gt. -20 if c .gt. @botarea set botarea = @c
 Parameter: BOTAREA -> "3928.19358"
 Parameter: C -> "3807.9788"
 Comparing "-4.6" and "-10".
 IF test evaluated as false.  Skipping command
  
 CHARMM>    if a .gt.  10 if a .lt.  20 if c .gt. @toparea set toparea = @c
 Parameter: TOPAREA -> "-1"
 Parameter: C -> "3807.9788"
 Comparing "-4.6" and "10".
 IF test evaluated as false.  Skipping command
  
 CHARMM>     
  
 CHARMM>    write title unit 51
 RDTITL> * -4.4  3807.9788
 RDTITL> *
  
 CHARMM>     
  
 CHARMM>    incr a by @dcel
 Parameter: DCEL -> "0.2"
 Parameter: A <- "-4.4"
  
 CHARMM>    incr b by @dcel
 Parameter: DCEL -> "0.2"
 Parameter: B <- "-4.2"
  
 CHARMM>    if b le ?ZMAX goto DOAREA
 RDCMND substituted energy or value "?ZMAX" to "33.3514749"
 Comparing "-4.2" and "33.3514749".
 IF test evaluated as true.  Performing command
  
 CHARMM>     
  
 CHARMM>    ! Cross sectional protein area with whole atom.
 CHARMM>    scalar wmain = radius
  
 CHARMM>    scalar wmain mult 2.5   sele resname TIP3 end
 SELRPN>      0 atoms have been selected out of  15156
  
 CHARMM>    scalar wmain add  1.529 sele .not. resname TIP3 end
 SELRPN>  15156 atoms have been selected out of  15156
  
 CHARMM>    scalar wmain mult 0.85  sele .not. resname TIP3 end
 SELRPN>  15156 atoms have been selected out of  15156
  
 CHARMM>    calc zab = ( @a + @b ) / 2.0
 Parameter: A -> "-4.4"
 Parameter: B -> "-4.2"
Evaluating: (-4.4+-4.2)/2.0
 Parameter: ZAB <- "-4.3"
  
 CHARMM>     
  
 CHARMM>    coor search -
 CHARMM>         xmin @x1  xmax @x2  xgrip @xncel -
 CHARMM>         ymin @y1  ymax @y2  ygrip @yncel -
 CHARMM>         zmin @a   zmax @b   zgrip 5
 Parameter: X1 -> "-43.6244258"
 Parameter: X2 -> "43.6252187"
 Parameter: XNCEL -> "436"
 Parameter: Y1 -> "-43.6309926"
 Parameter: Y2 -> "43.6230242"
 Parameter: YNCEL -> "436"
 Parameter: A -> "-4.4"
 Parameter: B -> "-4.2"

 A TOTAL OF   476049   VACUUM POINTS WERE FOUND
 A TOTAL OF   474431 OCCUPIED POINTS WERE FOUND
 A TOTAL OF        0 EXTERNAL POINTS WERE FOUND
 A TOTAL OF   476049 SELECTED POINTS WERE FOUND
 TOTAL OCCUPIED  VOLUME =     759.992255
 TOTAL SELECTED  VOLUME =     762.584134
 TOTAL FREE      VOLUME =     762.584134
 FRACTIONAL FREE VOLUME =      50.085115
  
 CHARMM>     
  
 CHARMM>    calc c = ?volume * @factor
 Parameter: FACTOR -> "5"
 RDCMND substituted energy or value "?VOLUME" to "759.992255"
Evaluating: 759.992255*5
 Parameter: C <- "3799.96128"
  
 CHARMM>     
  
 CHARMM>    if a .lt. -10 if a .gt. -20 if c .gt. @botarea set botarea = @c
 Parameter: BOTAREA -> "3928.19358"
 Parameter: C -> "3799.96128"
 Comparing "-4.4" and "-10".
 IF test evaluated as false.  Skipping command
  
 CHARMM>    if a .gt.  10 if a .lt.  20 if c .gt. @toparea set toparea = @c
 Parameter: TOPAREA -> "-1"
 Parameter: C -> "3799.96128"
 Comparing "-4.4" and "10".
 IF test evaluated as false.  Skipping command
  
 CHARMM>     
  
 CHARMM>    write title unit 51
 RDTITL> * -4.2  3799.96128
 RDTITL> *
  
 CHARMM>     
  
 CHARMM>    incr a by @dcel
 Parameter: DCEL -> "0.2"
 Parameter: A <- "-4.2"
  
 CHARMM>    incr b by @dcel
 Parameter: DCEL -> "0.2"
 Parameter: B <- "-4"
  
 CHARMM>    if b le ?ZMAX goto DOAREA
 RDCMND substituted energy or value "?ZMAX" to "33.3514749"
 Comparing "-4" and "33.3514749".
 IF test evaluated as true.  Performing command
  
 CHARMM>     
  
 CHARMM>    ! Cross sectional protein area with whole atom.
 CHARMM>    scalar wmain = radius
  
 CHARMM>    scalar wmain mult 2.5   sele resname TIP3 end
 SELRPN>      0 atoms have been selected out of  15156
  
 CHARMM>    scalar wmain add  1.529 sele .not. resname TIP3 end
 SELRPN>  15156 atoms have been selected out of  15156
  
 CHARMM>    scalar wmain mult 0.85  sele .not. resname TIP3 end
 SELRPN>  15156 atoms have been selected out of  15156
  
 CHARMM>    calc zab = ( @a + @b ) / 2.0
 Parameter: A -> "-4.2"
 Parameter: B -> "-4"
Evaluating: (-4.2+-4)/2.0
 Parameter: ZAB <- "-4.1"
  
 CHARMM>     
  
 CHARMM>    coor search -
 CHARMM>         xmin @x1  xmax @x2  xgrip @xncel -
 CHARMM>         ymin @y1  ymax @y2  ygrip @yncel -
 CHARMM>         zmin @a   zmax @b   zgrip 5
 Parameter: X1 -> "-43.6244258"
 Parameter: X2 -> "43.6252187"
 Parameter: XNCEL -> "436"
 Parameter: Y1 -> "-43.6309926"
 Parameter: Y2 -> "43.6230242"
 Parameter: YNCEL -> "436"
 Parameter: A -> "-4.2"
 Parameter: B -> "-4"

 A TOTAL OF   477189   VACUUM POINTS WERE FOUND
 A TOTAL OF   473291 OCCUPIED POINTS WERE FOUND
 A TOTAL OF        0 EXTERNAL POINTS WERE FOUND
 A TOTAL OF   477189 SELECTED POINTS WERE FOUND
 TOTAL OCCUPIED  VOLUME =     758.166087
 TOTAL SELECTED  VOLUME =     764.410303
 TOTAL FREE      VOLUME =     764.410303
 FRACTIONAL FREE VOLUME =      50.205054
  
 CHARMM>     
  
 CHARMM>    calc c = ?volume * @factor
 Parameter: FACTOR -> "5"
 RDCMND substituted energy or value "?VOLUME" to "758.166087"
Evaluating: 758.166087*5
 Parameter: C <- "3790.83043"
  
 CHARMM>     
  
 CHARMM>    if a .lt. -10 if a .gt. -20 if c .gt. @botarea set botarea = @c
 Parameter: BOTAREA -> "3928.19358"
 Parameter: C -> "3790.83043"
 Comparing "-4.2" and "-10".
 IF test evaluated as false.  Skipping command
  
 CHARMM>    if a .gt.  10 if a .lt.  20 if c .gt. @toparea set toparea = @c
 Parameter: TOPAREA -> "-1"
 Parameter: C -> "3790.83043"
 Comparing "-4.2" and "10".
 IF test evaluated as false.  Skipping command
  
 CHARMM>     
  
 CHARMM>    write title unit 51
 RDTITL> * -4  3790.83043
 RDTITL> *
  
 CHARMM>     
  
 CHARMM>    incr a by @dcel
 Parameter: DCEL -> "0.2"
 Parameter: A <- "-4"
  
 CHARMM>    incr b by @dcel
 Parameter: DCEL -> "0.2"
 Parameter: B <- "-3.8"
  
 CHARMM>    if b le ?ZMAX goto DOAREA
 RDCMND substituted energy or value "?ZMAX" to "33.3514749"
 Comparing "-3.8" and "33.3514749".
 IF test evaluated as true.  Performing command
  
 CHARMM>     
  
 CHARMM>    ! Cross sectional protein area with whole atom.
 CHARMM>    scalar wmain = radius
  
 CHARMM>    scalar wmain mult 2.5   sele resname TIP3 end
 SELRPN>      0 atoms have been selected out of  15156
  
 CHARMM>    scalar wmain add  1.529 sele .not. resname TIP3 end
 SELRPN>  15156 atoms have been selected out of  15156
  
 CHARMM>    scalar wmain mult 0.85  sele .not. resname TIP3 end
 SELRPN>  15156 atoms have been selected out of  15156
  
 CHARMM>    calc zab = ( @a + @b ) / 2.0
 Parameter: A -> "-4"
 Parameter: B -> "-3.8"
Evaluating: (-4+-3.8)/2.0
 Parameter: ZAB <- "-3.9"
  
 CHARMM>     
  
 CHARMM>    coor search -
 CHARMM>         xmin @x1  xmax @x2  xgrip @xncel -
 CHARMM>         ymin @y1  ymax @y2  ygrip @yncel -
 CHARMM>         zmin @a   zmax @b   zgrip 5
 Parameter: X1 -> "-43.6244258"
 Parameter: X2 -> "43.6252187"
 Parameter: XNCEL -> "436"
 Parameter: Y1 -> "-43.6309926"
 Parameter: Y2 -> "43.6230242"
 Parameter: YNCEL -> "436"
 Parameter: A -> "-4"
 Parameter: B -> "-3.8"

 A TOTAL OF   478849   VACUUM POINTS WERE FOUND
 A TOTAL OF   471631 OCCUPIED POINTS WERE FOUND
 A TOTAL OF        0 EXTERNAL POINTS WERE FOUND
 A TOTAL OF   478849 SELECTED POINTS WERE FOUND
 TOTAL OCCUPIED  VOLUME =     755.506928
 TOTAL SELECTED  VOLUME =     767.069461
 TOTAL FREE      VOLUME =     767.069461
 FRACTIONAL FREE VOLUME =      50.379703
  
 CHARMM>     
  
 CHARMM>    calc c = ?volume * @factor
 Parameter: FACTOR -> "5"
 RDCMND substituted energy or value "?VOLUME" to "755.506928"
Evaluating: 755.506928*5
 Parameter: C <- "3777.53464"
  
 CHARMM>     
  
 CHARMM>    if a .lt. -10 if a .gt. -20 if c .gt. @botarea set botarea = @c
 Parameter: BOTAREA -> "3928.19358"
 Parameter: C -> "3777.53464"
 Comparing "-4" and "-10".
 IF test evaluated as false.  Skipping command
  
 CHARMM>    if a .gt.  10 if a .lt.  20 if c .gt. @toparea set toparea = @c
 Parameter: TOPAREA -> "-1"
 Parameter: C -> "3777.53464"
 Comparing "-4" and "10".
 IF test evaluated as false.  Skipping command
  
 CHARMM>     
  
 CHARMM>    write title unit 51
 RDTITL> * -3.8  3777.53464
 RDTITL> *
  
 CHARMM>     
  
 CHARMM>    incr a by @dcel
 Parameter: DCEL -> "0.2"
 Parameter: A <- "-3.8"
  
 CHARMM>    incr b by @dcel
 Parameter: DCEL -> "0.2"
 Parameter: B <- "-3.6"
  
 CHARMM>    if b le ?ZMAX goto DOAREA
 RDCMND substituted energy or value "?ZMAX" to "33.3514749"
 Comparing "-3.6" and "33.3514749".
 IF test evaluated as true.  Performing command
  
 CHARMM>     
  
 CHARMM>    ! Cross sectional protein area with whole atom.
 CHARMM>    scalar wmain = radius
  
 CHARMM>    scalar wmain mult 2.5   sele resname TIP3 end
 SELRPN>      0 atoms have been selected out of  15156
  
 CHARMM>    scalar wmain add  1.529 sele .not. resname TIP3 end
 SELRPN>  15156 atoms have been selected out of  15156
  
 CHARMM>    scalar wmain mult 0.85  sele .not. resname TIP3 end
 SELRPN>  15156 atoms have been selected out of  15156
  
 CHARMM>    calc zab = ( @a + @b ) / 2.0
 Parameter: A -> "-3.8"
 Parameter: B -> "-3.6"
Evaluating: (-3.8+-3.6)/2.0
 Parameter: ZAB <- "-3.7"
  
 CHARMM>     
  
 CHARMM>    coor search -
 CHARMM>         xmin @x1  xmax @x2  xgrip @xncel -
 CHARMM>         ymin @y1  ymax @y2  ygrip @yncel -
 CHARMM>         zmin @a   zmax @b   zgrip 5
 Parameter: X1 -> "-43.6244258"
 Parameter: X2 -> "43.6252187"
 Parameter: XNCEL -> "436"
 Parameter: Y1 -> "-43.6309926"
 Parameter: Y2 -> "43.6230242"
 Parameter: YNCEL -> "436"
 Parameter: A -> "-3.8"
 Parameter: B -> "-3.6"

 A TOTAL OF   481047   VACUUM POINTS WERE FOUND
 A TOTAL OF   469433 OCCUPIED POINTS WERE FOUND
 A TOTAL OF        0 EXTERNAL POINTS WERE FOUND
 A TOTAL OF   481047 SELECTED POINTS WERE FOUND
 TOTAL OCCUPIED  VOLUME =     751.985946
 TOTAL SELECTED  VOLUME =     770.590443
 TOTAL FREE      VOLUME =     770.590443
 FRACTIONAL FREE VOLUME =      50.610954
  
 CHARMM>     
  
 CHARMM>    calc c = ?volume * @factor
 Parameter: FACTOR -> "5"
 RDCMND substituted energy or value "?VOLUME" to "751.985946"
Evaluating: 751.985946*5
 Parameter: C <- "3759.92973"
  
 CHARMM>     
  
 CHARMM>    if a .lt. -10 if a .gt. -20 if c .gt. @botarea set botarea = @c
 Parameter: BOTAREA -> "3928.19358"
 Parameter: C -> "3759.92973"
 Comparing "-3.8" and "-10".
 IF test evaluated as false.  Skipping command
  
 CHARMM>    if a .gt.  10 if a .lt.  20 if c .gt. @toparea set toparea = @c
 Parameter: TOPAREA -> "-1"
 Parameter: C -> "3759.92973"
 Comparing "-3.8" and "10".
 IF test evaluated as false.  Skipping command
  
 CHARMM>     
  
 CHARMM>    write title unit 51
 RDTITL> * -3.6  3759.92973
 RDTITL> *
  
 CHARMM>     
  
 CHARMM>    incr a by @dcel
 Parameter: DCEL -> "0.2"
 Parameter: A <- "-3.6"
  
 CHARMM>    incr b by @dcel
 Parameter: DCEL -> "0.2"
 Parameter: B <- "-3.4"
  
 CHARMM>    if b le ?ZMAX goto DOAREA
 RDCMND substituted energy or value "?ZMAX" to "33.3514749"
 Comparing "-3.4" and "33.3514749".
 IF test evaluated as true.  Performing command
  
 CHARMM>     
  
 CHARMM>    ! Cross sectional protein area with whole atom.
 CHARMM>    scalar wmain = radius
  
 CHARMM>    scalar wmain mult 2.5   sele resname TIP3 end
 SELRPN>      0 atoms have been selected out of  15156
  
 CHARMM>    scalar wmain add  1.529 sele .not. resname TIP3 end
 SELRPN>  15156 atoms have been selected out of  15156
  
 CHARMM>    scalar wmain mult 0.85  sele .not. resname TIP3 end
 SELRPN>  15156 atoms have been selected out of  15156
  
 CHARMM>    calc zab = ( @a + @b ) / 2.0
 Parameter: A -> "-3.6"
 Parameter: B -> "-3.4"
Evaluating: (-3.6+-3.4)/2.0
 Parameter: ZAB <- "-3.5"
  
 CHARMM>     
  
 CHARMM>    coor search -
 CHARMM>         xmin @x1  xmax @x2  xgrip @xncel -
 CHARMM>         ymin @y1  ymax @y2  ygrip @yncel -
 CHARMM>         zmin @a   zmax @b   zgrip 5
 Parameter: X1 -> "-43.6244258"
 Parameter: X2 -> "43.6252187"
 Parameter: XNCEL -> "436"
 Parameter: Y1 -> "-43.6309926"
 Parameter: Y2 -> "43.6230242"
 Parameter: YNCEL -> "436"
 Parameter: A -> "-3.6"
 Parameter: B -> "-3.4"

 A TOTAL OF   484092   VACUUM POINTS WERE FOUND
 A TOTAL OF   466388 OCCUPIED POINTS WERE FOUND
 A TOTAL OF        0 EXTERNAL POINTS WERE FOUND
 A TOTAL OF   484092 SELECTED POINTS WERE FOUND
 TOTAL OCCUPIED  VOLUME =     747.108153
 TOTAL SELECTED  VOLUME =     775.468237
 TOTAL FREE      VOLUME =     775.468237
 FRACTIONAL FREE VOLUME =      50.931319
  
 CHARMM>     
  
 CHARMM>    calc c = ?volume * @factor
 Parameter: FACTOR -> "5"
 RDCMND substituted energy or value "?VOLUME" to "747.108153"
Evaluating: 747.108153*5
 Parameter: C <- "3735.54077"
  
 CHARMM>     
  
 CHARMM>    if a .lt. -10 if a .gt. -20 if c .gt. @botarea set botarea = @c
 Parameter: BOTAREA -> "3928.19358"
 Parameter: C -> "3735.54077"
 Comparing "-3.6" and "-10".
 IF test evaluated as false.  Skipping command
  
 CHARMM>    if a .gt.  10 if a .lt.  20 if c .gt. @toparea set toparea = @c
 Parameter: TOPAREA -> "-1"
 Parameter: C -> "3735.54077"
 Comparing "-3.6" and "10".
 IF test evaluated as false.  Skipping command
  
 CHARMM>     
  
 CHARMM>    write title unit 51
 RDTITL> * -3.4  3735.54077
 RDTITL> *
  
 CHARMM>     
  
 CHARMM>    incr a by @dcel
 Parameter: DCEL -> "0.2"
 Parameter: A <- "-3.4"
  
 CHARMM>    incr b by @dcel
 Parameter: DCEL -> "0.2"
 Parameter: B <- "-3.2"
  
 CHARMM>    if b le ?ZMAX goto DOAREA
 RDCMND substituted energy or value "?ZMAX" to "33.3514749"
 Comparing "-3.2" and "33.3514749".
 IF test evaluated as true.  Performing command
  
 CHARMM>     
  
 CHARMM>    ! Cross sectional protein area with whole atom.
 CHARMM>    scalar wmain = radius
  
 CHARMM>    scalar wmain mult 2.5   sele resname TIP3 end
 SELRPN>      0 atoms have been selected out of  15156
  
 CHARMM>    scalar wmain add  1.529 sele .not. resname TIP3 end
 SELRPN>  15156 atoms have been selected out of  15156
  
 CHARMM>    scalar wmain mult 0.85  sele .not. resname TIP3 end
 SELRPN>  15156 atoms have been selected out of  15156
  
 CHARMM>    calc zab = ( @a + @b ) / 2.0
 Parameter: A -> "-3.4"
 Parameter: B -> "-3.2"
Evaluating: (-3.4+-3.2)/2.0
 Parameter: ZAB <- "-3.3"
  
 CHARMM>     
  
 CHARMM>    coor search -
 CHARMM>         xmin @x1  xmax @x2  xgrip @xncel -
 CHARMM>         ymin @y1  ymax @y2  ygrip @yncel -
 CHARMM>         zmin @a   zmax @b   zgrip 5
 Parameter: X1 -> "-43.6244258"
 Parameter: X2 -> "43.6252187"
 Parameter: XNCEL -> "436"
 Parameter: Y1 -> "-43.6309926"
 Parameter: Y2 -> "43.6230242"
 Parameter: YNCEL -> "436"
 Parameter: A -> "-3.4"
 Parameter: B -> "-3.2"

 A TOTAL OF   487608   VACUUM POINTS WERE FOUND
 A TOTAL OF   462872 OCCUPIED POINTS WERE FOUND
 A TOTAL OF        0 EXTERNAL POINTS WERE FOUND
 A TOTAL OF   487608 SELECTED POINTS WERE FOUND
 TOTAL OCCUPIED  VOLUME =     741.475863
 TOTAL SELECTED  VOLUME =     781.100526
 TOTAL FREE      VOLUME =     781.100526
 FRACTIONAL FREE VOLUME =      51.301237
  
 CHARMM>     
  
 CHARMM>    calc c = ?volume * @factor
 Parameter: FACTOR -> "5"
 RDCMND substituted energy or value "?VOLUME" to "741.475863"
Evaluating: 741.475863*5
 Parameter: C <- "3707.37932"
  
 CHARMM>     
  
 CHARMM>    if a .lt. -10 if a .gt. -20 if c .gt. @botarea set botarea = @c
 Parameter: BOTAREA -> "3928.19358"
 Parameter: C -> "3707.37932"
 Comparing "-3.4" and "-10".
 IF test evaluated as false.  Skipping command
  
 CHARMM>    if a .gt.  10 if a .lt.  20 if c .gt. @toparea set toparea = @c
 Parameter: TOPAREA -> "-1"
 Parameter: C -> "3707.37932"
 Comparing "-3.4" and "10".
 IF test evaluated as false.  Skipping command
  
 CHARMM>     
  
 CHARMM>    write title unit 51
 RDTITL> * -3.2  3707.37932
 RDTITL> *
  
 CHARMM>     
  
 CHARMM>    incr a by @dcel
 Parameter: DCEL -> "0.2"
 Parameter: A <- "-3.2"
  
 CHARMM>    incr b by @dcel
 Parameter: DCEL -> "0.2"
 Parameter: B <- "-3"
  
 CHARMM>    if b le ?ZMAX goto DOAREA
 RDCMND substituted energy or value "?ZMAX" to "33.3514749"
 Comparing "-3" and "33.3514749".
 IF test evaluated as true.  Performing command
  
 CHARMM>     
  
 CHARMM>    ! Cross sectional protein area with whole atom.
 CHARMM>    scalar wmain = radius
  
 CHARMM>    scalar wmain mult 2.5   sele resname TIP3 end
 SELRPN>      0 atoms have been selected out of  15156
  
 CHARMM>    scalar wmain add  1.529 sele .not. resname TIP3 end
 SELRPN>  15156 atoms have been selected out of  15156
  
 CHARMM>    scalar wmain mult 0.85  sele .not. resname TIP3 end
 SELRPN>  15156 atoms have been selected out of  15156
  
 CHARMM>    calc zab = ( @a + @b ) / 2.0
 Parameter: A -> "-3.2"
 Parameter: B -> "-3"
Evaluating: (-3.2+-3)/2.0
 Parameter: ZAB <- "-3.1"
  
 CHARMM>     
  
 CHARMM>    coor search -
 CHARMM>         xmin @x1  xmax @x2  xgrip @xncel -
 CHARMM>         ymin @y1  ymax @y2  ygrip @yncel -
 CHARMM>         zmin @a   zmax @b   zgrip 5
 Parameter: X1 -> "-43.6244258"
 Parameter: X2 -> "43.6252187"
 Parameter: XNCEL -> "436"
 Parameter: Y1 -> "-43.6309926"
 Parameter: Y2 -> "43.6230242"
 Parameter: YNCEL -> "436"
 Parameter: A -> "-3.2"
 Parameter: B -> "-3"

 A TOTAL OF   490595   VACUUM POINTS WERE FOUND
 A TOTAL OF   459885 OCCUPIED POINTS WERE FOUND
 A TOTAL OF        0 EXTERNAL POINTS WERE FOUND
 A TOTAL OF   490595 SELECTED POINTS WERE FOUND
 TOTAL OCCUPIED  VOLUME =     736.690980
 TOTAL SELECTED  VOLUME =     785.885409
 TOTAL FREE      VOLUME =     785.885409
 FRACTIONAL FREE VOLUME =      51.615500
  
 CHARMM>     
  
 CHARMM>    calc c = ?volume * @factor
 Parameter: FACTOR -> "5"
 RDCMND substituted energy or value "?VOLUME" to "736.69098"
Evaluating: 736.69098*5
 Parameter: C <- "3683.4549"
  
 CHARMM>     
  
 CHARMM>    if a .lt. -10 if a .gt. -20 if c .gt. @botarea set botarea = @c
 Parameter: BOTAREA -> "3928.19358"
 Parameter: C -> "3683.4549"
 Comparing "-3.2" and "-10".
 IF test evaluated as false.  Skipping command
  
 CHARMM>    if a .gt.  10 if a .lt.  20 if c .gt. @toparea set toparea = @c
 Parameter: TOPAREA -> "-1"
 Parameter: C -> "3683.4549"
 Comparing "-3.2" and "10".
 IF test evaluated as false.  Skipping command
  
 CHARMM>     
  
 CHARMM>    write title unit 51
 RDTITL> * -3  3683.4549
 RDTITL> *
  
 CHARMM>     
  
 CHARMM>    incr a by @dcel
 Parameter: DCEL -> "0.2"
 Parameter: A <- "-3"
  
 CHARMM>    incr b by @dcel
 Parameter: DCEL -> "0.2"
 Parameter: B <- "-2.8"
  
 CHARMM>    if b le ?ZMAX goto DOAREA
 RDCMND substituted energy or value "?ZMAX" to "33.3514749"
 Comparing "-2.8" and "33.3514749".
 IF test evaluated as true.  Performing command
  
 CHARMM>     
  
 CHARMM>    ! Cross sectional protein area with whole atom.
 CHARMM>    scalar wmain = radius
  
 CHARMM>    scalar wmain mult 2.5   sele resname TIP3 end
 SELRPN>      0 atoms have been selected out of  15156
  
 CHARMM>    scalar wmain add  1.529 sele .not. resname TIP3 end
 SELRPN>  15156 atoms have been selected out of  15156
  
 CHARMM>    scalar wmain mult 0.85  sele .not. resname TIP3 end
 SELRPN>  15156 atoms have been selected out of  15156
  
 CHARMM>    calc zab = ( @a + @b ) / 2.0
 Parameter: A -> "-3"
 Parameter: B -> "-2.8"
Evaluating: (-3+-2.8)/2.0
 Parameter: ZAB <- "-2.9"
  
 CHARMM>     
  
 CHARMM>    coor search -
 CHARMM>         xmin @x1  xmax @x2  xgrip @xncel -
 CHARMM>         ymin @y1  ymax @y2  ygrip @yncel -
 CHARMM>         zmin @a   zmax @b   zgrip 5
 Parameter: X1 -> "-43.6244258"
 Parameter: X2 -> "43.6252187"
 Parameter: XNCEL -> "436"
 Parameter: Y1 -> "-43.6309926"
 Parameter: Y2 -> "43.6230242"
 Parameter: YNCEL -> "436"
 Parameter: A -> "-3"
 Parameter: B -> "-2.8"

 A TOTAL OF   493173   VACUUM POINTS WERE FOUND
 A TOTAL OF   457307 OCCUPIED POINTS WERE FOUND
 A TOTAL OF        0 EXTERNAL POINTS WERE FOUND
 A TOTAL OF   493173 SELECTED POINTS WERE FOUND
 TOTAL OCCUPIED  VOLUME =     732.561275
 TOTAL SELECTED  VOLUME =     790.015114
 TOTAL FREE      VOLUME =     790.015114
 FRACTIONAL FREE VOLUME =      51.886731
  
 CHARMM>     
  
 CHARMM>    calc c = ?volume * @factor
 Parameter: FACTOR -> "5"
 RDCMND substituted energy or value "?VOLUME" to "732.561275"
Evaluating: 732.561275*5
 Parameter: C <- "3662.80638"
  
 CHARMM>     
  
 CHARMM>    if a .lt. -10 if a .gt. -20 if c .gt. @botarea set botarea = @c
 Parameter: BOTAREA -> "3928.19358"
 Parameter: C -> "3662.80638"
 Comparing "-3" and "-10".
 IF test evaluated as false.  Skipping command
  
 CHARMM>    if a .gt.  10 if a .lt.  20 if c .gt. @toparea set toparea = @c
 Parameter: TOPAREA -> "-1"
 Parameter: C -> "3662.80638"
 Comparing "-3" and "10".
 IF test evaluated as false.  Skipping command
  
 CHARMM>     
  
 CHARMM>    write title unit 51
 RDTITL> * -2.8  3662.80638
 RDTITL> *
  
 CHARMM>     
  
 CHARMM>    incr a by @dcel
 Parameter: DCEL -> "0.2"
 Parameter: A <- "-2.8"
  
 CHARMM>    incr b by @dcel
 Parameter: DCEL -> "0.2"
 Parameter: B <- "-2.6"
  
 CHARMM>    if b le ?ZMAX goto DOAREA
 RDCMND substituted energy or value "?ZMAX" to "33.3514749"
 Comparing "-2.6" and "33.3514749".
 IF test evaluated as true.  Performing command
  
 CHARMM>     
  
 CHARMM>    ! Cross sectional protein area with whole atom.
 CHARMM>    scalar wmain = radius
  
 CHARMM>    scalar wmain mult 2.5   sele resname TIP3 end
 SELRPN>      0 atoms have been selected out of  15156
  
 CHARMM>    scalar wmain add  1.529 sele .not. resname TIP3 end
 SELRPN>  15156 atoms have been selected out of  15156
  
 CHARMM>    scalar wmain mult 0.85  sele .not. resname TIP3 end
 SELRPN>  15156 atoms have been selected out of  15156
  
 CHARMM>    calc zab = ( @a + @b ) / 2.0
 Parameter: A -> "-2.8"
 Parameter: B -> "-2.6"
Evaluating: (-2.8+-2.6)/2.0
 Parameter: ZAB <- "-2.7"
  
 CHARMM>     
  
 CHARMM>    coor search -
 CHARMM>         xmin @x1  xmax @x2  xgrip @xncel -
 CHARMM>         ymin @y1  ymax @y2  ygrip @yncel -
 CHARMM>         zmin @a   zmax @b   zgrip 5
 Parameter: X1 -> "-43.6244258"
 Parameter: X2 -> "43.6252187"
 Parameter: XNCEL -> "436"
 Parameter: Y1 -> "-43.6309926"
 Parameter: Y2 -> "43.6230242"
 Parameter: YNCEL -> "436"
 Parameter: A -> "-2.8"
 Parameter: B -> "-2.6"

 A TOTAL OF   496107   VACUUM POINTS WERE FOUND
 A TOTAL OF   454373 OCCUPIED POINTS WERE FOUND
 A TOTAL OF        0 EXTERNAL POINTS WERE FOUND
 A TOTAL OF   496107 SELECTED POINTS WERE FOUND
 TOTAL OCCUPIED  VOLUME =     727.861293
 TOTAL SELECTED  VOLUME =     794.715096
 TOTAL FREE      VOLUME =     794.715096
 FRACTIONAL FREE VOLUME =      52.195417
  
 CHARMM>     
  
 CHARMM>    calc c = ?volume * @factor
 Parameter: FACTOR -> "5"
 RDCMND substituted energy or value "?VOLUME" to "727.861293"
Evaluating: 727.861293*5
 Parameter: C <- "3639.30647"
  
 CHARMM>     
  
 CHARMM>    if a .lt. -10 if a .gt. -20 if c .gt. @botarea set botarea = @c
 Parameter: BOTAREA -> "3928.19358"
 Parameter: C -> "3639.30647"
 Comparing "-2.8" and "-10".
 IF test evaluated as false.  Skipping command
  
 CHARMM>    if a .gt.  10 if a .lt.  20 if c .gt. @toparea set toparea = @c
 Parameter: TOPAREA -> "-1"
 Parameter: C -> "3639.30647"
 Comparing "-2.8" and "10".
 IF test evaluated as false.  Skipping command
  
 CHARMM>     
  
 CHARMM>    write title unit 51
 RDTITL> * -2.6  3639.30647
 RDTITL> *
  
 CHARMM>     
  
 CHARMM>    incr a by @dcel
 Parameter: DCEL -> "0.2"
 Parameter: A <- "-2.6"
  
 CHARMM>    incr b by @dcel
 Parameter: DCEL -> "0.2"
 Parameter: B <- "-2.4"
  
 CHARMM>    if b le ?ZMAX goto DOAREA
 RDCMND substituted energy or value "?ZMAX" to "33.3514749"
 Comparing "-2.4" and "33.3514749".
 IF test evaluated as true.  Performing command
  
 CHARMM>     
  
 CHARMM>    ! Cross sectional protein area with whole atom.
 CHARMM>    scalar wmain = radius
  
 CHARMM>    scalar wmain mult 2.5   sele resname TIP3 end
 SELRPN>      0 atoms have been selected out of  15156
  
 CHARMM>    scalar wmain add  1.529 sele .not. resname TIP3 end
 SELRPN>  15156 atoms have been selected out of  15156
  
 CHARMM>    scalar wmain mult 0.85  sele .not. resname TIP3 end
 SELRPN>  15156 atoms have been selected out of  15156
  
 CHARMM>    calc zab = ( @a + @b ) / 2.0
 Parameter: A -> "-2.6"
 Parameter: B -> "-2.4"
Evaluating: (-2.6+-2.4)/2.0
 Parameter: ZAB <- "-2.5"
  
 CHARMM>     
  
 CHARMM>    coor search -
 CHARMM>         xmin @x1  xmax @x2  xgrip @xncel -
 CHARMM>         ymin @y1  ymax @y2  ygrip @yncel -
 CHARMM>         zmin @a   zmax @b   zgrip 5
 Parameter: X1 -> "-43.6244258"
 Parameter: X2 -> "43.6252187"
 Parameter: XNCEL -> "436"
 Parameter: Y1 -> "-43.6309926"
 Parameter: Y2 -> "43.6230242"
 Parameter: YNCEL -> "436"
 Parameter: A -> "-2.6"
 Parameter: B -> "-2.4"

 A TOTAL OF   498553   VACUUM POINTS WERE FOUND
 A TOTAL OF   451927 OCCUPIED POINTS WERE FOUND
 A TOTAL OF        0 EXTERNAL POINTS WERE FOUND
 A TOTAL OF   498553 SELECTED POINTS WERE FOUND
 TOTAL OCCUPIED  VOLUME =     723.943039
 TOTAL SELECTED  VOLUME =     798.633350
 TOTAL FREE      VOLUME =     798.633350
 FRACTIONAL FREE VOLUME =      52.452761
  
 CHARMM>     
  
 CHARMM>    calc c = ?volume * @factor
 Parameter: FACTOR -> "5"
 RDCMND substituted energy or value "?VOLUME" to "723.943039"
Evaluating: 723.943039*5
 Parameter: C <- "3619.71519"
  
 CHARMM>     
  
 CHARMM>    if a .lt. -10 if a .gt. -20 if c .gt. @botarea set botarea = @c
 Parameter: BOTAREA -> "3928.19358"
 Parameter: C -> "3619.71519"
 Comparing "-2.6" and "-10".
 IF test evaluated as false.  Skipping command
  
 CHARMM>    if a .gt.  10 if a .lt.  20 if c .gt. @toparea set toparea = @c
 Parameter: TOPAREA -> "-1"
 Parameter: C -> "3619.71519"
 Comparing "-2.6" and "10".
 IF test evaluated as false.  Skipping command
  
 CHARMM>     
  
 CHARMM>    write title unit 51
 RDTITL> * -2.4  3619.71519
 RDTITL> *
  
 CHARMM>     
  
 CHARMM>    incr a by @dcel
 Parameter: DCEL -> "0.2"
 Parameter: A <- "-2.4"
  
 CHARMM>    incr b by @dcel
 Parameter: DCEL -> "0.2"
 Parameter: B <- "-2.2"
  
 CHARMM>    if b le ?ZMAX goto DOAREA
 RDCMND substituted energy or value "?ZMAX" to "33.3514749"
 Comparing "-2.2" and "33.3514749".
 IF test evaluated as true.  Performing command
  
 CHARMM>     
  
 CHARMM>    ! Cross sectional protein area with whole atom.
 CHARMM>    scalar wmain = radius
  
 CHARMM>    scalar wmain mult 2.5   sele resname TIP3 end
 SELRPN>      0 atoms have been selected out of  15156
  
 CHARMM>    scalar wmain add  1.529 sele .not. resname TIP3 end
 SELRPN>  15156 atoms have been selected out of  15156
  
 CHARMM>    scalar wmain mult 0.85  sele .not. resname TIP3 end
 SELRPN>  15156 atoms have been selected out of  15156
  
 CHARMM>    calc zab = ( @a + @b ) / 2.0
 Parameter: A -> "-2.4"
 Parameter: B -> "-2.2"
Evaluating: (-2.4+-2.2)/2.0
 Parameter: ZAB <- "-2.3"
  
 CHARMM>     
  
 CHARMM>    coor search -
 CHARMM>         xmin @x1  xmax @x2  xgrip @xncel -
 CHARMM>         ymin @y1  ymax @y2  ygrip @yncel -
 CHARMM>         zmin @a   zmax @b   zgrip 5
 Parameter: X1 -> "-43.6244258"
 Parameter: X2 -> "43.6252187"
 Parameter: XNCEL -> "436"
 Parameter: Y1 -> "-43.6309926"
 Parameter: Y2 -> "43.6230242"
 Parameter: YNCEL -> "436"
 Parameter: A -> "-2.4"
 Parameter: B -> "-2.2"

 A TOTAL OF   500483   VACUUM POINTS WERE FOUND
 A TOTAL OF   449997 OCCUPIED POINTS WERE FOUND
 A TOTAL OF        0 EXTERNAL POINTS WERE FOUND
 A TOTAL OF   500483 SELECTED POINTS WERE FOUND
 TOTAL OCCUPIED  VOLUME =     720.851367
 TOTAL SELECTED  VOLUME =     801.725022
 TOTAL FREE      VOLUME =     801.725022
 FRACTIONAL FREE VOLUME =      52.655816
  
 CHARMM>     
  
 CHARMM>    calc c = ?volume * @factor
 Parameter: FACTOR -> "5"
 RDCMND substituted energy or value "?VOLUME" to "720.851367"
Evaluating: 720.851367*5
 Parameter: C <- "3604.25684"
  
 CHARMM>     
  
 CHARMM>    if a .lt. -10 if a .gt. -20 if c .gt. @botarea set botarea = @c
 Parameter: BOTAREA -> "3928.19358"
 Parameter: C -> "3604.25684"
 Comparing "-2.4" and "-10".
 IF test evaluated as false.  Skipping command
  
 CHARMM>    if a .gt.  10 if a .lt.  20 if c .gt. @toparea set toparea = @c
 Parameter: TOPAREA -> "-1"
 Parameter: C -> "3604.25684"
 Comparing "-2.4" and "10".
 IF test evaluated as false.  Skipping command
  
 CHARMM>     
  
 CHARMM>    write title unit 51
 RDTITL> * -2.2  3604.25684
 RDTITL> *
  
 CHARMM>     
  
 CHARMM>    incr a by @dcel
 Parameter: DCEL -> "0.2"
 Parameter: A <- "-2.2"
  
 CHARMM>    incr b by @dcel
 Parameter: DCEL -> "0.2"
 Parameter: B <- "-2"
  
 CHARMM>    if b le ?ZMAX goto DOAREA
 RDCMND substituted energy or value "?ZMAX" to "33.3514749"
 Comparing "-2" and "33.3514749".
 IF test evaluated as true.  Performing command
  
 CHARMM>     
  
 CHARMM>    ! Cross sectional protein area with whole atom.
 CHARMM>    scalar wmain = radius
  
 CHARMM>    scalar wmain mult 2.5   sele resname TIP3 end
 SELRPN>      0 atoms have been selected out of  15156
  
 CHARMM>    scalar wmain add  1.529 sele .not. resname TIP3 end
 SELRPN>  15156 atoms have been selected out of  15156
  
 CHARMM>    scalar wmain mult 0.85  sele .not. resname TIP3 end
 SELRPN>  15156 atoms have been selected out of  15156
  
 CHARMM>    calc zab = ( @a + @b ) / 2.0
 Parameter: A -> "-2.2"
 Parameter: B -> "-2"
Evaluating: (-2.2+-2)/2.0
 Parameter: ZAB <- "-2.1"
  
 CHARMM>     
  
 CHARMM>    coor search -
 CHARMM>         xmin @x1  xmax @x2  xgrip @xncel -
 CHARMM>         ymin @y1  ymax @y2  ygrip @yncel -
 CHARMM>         zmin @a   zmax @b   zgrip 5
 Parameter: X1 -> "-43.6244258"
 Parameter: X2 -> "43.6252187"
 Parameter: XNCEL -> "436"
 Parameter: Y1 -> "-43.6309926"
 Parameter: Y2 -> "43.6230242"
 Parameter: YNCEL -> "436"
 Parameter: A -> "-2.2"
 Parameter: B -> "-2"

 A TOTAL OF   502405   VACUUM POINTS WERE FOUND
 A TOTAL OF   448075 OCCUPIED POINTS WERE FOUND
 A TOTAL OF        0 EXTERNAL POINTS WERE FOUND
 A TOTAL OF   502405 SELECTED POINTS WERE FOUND
 TOTAL OCCUPIED  VOLUME =     717.772510
 TOTAL SELECTED  VOLUME =     804.803879
 TOTAL FREE      VOLUME =     804.803879
 FRACTIONAL FREE VOLUME =      52.858030
  
 CHARMM>     
  
 CHARMM>    calc c = ?volume * @factor
 Parameter: FACTOR -> "5"
 RDCMND substituted energy or value "?VOLUME" to "717.77251"
Evaluating: 717.77251*5
 Parameter: C <- "3588.86255"
  
 CHARMM>     
  
 CHARMM>    if a .lt. -10 if a .gt. -20 if c .gt. @botarea set botarea = @c
 Parameter: BOTAREA -> "3928.19358"
 Parameter: C -> "3588.86255"
 Comparing "-2.2" and "-10".
 IF test evaluated as false.  Skipping command
  
 CHARMM>    if a .gt.  10 if a .lt.  20 if c .gt. @toparea set toparea = @c
 Parameter: TOPAREA -> "-1"
 Parameter: C -> "3588.86255"
 Comparing "-2.2" and "10".
 IF test evaluated as false.  Skipping command
  
 CHARMM>     
  
 CHARMM>    write title unit 51
 RDTITL> * -2  3588.86255
 RDTITL> *
  
 CHARMM>     
  
 CHARMM>    incr a by @dcel
 Parameter: DCEL -> "0.2"
 Parameter: A <- "-2"
  
 CHARMM>    incr b by @dcel
 Parameter: DCEL -> "0.2"
 Parameter: B <- "-1.8"
  
 CHARMM>    if b le ?ZMAX goto DOAREA
 RDCMND substituted energy or value "?ZMAX" to "33.3514749"
 Comparing "-1.8" and "33.3514749".
 IF test evaluated as true.  Performing command
  
 CHARMM>     
  
 CHARMM>    ! Cross sectional protein area with whole atom.
 CHARMM>    scalar wmain = radius
  
 CHARMM>    scalar wmain mult 2.5   sele resname TIP3 end
 SELRPN>      0 atoms have been selected out of  15156
  
 CHARMM>    scalar wmain add  1.529 sele .not. resname TIP3 end
 SELRPN>  15156 atoms have been selected out of  15156
  
 CHARMM>    scalar wmain mult 0.85  sele .not. resname TIP3 end
 SELRPN>  15156 atoms have been selected out of  15156
  
 CHARMM>    calc zab = ( @a + @b ) / 2.0
 Parameter: A -> "-2"
 Parameter: B -> "-1.8"
Evaluating: (-2+-1.8)/2.0
 Parameter: ZAB <- "-1.9"
  
 CHARMM>     
  
 CHARMM>    coor search -
 CHARMM>         xmin @x1  xmax @x2  xgrip @xncel -
 CHARMM>         ymin @y1  ymax @y2  ygrip @yncel -
 CHARMM>         zmin @a   zmax @b   zgrip 5
 Parameter: X1 -> "-43.6244258"
 Parameter: X2 -> "43.6252187"
 Parameter: XNCEL -> "436"
 Parameter: Y1 -> "-43.6309926"
 Parameter: Y2 -> "43.6230242"
 Parameter: YNCEL -> "436"
 Parameter: A -> "-2"
 Parameter: B -> "-1.8"

 A TOTAL OF   503414   VACUUM POINTS WERE FOUND
 A TOTAL OF   447066 OCCUPIED POINTS WERE FOUND
 A TOTAL OF        0 EXTERNAL POINTS WERE FOUND
 A TOTAL OF   503414 SELECTED POINTS WERE FOUND
 TOTAL OCCUPIED  VOLUME =     716.156191
 TOTAL SELECTED  VOLUME =     806.420199
 TOTAL FREE      VOLUME =     806.420199
 FRACTIONAL FREE VOLUME =      52.964187
  
 CHARMM>     
  
 CHARMM>    calc c = ?volume * @factor
 Parameter: FACTOR -> "5"
 RDCMND substituted energy or value "?VOLUME" to "716.156191"
Evaluating: 716.156191*5
 Parameter: C <- "3580.78096"
  
 CHARMM>     
  
 CHARMM>    if a .lt. -10 if a .gt. -20 if c .gt. @botarea set botarea = @c
 Parameter: BOTAREA -> "3928.19358"
 Parameter: C -> "3580.78096"
 Comparing "-2" and "-10".
 IF test evaluated as false.  Skipping command
  
 CHARMM>    if a .gt.  10 if a .lt.  20 if c .gt. @toparea set toparea = @c
 Parameter: TOPAREA -> "-1"
 Parameter: C -> "3580.78096"
 Comparing "-2" and "10".
 IF test evaluated as false.  Skipping command
  
 CHARMM>     
  
 CHARMM>    write title unit 51
 RDTITL> * -1.8  3580.78096
 RDTITL> *
  
 CHARMM>     
  
 CHARMM>    incr a by @dcel
 Parameter: DCEL -> "0.2"
 Parameter: A <- "-1.8"
  
 CHARMM>    incr b by @dcel
 Parameter: DCEL -> "0.2"
 Parameter: B <- "-1.6"
  
 CHARMM>    if b le ?ZMAX goto DOAREA
 RDCMND substituted energy or value "?ZMAX" to "33.3514749"
 Comparing "-1.6" and "33.3514749".
 IF test evaluated as true.  Performing command
  
 CHARMM>     
  
 CHARMM>    ! Cross sectional protein area with whole atom.
 CHARMM>    scalar wmain = radius
  
 CHARMM>    scalar wmain mult 2.5   sele resname TIP3 end
 SELRPN>      0 atoms have been selected out of  15156
  
 CHARMM>    scalar wmain add  1.529 sele .not. resname TIP3 end
 SELRPN>  15156 atoms have been selected out of  15156
  
 CHARMM>    scalar wmain mult 0.85  sele .not. resname TIP3 end
 SELRPN>  15156 atoms have been selected out of  15156
  
 CHARMM>    calc zab = ( @a + @b ) / 2.0
 Parameter: A -> "-1.8"
 Parameter: B -> "-1.6"
Evaluating: (-1.8+-1.6)/2.0
 Parameter: ZAB <- "-1.7"
  
 CHARMM>     
  
 CHARMM>    coor search -
 CHARMM>         xmin @x1  xmax @x2  xgrip @xncel -
 CHARMM>         ymin @y1  ymax @y2  ygrip @yncel -
 CHARMM>         zmin @a   zmax @b   zgrip 5
 Parameter: X1 -> "-43.6244258"
 Parameter: X2 -> "43.6252187"
 Parameter: XNCEL -> "436"
 Parameter: Y1 -> "-43.6309926"
 Parameter: Y2 -> "43.6230242"
 Parameter: YNCEL -> "436"
 Parameter: A -> "-1.8"
 Parameter: B -> "-1.6"

 A TOTAL OF   503247   VACUUM POINTS WERE FOUND
 A TOTAL OF   447233 OCCUPIED POINTS WERE FOUND
 A TOTAL OF        0 EXTERNAL POINTS WERE FOUND
 A TOTAL OF   503247 SELECTED POINTS WERE FOUND
 TOTAL OCCUPIED  VOLUME =     716.423708
 TOTAL SELECTED  VOLUME =     806.152681
 TOTAL FREE      VOLUME =     806.152681
 FRACTIONAL FREE VOLUME =      52.946616
  
 CHARMM>     
  
 CHARMM>    calc c = ?volume * @factor
 Parameter: FACTOR -> "5"
 RDCMND substituted energy or value "?VOLUME" to "716.423708"
Evaluating: 716.423708*5
 Parameter: C <- "3582.11854"
  
 CHARMM>     
  
 CHARMM>    if a .lt. -10 if a .gt. -20 if c .gt. @botarea set botarea = @c
 Parameter: BOTAREA -> "3928.19358"
 Parameter: C -> "3582.11854"
 Comparing "-1.8" and "-10".
 IF test evaluated as false.  Skipping command
  
 CHARMM>    if a .gt.  10 if a .lt.  20 if c .gt. @toparea set toparea = @c
 Parameter: TOPAREA -> "-1"
 Parameter: C -> "3582.11854"
 Comparing "-1.8" and "10".
 IF test evaluated as false.  Skipping command
  
 CHARMM>     
  
 CHARMM>    write title unit 51
 RDTITL> * -1.6  3582.11854
 RDTITL> *
  
 CHARMM>     
  
 CHARMM>    incr a by @dcel
 Parameter: DCEL -> "0.2"
 Parameter: A <- "-1.6"
  
 CHARMM>    incr b by @dcel
 Parameter: DCEL -> "0.2"
 Parameter: B <- "-1.4"
  
 CHARMM>    if b le ?ZMAX goto DOAREA
 RDCMND substituted energy or value "?ZMAX" to "33.3514749"
 Comparing "-1.4" and "33.3514749".
 IF test evaluated as true.  Performing command
  
 CHARMM>     
  
 CHARMM>    ! Cross sectional protein area with whole atom.
 CHARMM>    scalar wmain = radius
  
 CHARMM>    scalar wmain mult 2.5   sele resname TIP3 end
 SELRPN>      0 atoms have been selected out of  15156
  
 CHARMM>    scalar wmain add  1.529 sele .not. resname TIP3 end
 SELRPN>  15156 atoms have been selected out of  15156
  
 CHARMM>    scalar wmain mult 0.85  sele .not. resname TIP3 end
 SELRPN>  15156 atoms have been selected out of  15156
  
 CHARMM>    calc zab = ( @a + @b ) / 2.0
 Parameter: A -> "-1.6"
 Parameter: B -> "-1.4"
Evaluating: (-1.6+-1.4)/2.0
 Parameter: ZAB <- "-1.5"
  
 CHARMM>     
  
 CHARMM>    coor search -
 CHARMM>         xmin @x1  xmax @x2  xgrip @xncel -
 CHARMM>         ymin @y1  ymax @y2  ygrip @yncel -
 CHARMM>         zmin @a   zmax @b   zgrip 5
 Parameter: X1 -> "-43.6244258"
 Parameter: X2 -> "43.6252187"
 Parameter: XNCEL -> "436"
 Parameter: Y1 -> "-43.6309926"
 Parameter: Y2 -> "43.6230242"
 Parameter: YNCEL -> "436"
 Parameter: A -> "-1.6"
 Parameter: B -> "-1.4"

 A TOTAL OF   503401   VACUUM POINTS WERE FOUND
 A TOTAL OF   447079 OCCUPIED POINTS WERE FOUND
 A TOTAL OF        0 EXTERNAL POINTS WERE FOUND
 A TOTAL OF   503401 SELECTED POINTS WERE FOUND
 TOTAL OCCUPIED  VOLUME =     716.177015
 TOTAL SELECTED  VOLUME =     806.399374
 TOTAL FREE      VOLUME =     806.399374
 FRACTIONAL FREE VOLUME =      52.962819
  
 CHARMM>     
  
 CHARMM>    calc c = ?volume * @factor
 Parameter: FACTOR -> "5"
 RDCMND substituted energy or value "?VOLUME" to "716.177015"
Evaluating: 716.177015*5
 Parameter: C <- "3580.88508"
  
 CHARMM>     
  
 CHARMM>    if a .lt. -10 if a .gt. -20 if c .gt. @botarea set botarea = @c
 Parameter: BOTAREA -> "3928.19358"
 Parameter: C -> "3580.88508"
 Comparing "-1.6" and "-10".
 IF test evaluated as false.  Skipping command
  
 CHARMM>    if a .gt.  10 if a .lt.  20 if c .gt. @toparea set toparea = @c
 Parameter: TOPAREA -> "-1"
 Parameter: C -> "3580.88508"
 Comparing "-1.6" and "10".
 IF test evaluated as false.  Skipping command
  
 CHARMM>     
  
 CHARMM>    write title unit 51
 RDTITL> * -1.4  3580.88508
 RDTITL> *
  
 CHARMM>     
  
 CHARMM>    incr a by @dcel
 Parameter: DCEL -> "0.2"
 Parameter: A <- "-1.4"
  
 CHARMM>    incr b by @dcel
 Parameter: DCEL -> "0.2"
 Parameter: B <- "-1.2"
  
 CHARMM>    if b le ?ZMAX goto DOAREA
 RDCMND substituted energy or value "?ZMAX" to "33.3514749"
 Comparing "-1.2" and "33.3514749".
 IF test evaluated as true.  Performing command
  
 CHARMM>     
  
 CHARMM>    ! Cross sectional protein area with whole atom.
 CHARMM>    scalar wmain = radius
  
 CHARMM>    scalar wmain mult 2.5   sele resname TIP3 end
 SELRPN>      0 atoms have been selected out of  15156
  
 CHARMM>    scalar wmain add  1.529 sele .not. resname TIP3 end
 SELRPN>  15156 atoms have been selected out of  15156
  
 CHARMM>    scalar wmain mult 0.85  sele .not. resname TIP3 end
 SELRPN>  15156 atoms have been selected out of  15156
  
 CHARMM>    calc zab = ( @a + @b ) / 2.0
 Parameter: A -> "-1.4"
 Parameter: B -> "-1.2"
Evaluating: (-1.4+-1.2)/2.0
 Parameter: ZAB <- "-1.3"
  
 CHARMM>     
  
 CHARMM>    coor search -
 CHARMM>         xmin @x1  xmax @x2  xgrip @xncel -
 CHARMM>         ymin @y1  ymax @y2  ygrip @yncel -
 CHARMM>         zmin @a   zmax @b   zgrip 5
 Parameter: X1 -> "-43.6244258"
 Parameter: X2 -> "43.6252187"
 Parameter: XNCEL -> "436"
 Parameter: Y1 -> "-43.6309926"
 Parameter: Y2 -> "43.6230242"
 Parameter: YNCEL -> "436"
 Parameter: A -> "-1.4"
 Parameter: B -> "-1.2"

 A TOTAL OF   504764   VACUUM POINTS WERE FOUND
 A TOTAL OF   445716 OCCUPIED POINTS WERE FOUND
 A TOTAL OF        0 EXTERNAL POINTS WERE FOUND
 A TOTAL OF   504764 SELECTED POINTS WERE FOUND
 TOTAL OCCUPIED  VOLUME =     713.993622
 TOTAL SELECTED  VOLUME =     808.582767
 TOTAL FREE      VOLUME =     808.582767
 FRACTIONAL FREE VOLUME =      53.106220
  
 CHARMM>     
  
 CHARMM>    calc c = ?volume * @factor
 Parameter: FACTOR -> "5"
 RDCMND substituted energy or value "?VOLUME" to "713.993622"
Evaluating: 713.993622*5
 Parameter: C <- "3569.96811"
  
 CHARMM>     
  
 CHARMM>    if a .lt. -10 if a .gt. -20 if c .gt. @botarea set botarea = @c
 Parameter: BOTAREA -> "3928.19358"
 Parameter: C -> "3569.96811"
 Comparing "-1.4" and "-10".
 IF test evaluated as false.  Skipping command
  
 CHARMM>    if a .gt.  10 if a .lt.  20 if c .gt. @toparea set toparea = @c
 Parameter: TOPAREA -> "-1"
 Parameter: C -> "3569.96811"
 Comparing "-1.4" and "10".
 IF test evaluated as false.  Skipping command
  
 CHARMM>     
  
 CHARMM>    write title unit 51
 RDTITL> * -1.2  3569.96811
 RDTITL> *
  
 CHARMM>     
  
 CHARMM>    incr a by @dcel
 Parameter: DCEL -> "0.2"
 Parameter: A <- "-1.2"
  
 CHARMM>    incr b by @dcel
 Parameter: DCEL -> "0.2"
 Parameter: B <- "-1"
  
 CHARMM>    if b le ?ZMAX goto DOAREA
 RDCMND substituted energy or value "?ZMAX" to "33.3514749"
 Comparing "-1" and "33.3514749".
 IF test evaluated as true.  Performing command
  
 CHARMM>     
  
 CHARMM>    ! Cross sectional protein area with whole atom.
 CHARMM>    scalar wmain = radius
  
 CHARMM>    scalar wmain mult 2.5   sele resname TIP3 end
 SELRPN>      0 atoms have been selected out of  15156
  
 CHARMM>    scalar wmain add  1.529 sele .not. resname TIP3 end
 SELRPN>  15156 atoms have been selected out of  15156
  
 CHARMM>    scalar wmain mult 0.85  sele .not. resname TIP3 end
 SELRPN>  15156 atoms have been selected out of  15156
  
 CHARMM>    calc zab = ( @a + @b ) / 2.0
 Parameter: A -> "-1.2"
 Parameter: B -> "-1"
Evaluating: (-1.2+-1)/2.0
 Parameter: ZAB <- "-1.1"
  
 CHARMM>     
  
 CHARMM>    coor search -
 CHARMM>         xmin @x1  xmax @x2  xgrip @xncel -
 CHARMM>         ymin @y1  ymax @y2  ygrip @yncel -
 CHARMM>         zmin @a   zmax @b   zgrip 5
 Parameter: X1 -> "-43.6244258"
 Parameter: X2 -> "43.6252187"
 Parameter: XNCEL -> "436"
 Parameter: Y1 -> "-43.6309926"
 Parameter: Y2 -> "43.6230242"
 Parameter: YNCEL -> "436"
 Parameter: A -> "-1.2"
 Parameter: B -> "-1"

 A TOTAL OF   506681   VACUUM POINTS WERE FOUND
 A TOTAL OF   443799 OCCUPIED POINTS WERE FOUND
 A TOTAL OF        0 EXTERNAL POINTS WERE FOUND
 A TOTAL OF   506681 SELECTED POINTS WERE FOUND
 TOTAL OCCUPIED  VOLUME =     710.922775
 TOTAL SELECTED  VOLUME =     811.653615
 TOTAL FREE      VOLUME =     811.653615
 FRACTIONAL FREE VOLUME =      53.307908
  
 CHARMM>     
  
 CHARMM>    calc c = ?volume * @factor
 Parameter: FACTOR -> "5"
 RDCMND substituted energy or value "?VOLUME" to "710.922775"
Evaluating: 710.922775*5
 Parameter: C <- "3554.61388"
  
 CHARMM>     
  
 CHARMM>    if a .lt. -10 if a .gt. -20 if c .gt. @botarea set botarea = @c
 Parameter: BOTAREA -> "3928.19358"
 Parameter: C -> "3554.61388"
 Comparing "-1.2" and "-10".
 IF test evaluated as false.  Skipping command
  
 CHARMM>    if a .gt.  10 if a .lt.  20 if c .gt. @toparea set toparea = @c
 Parameter: TOPAREA -> "-1"
 Parameter: C -> "3554.61388"
 Comparing "-1.2" and "10".
 IF test evaluated as false.  Skipping command
  
 CHARMM>     
  
 CHARMM>    write title unit 51
 RDTITL> * -1  3554.61388
 RDTITL> *
  
 CHARMM>     
  
 CHARMM>    incr a by @dcel
 Parameter: DCEL -> "0.2"
 Parameter: A <- "-1"
  
 CHARMM>    incr b by @dcel
 Parameter: DCEL -> "0.2"
 Parameter: B <- "-0.8"
  
 CHARMM>    if b le ?ZMAX goto DOAREA
 RDCMND substituted energy or value "?ZMAX" to "33.3514749"
 Comparing "-0.8" and "33.3514749".
 IF test evaluated as true.  Performing command
  
 CHARMM>     
  
 CHARMM>    ! Cross sectional protein area with whole atom.
 CHARMM>    scalar wmain = radius
  
 CHARMM>    scalar wmain mult 2.5   sele resname TIP3 end
 SELRPN>      0 atoms have been selected out of  15156
  
 CHARMM>    scalar wmain add  1.529 sele .not. resname TIP3 end
 SELRPN>  15156 atoms have been selected out of  15156
  
 CHARMM>    scalar wmain mult 0.85  sele .not. resname TIP3 end
 SELRPN>  15156 atoms have been selected out of  15156
  
 CHARMM>    calc zab = ( @a + @b ) / 2.0
 Parameter: A -> "-1"
 Parameter: B -> "-0.8"
Evaluating: (-1+-0.8)/2.0
 Parameter: ZAB <- "-0.9"
  
 CHARMM>     
  
 CHARMM>    coor search -
 CHARMM>         xmin @x1  xmax @x2  xgrip @xncel -
 CHARMM>         ymin @y1  ymax @y2  ygrip @yncel -
 CHARMM>         zmin @a   zmax @b   zgrip 5
 Parameter: X1 -> "-43.6244258"
 Parameter: X2 -> "43.6252187"
 Parameter: XNCEL -> "436"
 Parameter: Y1 -> "-43.6309926"
 Parameter: Y2 -> "43.6230242"
 Parameter: YNCEL -> "436"
 Parameter: A -> "-1"
 Parameter: B -> "-0.8"

 A TOTAL OF   509320   VACUUM POINTS WERE FOUND
 A TOTAL OF   441160 OCCUPIED POINTS WERE FOUND
 A TOTAL OF        0 EXTERNAL POINTS WERE FOUND
 A TOTAL OF   509320 SELECTED POINTS WERE FOUND
 TOTAL OCCUPIED  VOLUME =     706.695354
 TOTAL SELECTED  VOLUME =     815.881036
 TOTAL FREE      VOLUME =     815.881036
 FRACTIONAL FREE VOLUME =      53.585557
  
 CHARMM>     
  
 CHARMM>    calc c = ?volume * @factor
 Parameter: FACTOR -> "5"
 RDCMND substituted energy or value "?VOLUME" to "706.695354"
Evaluating: 706.695354*5
 Parameter: C <- "3533.47677"
  
 CHARMM>     
  
 CHARMM>    if a .lt. -10 if a .gt. -20 if c .gt. @botarea set botarea = @c
 Parameter: BOTAREA -> "3928.19358"
 Parameter: C -> "3533.47677"
 Comparing "-1" and "-10".
 IF test evaluated as false.  Skipping command
  
 CHARMM>    if a .gt.  10 if a .lt.  20 if c .gt. @toparea set toparea = @c
 Parameter: TOPAREA -> "-1"
 Parameter: C -> "3533.47677"
 Comparing "-1" and "10".
 IF test evaluated as false.  Skipping command
  
 CHARMM>     
  
 CHARMM>    write title unit 51
 RDTITL> * -0.8  3533.47677
 RDTITL> *
  
 CHARMM>     
  
 CHARMM>    incr a by @dcel
 Parameter: DCEL -> "0.2"
 Parameter: A <- "-0.8"
  
 CHARMM>    incr b by @dcel
 Parameter: DCEL -> "0.2"
 Parameter: B <- "-0.6"
  
 CHARMM>    if b le ?ZMAX goto DOAREA
 RDCMND substituted energy or value "?ZMAX" to "33.3514749"
 Comparing "-0.6" and "33.3514749".
 IF test evaluated as true.  Performing command
  
 CHARMM>     
  
 CHARMM>    ! Cross sectional protein area with whole atom.
 CHARMM>    scalar wmain = radius
  
 CHARMM>    scalar wmain mult 2.5   sele resname TIP3 end
 SELRPN>      0 atoms have been selected out of  15156
  
 CHARMM>    scalar wmain add  1.529 sele .not. resname TIP3 end
 SELRPN>  15156 atoms have been selected out of  15156
  
 CHARMM>    scalar wmain mult 0.85  sele .not. resname TIP3 end
 SELRPN>  15156 atoms have been selected out of  15156
  
 CHARMM>    calc zab = ( @a + @b ) / 2.0
 Parameter: A -> "-0.8"
 Parameter: B -> "-0.6"
Evaluating: (-0.8+-0.6)/2.0
 Parameter: ZAB <- "-0.7"
  
 CHARMM>     
  
 CHARMM>    coor search -
 CHARMM>         xmin @x1  xmax @x2  xgrip @xncel -
 CHARMM>         ymin @y1  ymax @y2  ygrip @yncel -
 CHARMM>         zmin @a   zmax @b   zgrip 5
 Parameter: X1 -> "-43.6244258"
 Parameter: X2 -> "43.6252187"
 Parameter: XNCEL -> "436"
 Parameter: Y1 -> "-43.6309926"
 Parameter: Y2 -> "43.6230242"
 Parameter: YNCEL -> "436"
 Parameter: A -> "-0.8"
 Parameter: B -> "-0.6"

 A TOTAL OF   511622   VACUUM POINTS WERE FOUND
 A TOTAL OF   438858 OCCUPIED POINTS WERE FOUND
 A TOTAL OF        0 EXTERNAL POINTS WERE FOUND
 A TOTAL OF   511622 SELECTED POINTS WERE FOUND
 TOTAL OCCUPIED  VOLUME =     703.007774
 TOTAL SELECTED  VOLUME =     819.568615
 TOTAL FREE      VOLUME =     819.568615
 FRACTIONAL FREE VOLUME =      53.827750
  
 CHARMM>     
  
 CHARMM>    calc c = ?volume * @factor
 Parameter: FACTOR -> "5"
 RDCMND substituted energy or value "?VOLUME" to "703.007774"
Evaluating: 703.007774*5
 Parameter: C <- "3515.03887"
  
 CHARMM>     
  
 CHARMM>    if a .lt. -10 if a .gt. -20 if c .gt. @botarea set botarea = @c
 Parameter: BOTAREA -> "3928.19358"
 Parameter: C -> "3515.03887"
 Comparing "-0.8" and "-10".
 IF test evaluated as false.  Skipping command
  
 CHARMM>    if a .gt.  10 if a .lt.  20 if c .gt. @toparea set toparea = @c
 Parameter: TOPAREA -> "-1"
 Parameter: C -> "3515.03887"
 Comparing "-0.8" and "10".
 IF test evaluated as false.  Skipping command
  
 CHARMM>     
  
 CHARMM>    write title unit 51
 RDTITL> * -0.6  3515.03887
 RDTITL> *
  
 CHARMM>     
  
 CHARMM>    incr a by @dcel
 Parameter: DCEL -> "0.2"
 Parameter: A <- "-0.6"
  
 CHARMM>    incr b by @dcel
 Parameter: DCEL -> "0.2"
 Parameter: B <- "-0.4"
  
 CHARMM>    if b le ?ZMAX goto DOAREA
 RDCMND substituted energy or value "?ZMAX" to "33.3514749"
 Comparing "-0.4" and "33.3514749".
 IF test evaluated as true.  Performing command
  
 CHARMM>     
  
 CHARMM>    ! Cross sectional protein area with whole atom.
 CHARMM>    scalar wmain = radius
  
 CHARMM>    scalar wmain mult 2.5   sele resname TIP3 end
 SELRPN>      0 atoms have been selected out of  15156
  
 CHARMM>    scalar wmain add  1.529 sele .not. resname TIP3 end
 SELRPN>  15156 atoms have been selected out of  15156
  
 CHARMM>    scalar wmain mult 0.85  sele .not. resname TIP3 end
 SELRPN>  15156 atoms have been selected out of  15156
  
 CHARMM>    calc zab = ( @a + @b ) / 2.0
 Parameter: A -> "-0.6"
 Parameter: B -> "-0.4"
Evaluating: (-0.6+-0.4)/2.0
 Parameter: ZAB <- "-0.5"
  
 CHARMM>     
  
 CHARMM>    coor search -
 CHARMM>         xmin @x1  xmax @x2  xgrip @xncel -
 CHARMM>         ymin @y1  ymax @y2  ygrip @yncel -
 CHARMM>         zmin @a   zmax @b   zgrip 5
 Parameter: X1 -> "-43.6244258"
 Parameter: X2 -> "43.6252187"
 Parameter: XNCEL -> "436"
 Parameter: Y1 -> "-43.6309926"
 Parameter: Y2 -> "43.6230242"
 Parameter: YNCEL -> "436"
 Parameter: A -> "-0.6"
 Parameter: B -> "-0.4"

 A TOTAL OF   513235   VACUUM POINTS WERE FOUND
 A TOTAL OF   437245 OCCUPIED POINTS WERE FOUND
 A TOTAL OF        0 EXTERNAL POINTS WERE FOUND
 A TOTAL OF   513235 SELECTED POINTS WERE FOUND
 TOTAL OCCUPIED  VOLUME =     700.423905
 TOTAL SELECTED  VOLUME =     822.152484
 TOTAL FREE      VOLUME =     822.152484
 FRACTIONAL FREE VOLUME =      53.997454
  
 CHARMM>     
  
 CHARMM>    calc c = ?volume * @factor
 Parameter: FACTOR -> "5"
 RDCMND substituted energy or value "?VOLUME" to "700.423905"
Evaluating: 700.423905*5
 Parameter: C <- "3502.11953"
  
 CHARMM>     
  
 CHARMM>    if a .lt. -10 if a .gt. -20 if c .gt. @botarea set botarea = @c
 Parameter: BOTAREA -> "3928.19358"
 Parameter: C -> "3502.11953"
 Comparing "-0.6" and "-10".
 IF test evaluated as false.  Skipping command
  
 CHARMM>    if a .gt.  10 if a .lt.  20 if c .gt. @toparea set toparea = @c
 Parameter: TOPAREA -> "-1"
 Parameter: C -> "3502.11953"
 Comparing "-0.6" and "10".
 IF test evaluated as false.  Skipping command
  
 CHARMM>     
  
 CHARMM>    write title unit 51
 RDTITL> * -0.4  3502.11953
 RDTITL> *
  
 CHARMM>     
  
 CHARMM>    incr a by @dcel
 Parameter: DCEL -> "0.2"
 Parameter: A <- "-0.4"
  
 CHARMM>    incr b by @dcel
 Parameter: DCEL -> "0.2"
 Parameter: B <- "-0.2"
  
 CHARMM>    if b le ?ZMAX goto DOAREA
 RDCMND substituted energy or value "?ZMAX" to "33.3514749"
 Comparing "-0.2" and "33.3514749".
 IF test evaluated as true.  Performing command
  
 CHARMM>     
  
 CHARMM>    ! Cross sectional protein area with whole atom.
 CHARMM>    scalar wmain = radius
  
 CHARMM>    scalar wmain mult 2.5   sele resname TIP3 end
 SELRPN>      0 atoms have been selected out of  15156
  
 CHARMM>    scalar wmain add  1.529 sele .not. resname TIP3 end
 SELRPN>  15156 atoms have been selected out of  15156
  
 CHARMM>    scalar wmain mult 0.85  sele .not. resname TIP3 end
 SELRPN>  15156 atoms have been selected out of  15156
  
 CHARMM>    calc zab = ( @a + @b ) / 2.0
 Parameter: A -> "-0.4"
 Parameter: B -> "-0.2"
Evaluating: (-0.4+-0.2)/2.0
 Parameter: ZAB <- "-0.3"
  
 CHARMM>     
  
 CHARMM>    coor search -
 CHARMM>         xmin @x1  xmax @x2  xgrip @xncel -
 CHARMM>         ymin @y1  ymax @y2  ygrip @yncel -
 CHARMM>         zmin @a   zmax @b   zgrip 5
 Parameter: X1 -> "-43.6244258"
 Parameter: X2 -> "43.6252187"
 Parameter: XNCEL -> "436"
 Parameter: Y1 -> "-43.6309926"
 Parameter: Y2 -> "43.6230242"
 Parameter: YNCEL -> "436"
 Parameter: A -> "-0.4"
 Parameter: B -> "-0.2"

 A TOTAL OF   514088   VACUUM POINTS WERE FOUND
 A TOTAL OF   436392 OCCUPIED POINTS WERE FOUND
 A TOTAL OF        0 EXTERNAL POINTS WERE FOUND
 A TOTAL OF   514088 SELECTED POINTS WERE FOUND
 TOTAL OCCUPIED  VOLUME =     699.057482
 TOTAL SELECTED  VOLUME =     823.518907
 TOTAL FREE      VOLUME =     823.518907
 FRACTIONAL FREE VOLUME =      54.087198
  
 CHARMM>     
  
 CHARMM>    calc c = ?volume * @factor
 Parameter: FACTOR -> "5"
 RDCMND substituted energy or value "?VOLUME" to "699.057482"
Evaluating: 699.057482*5
 Parameter: C <- "3495.28741"
  
 CHARMM>     
  
 CHARMM>    if a .lt. -10 if a .gt. -20 if c .gt. @botarea set botarea = @c
 Parameter: BOTAREA -> "3928.19358"
 Parameter: C -> "3495.28741"
 Comparing "-0.4" and "-10".
 IF test evaluated as false.  Skipping command
  
 CHARMM>    if a .gt.  10 if a .lt.  20 if c .gt. @toparea set toparea = @c
 Parameter: TOPAREA -> "-1"
 Parameter: C -> "3495.28741"
 Comparing "-0.4" and "10".
 IF test evaluated as false.  Skipping command
  
 CHARMM>     
  
 CHARMM>    write title unit 51
 RDTITL> * -0.2  3495.28741
 RDTITL> *
  
 CHARMM>     
  
 CHARMM>    incr a by @dcel
 Parameter: DCEL -> "0.2"
 Parameter: A <- "-0.2"
  
 CHARMM>    incr b by @dcel
 Parameter: DCEL -> "0.2"
 Parameter: B <- "0"
  
 CHARMM>    if b le ?ZMAX goto DOAREA
 RDCMND substituted energy or value "?ZMAX" to "33.3514749"
 Comparing "0" and "33.3514749".
 IF test evaluated as true.  Performing command
  
 CHARMM>     
  
 CHARMM>    ! Cross sectional protein area with whole atom.
 CHARMM>    scalar wmain = radius
  
 CHARMM>    scalar wmain mult 2.5   sele resname TIP3 end
 SELRPN>      0 atoms have been selected out of  15156
  
 CHARMM>    scalar wmain add  1.529 sele .not. resname TIP3 end
 SELRPN>  15156 atoms have been selected out of  15156
  
 CHARMM>    scalar wmain mult 0.85  sele .not. resname TIP3 end
 SELRPN>  15156 atoms have been selected out of  15156
  
 CHARMM>    calc zab = ( @a + @b ) / 2.0
 Parameter: A -> "-0.2"
 Parameter: B -> "0"
Evaluating: (-0.2+0)/2.0
 Parameter: ZAB <- "-0.1"
  
 CHARMM>     
  
 CHARMM>    coor search -
 CHARMM>         xmin @x1  xmax @x2  xgrip @xncel -
 CHARMM>         ymin @y1  ymax @y2  ygrip @yncel -
 CHARMM>         zmin @a   zmax @b   zgrip 5
 Parameter: X1 -> "-43.6244258"
 Parameter: X2 -> "43.6252187"
 Parameter: XNCEL -> "436"
 Parameter: Y1 -> "-43.6309926"
 Parameter: Y2 -> "43.6230242"
 Parameter: YNCEL -> "436"
 Parameter: A -> "-0.2"
 Parameter: B -> "0"

 A TOTAL OF   514741   VACUUM POINTS WERE FOUND
 A TOTAL OF   435739 OCCUPIED POINTS WERE FOUND
 A TOTAL OF        0 EXTERNAL POINTS WERE FOUND
 A TOTAL OF   514741 SELECTED POINTS WERE FOUND
 TOTAL OCCUPIED  VOLUME =     698.011440
 TOTAL SELECTED  VOLUME =     824.564950
 TOTAL FREE      VOLUME =     824.564950
 FRACTIONAL FREE VOLUME =      54.155900
  
 CHARMM>     
  
 CHARMM>    calc c = ?volume * @factor
 Parameter: FACTOR -> "5"
 RDCMND substituted energy or value "?VOLUME" to "698.01144"
Evaluating: 698.01144*5
 Parameter: C <- "3490.0572"
  
 CHARMM>     
  
 CHARMM>    if a .lt. -10 if a .gt. -20 if c .gt. @botarea set botarea = @c
 Parameter: BOTAREA -> "3928.19358"
 Parameter: C -> "3490.0572"
 Comparing "-0.2" and "-10".
 IF test evaluated as false.  Skipping command
  
 CHARMM>    if a .gt.  10 if a .lt.  20 if c .gt. @toparea set toparea = @c
 Parameter: TOPAREA -> "-1"
 Parameter: C -> "3490.0572"
 Comparing "-0.2" and "10".
 IF test evaluated as false.  Skipping command
  
 CHARMM>     
  
 CHARMM>    write title unit 51
 RDTITL> * 0  3490.0572
 RDTITL> *
  
 CHARMM>     
  
 CHARMM>    incr a by @dcel
 Parameter: DCEL -> "0.2"
 Parameter: A <- "0"
  
 CHARMM>    incr b by @dcel
 Parameter: DCEL -> "0.2"
 Parameter: B <- "0.2"
  
 CHARMM>    if b le ?ZMAX goto DOAREA
 RDCMND substituted energy or value "?ZMAX" to "33.3514749"
 Comparing "0.2" and "33.3514749".
 IF test evaluated as true.  Performing command
  
 CHARMM>     
  
 CHARMM>    ! Cross sectional protein area with whole atom.
 CHARMM>    scalar wmain = radius
  
 CHARMM>    scalar wmain mult 2.5   sele resname TIP3 end
 SELRPN>      0 atoms have been selected out of  15156
  
 CHARMM>    scalar wmain add  1.529 sele .not. resname TIP3 end
 SELRPN>  15156 atoms have been selected out of  15156
  
 CHARMM>    scalar wmain mult 0.85  sele .not. resname TIP3 end
 SELRPN>  15156 atoms have been selected out of  15156
  
 CHARMM>    calc zab = ( @a + @b ) / 2.0
 Parameter: A -> "0"
 Parameter: B -> "0.2"
Evaluating: (0+0.2)/2.0
 Parameter: ZAB <- "0.1"
  
 CHARMM>     
  
 CHARMM>    coor search -
 CHARMM>         xmin @x1  xmax @x2  xgrip @xncel -
 CHARMM>         ymin @y1  ymax @y2  ygrip @yncel -
 CHARMM>         zmin @a   zmax @b   zgrip 5
 Parameter: X1 -> "-43.6244258"
 Parameter: X2 -> "43.6252187"
 Parameter: XNCEL -> "436"
 Parameter: Y1 -> "-43.6309926"
 Parameter: Y2 -> "43.6230242"
 Parameter: YNCEL -> "436"
 Parameter: A -> "0"
 Parameter: B -> "0.2"

 A TOTAL OF   515149   VACUUM POINTS WERE FOUND
 A TOTAL OF   435331 OCCUPIED POINTS WERE FOUND
 A TOTAL OF        0 EXTERNAL POINTS WERE FOUND
 A TOTAL OF   515149 SELECTED POINTS WERE FOUND
 TOTAL OCCUPIED  VOLUME =     697.357864
 TOTAL SELECTED  VOLUME =     825.218526
 TOTAL FREE      VOLUME =     825.218526
 FRACTIONAL FREE VOLUME =      54.198826
  
 CHARMM>     
  
 CHARMM>    calc c = ?volume * @factor
 Parameter: FACTOR -> "5"
 RDCMND substituted energy or value "?VOLUME" to "697.357864"
Evaluating: 697.357864*5
 Parameter: C <- "3486.78932"
  
 CHARMM>     
  
 CHARMM>    if a .lt. -10 if a .gt. -20 if c .gt. @botarea set botarea = @c
 Parameter: BOTAREA -> "3928.19358"
 Parameter: C -> "3486.78932"
 Comparing "0" and "-10".
 IF test evaluated as false.  Skipping command
  
 CHARMM>    if a .gt.  10 if a .lt.  20 if c .gt. @toparea set toparea = @c
 Parameter: TOPAREA -> "-1"
 Parameter: C -> "3486.78932"
 Comparing "0" and "10".
 IF test evaluated as false.  Skipping command
  
 CHARMM>     
  
 CHARMM>    write title unit 51
 RDTITL> * 0.2  3486.78932
 RDTITL> *
  
 CHARMM>     
  
 CHARMM>    incr a by @dcel
 Parameter: DCEL -> "0.2"
 Parameter: A <- "0.2"
  
 CHARMM>    incr b by @dcel
 Parameter: DCEL -> "0.2"
 Parameter: B <- "0.4"
  
 CHARMM>    if b le ?ZMAX goto DOAREA
 RDCMND substituted energy or value "?ZMAX" to "33.3514749"
 Comparing "0.4" and "33.3514749".
 IF test evaluated as true.  Performing command
  
 CHARMM>     
  
 CHARMM>    ! Cross sectional protein area with whole atom.
 CHARMM>    scalar wmain = radius
  
 CHARMM>    scalar wmain mult 2.5   sele resname TIP3 end
 SELRPN>      0 atoms have been selected out of  15156
  
 CHARMM>    scalar wmain add  1.529 sele .not. resname TIP3 end
 SELRPN>  15156 atoms have been selected out of  15156
  
 CHARMM>    scalar wmain mult 0.85  sele .not. resname TIP3 end
 SELRPN>  15156 atoms have been selected out of  15156
  
 CHARMM>    calc zab = ( @a + @b ) / 2.0
 Parameter: A -> "0.2"
 Parameter: B -> "0.4"
Evaluating: (0.2+0.4)/2.0
 Parameter: ZAB <- "0.3"
  
 CHARMM>     
  
 CHARMM>    coor search -
 CHARMM>         xmin @x1  xmax @x2  xgrip @xncel -
 CHARMM>         ymin @y1  ymax @y2  ygrip @yncel -
 CHARMM>         zmin @a   zmax @b   zgrip 5
 Parameter: X1 -> "-43.6244258"
 Parameter: X2 -> "43.6252187"
 Parameter: XNCEL -> "436"
 Parameter: Y1 -> "-43.6309926"
 Parameter: Y2 -> "43.6230242"
 Parameter: YNCEL -> "436"
 Parameter: A -> "0.2"
 Parameter: B -> "0.4"

 A TOTAL OF   515683   VACUUM POINTS WERE FOUND
 A TOTAL OF   434797 OCCUPIED POINTS WERE FOUND
 A TOTAL OF        0 EXTERNAL POINTS WERE FOUND
 A TOTAL OF   515683 SELECTED POINTS WERE FOUND
 TOTAL OCCUPIED  VOLUME =     696.502448
 TOTAL SELECTED  VOLUME =     826.073942
 TOTAL FREE      VOLUME =     826.073942
 FRACTIONAL FREE VOLUME =      54.255008
  
 CHARMM>     
  
 CHARMM>    calc c = ?volume * @factor
 Parameter: FACTOR -> "5"
 RDCMND substituted energy or value "?VOLUME" to "696.502448"
Evaluating: 696.502448*5
 Parameter: C <- "3482.51224"
  
 CHARMM>     
  
 CHARMM>    if a .lt. -10 if a .gt. -20 if c .gt. @botarea set botarea = @c
 Parameter: BOTAREA -> "3928.19358"
 Parameter: C -> "3482.51224"
 Comparing "0.2" and "-10".
 IF test evaluated as false.  Skipping command
  
 CHARMM>    if a .gt.  10 if a .lt.  20 if c .gt. @toparea set toparea = @c
 Parameter: TOPAREA -> "-1"
 Parameter: C -> "3482.51224"
 Comparing "0.2" and "10".
 IF test evaluated as false.  Skipping command
  
 CHARMM>     
  
 CHARMM>    write title unit 51
 RDTITL> * 0.4  3482.51224
 RDTITL> *
  
 CHARMM>     
  
 CHARMM>    incr a by @dcel
 Parameter: DCEL -> "0.2"
 Parameter: A <- "0.4"
  
 CHARMM>    incr b by @dcel
 Parameter: DCEL -> "0.2"
 Parameter: B <- "0.6"
  
 CHARMM>    if b le ?ZMAX goto DOAREA
 RDCMND substituted energy or value "?ZMAX" to "33.3514749"
 Comparing "0.6" and "33.3514749".
 IF test evaluated as true.  Performing command
  
 CHARMM>     
  
 CHARMM>    ! Cross sectional protein area with whole atom.
 CHARMM>    scalar wmain = radius
  
 CHARMM>    scalar wmain mult 2.5   sele resname TIP3 end
 SELRPN>      0 atoms have been selected out of  15156
  
 CHARMM>    scalar wmain add  1.529 sele .not. resname TIP3 end
 SELRPN>  15156 atoms have been selected out of  15156
  
 CHARMM>    scalar wmain mult 0.85  sele .not. resname TIP3 end
 SELRPN>  15156 atoms have been selected out of  15156
  
 CHARMM>    calc zab = ( @a + @b ) / 2.0
 Parameter: A -> "0.4"
 Parameter: B -> "0.6"
Evaluating: (0.4+0.6)/2.0
 Parameter: ZAB <- "0.5"
  
 CHARMM>     
  
 CHARMM>    coor search -
 CHARMM>         xmin @x1  xmax @x2  xgrip @xncel -
 CHARMM>         ymin @y1  ymax @y2  ygrip @yncel -
 CHARMM>         zmin @a   zmax @b   zgrip 5
 Parameter: X1 -> "-43.6244258"
 Parameter: X2 -> "43.6252187"
 Parameter: XNCEL -> "436"
 Parameter: Y1 -> "-43.6309926"
 Parameter: Y2 -> "43.6230242"
 Parameter: YNCEL -> "436"
 Parameter: A -> "0.4"
 Parameter: B -> "0.6"

 A TOTAL OF   516575   VACUUM POINTS WERE FOUND
 A TOTAL OF   433905 OCCUPIED POINTS WERE FOUND
 A TOTAL OF        0 EXTERNAL POINTS WERE FOUND
 A TOTAL OF   516575 SELECTED POINTS WERE FOUND
 TOTAL OCCUPIED  VOLUME =     695.073550
 TOTAL SELECTED  VOLUME =     827.502839
 TOTAL FREE      VOLUME =     827.502839
 FRACTIONAL FREE VOLUME =      54.348855
  
 CHARMM>     
  
 CHARMM>    calc c = ?volume * @factor
 Parameter: FACTOR -> "5"
 RDCMND substituted energy or value "?VOLUME" to "695.07355"
Evaluating: 695.07355*5
 Parameter: C <- "3475.36775"
  
 CHARMM>     
  
 CHARMM>    if a .lt. -10 if a .gt. -20 if c .gt. @botarea set botarea = @c
 Parameter: BOTAREA -> "3928.19358"
 Parameter: C -> "3475.36775"
 Comparing "0.4" and "-10".
 IF test evaluated as false.  Skipping command
  
 CHARMM>    if a .gt.  10 if a .lt.  20 if c .gt. @toparea set toparea = @c
 Parameter: TOPAREA -> "-1"
 Parameter: C -> "3475.36775"
 Comparing "0.4" and "10".
 IF test evaluated as false.  Skipping command
  
 CHARMM>     
  
 CHARMM>    write title unit 51
 RDTITL> * 0.6  3475.36775
 RDTITL> *
  
 CHARMM>     
  
 CHARMM>    incr a by @dcel
 Parameter: DCEL -> "0.2"
 Parameter: A <- "0.6"
  
 CHARMM>    incr b by @dcel
 Parameter: DCEL -> "0.2"
 Parameter: B <- "0.8"
  
 CHARMM>    if b le ?ZMAX goto DOAREA
 RDCMND substituted energy or value "?ZMAX" to "33.3514749"
 Comparing "0.8" and "33.3514749".
 IF test evaluated as true.  Performing command
  
 CHARMM>     
  
 CHARMM>    ! Cross sectional protein area with whole atom.
 CHARMM>    scalar wmain = radius
  
 CHARMM>    scalar wmain mult 2.5   sele resname TIP3 end
 SELRPN>      0 atoms have been selected out of  15156
  
 CHARMM>    scalar wmain add  1.529 sele .not. resname TIP3 end
 SELRPN>  15156 atoms have been selected out of  15156
  
 CHARMM>    scalar wmain mult 0.85  sele .not. resname TIP3 end
 SELRPN>  15156 atoms have been selected out of  15156
  
 CHARMM>    calc zab = ( @a + @b ) / 2.0
 Parameter: A -> "0.6"
 Parameter: B -> "0.8"
Evaluating: (0.6+0.8)/2.0
 Parameter: ZAB <- "0.7"
  
 CHARMM>     
  
 CHARMM>    coor search -
 CHARMM>         xmin @x1  xmax @x2  xgrip @xncel -
 CHARMM>         ymin @y1  ymax @y2  ygrip @yncel -
 CHARMM>         zmin @a   zmax @b   zgrip 5
 Parameter: X1 -> "-43.6244258"
 Parameter: X2 -> "43.6252187"
 Parameter: XNCEL -> "436"
 Parameter: Y1 -> "-43.6309926"
 Parameter: Y2 -> "43.6230242"
 Parameter: YNCEL -> "436"
 Parameter: A -> "0.6"
 Parameter: B -> "0.8"

 A TOTAL OF   518419   VACUUM POINTS WERE FOUND
 A TOTAL OF   432061 OCCUPIED POINTS WERE FOUND
 A TOTAL OF        0 EXTERNAL POINTS WERE FOUND
 A TOTAL OF   518419 SELECTED POINTS WERE FOUND
 TOTAL OCCUPIED  VOLUME =     692.119642
 TOTAL SELECTED  VOLUME =     830.456747
 TOTAL FREE      VOLUME =     830.456747
 FRACTIONAL FREE VOLUME =      54.542863
  
 CHARMM>     
  
 CHARMM>    calc c = ?volume * @factor
 Parameter: FACTOR -> "5"
 RDCMND substituted energy or value "?VOLUME" to "692.119642"
Evaluating: 692.119642*5
 Parameter: C <- "3460.59821"
  
 CHARMM>     
  
 CHARMM>    if a .lt. -10 if a .gt. -20 if c .gt. @botarea set botarea = @c
 Parameter: BOTAREA -> "3928.19358"
 Parameter: C -> "3460.59821"
 Comparing "0.6" and "-10".
 IF test evaluated as false.  Skipping command
  
 CHARMM>    if a .gt.  10 if a .lt.  20 if c .gt. @toparea set toparea = @c
 Parameter: TOPAREA -> "-1"
 Parameter: C -> "3460.59821"
 Comparing "0.6" and "10".
 IF test evaluated as false.  Skipping command
  
 CHARMM>     
  
 CHARMM>    write title unit 51
 RDTITL> * 0.8  3460.59821
 RDTITL> *
  
 CHARMM>     
  
 CHARMM>    incr a by @dcel
 Parameter: DCEL -> "0.2"
 Parameter: A <- "0.8"
  
 CHARMM>    incr b by @dcel
 Parameter: DCEL -> "0.2"
 Parameter: B <- "1"
  
 CHARMM>    if b le ?ZMAX goto DOAREA
 RDCMND substituted energy or value "?ZMAX" to "33.3514749"
 Comparing "1" and "33.3514749".
 IF test evaluated as true.  Performing command
  
 CHARMM>     
  
 CHARMM>    ! Cross sectional protein area with whole atom.
 CHARMM>    scalar wmain = radius
  
 CHARMM>    scalar wmain mult 2.5   sele resname TIP3 end
 SELRPN>      0 atoms have been selected out of  15156
  
 CHARMM>    scalar wmain add  1.529 sele .not. resname TIP3 end
 SELRPN>  15156 atoms have been selected out of  15156
  
 CHARMM>    scalar wmain mult 0.85  sele .not. resname TIP3 end
 SELRPN>  15156 atoms have been selected out of  15156
  
 CHARMM>    calc zab = ( @a + @b ) / 2.0
 Parameter: A -> "0.8"
 Parameter: B -> "1"
Evaluating: (0.8+1)/2.0
 Parameter: ZAB <- "0.9"
  
 CHARMM>     
  
 CHARMM>    coor search -
 CHARMM>         xmin @x1  xmax @x2  xgrip @xncel -
 CHARMM>         ymin @y1  ymax @y2  ygrip @yncel -
 CHARMM>         zmin @a   zmax @b   zgrip 5
 Parameter: X1 -> "-43.6244258"
 Parameter: X2 -> "43.6252187"
 Parameter: XNCEL -> "436"
 Parameter: Y1 -> "-43.6309926"
 Parameter: Y2 -> "43.6230242"
 Parameter: YNCEL -> "436"
 Parameter: A -> "0.8"
 Parameter: B -> "1"

 A TOTAL OF   520673   VACUUM POINTS WERE FOUND
 A TOTAL OF   429807 OCCUPIED POINTS WERE FOUND
 A TOTAL OF        0 EXTERNAL POINTS WERE FOUND
 A TOTAL OF   520673 SELECTED POINTS WERE FOUND
 TOTAL OCCUPIED  VOLUME =     688.508954
 TOTAL SELECTED  VOLUME =     834.067436
 TOTAL FREE      VOLUME =     834.067436
 FRACTIONAL FREE VOLUME =      54.780006
  
 CHARMM>     
  
 CHARMM>    calc c = ?volume * @factor
 Parameter: FACTOR -> "5"
 RDCMND substituted energy or value "?VOLUME" to "688.508954"
Evaluating: 688.508954*5
 Parameter: C <- "3442.54477"
  
 CHARMM>     
  
 CHARMM>    if a .lt. -10 if a .gt. -20 if c .gt. @botarea set botarea = @c
 Parameter: BOTAREA -> "3928.19358"
 Parameter: C -> "3442.54477"
 Comparing "0.8" and "-10".
 IF test evaluated as false.  Skipping command
  
 CHARMM>    if a .gt.  10 if a .lt.  20 if c .gt. @toparea set toparea = @c
 Parameter: TOPAREA -> "-1"
 Parameter: C -> "3442.54477"
 Comparing "0.8" and "10".
 IF test evaluated as false.  Skipping command
  
 CHARMM>     
  
 CHARMM>    write title unit 51
 RDTITL> * 1  3442.54477
 RDTITL> *
  
 CHARMM>     
  
 CHARMM>    incr a by @dcel
 Parameter: DCEL -> "0.2"
 Parameter: A <- "1"
  
 CHARMM>    incr b by @dcel
 Parameter: DCEL -> "0.2"
 Parameter: B <- "1.2"
  
 CHARMM>    if b le ?ZMAX goto DOAREA
 RDCMND substituted energy or value "?ZMAX" to "33.3514749"
 Comparing "1.2" and "33.3514749".
 IF test evaluated as true.  Performing command
  
 CHARMM>     
  
 CHARMM>    ! Cross sectional protein area with whole atom.
 CHARMM>    scalar wmain = radius
  
 CHARMM>    scalar wmain mult 2.5   sele resname TIP3 end
 SELRPN>      0 atoms have been selected out of  15156
  
 CHARMM>    scalar wmain add  1.529 sele .not. resname TIP3 end
 SELRPN>  15156 atoms have been selected out of  15156
  
 CHARMM>    scalar wmain mult 0.85  sele .not. resname TIP3 end
 SELRPN>  15156 atoms have been selected out of  15156
  
 CHARMM>    calc zab = ( @a + @b ) / 2.0
 Parameter: A -> "1"
 Parameter: B -> "1.2"
Evaluating: (1+1.2)/2.0
 Parameter: ZAB <- "1.1"
  
 CHARMM>     
  
 CHARMM>    coor search -
 CHARMM>         xmin @x1  xmax @x2  xgrip @xncel -
 CHARMM>         ymin @y1  ymax @y2  ygrip @yncel -
 CHARMM>         zmin @a   zmax @b   zgrip 5
 Parameter: X1 -> "-43.6244258"
 Parameter: X2 -> "43.6252187"
 Parameter: XNCEL -> "436"
 Parameter: Y1 -> "-43.6309926"
 Parameter: Y2 -> "43.6230242"
 Parameter: YNCEL -> "436"
 Parameter: A -> "1"
 Parameter: B -> "1.2"

 A TOTAL OF   523692   VACUUM POINTS WERE FOUND
 A TOTAL OF   426788 OCCUPIED POINTS WERE FOUND
 A TOTAL OF        0 EXTERNAL POINTS WERE FOUND
 A TOTAL OF   523692 SELECTED POINTS WERE FOUND
 TOTAL OCCUPIED  VOLUME =     683.672810
 TOTAL SELECTED  VOLUME =     838.903580
 TOTAL FREE      VOLUME =     838.903580
 FRACTIONAL FREE VOLUME =      55.097635
  
 CHARMM>     
  
 CHARMM>    calc c = ?volume * @factor
 Parameter: FACTOR -> "5"
 RDCMND substituted energy or value "?VOLUME" to "683.67281"
Evaluating: 683.67281*5
 Parameter: C <- "3418.36405"
  
 CHARMM>     
  
 CHARMM>    if a .lt. -10 if a .gt. -20 if c .gt. @botarea set botarea = @c
 Parameter: BOTAREA -> "3928.19358"
 Parameter: C -> "3418.36405"
 Comparing "1" and "-10".
 IF test evaluated as false.  Skipping command
  
 CHARMM>    if a .gt.  10 if a .lt.  20 if c .gt. @toparea set toparea = @c
 Parameter: TOPAREA -> "-1"
 Parameter: C -> "3418.36405"
 Comparing "1" and "10".
 IF test evaluated as false.  Skipping command
  
 CHARMM>     
  
 CHARMM>    write title unit 51
 RDTITL> * 1.2  3418.36405
 RDTITL> *
  
 CHARMM>     
  
 CHARMM>    incr a by @dcel
 Parameter: DCEL -> "0.2"
 Parameter: A <- "1.2"
  
 CHARMM>    incr b by @dcel
 Parameter: DCEL -> "0.2"
 Parameter: B <- "1.4"
  
 CHARMM>    if b le ?ZMAX goto DOAREA
 RDCMND substituted energy or value "?ZMAX" to "33.3514749"
 Comparing "1.4" and "33.3514749".
 IF test evaluated as true.  Performing command
  
 CHARMM>     
  
 CHARMM>    ! Cross sectional protein area with whole atom.
 CHARMM>    scalar wmain = radius
  
 CHARMM>    scalar wmain mult 2.5   sele resname TIP3 end
 SELRPN>      0 atoms have been selected out of  15156
  
 CHARMM>    scalar wmain add  1.529 sele .not. resname TIP3 end
 SELRPN>  15156 atoms have been selected out of  15156
  
 CHARMM>    scalar wmain mult 0.85  sele .not. resname TIP3 end
 SELRPN>  15156 atoms have been selected out of  15156
  
 CHARMM>    calc zab = ( @a + @b ) / 2.0
 Parameter: A -> "1.2"
 Parameter: B -> "1.4"
Evaluating: (1.2+1.4)/2.0
 Parameter: ZAB <- "1.3"
  
 CHARMM>     
  
 CHARMM>    coor search -
 CHARMM>         xmin @x1  xmax @x2  xgrip @xncel -
 CHARMM>         ymin @y1  ymax @y2  ygrip @yncel -
 CHARMM>         zmin @a   zmax @b   zgrip 5
 Parameter: X1 -> "-43.6244258"
 Parameter: X2 -> "43.6252187"
 Parameter: XNCEL -> "436"
 Parameter: Y1 -> "-43.6309926"
 Parameter: Y2 -> "43.6230242"
 Parameter: YNCEL -> "436"
 Parameter: A -> "1.2"
 Parameter: B -> "1.4"

 A TOTAL OF   526062   VACUUM POINTS WERE FOUND
 A TOTAL OF   424418 OCCUPIED POINTS WERE FOUND
 A TOTAL OF        0 EXTERNAL POINTS WERE FOUND
 A TOTAL OF   526062 SELECTED POINTS WERE FOUND
 TOTAL OCCUPIED  VOLUME =     679.876300
 TOTAL SELECTED  VOLUME =     842.700089
 TOTAL FREE      VOLUME =     842.700089
 FRACTIONAL FREE VOLUME =      55.346983
  
 CHARMM>     
  
 CHARMM>    calc c = ?volume * @factor
 Parameter: FACTOR -> "5"
 RDCMND substituted energy or value "?VOLUME" to "679.8763"
Evaluating: 679.8763*5
 Parameter: C <- "3399.3815"
  
 CHARMM>     
  
 CHARMM>    if a .lt. -10 if a .gt. -20 if c .gt. @botarea set botarea = @c
 Parameter: BOTAREA -> "3928.19358"
 Parameter: C -> "3399.3815"
 Comparing "1.2" and "-10".
 IF test evaluated as false.  Skipping command
  
 CHARMM>    if a .gt.  10 if a .lt.  20 if c .gt. @toparea set toparea = @c
 Parameter: TOPAREA -> "-1"
 Parameter: C -> "3399.3815"
 Comparing "1.2" and "10".
 IF test evaluated as false.  Skipping command
  
 CHARMM>     
  
 CHARMM>    write title unit 51
 RDTITL> * 1.4  3399.3815
 RDTITL> *
  
 CHARMM>     
  
 CHARMM>    incr a by @dcel
 Parameter: DCEL -> "0.2"
 Parameter: A <- "1.4"
  
 CHARMM>    incr b by @dcel
 Parameter: DCEL -> "0.2"
 Parameter: B <- "1.6"
  
 CHARMM>    if b le ?ZMAX goto DOAREA
 RDCMND substituted energy or value "?ZMAX" to "33.3514749"
 Comparing "1.6" and "33.3514749".
 IF test evaluated as true.  Performing command
  
 CHARMM>     
  
 CHARMM>    ! Cross sectional protein area with whole atom.
 CHARMM>    scalar wmain = radius
  
 CHARMM>    scalar wmain mult 2.5   sele resname TIP3 end
 SELRPN>      0 atoms have been selected out of  15156
  
 CHARMM>    scalar wmain add  1.529 sele .not. resname TIP3 end
 SELRPN>  15156 atoms have been selected out of  15156
  
 CHARMM>    scalar wmain mult 0.85  sele .not. resname TIP3 end
 SELRPN>  15156 atoms have been selected out of  15156
  
 CHARMM>    calc zab = ( @a + @b ) / 2.0
 Parameter: A -> "1.4"
 Parameter: B -> "1.6"
Evaluating: (1.4+1.6)/2.0
 Parameter: ZAB <- "1.5"
  
 CHARMM>     
  
 CHARMM>    coor search -
 CHARMM>         xmin @x1  xmax @x2  xgrip @xncel -
 CHARMM>         ymin @y1  ymax @y2  ygrip @yncel -
 CHARMM>         zmin @a   zmax @b   zgrip 5
 Parameter: X1 -> "-43.6244258"
 Parameter: X2 -> "43.6252187"
 Parameter: XNCEL -> "436"
 Parameter: Y1 -> "-43.6309926"
 Parameter: Y2 -> "43.6230242"
 Parameter: YNCEL -> "436"
 Parameter: A -> "1.4"
 Parameter: B -> "1.6"

 A TOTAL OF   528164   VACUUM POINTS WERE FOUND
 A TOTAL OF   422316 OCCUPIED POINTS WERE FOUND
 A TOTAL OF        0 EXTERNAL POINTS WERE FOUND
 A TOTAL OF   528164 SELECTED POINTS WERE FOUND
 TOTAL OCCUPIED  VOLUME =     676.509101
 TOTAL SELECTED  VOLUME =     846.067288
 TOTAL FREE      VOLUME =     846.067288
 FRACTIONAL FREE VOLUME =      55.568134
  
 CHARMM>     
  
 CHARMM>    calc c = ?volume * @factor
 Parameter: FACTOR -> "5"
 RDCMND substituted energy or value "?VOLUME" to "676.509101"
Evaluating: 676.509101*5
 Parameter: C <- "3382.54551"
  
 CHARMM>     
  
 CHARMM>    if a .lt. -10 if a .gt. -20 if c .gt. @botarea set botarea = @c
 Parameter: BOTAREA -> "3928.19358"
 Parameter: C -> "3382.54551"
 Comparing "1.4" and "-10".
 IF test evaluated as false.  Skipping command
  
 CHARMM>    if a .gt.  10 if a .lt.  20 if c .gt. @toparea set toparea = @c
 Parameter: TOPAREA -> "-1"
 Parameter: C -> "3382.54551"
 Comparing "1.4" and "10".
 IF test evaluated as false.  Skipping command
  
 CHARMM>     
  
 CHARMM>    write title unit 51
 RDTITL> * 1.6  3382.54551
 RDTITL> *
  
 CHARMM>     
  
 CHARMM>    incr a by @dcel
 Parameter: DCEL -> "0.2"
 Parameter: A <- "1.6"
  
 CHARMM>    incr b by @dcel
 Parameter: DCEL -> "0.2"
 Parameter: B <- "1.8"
  
 CHARMM>    if b le ?ZMAX goto DOAREA
 RDCMND substituted energy or value "?ZMAX" to "33.3514749"
 Comparing "1.8" and "33.3514749".
 IF test evaluated as true.  Performing command
  
 CHARMM>     
  
 CHARMM>    ! Cross sectional protein area with whole atom.
 CHARMM>    scalar wmain = radius
  
 CHARMM>    scalar wmain mult 2.5   sele resname TIP3 end
 SELRPN>      0 atoms have been selected out of  15156
  
 CHARMM>    scalar wmain add  1.529 sele .not. resname TIP3 end
 SELRPN>  15156 atoms have been selected out of  15156
  
 CHARMM>    scalar wmain mult 0.85  sele .not. resname TIP3 end
 SELRPN>  15156 atoms have been selected out of  15156
  
 CHARMM>    calc zab = ( @a + @b ) / 2.0
 Parameter: A -> "1.6"
 Parameter: B -> "1.8"
Evaluating: (1.6+1.8)/2.0
 Parameter: ZAB <- "1.7"
  
 CHARMM>     
  
 CHARMM>    coor search -
 CHARMM>         xmin @x1  xmax @x2  xgrip @xncel -
 CHARMM>         ymin @y1  ymax @y2  ygrip @yncel -
 CHARMM>         zmin @a   zmax @b   zgrip 5
 Parameter: X1 -> "-43.6244258"
 Parameter: X2 -> "43.6252187"
 Parameter: XNCEL -> "436"
 Parameter: Y1 -> "-43.6309926"
 Parameter: Y2 -> "43.6230242"
 Parameter: YNCEL -> "436"
 Parameter: A -> "1.6"
 Parameter: B -> "1.8"

 A TOTAL OF   528808   VACUUM POINTS WERE FOUND
 A TOTAL OF   421672 OCCUPIED POINTS WERE FOUND
 A TOTAL OF        0 EXTERNAL POINTS WERE FOUND
 A TOTAL OF   528808 SELECTED POINTS WERE FOUND
 TOTAL OCCUPIED  VOLUME =     675.477476
 TOTAL SELECTED  VOLUME =     847.098914
 TOTAL FREE      VOLUME =     847.098914
 FRACTIONAL FREE VOLUME =      55.635889
  
 CHARMM>     
  
 CHARMM>    calc c = ?volume * @factor
 Parameter: FACTOR -> "5"
 RDCMND substituted energy or value "?VOLUME" to "675.477476"
Evaluating: 675.477476*5
 Parameter: C <- "3377.38738"
  
 CHARMM>     
  
 CHARMM>    if a .lt. -10 if a .gt. -20 if c .gt. @botarea set botarea = @c
 Parameter: BOTAREA -> "3928.19358"
 Parameter: C -> "3377.38738"
 Comparing "1.6" and "-10".
 IF test evaluated as false.  Skipping command
  
 CHARMM>    if a .gt.  10 if a .lt.  20 if c .gt. @toparea set toparea = @c
 Parameter: TOPAREA -> "-1"
 Parameter: C -> "3377.38738"
 Comparing "1.6" and "10".
 IF test evaluated as false.  Skipping command
  
 CHARMM>     
  
 CHARMM>    write title unit 51
 RDTITL> * 1.8  3377.38738
 RDTITL> *
  
 CHARMM>     
  
 CHARMM>    incr a by @dcel
 Parameter: DCEL -> "0.2"
 Parameter: A <- "1.8"
  
 CHARMM>    incr b by @dcel
 Parameter: DCEL -> "0.2"
 Parameter: B <- "2"
  
 CHARMM>    if b le ?ZMAX goto DOAREA
 RDCMND substituted energy or value "?ZMAX" to "33.3514749"
 Comparing "2" and "33.3514749".
 IF test evaluated as true.  Performing command
  
 CHARMM>     
  
 CHARMM>    ! Cross sectional protein area with whole atom.
 CHARMM>    scalar wmain = radius
  
 CHARMM>    scalar wmain mult 2.5   sele resname TIP3 end
 SELRPN>      0 atoms have been selected out of  15156
  
 CHARMM>    scalar wmain add  1.529 sele .not. resname TIP3 end
 SELRPN>  15156 atoms have been selected out of  15156
  
 CHARMM>    scalar wmain mult 0.85  sele .not. resname TIP3 end
 SELRPN>  15156 atoms have been selected out of  15156
  
 CHARMM>    calc zab = ( @a + @b ) / 2.0
 Parameter: A -> "1.8"
 Parameter: B -> "2"
Evaluating: (1.8+2)/2.0
 Parameter: ZAB <- "1.9"
  
 CHARMM>     
  
 CHARMM>    coor search -
 CHARMM>         xmin @x1  xmax @x2  xgrip @xncel -
 CHARMM>         ymin @y1  ymax @y2  ygrip @yncel -
 CHARMM>         zmin @a   zmax @b   zgrip 5
 Parameter: X1 -> "-43.6244258"
 Parameter: X2 -> "43.6252187"
 Parameter: XNCEL -> "436"
 Parameter: Y1 -> "-43.6309926"
 Parameter: Y2 -> "43.6230242"
 Parameter: YNCEL -> "436"
 Parameter: A -> "1.8"
 Parameter: B -> "2"

 A TOTAL OF   528463   VACUUM POINTS WERE FOUND
 A TOTAL OF   422017 OCCUPIED POINTS WERE FOUND
 A TOTAL OF        0 EXTERNAL POINTS WERE FOUND
 A TOTAL OF   528463 SELECTED POINTS WERE FOUND
 TOTAL OCCUPIED  VOLUME =     676.030132
 TOTAL SELECTED  VOLUME =     846.546257
 TOTAL FREE      VOLUME =     846.546257
 FRACTIONAL FREE VOLUME =      55.599592
  
 CHARMM>     
  
 CHARMM>    calc c = ?volume * @factor
 Parameter: FACTOR -> "5"
 RDCMND substituted energy or value "?VOLUME" to "676.030132"
Evaluating: 676.030132*5
 Parameter: C <- "3380.15066"
  
 CHARMM>     
  
 CHARMM>    if a .lt. -10 if a .gt. -20 if c .gt. @botarea set botarea = @c
 Parameter: BOTAREA -> "3928.19358"
 Parameter: C -> "3380.15066"
 Comparing "1.8" and "-10".
 IF test evaluated as false.  Skipping command
  
 CHARMM>    if a .gt.  10 if a .lt.  20 if c .gt. @toparea set toparea = @c
 Parameter: TOPAREA -> "-1"
 Parameter: C -> "3380.15066"
 Comparing "1.8" and "10".
 IF test evaluated as false.  Skipping command
  
 CHARMM>     
  
 CHARMM>    write title unit 51
 RDTITL> * 2  3380.15066
 RDTITL> *
  
 CHARMM>     
  
 CHARMM>    incr a by @dcel
 Parameter: DCEL -> "0.2"
 Parameter: A <- "2"
  
 CHARMM>    incr b by @dcel
 Parameter: DCEL -> "0.2"
 Parameter: B <- "2.2"
  
 CHARMM>    if b le ?ZMAX goto DOAREA
 RDCMND substituted energy or value "?ZMAX" to "33.3514749"
 Comparing "2.2" and "33.3514749".
 IF test evaluated as true.  Performing command
  
 CHARMM>     
  
 CHARMM>    ! Cross sectional protein area with whole atom.
 CHARMM>    scalar wmain = radius
  
 CHARMM>    scalar wmain mult 2.5   sele resname TIP3 end
 SELRPN>      0 atoms have been selected out of  15156
  
 CHARMM>    scalar wmain add  1.529 sele .not. resname TIP3 end
 SELRPN>  15156 atoms have been selected out of  15156
  
 CHARMM>    scalar wmain mult 0.85  sele .not. resname TIP3 end
 SELRPN>  15156 atoms have been selected out of  15156
  
 CHARMM>    calc zab = ( @a + @b ) / 2.0
 Parameter: A -> "2"
 Parameter: B -> "2.2"
Evaluating: (2+2.2)/2.0
 Parameter: ZAB <- "2.1"
  
 CHARMM>     
  
 CHARMM>    coor search -
 CHARMM>         xmin @x1  xmax @x2  xgrip @xncel -
 CHARMM>         ymin @y1  ymax @y2  ygrip @yncel -
 CHARMM>         zmin @a   zmax @b   zgrip 5
 Parameter: X1 -> "-43.6244258"
 Parameter: X2 -> "43.6252187"
 Parameter: XNCEL -> "436"
 Parameter: Y1 -> "-43.6309926"
 Parameter: Y2 -> "43.6230242"
 Parameter: YNCEL -> "436"
 Parameter: A -> "2"
 Parameter: B -> "2.2"

 A TOTAL OF   527167   VACUUM POINTS WERE FOUND
 A TOTAL OF   423313 OCCUPIED POINTS WERE FOUND
 A TOTAL OF        0 EXTERNAL POINTS WERE FOUND
 A TOTAL OF   527167 SELECTED POINTS WERE FOUND
 TOTAL OCCUPIED  VOLUME =     678.106198
 TOTAL SELECTED  VOLUME =     844.470191
 TOTAL FREE      VOLUME =     844.470191
 FRACTIONAL FREE VOLUME =      55.463240
  
 CHARMM>     
  
 CHARMM>    calc c = ?volume * @factor
 Parameter: FACTOR -> "5"
 RDCMND substituted energy or value "?VOLUME" to "678.106198"
Evaluating: 678.106198*5
 Parameter: C <- "3390.53099"
  
 CHARMM>     
  
 CHARMM>    if a .lt. -10 if a .gt. -20 if c .gt. @botarea set botarea = @c
 Parameter: BOTAREA -> "3928.19358"
 Parameter: C -> "3390.53099"
 Comparing "2" and "-10".
 IF test evaluated as false.  Skipping command
  
 CHARMM>    if a .gt.  10 if a .lt.  20 if c .gt. @toparea set toparea = @c
 Parameter: TOPAREA -> "-1"
 Parameter: C -> "3390.53099"
 Comparing "2" and "10".
 IF test evaluated as false.  Skipping command
  
 CHARMM>     
  
 CHARMM>    write title unit 51
 RDTITL> * 2.2  3390.53099
 RDTITL> *
  
 CHARMM>     
  
 CHARMM>    incr a by @dcel
 Parameter: DCEL -> "0.2"
 Parameter: A <- "2.2"
  
 CHARMM>    incr b by @dcel
 Parameter: DCEL -> "0.2"
 Parameter: B <- "2.4"
  
 CHARMM>    if b le ?ZMAX goto DOAREA
 RDCMND substituted energy or value "?ZMAX" to "33.3514749"
 Comparing "2.4" and "33.3514749".
 IF test evaluated as true.  Performing command
  
 CHARMM>     
  
 CHARMM>    ! Cross sectional protein area with whole atom.
 CHARMM>    scalar wmain = radius
  
 CHARMM>    scalar wmain mult 2.5   sele resname TIP3 end
 SELRPN>      0 atoms have been selected out of  15156
  
 CHARMM>    scalar wmain add  1.529 sele .not. resname TIP3 end
 SELRPN>  15156 atoms have been selected out of  15156
  
 CHARMM>    scalar wmain mult 0.85  sele .not. resname TIP3 end
 SELRPN>  15156 atoms have been selected out of  15156
  
 CHARMM>    calc zab = ( @a + @b ) / 2.0
 Parameter: A -> "2.2"
 Parameter: B -> "2.4"
Evaluating: (2.2+2.4)/2.0
 Parameter: ZAB <- "2.3"
  
 CHARMM>     
  
 CHARMM>    coor search -
 CHARMM>         xmin @x1  xmax @x2  xgrip @xncel -
 CHARMM>         ymin @y1  ymax @y2  ygrip @yncel -
 CHARMM>         zmin @a   zmax @b   zgrip 5
 Parameter: X1 -> "-43.6244258"
 Parameter: X2 -> "43.6252187"
 Parameter: XNCEL -> "436"
 Parameter: Y1 -> "-43.6309926"
 Parameter: Y2 -> "43.6230242"
 Parameter: YNCEL -> "436"
 Parameter: A -> "2.2"
 Parameter: B -> "2.4"

 A TOTAL OF   525471   VACUUM POINTS WERE FOUND
 A TOTAL OF   425009 OCCUPIED POINTS WERE FOUND
 A TOTAL OF        0 EXTERNAL POINTS WERE FOUND
 A TOTAL OF   525471 SELECTED POINTS WERE FOUND
 TOTAL OCCUPIED  VOLUME =     680.823025
 TOTAL SELECTED  VOLUME =     841.753365
 TOTAL FREE      VOLUME =     841.753365
 FRACTIONAL FREE VOLUME =      55.284803
  
 CHARMM>     
  
 CHARMM>    calc c = ?volume * @factor
 Parameter: FACTOR -> "5"
 RDCMND substituted energy or value "?VOLUME" to "680.823025"
Evaluating: 680.823025*5
 Parameter: C <- "3404.11513"
  
 CHARMM>     
  
 CHARMM>    if a .lt. -10 if a .gt. -20 if c .gt. @botarea set botarea = @c
 Parameter: BOTAREA -> "3928.19358"
 Parameter: C -> "3404.11513"
 Comparing "2.2" and "-10".
 IF test evaluated as false.  Skipping command
  
 CHARMM>    if a .gt.  10 if a .lt.  20 if c .gt. @toparea set toparea = @c
 Parameter: TOPAREA -> "-1"
 Parameter: C -> "3404.11513"
 Comparing "2.2" and "10".
 IF test evaluated as false.  Skipping command
  
 CHARMM>     
  
 CHARMM>    write title unit 51
 RDTITL> * 2.4  3404.11513
 RDTITL> *
  
 CHARMM>     
  
 CHARMM>    incr a by @dcel
 Parameter: DCEL -> "0.2"
 Parameter: A <- "2.4"
  
 CHARMM>    incr b by @dcel
 Parameter: DCEL -> "0.2"
 Parameter: B <- "2.6"
  
 CHARMM>    if b le ?ZMAX goto DOAREA
 RDCMND substituted energy or value "?ZMAX" to "33.3514749"
 Comparing "2.6" and "33.3514749".
 IF test evaluated as true.  Performing command
  
 CHARMM>     
  
 CHARMM>    ! Cross sectional protein area with whole atom.
 CHARMM>    scalar wmain = radius
  
 CHARMM>    scalar wmain mult 2.5   sele resname TIP3 end
 SELRPN>      0 atoms have been selected out of  15156
  
 CHARMM>    scalar wmain add  1.529 sele .not. resname TIP3 end
 SELRPN>  15156 atoms have been selected out of  15156
  
 CHARMM>    scalar wmain mult 0.85  sele .not. resname TIP3 end
 SELRPN>  15156 atoms have been selected out of  15156
  
 CHARMM>    calc zab = ( @a + @b ) / 2.0
 Parameter: A -> "2.4"
 Parameter: B -> "2.6"
Evaluating: (2.4+2.6)/2.0
 Parameter: ZAB <- "2.5"
  
 CHARMM>     
  
 CHARMM>    coor search -
 CHARMM>         xmin @x1  xmax @x2  xgrip @xncel -
 CHARMM>         ymin @y1  ymax @y2  ygrip @yncel -
 CHARMM>         zmin @a   zmax @b   zgrip 5
 Parameter: X1 -> "-43.6244258"
 Parameter: X2 -> "43.6252187"
 Parameter: XNCEL -> "436"
 Parameter: Y1 -> "-43.6309926"
 Parameter: Y2 -> "43.6230242"
 Parameter: YNCEL -> "436"
 Parameter: A -> "2.4"
 Parameter: B -> "2.6"

 A TOTAL OF   522961   VACUUM POINTS WERE FOUND
 A TOTAL OF   427519 OCCUPIED POINTS WERE FOUND
 A TOTAL OF        0 EXTERNAL POINTS WERE FOUND
 A TOTAL OF   522961 SELECTED POINTS WERE FOUND
 TOTAL OCCUPIED  VOLUME =     684.843800
 TOTAL SELECTED  VOLUME =     837.732589
 TOTAL FREE      VOLUME =     837.732589
 FRACTIONAL FREE VOLUME =      55.020726
  
 CHARMM>     
  
 CHARMM>    calc c = ?volume * @factor
 Parameter: FACTOR -> "5"
 RDCMND substituted energy or value "?VOLUME" to "684.8438"
Evaluating: 684.8438*5
 Parameter: C <- "3424.219"
  
 CHARMM>     
  
 CHARMM>    if a .lt. -10 if a .gt. -20 if c .gt. @botarea set botarea = @c
 Parameter: BOTAREA -> "3928.19358"
 Parameter: C -> "3424.219"
 Comparing "2.4" and "-10".
 IF test evaluated as false.  Skipping command
  
 CHARMM>    if a .gt.  10 if a .lt.  20 if c .gt. @toparea set toparea = @c
 Parameter: TOPAREA -> "-1"
 Parameter: C -> "3424.219"
 Comparing "2.4" and "10".
 IF test evaluated as false.  Skipping command
  
 CHARMM>     
  
 CHARMM>    write title unit 51
 RDTITL> * 2.6  3424.219
 RDTITL> *
  
 CHARMM>     
  
 CHARMM>    incr a by @dcel
 Parameter: DCEL -> "0.2"
 Parameter: A <- "2.6"
  
 CHARMM>    incr b by @dcel
 Parameter: DCEL -> "0.2"
 Parameter: B <- "2.8"
  
 CHARMM>    if b le ?ZMAX goto DOAREA
 RDCMND substituted energy or value "?ZMAX" to "33.3514749"
 Comparing "2.8" and "33.3514749".
 IF test evaluated as true.  Performing command
  
 CHARMM>     
  
 CHARMM>    ! Cross sectional protein area with whole atom.
 CHARMM>    scalar wmain = radius
  
 CHARMM>    scalar wmain mult 2.5   sele resname TIP3 end
 SELRPN>      0 atoms have been selected out of  15156
  
 CHARMM>    scalar wmain add  1.529 sele .not. resname TIP3 end
 SELRPN>  15156 atoms have been selected out of  15156
  
 CHARMM>    scalar wmain mult 0.85  sele .not. resname TIP3 end
 SELRPN>  15156 atoms have been selected out of  15156
  
 CHARMM>    calc zab = ( @a + @b ) / 2.0
 Parameter: A -> "2.6"
 Parameter: B -> "2.8"
Evaluating: (2.6+2.8)/2.0
 Parameter: ZAB <- "2.7"
  
 CHARMM>     
  
 CHARMM>    coor search -
 CHARMM>         xmin @x1  xmax @x2  xgrip @xncel -
 CHARMM>         ymin @y1  ymax @y2  ygrip @yncel -
 CHARMM>         zmin @a   zmax @b   zgrip 5
 Parameter: X1 -> "-43.6244258"
 Parameter: X2 -> "43.6252187"
 Parameter: XNCEL -> "436"
 Parameter: Y1 -> "-43.6309926"
 Parameter: Y2 -> "43.6230242"
 Parameter: YNCEL -> "436"
 Parameter: A -> "2.6"
 Parameter: B -> "2.8"

 A TOTAL OF   520113   VACUUM POINTS WERE FOUND
 A TOTAL OF   430367 OCCUPIED POINTS WERE FOUND
 A TOTAL OF        0 EXTERNAL POINTS WERE FOUND
 A TOTAL OF   520113 SELECTED POINTS WERE FOUND
 TOTAL OCCUPIED  VOLUME =     689.406019
 TOTAL SELECTED  VOLUME =     833.170370
 TOTAL FREE      VOLUME =     833.170370
 FRACTIONAL FREE VOLUME =      54.721088
  
 CHARMM>     
  
 CHARMM>    calc c = ?volume * @factor
 Parameter: FACTOR -> "5"
 RDCMND substituted energy or value "?VOLUME" to "689.406019"
Evaluating: 689.406019*5
 Parameter: C <- "3447.0301"
  
 CHARMM>     
  
 CHARMM>    if a .lt. -10 if a .gt. -20 if c .gt. @botarea set botarea = @c
 Parameter: BOTAREA -> "3928.19358"
 Parameter: C -> "3447.0301"
 Comparing "2.6" and "-10".
 IF test evaluated as false.  Skipping command
  
 CHARMM>    if a .gt.  10 if a .lt.  20 if c .gt. @toparea set toparea = @c
 Parameter: TOPAREA -> "-1"
 Parameter: C -> "3447.0301"
 Comparing "2.6" and "10".
 IF test evaluated as false.  Skipping command
  
 CHARMM>     
  
 CHARMM>    write title unit 51
 RDTITL> * 2.8  3447.0301
 RDTITL> *
  
 CHARMM>     
  
 CHARMM>    incr a by @dcel
 Parameter: DCEL -> "0.2"
 Parameter: A <- "2.8"
  
 CHARMM>    incr b by @dcel
 Parameter: DCEL -> "0.2"
 Parameter: B <- "3"
  
 CHARMM>    if b le ?ZMAX goto DOAREA
 RDCMND substituted energy or value "?ZMAX" to "33.3514749"
 Comparing "3" and "33.3514749".
 IF test evaluated as true.  Performing command
  
 CHARMM>     
  
 CHARMM>    ! Cross sectional protein area with whole atom.
 CHARMM>    scalar wmain = radius
  
 CHARMM>    scalar wmain mult 2.5   sele resname TIP3 end
 SELRPN>      0 atoms have been selected out of  15156
  
 CHARMM>    scalar wmain add  1.529 sele .not. resname TIP3 end
 SELRPN>  15156 atoms have been selected out of  15156
  
 CHARMM>    scalar wmain mult 0.85  sele .not. resname TIP3 end
 SELRPN>  15156 atoms have been selected out of  15156
  
 CHARMM>    calc zab = ( @a + @b ) / 2.0
 Parameter: A -> "2.8"
 Parameter: B -> "3"
Evaluating: (2.8+3)/2.0
 Parameter: ZAB <- "2.9"
  
 CHARMM>     
  
 CHARMM>    coor search -
 CHARMM>         xmin @x1  xmax @x2  xgrip @xncel -
 CHARMM>         ymin @y1  ymax @y2  ygrip @yncel -
 CHARMM>         zmin @a   zmax @b   zgrip 5
 Parameter: X1 -> "-43.6244258"
 Parameter: X2 -> "43.6252187"
 Parameter: XNCEL -> "436"
 Parameter: Y1 -> "-43.6309926"
 Parameter: Y2 -> "43.6230242"
 Parameter: YNCEL -> "436"
 Parameter: A -> "2.8"
 Parameter: B -> "3"

 A TOTAL OF   516779   VACUUM POINTS WERE FOUND
 A TOTAL OF   433701 OCCUPIED POINTS WERE FOUND
 A TOTAL OF        0 EXTERNAL POINTS WERE FOUND
 A TOTAL OF   516779 SELECTED POINTS WERE FOUND
 TOTAL OCCUPIED  VOLUME =     694.746762
 TOTAL SELECTED  VOLUME =     827.829627
 TOTAL FREE      VOLUME =     827.829627
 FRACTIONAL FREE VOLUME =      54.370318
  
 CHARMM>     
  
 CHARMM>    calc c = ?volume * @factor
 Parameter: FACTOR -> "5"
 RDCMND substituted energy or value "?VOLUME" to "694.746762"
Evaluating: 694.746762*5
 Parameter: C <- "3473.73381"
  
 CHARMM>     
  
 CHARMM>    if a .lt. -10 if a .gt. -20 if c .gt. @botarea set botarea = @c
 Parameter: BOTAREA -> "3928.19358"
 Parameter: C -> "3473.73381"
 Comparing "2.8" and "-10".
 IF test evaluated as false.  Skipping command
  
 CHARMM>    if a .gt.  10 if a .lt.  20 if c .gt. @toparea set toparea = @c
 Parameter: TOPAREA -> "-1"
 Parameter: C -> "3473.73381"
 Comparing "2.8" and "10".
 IF test evaluated as false.  Skipping command
  
 CHARMM>     
  
 CHARMM>    write title unit 51
 RDTITL> * 3  3473.73381
 RDTITL> *
  
 CHARMM>     
  
 CHARMM>    incr a by @dcel
 Parameter: DCEL -> "0.2"
 Parameter: A <- "3"
  
 CHARMM>    incr b by @dcel
 Parameter: DCEL -> "0.2"
 Parameter: B <- "3.2"
  
 CHARMM>    if b le ?ZMAX goto DOAREA
 RDCMND substituted energy or value "?ZMAX" to "33.3514749"
 Comparing "3.2" and "33.3514749".
 IF test evaluated as true.  Performing command
  
 CHARMM>     
  
 CHARMM>    ! Cross sectional protein area with whole atom.
 CHARMM>    scalar wmain = radius
  
 CHARMM>    scalar wmain mult 2.5   sele resname TIP3 end
 SELRPN>      0 atoms have been selected out of  15156
  
 CHARMM>    scalar wmain add  1.529 sele .not. resname TIP3 end
 SELRPN>  15156 atoms have been selected out of  15156
  
 CHARMM>    scalar wmain mult 0.85  sele .not. resname TIP3 end
 SELRPN>  15156 atoms have been selected out of  15156
  
 CHARMM>    calc zab = ( @a + @b ) / 2.0
 Parameter: A -> "3"
 Parameter: B -> "3.2"
Evaluating: (3+3.2)/2.0
 Parameter: ZAB <- "3.1"
  
 CHARMM>     
  
 CHARMM>    coor search -
 CHARMM>         xmin @x1  xmax @x2  xgrip @xncel -
 CHARMM>         ymin @y1  ymax @y2  ygrip @yncel -
 CHARMM>         zmin @a   zmax @b   zgrip 5
 Parameter: X1 -> "-43.6244258"
 Parameter: X2 -> "43.6252187"
 Parameter: XNCEL -> "436"
 Parameter: Y1 -> "-43.6309926"
 Parameter: Y2 -> "43.6230242"
 Parameter: YNCEL -> "436"
 Parameter: A -> "3"
 Parameter: B -> "3.2"

 A TOTAL OF   513075   VACUUM POINTS WERE FOUND
 A TOTAL OF   437405 OCCUPIED POINTS WERE FOUND
 A TOTAL OF        0 EXTERNAL POINTS WERE FOUND
 A TOTAL OF   513075 SELECTED POINTS WERE FOUND
 TOTAL OCCUPIED  VOLUME =     700.680210
 TOTAL SELECTED  VOLUME =     821.896180
 TOTAL FREE      VOLUME =     821.896180
 FRACTIONAL FREE VOLUME =      53.980620
  
 CHARMM>     
  
 CHARMM>    calc c = ?volume * @factor
 Parameter: FACTOR -> "5"
 RDCMND substituted energy or value "?VOLUME" to "700.68021"
Evaluating: 700.68021*5
 Parameter: C <- "3503.40105"
  
 CHARMM>     
  
 CHARMM>    if a .lt. -10 if a .gt. -20 if c .gt. @botarea set botarea = @c
 Parameter: BOTAREA -> "3928.19358"
 Parameter: C -> "3503.40105"
 Comparing "3" and "-10".
 IF test evaluated as false.  Skipping command
  
 CHARMM>    if a .gt.  10 if a .lt.  20 if c .gt. @toparea set toparea = @c
 Parameter: TOPAREA -> "-1"
 Parameter: C -> "3503.40105"
 Comparing "3" and "10".
 IF test evaluated as false.  Skipping command
  
 CHARMM>     
  
 CHARMM>    write title unit 51
 RDTITL> * 3.2  3503.40105
 RDTITL> *
  
 CHARMM>     
  
 CHARMM>    incr a by @dcel
 Parameter: DCEL -> "0.2"
 Parameter: A <- "3.2"
  
 CHARMM>    incr b by @dcel
 Parameter: DCEL -> "0.2"
 Parameter: B <- "3.4"
  
 CHARMM>    if b le ?ZMAX goto DOAREA
 RDCMND substituted energy or value "?ZMAX" to "33.3514749"
 Comparing "3.4" and "33.3514749".
 IF test evaluated as true.  Performing command
  
 CHARMM>     
  
 CHARMM>    ! Cross sectional protein area with whole atom.
 CHARMM>    scalar wmain = radius
  
 CHARMM>    scalar wmain mult 2.5   sele resname TIP3 end
 SELRPN>      0 atoms have been selected out of  15156
  
 CHARMM>    scalar wmain add  1.529 sele .not. resname TIP3 end
 SELRPN>  15156 atoms have been selected out of  15156
  
 CHARMM>    scalar wmain mult 0.85  sele .not. resname TIP3 end
 SELRPN>  15156 atoms have been selected out of  15156
  
 CHARMM>    calc zab = ( @a + @b ) / 2.0
 Parameter: A -> "3.2"
 Parameter: B -> "3.4"
Evaluating: (3.2+3.4)/2.0
 Parameter: ZAB <- "3.3"
  
 CHARMM>     
  
 CHARMM>    coor search -
 CHARMM>         xmin @x1  xmax @x2  xgrip @xncel -
 CHARMM>         ymin @y1  ymax @y2  ygrip @yncel -
 CHARMM>         zmin @a   zmax @b   zgrip 5
 Parameter: X1 -> "-43.6244258"
 Parameter: X2 -> "43.6252187"
 Parameter: XNCEL -> "436"
 Parameter: Y1 -> "-43.6309926"
 Parameter: Y2 -> "43.6230242"
 Parameter: YNCEL -> "436"
 Parameter: A -> "3.2"
 Parameter: B -> "3.4"

 A TOTAL OF   510362   VACUUM POINTS WERE FOUND
 A TOTAL OF   440118 OCCUPIED POINTS WERE FOUND
 A TOTAL OF        0 EXTERNAL POINTS WERE FOUND
 A TOTAL OF   510362 SELECTED POINTS WERE FOUND
 TOTAL OCCUPIED  VOLUME =     705.026171
 TOTAL SELECTED  VOLUME =     817.550218
 TOTAL FREE      VOLUME =     817.550218
 FRACTIONAL FREE VOLUME =      53.695186
  
 CHARMM>     
  
 CHARMM>    calc c = ?volume * @factor
 Parameter: FACTOR -> "5"
 RDCMND substituted energy or value "?VOLUME" to "705.026171"
Evaluating: 705.026171*5
 Parameter: C <- "3525.13085"
  
 CHARMM>     
  
 CHARMM>    if a .lt. -10 if a .gt. -20 if c .gt. @botarea set botarea = @c
 Parameter: BOTAREA -> "3928.19358"
 Parameter: C -> "3525.13085"
 Comparing "3.2" and "-10".
 IF test evaluated as false.  Skipping command
  
 CHARMM>    if a .gt.  10 if a .lt.  20 if c .gt. @toparea set toparea = @c
 Parameter: TOPAREA -> "-1"
 Parameter: C -> "3525.13085"
 Comparing "3.2" and "10".
 IF test evaluated as false.  Skipping command
  
 CHARMM>     
  
 CHARMM>    write title unit 51
 RDTITL> * 3.4  3525.13085
 RDTITL> *
  
 CHARMM>     
  
 CHARMM>    incr a by @dcel
 Parameter: DCEL -> "0.2"
 Parameter: A <- "3.4"
  
 CHARMM>    incr b by @dcel
 Parameter: DCEL -> "0.2"
 Parameter: B <- "3.6"
  
 CHARMM>    if b le ?ZMAX goto DOAREA
 RDCMND substituted energy or value "?ZMAX" to "33.3514749"
 Comparing "3.6" and "33.3514749".
 IF test evaluated as true.  Performing command
  
 CHARMM>     
  
 CHARMM>    ! Cross sectional protein area with whole atom.
 CHARMM>    scalar wmain = radius
  
 CHARMM>    scalar wmain mult 2.5   sele resname TIP3 end
 SELRPN>      0 atoms have been selected out of  15156
  
 CHARMM>    scalar wmain add  1.529 sele .not. resname TIP3 end
 SELRPN>  15156 atoms have been selected out of  15156
  
 CHARMM>    scalar wmain mult 0.85  sele .not. resname TIP3 end
 SELRPN>  15156 atoms have been selected out of  15156
  
 CHARMM>    calc zab = ( @a + @b ) / 2.0
 Parameter: A -> "3.4"
 Parameter: B -> "3.6"
Evaluating: (3.4+3.6)/2.0
 Parameter: ZAB <- "3.5"
  
 CHARMM>     
  
 CHARMM>    coor search -
 CHARMM>         xmin @x1  xmax @x2  xgrip @xncel -
 CHARMM>         ymin @y1  ymax @y2  ygrip @yncel -
 CHARMM>         zmin @a   zmax @b   zgrip 5
 Parameter: X1 -> "-43.6244258"
 Parameter: X2 -> "43.6252187"
 Parameter: XNCEL -> "436"
 Parameter: Y1 -> "-43.6309926"
 Parameter: Y2 -> "43.6230242"
 Parameter: YNCEL -> "436"
 Parameter: A -> "3.4"
 Parameter: B -> "3.6"

 A TOTAL OF   508319   VACUUM POINTS WERE FOUND
 A TOTAL OF   442161 OCCUPIED POINTS WERE FOUND
 A TOTAL OF        0 EXTERNAL POINTS WERE FOUND
 A TOTAL OF   508319 SELECTED POINTS WERE FOUND
 TOTAL OCCUPIED  VOLUME =     708.298858
 TOTAL SELECTED  VOLUME =     814.277531
 TOTAL FREE      VOLUME =     814.277531
 FRACTIONAL FREE VOLUME =      53.480242
  
 CHARMM>     
  
 CHARMM>    calc c = ?volume * @factor
 Parameter: FACTOR -> "5"
 RDCMND substituted energy or value "?VOLUME" to "708.298858"
Evaluating: 708.298858*5
 Parameter: C <- "3541.49429"
  
 CHARMM>     
  
 CHARMM>    if a .lt. -10 if a .gt. -20 if c .gt. @botarea set botarea = @c
 Parameter: BOTAREA -> "3928.19358"
 Parameter: C -> "3541.49429"
 Comparing "3.4" and "-10".
 IF test evaluated as false.  Skipping command
  
 CHARMM>    if a .gt.  10 if a .lt.  20 if c .gt. @toparea set toparea = @c
 Parameter: TOPAREA -> "-1"
 Parameter: C -> "3541.49429"
 Comparing "3.4" and "10".
 IF test evaluated as false.  Skipping command
  
 CHARMM>     
  
 CHARMM>    write title unit 51
 RDTITL> * 3.6  3541.49429
 RDTITL> *
  
 CHARMM>     
  
 CHARMM>    incr a by @dcel
 Parameter: DCEL -> "0.2"
 Parameter: A <- "3.6"
  
 CHARMM>    incr b by @dcel
 Parameter: DCEL -> "0.2"
 Parameter: B <- "3.8"
  
 CHARMM>    if b le ?ZMAX goto DOAREA
 RDCMND substituted energy or value "?ZMAX" to "33.3514749"
 Comparing "3.8" and "33.3514749".
 IF test evaluated as true.  Performing command
  
 CHARMM>     
  
 CHARMM>    ! Cross sectional protein area with whole atom.
 CHARMM>    scalar wmain = radius
  
 CHARMM>    scalar wmain mult 2.5   sele resname TIP3 end
 SELRPN>      0 atoms have been selected out of  15156
  
 CHARMM>    scalar wmain add  1.529 sele .not. resname TIP3 end
 SELRPN>  15156 atoms have been selected out of  15156
  
 CHARMM>    scalar wmain mult 0.85  sele .not. resname TIP3 end
 SELRPN>  15156 atoms have been selected out of  15156
  
 CHARMM>    calc zab = ( @a + @b ) / 2.0
 Parameter: A -> "3.6"
 Parameter: B -> "3.8"
Evaluating: (3.6+3.8)/2.0
 Parameter: ZAB <- "3.7"
  
 CHARMM>     
  
 CHARMM>    coor search -
 CHARMM>         xmin @x1  xmax @x2  xgrip @xncel -
 CHARMM>         ymin @y1  ymax @y2  ygrip @yncel -
 CHARMM>         zmin @a   zmax @b   zgrip 5
 Parameter: X1 -> "-43.6244258"
 Parameter: X2 -> "43.6252187"
 Parameter: XNCEL -> "436"
 Parameter: Y1 -> "-43.6309926"
 Parameter: Y2 -> "43.6230242"
 Parameter: YNCEL -> "436"
 Parameter: A -> "3.6"
 Parameter: B -> "3.8"

 A TOTAL OF   506854   VACUUM POINTS WERE FOUND
 A TOTAL OF   443626 OCCUPIED POINTS WERE FOUND
 A TOTAL OF        0 EXTERNAL POINTS WERE FOUND
 A TOTAL OF   506854 SELECTED POINTS WERE FOUND
 TOTAL OCCUPIED  VOLUME =     710.645646
 TOTAL SELECTED  VOLUME =     811.930744
 TOTAL FREE      VOLUME =     811.930744
 FRACTIONAL FREE VOLUME =      53.326109
  
 CHARMM>     
  
 CHARMM>    calc c = ?volume * @factor
 Parameter: FACTOR -> "5"
 RDCMND substituted energy or value "?VOLUME" to "710.645646"
Evaluating: 710.645646*5
 Parameter: C <- "3553.22823"
  
 CHARMM>     
  
 CHARMM>    if a .lt. -10 if a .gt. -20 if c .gt. @botarea set botarea = @c
 Parameter: BOTAREA -> "3928.19358"
 Parameter: C -> "3553.22823"
 Comparing "3.6" and "-10".
 IF test evaluated as false.  Skipping command
  
 CHARMM>    if a .gt.  10 if a .lt.  20 if c .gt. @toparea set toparea = @c
 Parameter: TOPAREA -> "-1"
 Parameter: C -> "3553.22823"
 Comparing "3.6" and "10".
 IF test evaluated as false.  Skipping command
  
 CHARMM>     
  
 CHARMM>    write title unit 51
 RDTITL> * 3.8  3553.22823
 RDTITL> *
  
 CHARMM>     
  
 CHARMM>    incr a by @dcel
 Parameter: DCEL -> "0.2"
 Parameter: A <- "3.8"
  
 CHARMM>    incr b by @dcel
 Parameter: DCEL -> "0.2"
 Parameter: B <- "4"
  
 CHARMM>    if b le ?ZMAX goto DOAREA
 RDCMND substituted energy or value "?ZMAX" to "33.3514749"
 Comparing "4" and "33.3514749".
 IF test evaluated as true.  Performing command
  
 CHARMM>     
  
 CHARMM>    ! Cross sectional protein area with whole atom.
 CHARMM>    scalar wmain = radius
  
 CHARMM>    scalar wmain mult 2.5   sele resname TIP3 end
 SELRPN>      0 atoms have been selected out of  15156
  
 CHARMM>    scalar wmain add  1.529 sele .not. resname TIP3 end
 SELRPN>  15156 atoms have been selected out of  15156
  
 CHARMM>    scalar wmain mult 0.85  sele .not. resname TIP3 end
 SELRPN>  15156 atoms have been selected out of  15156
  
 CHARMM>    calc zab = ( @a + @b ) / 2.0
 Parameter: A -> "3.8"
 Parameter: B -> "4"
Evaluating: (3.8+4)/2.0
 Parameter: ZAB <- "3.9"
  
 CHARMM>     
  
 CHARMM>    coor search -
 CHARMM>         xmin @x1  xmax @x2  xgrip @xncel -
 CHARMM>         ymin @y1  ymax @y2  ygrip @yncel -
 CHARMM>         zmin @a   zmax @b   zgrip 5
 Parameter: X1 -> "-43.6244258"
 Parameter: X2 -> "43.6252187"
 Parameter: XNCEL -> "436"
 Parameter: Y1 -> "-43.6309926"
 Parameter: Y2 -> "43.6230242"
 Parameter: YNCEL -> "436"
 Parameter: A -> "3.8"
 Parameter: B -> "4"

 A TOTAL OF   505529   VACUUM POINTS WERE FOUND
 A TOTAL OF   444951 OCCUPIED POINTS WERE FOUND
 A TOTAL OF        0 EXTERNAL POINTS WERE FOUND
 A TOTAL OF   505529 SELECTED POINTS WERE FOUND
 TOTAL OCCUPIED  VOLUME =     712.768167
 TOTAL SELECTED  VOLUME =     809.808223
 TOTAL FREE      VOLUME =     809.808223
 FRACTIONAL FREE VOLUME =      53.186706
  
 CHARMM>     
  
 CHARMM>    calc c = ?volume * @factor
 Parameter: FACTOR -> "5"
 RDCMND substituted energy or value "?VOLUME" to "712.768167"
Evaluating: 712.768167*5
 Parameter: C <- "3563.84083"
  
 CHARMM>     
  
 CHARMM>    if a .lt. -10 if a .gt. -20 if c .gt. @botarea set botarea = @c
 Parameter: BOTAREA -> "3928.19358"
 Parameter: C -> "3563.84083"
 Comparing "3.8" and "-10".
 IF test evaluated as false.  Skipping command
  
 CHARMM>    if a .gt.  10 if a .lt.  20 if c .gt. @toparea set toparea = @c
 Parameter: TOPAREA -> "-1"
 Parameter: C -> "3563.84083"
 Comparing "3.8" and "10".
 IF test evaluated as false.  Skipping command
  
 CHARMM>     
  
 CHARMM>    write title unit 51
 RDTITL> * 4  3563.84083
 RDTITL> *
  
 CHARMM>     
  
 CHARMM>    incr a by @dcel
 Parameter: DCEL -> "0.2"
 Parameter: A <- "4"
  
 CHARMM>    incr b by @dcel
 Parameter: DCEL -> "0.2"
 Parameter: B <- "4.2"
  
 CHARMM>    if b le ?ZMAX goto DOAREA
 RDCMND substituted energy or value "?ZMAX" to "33.3514749"
 Comparing "4.2" and "33.3514749".
 IF test evaluated as true.  Performing command
  
 CHARMM>     
  
 CHARMM>    ! Cross sectional protein area with whole atom.
 CHARMM>    scalar wmain = radius
  
 CHARMM>    scalar wmain mult 2.5   sele resname TIP3 end
 SELRPN>      0 atoms have been selected out of  15156
  
 CHARMM>    scalar wmain add  1.529 sele .not. resname TIP3 end
 SELRPN>  15156 atoms have been selected out of  15156
  
 CHARMM>    scalar wmain mult 0.85  sele .not. resname TIP3 end
 SELRPN>  15156 atoms have been selected out of  15156
  
 CHARMM>    calc zab = ( @a + @b ) / 2.0
 Parameter: A -> "4"
 Parameter: B -> "4.2"
Evaluating: (4+4.2)/2.0
 Parameter: ZAB <- "4.1"
  
 CHARMM>     
  
 CHARMM>    coor search -
 CHARMM>         xmin @x1  xmax @x2  xgrip @xncel -
 CHARMM>         ymin @y1  ymax @y2  ygrip @yncel -
 CHARMM>         zmin @a   zmax @b   zgrip 5
 Parameter: X1 -> "-43.6244258"
 Parameter: X2 -> "43.6252187"
 Parameter: XNCEL -> "436"
 Parameter: Y1 -> "-43.6309926"
 Parameter: Y2 -> "43.6230242"
 Parameter: YNCEL -> "436"
 Parameter: A -> "4"
 Parameter: B -> "4.2"

 A TOTAL OF   503353   VACUUM POINTS WERE FOUND
 A TOTAL OF   447127 OCCUPIED POINTS WERE FOUND
 A TOTAL OF        0 EXTERNAL POINTS WERE FOUND
 A TOTAL OF   503353 SELECTED POINTS WERE FOUND
 TOTAL OCCUPIED  VOLUME =     716.253907
 TOTAL SELECTED  VOLUME =     806.322483
 TOTAL FREE      VOLUME =     806.322483
 FRACTIONAL FREE VOLUME =      52.957769
  
 CHARMM>     
  
 CHARMM>    calc c = ?volume * @factor
 Parameter: FACTOR -> "5"
 RDCMND substituted energy or value "?VOLUME" to "716.253907"
Evaluating: 716.253907*5
 Parameter: C <- "3581.26954"
  
 CHARMM>     
  
 CHARMM>    if a .lt. -10 if a .gt. -20 if c .gt. @botarea set botarea = @c
 Parameter: BOTAREA -> "3928.19358"
 Parameter: C -> "3581.26954"
 Comparing "4" and "-10".
 IF test evaluated as false.  Skipping command
  
 CHARMM>    if a .gt.  10 if a .lt.  20 if c .gt. @toparea set toparea = @c
 Parameter: TOPAREA -> "-1"
 Parameter: C -> "3581.26954"
 Comparing "4" and "10".
 IF test evaluated as false.  Skipping command
  
 CHARMM>     
  
 CHARMM>    write title unit 51
 RDTITL> * 4.2  3581.26954
 RDTITL> *
  
 CHARMM>     
  
 CHARMM>    incr a by @dcel
 Parameter: DCEL -> "0.2"
 Parameter: A <- "4.2"
  
 CHARMM>    incr b by @dcel
 Parameter: DCEL -> "0.2"
 Parameter: B <- "4.4"
  
 CHARMM>    if b le ?ZMAX goto DOAREA
 RDCMND substituted energy or value "?ZMAX" to "33.3514749"
 Comparing "4.4" and "33.3514749".
 IF test evaluated as true.  Performing command
  
 CHARMM>     
  
 CHARMM>    ! Cross sectional protein area with whole atom.
 CHARMM>    scalar wmain = radius
  
 CHARMM>    scalar wmain mult 2.5   sele resname TIP3 end
 SELRPN>      0 atoms have been selected out of  15156
  
 CHARMM>    scalar wmain add  1.529 sele .not. resname TIP3 end
 SELRPN>  15156 atoms have been selected out of  15156
  
 CHARMM>    scalar wmain mult 0.85  sele .not. resname TIP3 end
 SELRPN>  15156 atoms have been selected out of  15156
  
 CHARMM>    calc zab = ( @a + @b ) / 2.0
 Parameter: A -> "4.2"
 Parameter: B -> "4.4"
Evaluating: (4.2+4.4)/2.0
 Parameter: ZAB <- "4.3"
  
 CHARMM>     
  
 CHARMM>    coor search -
 CHARMM>         xmin @x1  xmax @x2  xgrip @xncel -
 CHARMM>         ymin @y1  ymax @y2  ygrip @yncel -
 CHARMM>         zmin @a   zmax @b   zgrip 5
 Parameter: X1 -> "-43.6244258"
 Parameter: X2 -> "43.6252187"
 Parameter: XNCEL -> "436"
 Parameter: Y1 -> "-43.6309926"
 Parameter: Y2 -> "43.6230242"
 Parameter: YNCEL -> "436"
 Parameter: A -> "4.2"
 Parameter: B -> "4.4"

 A TOTAL OF   500619   VACUUM POINTS WERE FOUND
 A TOTAL OF   449861 OCCUPIED POINTS WERE FOUND
 A TOTAL OF        0 EXTERNAL POINTS WERE FOUND
 A TOTAL OF   500619 SELECTED POINTS WERE FOUND
 TOTAL OCCUPIED  VOLUME =     720.633508
 TOTAL SELECTED  VOLUME =     801.942881
 TOTAL FREE      VOLUME =     801.942881
 FRACTIONAL FREE VOLUME =      52.670125
  
 CHARMM>     
  
 CHARMM>    calc c = ?volume * @factor
 Parameter: FACTOR -> "5"
 RDCMND substituted energy or value "?VOLUME" to "720.633508"
Evaluating: 720.633508*5
 Parameter: C <- "3603.16754"
  
 CHARMM>     
  
 CHARMM>    if a .lt. -10 if a .gt. -20 if c .gt. @botarea set botarea = @c
 Parameter: BOTAREA -> "3928.19358"
 Parameter: C -> "3603.16754"
 Comparing "4.2" and "-10".
 IF test evaluated as false.  Skipping command
  
 CHARMM>    if a .gt.  10 if a .lt.  20 if c .gt. @toparea set toparea = @c
 Parameter: TOPAREA -> "-1"
 Parameter: C -> "3603.16754"
 Comparing "4.2" and "10".
 IF test evaluated as false.  Skipping command
  
 CHARMM>     
  
 CHARMM>    write title unit 51
 RDTITL> * 4.4  3603.16754
 RDTITL> *
  
 CHARMM>     
  
 CHARMM>    incr a by @dcel
 Parameter: DCEL -> "0.2"
 Parameter: A <- "4.4"
  
 CHARMM>    incr b by @dcel
 Parameter: DCEL -> "0.2"
 Parameter: B <- "4.6"
  
 CHARMM>    if b le ?ZMAX goto DOAREA
 RDCMND substituted energy or value "?ZMAX" to "33.3514749"
 Comparing "4.6" and "33.3514749".
 IF test evaluated as true.  Performing command
  
 CHARMM>     
  
 CHARMM>    ! Cross sectional protein area with whole atom.
 CHARMM>    scalar wmain = radius
  
 CHARMM>    scalar wmain mult 2.5   sele resname TIP3 end
 SELRPN>      0 atoms have been selected out of  15156
  
 CHARMM>    scalar wmain add  1.529 sele .not. resname TIP3 end
 SELRPN>  15156 atoms have been selected out of  15156
  
 CHARMM>    scalar wmain mult 0.85  sele .not. resname TIP3 end
 SELRPN>  15156 atoms have been selected out of  15156
  
 CHARMM>    calc zab = ( @a + @b ) / 2.0
 Parameter: A -> "4.4"
 Parameter: B -> "4.6"
Evaluating: (4.4+4.6)/2.0
 Parameter: ZAB <- "4.5"
  
 CHARMM>     
  
 CHARMM>    coor search -
 CHARMM>         xmin @x1  xmax @x2  xgrip @xncel -
 CHARMM>         ymin @y1  ymax @y2  ygrip @yncel -
 CHARMM>         zmin @a   zmax @b   zgrip 5
 Parameter: X1 -> "-43.6244258"
 Parameter: X2 -> "43.6252187"
 Parameter: XNCEL -> "436"
 Parameter: Y1 -> "-43.6309926"
 Parameter: Y2 -> "43.6230242"
 Parameter: YNCEL -> "436"
 Parameter: A -> "4.4"
 Parameter: B -> "4.6"

 A TOTAL OF   498294   VACUUM POINTS WERE FOUND
 A TOTAL OF   452186 OCCUPIED POINTS WERE FOUND
 A TOTAL OF        0 EXTERNAL POINTS WERE FOUND
 A TOTAL OF   498294 SELECTED POINTS WERE FOUND
 TOTAL OCCUPIED  VOLUME =     724.357932
 TOTAL SELECTED  VOLUME =     798.218457
 TOTAL FREE      VOLUME =     798.218457
 FRACTIONAL FREE VOLUME =      52.425511
  
 CHARMM>     
  
 CHARMM>    calc c = ?volume * @factor
 Parameter: FACTOR -> "5"
 RDCMND substituted energy or value "?VOLUME" to "724.357932"
Evaluating: 724.357932*5
 Parameter: C <- "3621.78966"
  
 CHARMM>     
  
 CHARMM>    if a .lt. -10 if a .gt. -20 if c .gt. @botarea set botarea = @c
 Parameter: BOTAREA -> "3928.19358"
 Parameter: C -> "3621.78966"
 Comparing "4.4" and "-10".
 IF test evaluated as false.  Skipping command
  
 CHARMM>    if a .gt.  10 if a .lt.  20 if c .gt. @toparea set toparea = @c
 Parameter: TOPAREA -> "-1"
 Parameter: C -> "3621.78966"
 Comparing "4.4" and "10".
 IF test evaluated as false.  Skipping command
  
 CHARMM>     
  
 CHARMM>    write title unit 51
 RDTITL> * 4.6  3621.78966
 RDTITL> *
  
 CHARMM>     
  
 CHARMM>    incr a by @dcel
 Parameter: DCEL -> "0.2"
 Parameter: A <- "4.6"
  
 CHARMM>    incr b by @dcel
 Parameter: DCEL -> "0.2"
 Parameter: B <- "4.8"
  
 CHARMM>    if b le ?ZMAX goto DOAREA
 RDCMND substituted energy or value "?ZMAX" to "33.3514749"
 Comparing "4.8" and "33.3514749".
 IF test evaluated as true.  Performing command
  
 CHARMM>     
  
 CHARMM>    ! Cross sectional protein area with whole atom.
 CHARMM>    scalar wmain = radius
  
 CHARMM>    scalar wmain mult 2.5   sele resname TIP3 end
 SELRPN>      0 atoms have been selected out of  15156
  
 CHARMM>    scalar wmain add  1.529 sele .not. resname TIP3 end
 SELRPN>  15156 atoms have been selected out of  15156
  
 CHARMM>    scalar wmain mult 0.85  sele .not. resname TIP3 end
 SELRPN>  15156 atoms have been selected out of  15156
  
 CHARMM>    calc zab = ( @a + @b ) / 2.0
 Parameter: A -> "4.6"
 Parameter: B -> "4.8"
Evaluating: (4.6+4.8)/2.0
 Parameter: ZAB <- "4.7"
  
 CHARMM>     
  
 CHARMM>    coor search -
 CHARMM>         xmin @x1  xmax @x2  xgrip @xncel -
 CHARMM>         ymin @y1  ymax @y2  ygrip @yncel -
 CHARMM>         zmin @a   zmax @b   zgrip 5
 Parameter: X1 -> "-43.6244258"
 Parameter: X2 -> "43.6252187"
 Parameter: XNCEL -> "436"
 Parameter: Y1 -> "-43.6309926"
 Parameter: Y2 -> "43.6230242"
 Parameter: YNCEL -> "436"
 Parameter: A -> "4.6"
 Parameter: B -> "4.8"

 A TOTAL OF   495551   VACUUM POINTS WERE FOUND
 A TOTAL OF   454929 OCCUPIED POINTS WERE FOUND
 A TOTAL OF        0 EXTERNAL POINTS WERE FOUND
 A TOTAL OF   495551 SELECTED POINTS WERE FOUND
 TOTAL OCCUPIED  VOLUME =     728.751951
 TOTAL SELECTED  VOLUME =     793.824439
 TOTAL FREE      VOLUME =     793.824439
 FRACTIONAL FREE VOLUME =      52.136920
  
 CHARMM>     
  
 CHARMM>    calc c = ?volume * @factor
 Parameter: FACTOR -> "5"
 RDCMND substituted energy or value "?VOLUME" to "728.751951"
Evaluating: 728.751951*5
 Parameter: C <- "3643.75976"
  
 CHARMM>     
  
 CHARMM>    if a .lt. -10 if a .gt. -20 if c .gt. @botarea set botarea = @c
 Parameter: BOTAREA -> "3928.19358"
 Parameter: C -> "3643.75976"
 Comparing "4.6" and "-10".
 IF test evaluated as false.  Skipping command
  
 CHARMM>    if a .gt.  10 if a .lt.  20 if c .gt. @toparea set toparea = @c
 Parameter: TOPAREA -> "-1"
 Parameter: C -> "3643.75976"
 Comparing "4.6" and "10".
 IF test evaluated as false.  Skipping command
  
 CHARMM>     
  
 CHARMM>    write title unit 51
 RDTITL> * 4.8  3643.75976
 RDTITL> *
  
 CHARMM>     
  
 CHARMM>    incr a by @dcel
 Parameter: DCEL -> "0.2"
 Parameter: A <- "4.8"
  
 CHARMM>    incr b by @dcel
 Parameter: DCEL -> "0.2"
 Parameter: B <- "5"
  
 CHARMM>    if b le ?ZMAX goto DOAREA
 RDCMND substituted energy or value "?ZMAX" to "33.3514749"
 Comparing "5" and "33.3514749".
 IF test evaluated as true.  Performing command
  
 CHARMM>     
  
 CHARMM>    ! Cross sectional protein area with whole atom.
 CHARMM>    scalar wmain = radius
  
 CHARMM>    scalar wmain mult 2.5   sele resname TIP3 end
 SELRPN>      0 atoms have been selected out of  15156
  
 CHARMM>    scalar wmain add  1.529 sele .not. resname TIP3 end
 SELRPN>  15156 atoms have been selected out of  15156
  
 CHARMM>    scalar wmain mult 0.85  sele .not. resname TIP3 end
 SELRPN>  15156 atoms have been selected out of  15156
  
 CHARMM>    calc zab = ( @a + @b ) / 2.0
 Parameter: A -> "4.8"
 Parameter: B -> "5"
Evaluating: (4.8+5)/2.0
 Parameter: ZAB <- "4.9"
  
 CHARMM>     
  
 CHARMM>    coor search -
 CHARMM>         xmin @x1  xmax @x2  xgrip @xncel -
 CHARMM>         ymin @y1  ymax @y2  ygrip @yncel -
 CHARMM>         zmin @a   zmax @b   zgrip 5
 Parameter: X1 -> "-43.6244258"
 Parameter: X2 -> "43.6252187"
 Parameter: XNCEL -> "436"
 Parameter: Y1 -> "-43.6309926"
 Parameter: Y2 -> "43.6230242"
 Parameter: YNCEL -> "436"
 Parameter: A -> "4.8"
 Parameter: B -> "5"

 A TOTAL OF   493269   VACUUM POINTS WERE FOUND
 A TOTAL OF   457211 OCCUPIED POINTS WERE FOUND
 A TOTAL OF        0 EXTERNAL POINTS WERE FOUND
 A TOTAL OF   493269 SELECTED POINTS WERE FOUND
 TOTAL OCCUPIED  VOLUME =     732.407493
 TOTAL SELECTED  VOLUME =     790.168897
 TOTAL FREE      VOLUME =     790.168897
 FRACTIONAL FREE VOLUME =      51.896831
  
 CHARMM>     
  
 CHARMM>    calc c = ?volume * @factor
 Parameter: FACTOR -> "5"
 RDCMND substituted energy or value "?VOLUME" to "732.407493"
Evaluating: 732.407493*5
 Parameter: C <- "3662.03747"
  
 CHARMM>     
  
 CHARMM>    if a .lt. -10 if a .gt. -20 if c .gt. @botarea set botarea = @c
 Parameter: BOTAREA -> "3928.19358"
 Parameter: C -> "3662.03747"
 Comparing "4.8" and "-10".
 IF test evaluated as false.  Skipping command
  
 CHARMM>    if a .gt.  10 if a .lt.  20 if c .gt. @toparea set toparea = @c
 Parameter: TOPAREA -> "-1"
 Parameter: C -> "3662.03747"
 Comparing "4.8" and "10".
 IF test evaluated as false.  Skipping command
  
 CHARMM>     
  
 CHARMM>    write title unit 51
 RDTITL> * 5  3662.03747
 RDTITL> *
  
 CHARMM>     
  
 CHARMM>    incr a by @dcel
 Parameter: DCEL -> "0.2"
 Parameter: A <- "5"
  
 CHARMM>    incr b by @dcel
 Parameter: DCEL -> "0.2"
 Parameter: B <- "5.2"
  
 CHARMM>    if b le ?ZMAX goto DOAREA
 RDCMND substituted energy or value "?ZMAX" to "33.3514749"
 Comparing "5.2" and "33.3514749".
 IF test evaluated as true.  Performing command
  
 CHARMM>     
  
 CHARMM>    ! Cross sectional protein area with whole atom.
 CHARMM>    scalar wmain = radius
  
 CHARMM>    scalar wmain mult 2.5   sele resname TIP3 end
 SELRPN>      0 atoms have been selected out of  15156
  
 CHARMM>    scalar wmain add  1.529 sele .not. resname TIP3 end
 SELRPN>  15156 atoms have been selected out of  15156
  
 CHARMM>    scalar wmain mult 0.85  sele .not. resname TIP3 end
 SELRPN>  15156 atoms have been selected out of  15156
  
 CHARMM>    calc zab = ( @a + @b ) / 2.0
 Parameter: A -> "5"
 Parameter: B -> "5.2"
Evaluating: (5+5.2)/2.0
 Parameter: ZAB <- "5.1"
  
 CHARMM>     
  
 CHARMM>    coor search -
 CHARMM>         xmin @x1  xmax @x2  xgrip @xncel -
 CHARMM>         ymin @y1  ymax @y2  ygrip @yncel -
 CHARMM>         zmin @a   zmax @b   zgrip 5
 Parameter: X1 -> "-43.6244258"
 Parameter: X2 -> "43.6252187"
 Parameter: XNCEL -> "436"
 Parameter: Y1 -> "-43.6309926"
 Parameter: Y2 -> "43.6230242"
 Parameter: YNCEL -> "436"
 Parameter: A -> "5"
 Parameter: B -> "5.2"

 A TOTAL OF   491283   VACUUM POINTS WERE FOUND
 A TOTAL OF   459197 OCCUPIED POINTS WERE FOUND
 A TOTAL OF        0 EXTERNAL POINTS WERE FOUND
 A TOTAL OF   491283 SELECTED POINTS WERE FOUND
 TOTAL OCCUPIED  VOLUME =     735.588871
 TOTAL SELECTED  VOLUME =     786.987518
 TOTAL FREE      VOLUME =     786.987518
 FRACTIONAL FREE VOLUME =      51.687884
  
 CHARMM>     
  
 CHARMM>    calc c = ?volume * @factor
 Parameter: FACTOR -> "5"
 RDCMND substituted energy or value "?VOLUME" to "735.588871"
Evaluating: 735.588871*5
 Parameter: C <- "3677.94436"
  
 CHARMM>     
  
 CHARMM>    if a .lt. -10 if a .gt. -20 if c .gt. @botarea set botarea = @c
 Parameter: BOTAREA -> "3928.19358"
 Parameter: C -> "3677.94436"
 Comparing "5" and "-10".
 IF test evaluated as false.  Skipping command
  
 CHARMM>    if a .gt.  10 if a .lt.  20 if c .gt. @toparea set toparea = @c
 Parameter: TOPAREA -> "-1"
 Parameter: C -> "3677.94436"
 Comparing "5" and "10".
 IF test evaluated as false.  Skipping command
  
 CHARMM>     
  
 CHARMM>    write title unit 51
 RDTITL> * 5.2  3677.94436
 RDTITL> *
  
 CHARMM>     
  
 CHARMM>    incr a by @dcel
 Parameter: DCEL -> "0.2"
 Parameter: A <- "5.2"
  
 CHARMM>    incr b by @dcel
 Parameter: DCEL -> "0.2"
 Parameter: B <- "5.4"
  
 CHARMM>    if b le ?ZMAX goto DOAREA
 RDCMND substituted energy or value "?ZMAX" to "33.3514749"
 Comparing "5.4" and "33.3514749".
 IF test evaluated as true.  Performing command
  
 CHARMM>     
  
 CHARMM>    ! Cross sectional protein area with whole atom.
 CHARMM>    scalar wmain = radius
  
 CHARMM>    scalar wmain mult 2.5   sele resname TIP3 end
 SELRPN>      0 atoms have been selected out of  15156
  
 CHARMM>    scalar wmain add  1.529 sele .not. resname TIP3 end
 SELRPN>  15156 atoms have been selected out of  15156
  
 CHARMM>    scalar wmain mult 0.85  sele .not. resname TIP3 end
 SELRPN>  15156 atoms have been selected out of  15156
  
 CHARMM>    calc zab = ( @a + @b ) / 2.0
 Parameter: A -> "5.2"
 Parameter: B -> "5.4"
Evaluating: (5.2+5.4)/2.0
 Parameter: ZAB <- "5.3"
  
 CHARMM>     
  
 CHARMM>    coor search -
 CHARMM>         xmin @x1  xmax @x2  xgrip @xncel -
 CHARMM>         ymin @y1  ymax @y2  ygrip @yncel -
 CHARMM>         zmin @a   zmax @b   zgrip 5
 Parameter: X1 -> "-43.6244258"
 Parameter: X2 -> "43.6252187"
 Parameter: XNCEL -> "436"
 Parameter: Y1 -> "-43.6309926"
 Parameter: Y2 -> "43.6230242"
 Parameter: YNCEL -> "436"
 Parameter: A -> "5.2"
 Parameter: B -> "5.4"

 A TOTAL OF   489901   VACUUM POINTS WERE FOUND
 A TOTAL OF   460579 OCCUPIED POINTS WERE FOUND
 A TOTAL OF        0 EXTERNAL POINTS WERE FOUND
 A TOTAL OF   489901 SELECTED POINTS WERE FOUND
 TOTAL OCCUPIED  VOLUME =     737.802701
 TOTAL SELECTED  VOLUME =     784.773689
 TOTAL FREE      VOLUME =     784.773689
 FRACTIONAL FREE VOLUME =      51.542484
  
 CHARMM>     
  
 CHARMM>    calc c = ?volume * @factor
 Parameter: FACTOR -> "5"
 RDCMND substituted energy or value "?VOLUME" to "737.802701"
Evaluating: 737.802701*5
 Parameter: C <- "3689.0135"
  
 CHARMM>     
  
 CHARMM>    if a .lt. -10 if a .gt. -20 if c .gt. @botarea set botarea = @c
 Parameter: BOTAREA -> "3928.19358"
 Parameter: C -> "3689.0135"
 Comparing "5.2" and "-10".
 IF test evaluated as false.  Skipping command
  
 CHARMM>    if a .gt.  10 if a .lt.  20 if c .gt. @toparea set toparea = @c
 Parameter: TOPAREA -> "-1"
 Parameter: C -> "3689.0135"
 Comparing "5.2" and "10".
 IF test evaluated as false.  Skipping command
  
 CHARMM>     
  
 CHARMM>    write title unit 51
 RDTITL> * 5.4  3689.0135
 RDTITL> *
  
 CHARMM>     
  
 CHARMM>    incr a by @dcel
 Parameter: DCEL -> "0.2"
 Parameter: A <- "5.4"
  
 CHARMM>    incr b by @dcel
 Parameter: DCEL -> "0.2"
 Parameter: B <- "5.6"
  
 CHARMM>    if b le ?ZMAX goto DOAREA
 RDCMND substituted energy or value "?ZMAX" to "33.3514749"
 Comparing "5.6" and "33.3514749".
 IF test evaluated as true.  Performing command
  
 CHARMM>     
  
 CHARMM>    ! Cross sectional protein area with whole atom.
 CHARMM>    scalar wmain = radius
  
 CHARMM>    scalar wmain mult 2.5   sele resname TIP3 end
 SELRPN>      0 atoms have been selected out of  15156
  
 CHARMM>    scalar wmain add  1.529 sele .not. resname TIP3 end
 SELRPN>  15156 atoms have been selected out of  15156
  
 CHARMM>    scalar wmain mult 0.85  sele .not. resname TIP3 end
 SELRPN>  15156 atoms have been selected out of  15156
  
 CHARMM>    calc zab = ( @a + @b ) / 2.0
 Parameter: A -> "5.4"
 Parameter: B -> "5.6"
Evaluating: (5.4+5.6)/2.0
 Parameter: ZAB <- "5.5"
  
 CHARMM>     
  
 CHARMM>    coor search -
 CHARMM>         xmin @x1  xmax @x2  xgrip @xncel -
 CHARMM>         ymin @y1  ymax @y2  ygrip @yncel -
 CHARMM>         zmin @a   zmax @b   zgrip 5
 Parameter: X1 -> "-43.6244258"
 Parameter: X2 -> "43.6252187"
 Parameter: XNCEL -> "436"
 Parameter: Y1 -> "-43.6309926"
 Parameter: Y2 -> "43.6230242"
 Parameter: YNCEL -> "436"
 Parameter: A -> "5.4"
 Parameter: B -> "5.6"

 A TOTAL OF   488690   VACUUM POINTS WERE FOUND
 A TOTAL OF   461790 OCCUPIED POINTS WERE FOUND
 A TOTAL OF        0 EXTERNAL POINTS WERE FOUND
 A TOTAL OF   488690 SELECTED POINTS WERE FOUND
 TOTAL OCCUPIED  VOLUME =     739.742605
 TOTAL SELECTED  VOLUME =     782.833785
 TOTAL FREE      VOLUME =     782.833785
 FRACTIONAL FREE VOLUME =      51.415074
  
 CHARMM>     
  
 CHARMM>    calc c = ?volume * @factor
 Parameter: FACTOR -> "5"
 RDCMND substituted energy or value "?VOLUME" to "739.742605"
Evaluating: 739.742605*5
 Parameter: C <- "3698.71303"
  
 CHARMM>     
  
 CHARMM>    if a .lt. -10 if a .gt. -20 if c .gt. @botarea set botarea = @c
 Parameter: BOTAREA -> "3928.19358"
 Parameter: C -> "3698.71303"
 Comparing "5.4" and "-10".
 IF test evaluated as false.  Skipping command
  
 CHARMM>    if a .gt.  10 if a .lt.  20 if c .gt. @toparea set toparea = @c
 Parameter: TOPAREA -> "-1"
 Parameter: C -> "3698.71303"
 Comparing "5.4" and "10".
 IF test evaluated as false.  Skipping command
  
 CHARMM>     
  
 CHARMM>    write title unit 51
 RDTITL> * 5.6  3698.71303
 RDTITL> *
  
 CHARMM>     
  
 CHARMM>    incr a by @dcel
 Parameter: DCEL -> "0.2"
 Parameter: A <- "5.6"
  
 CHARMM>    incr b by @dcel
 Parameter: DCEL -> "0.2"
 Parameter: B <- "5.8"
  
 CHARMM>    if b le ?ZMAX goto DOAREA
 RDCMND substituted energy or value "?ZMAX" to "33.3514749"
 Comparing "5.8" and "33.3514749".
 IF test evaluated as true.  Performing command
  
 CHARMM>     
  
 CHARMM>    ! Cross sectional protein area with whole atom.
 CHARMM>    scalar wmain = radius
  
 CHARMM>    scalar wmain mult 2.5   sele resname TIP3 end
 SELRPN>      0 atoms have been selected out of  15156
  
 CHARMM>    scalar wmain add  1.529 sele .not. resname TIP3 end
 SELRPN>  15156 atoms have been selected out of  15156
  
 CHARMM>    scalar wmain mult 0.85  sele .not. resname TIP3 end
 SELRPN>  15156 atoms have been selected out of  15156
  
 CHARMM>    calc zab = ( @a + @b ) / 2.0
 Parameter: A -> "5.6"
 Parameter: B -> "5.8"
Evaluating: (5.6+5.8)/2.0
 Parameter: ZAB <- "5.7"
  
 CHARMM>     
  
 CHARMM>    coor search -
 CHARMM>         xmin @x1  xmax @x2  xgrip @xncel -
 CHARMM>         ymin @y1  ymax @y2  ygrip @yncel -
 CHARMM>         zmin @a   zmax @b   zgrip 5
 Parameter: X1 -> "-43.6244258"
 Parameter: X2 -> "43.6252187"
 Parameter: XNCEL -> "436"
 Parameter: Y1 -> "-43.6309926"
 Parameter: Y2 -> "43.6230242"
 Parameter: YNCEL -> "436"
 Parameter: A -> "5.6"
 Parameter: B -> "5.8"

 A TOTAL OF   487815   VACUUM POINTS WERE FOUND
 A TOTAL OF   462665 OCCUPIED POINTS WERE FOUND
 A TOTAL OF        0 EXTERNAL POINTS WERE FOUND
 A TOTAL OF   487815 SELECTED POINTS WERE FOUND
 TOTAL OCCUPIED  VOLUME =     741.144269
 TOTAL SELECTED  VOLUME =     781.432120
 TOTAL FREE      VOLUME =     781.432120
 FRACTIONAL FREE VOLUME =      51.323016
  
 CHARMM>     
  
 CHARMM>    calc c = ?volume * @factor
 Parameter: FACTOR -> "5"
 RDCMND substituted energy or value "?VOLUME" to "741.144269"
Evaluating: 741.144269*5
 Parameter: C <- "3705.72134"
  
 CHARMM>     
  
 CHARMM>    if a .lt. -10 if a .gt. -20 if c .gt. @botarea set botarea = @c
 Parameter: BOTAREA -> "3928.19358"
 Parameter: C -> "3705.72134"
 Comparing "5.6" and "-10".
 IF test evaluated as false.  Skipping command
  
 CHARMM>    if a .gt.  10 if a .lt.  20 if c .gt. @toparea set toparea = @c
 Parameter: TOPAREA -> "-1"
 Parameter: C -> "3705.72134"
 Comparing "5.6" and "10".
 IF test evaluated as false.  Skipping command
  
 CHARMM>     
  
 CHARMM>    write title unit 51
 RDTITL> * 5.8  3705.72134
 RDTITL> *
  
 CHARMM>     
  
 CHARMM>    incr a by @dcel
 Parameter: DCEL -> "0.2"
 Parameter: A <- "5.8"
  
 CHARMM>    incr b by @dcel
 Parameter: DCEL -> "0.2"
 Parameter: B <- "6"
  
 CHARMM>    if b le ?ZMAX goto DOAREA
 RDCMND substituted energy or value "?ZMAX" to "33.3514749"
 Comparing "6" and "33.3514749".
 IF test evaluated as true.  Performing command
  
 CHARMM>     
  
 CHARMM>    ! Cross sectional protein area with whole atom.
 CHARMM>    scalar wmain = radius
  
 CHARMM>    scalar wmain mult 2.5   sele resname TIP3 end
 SELRPN>      0 atoms have been selected out of  15156
  
 CHARMM>    scalar wmain add  1.529 sele .not. resname TIP3 end
 SELRPN>  15156 atoms have been selected out of  15156
  
 CHARMM>    scalar wmain mult 0.85  sele .not. resname TIP3 end
 SELRPN>  15156 atoms have been selected out of  15156
  
 CHARMM>    calc zab = ( @a + @b ) / 2.0
 Parameter: A -> "5.8"
 Parameter: B -> "6"
Evaluating: (5.8+6)/2.0
 Parameter: ZAB <- "5.9"
  
 CHARMM>     
  
 CHARMM>    coor search -
 CHARMM>         xmin @x1  xmax @x2  xgrip @xncel -
 CHARMM>         ymin @y1  ymax @y2  ygrip @yncel -
 CHARMM>         zmin @a   zmax @b   zgrip 5
 Parameter: X1 -> "-43.6244258"
 Parameter: X2 -> "43.6252187"
 Parameter: XNCEL -> "436"
 Parameter: Y1 -> "-43.6309926"
 Parameter: Y2 -> "43.6230242"
 Parameter: YNCEL -> "436"
 Parameter: A -> "5.8"
 Parameter: B -> "6"

 A TOTAL OF   487028   VACUUM POINTS WERE FOUND
 A TOTAL OF   463452 OCCUPIED POINTS WERE FOUND
 A TOTAL OF        0 EXTERNAL POINTS WERE FOUND
 A TOTAL OF   487028 SELECTED POINTS WERE FOUND
 TOTAL OCCUPIED  VOLUME =     742.404967
 TOTAL SELECTED  VOLUME =     780.171423
 TOTAL FREE      VOLUME =     780.171423
 FRACTIONAL FREE VOLUME =      51.240215
  
 CHARMM>     
  
 CHARMM>    calc c = ?volume * @factor
 Parameter: FACTOR -> "5"
 RDCMND substituted energy or value "?VOLUME" to "742.404967"
Evaluating: 742.404967*5
 Parameter: C <- "3712.02484"
  
 CHARMM>     
  
 CHARMM>    if a .lt. -10 if a .gt. -20 if c .gt. @botarea set botarea = @c
 Parameter: BOTAREA -> "3928.19358"
 Parameter: C -> "3712.02484"
 Comparing "5.8" and "-10".
 IF test evaluated as false.  Skipping command
  
 CHARMM>    if a .gt.  10 if a .lt.  20 if c .gt. @toparea set toparea = @c
 Parameter: TOPAREA -> "-1"
 Parameter: C -> "3712.02484"
 Comparing "5.8" and "10".
 IF test evaluated as false.  Skipping command
  
 CHARMM>     
  
 CHARMM>    write title unit 51
 RDTITL> * 6  3712.02484
 RDTITL> *
  
 CHARMM>     
  
 CHARMM>    incr a by @dcel
 Parameter: DCEL -> "0.2"
 Parameter: A <- "6"
  
 CHARMM>    incr b by @dcel
 Parameter: DCEL -> "0.2"
 Parameter: B <- "6.2"
  
 CHARMM>    if b le ?ZMAX goto DOAREA
 RDCMND substituted energy or value "?ZMAX" to "33.3514749"
 Comparing "6.2" and "33.3514749".
 IF test evaluated as true.  Performing command
  
 CHARMM>     
  
 CHARMM>    ! Cross sectional protein area with whole atom.
 CHARMM>    scalar wmain = radius
  
 CHARMM>    scalar wmain mult 2.5   sele resname TIP3 end
 SELRPN>      0 atoms have been selected out of  15156
  
 CHARMM>    scalar wmain add  1.529 sele .not. resname TIP3 end
 SELRPN>  15156 atoms have been selected out of  15156
  
 CHARMM>    scalar wmain mult 0.85  sele .not. resname TIP3 end
 SELRPN>  15156 atoms have been selected out of  15156
  
 CHARMM>    calc zab = ( @a + @b ) / 2.0
 Parameter: A -> "6"
 Parameter: B -> "6.2"
Evaluating: (6+6.2)/2.0
 Parameter: ZAB <- "6.1"
  
 CHARMM>     
  
 CHARMM>    coor search -
 CHARMM>         xmin @x1  xmax @x2  xgrip @xncel -
 CHARMM>         ymin @y1  ymax @y2  ygrip @yncel -
 CHARMM>         zmin @a   zmax @b   zgrip 5
 Parameter: X1 -> "-43.6244258"
 Parameter: X2 -> "43.6252187"
 Parameter: XNCEL -> "436"
 Parameter: Y1 -> "-43.6309926"
 Parameter: Y2 -> "43.6230242"
 Parameter: YNCEL -> "436"
 Parameter: A -> "6"
 Parameter: B -> "6.2"

 A TOTAL OF   485545   VACUUM POINTS WERE FOUND
 A TOTAL OF   464935 OCCUPIED POINTS WERE FOUND
 A TOTAL OF        0 EXTERNAL POINTS WERE FOUND
 A TOTAL OF   485545 SELECTED POINTS WERE FOUND
 TOTAL OCCUPIED  VOLUME =     744.780588
 TOTAL SELECTED  VOLUME =     777.795801
 TOTAL FREE      VOLUME =     777.795801
 FRACTIONAL FREE VOLUME =      51.084189
  
 CHARMM>     
  
 CHARMM>    calc c = ?volume * @factor
 Parameter: FACTOR -> "5"
 RDCMND substituted energy or value "?VOLUME" to "744.780588"
Evaluating: 744.780588*5
 Parameter: C <- "3723.90294"
  
 CHARMM>     
  
 CHARMM>    if a .lt. -10 if a .gt. -20 if c .gt. @botarea set botarea = @c
 Parameter: BOTAREA -> "3928.19358"
 Parameter: C -> "3723.90294"
 Comparing "6" and "-10".
 IF test evaluated as false.  Skipping command
  
 CHARMM>    if a .gt.  10 if a .lt.  20 if c .gt. @toparea set toparea = @c
 Parameter: TOPAREA -> "-1"
 Parameter: C -> "3723.90294"
 Comparing "6" and "10".
 IF test evaluated as false.  Skipping command
  
 CHARMM>     
  
 CHARMM>    write title unit 51
 RDTITL> * 6.2  3723.90294
 RDTITL> *
  
 CHARMM>     
  
 CHARMM>    incr a by @dcel
 Parameter: DCEL -> "0.2"
 Parameter: A <- "6.2"
  
 CHARMM>    incr b by @dcel
 Parameter: DCEL -> "0.2"
 Parameter: B <- "6.4"
  
 CHARMM>    if b le ?ZMAX goto DOAREA
 RDCMND substituted energy or value "?ZMAX" to "33.3514749"
 Comparing "6.4" and "33.3514749".
 IF test evaluated as true.  Performing command
  
 CHARMM>     
  
 CHARMM>    ! Cross sectional protein area with whole atom.
 CHARMM>    scalar wmain = radius
  
 CHARMM>    scalar wmain mult 2.5   sele resname TIP3 end
 SELRPN>      0 atoms have been selected out of  15156
  
 CHARMM>    scalar wmain add  1.529 sele .not. resname TIP3 end
 SELRPN>  15156 atoms have been selected out of  15156
  
 CHARMM>    scalar wmain mult 0.85  sele .not. resname TIP3 end
 SELRPN>  15156 atoms have been selected out of  15156
  
 CHARMM>    calc zab = ( @a + @b ) / 2.0
 Parameter: A -> "6.2"
 Parameter: B -> "6.4"
Evaluating: (6.2+6.4)/2.0
 Parameter: ZAB <- "6.3"
  
 CHARMM>     
  
 CHARMM>    coor search -
 CHARMM>         xmin @x1  xmax @x2  xgrip @xncel -
 CHARMM>         ymin @y1  ymax @y2  ygrip @yncel -
 CHARMM>         zmin @a   zmax @b   zgrip 5
 Parameter: X1 -> "-43.6244258"
 Parameter: X2 -> "43.6252187"
 Parameter: XNCEL -> "436"
 Parameter: Y1 -> "-43.6309926"
 Parameter: Y2 -> "43.6230242"
 Parameter: YNCEL -> "436"
 Parameter: A -> "6.2"
 Parameter: B -> "6.4"

 A TOTAL OF   483785   VACUUM POINTS WERE FOUND
 A TOTAL OF   466695 OCCUPIED POINTS WERE FOUND
 A TOTAL OF        0 EXTERNAL POINTS WERE FOUND
 A TOTAL OF   483785 SELECTED POINTS WERE FOUND
 TOTAL OCCUPIED  VOLUME =     747.599937
 TOTAL SELECTED  VOLUME =     774.976452
 TOTAL FREE      VOLUME =     774.976452
 FRACTIONAL FREE VOLUME =      50.899019
  
 CHARMM>     
  
 CHARMM>    calc c = ?volume * @factor
 Parameter: FACTOR -> "5"
 RDCMND substituted energy or value "?VOLUME" to "747.599937"
Evaluating: 747.599937*5
 Parameter: C <- "3737.99968"
  
 CHARMM>     
  
 CHARMM>    if a .lt. -10 if a .gt. -20 if c .gt. @botarea set botarea = @c
 Parameter: BOTAREA -> "3928.19358"
 Parameter: C -> "3737.99968"
 Comparing "6.2" and "-10".
 IF test evaluated as false.  Skipping command
  
 CHARMM>    if a .gt.  10 if a .lt.  20 if c .gt. @toparea set toparea = @c
 Parameter: TOPAREA -> "-1"
 Parameter: C -> "3737.99968"
 Comparing "6.2" and "10".
 IF test evaluated as false.  Skipping command
  
 CHARMM>     
  
 CHARMM>    write title unit 51
 RDTITL> * 6.4  3737.99968
 RDTITL> *
  
 CHARMM>     
  
 CHARMM>    incr a by @dcel
 Parameter: DCEL -> "0.2"
 Parameter: A <- "6.4"
  
 CHARMM>    incr b by @dcel
 Parameter: DCEL -> "0.2"
 Parameter: B <- "6.6"
  
 CHARMM>    if b le ?ZMAX goto DOAREA
 RDCMND substituted energy or value "?ZMAX" to "33.3514749"
 Comparing "6.6" and "33.3514749".
 IF test evaluated as true.  Performing command
  
 CHARMM>     
  
 CHARMM>    ! Cross sectional protein area with whole atom.
 CHARMM>    scalar wmain = radius
  
 CHARMM>    scalar wmain mult 2.5   sele resname TIP3 end
 SELRPN>      0 atoms have been selected out of  15156
  
 CHARMM>    scalar wmain add  1.529 sele .not. resname TIP3 end
 SELRPN>  15156 atoms have been selected out of  15156
  
 CHARMM>    scalar wmain mult 0.85  sele .not. resname TIP3 end
 SELRPN>  15156 atoms have been selected out of  15156
  
 CHARMM>    calc zab = ( @a + @b ) / 2.0
 Parameter: A -> "6.4"
 Parameter: B -> "6.6"
Evaluating: (6.4+6.6)/2.0
 Parameter: ZAB <- "6.5"
  
 CHARMM>     
  
 CHARMM>    coor search -
 CHARMM>         xmin @x1  xmax @x2  xgrip @xncel -
 CHARMM>         ymin @y1  ymax @y2  ygrip @yncel -
 CHARMM>         zmin @a   zmax @b   zgrip 5
 Parameter: X1 -> "-43.6244258"
 Parameter: X2 -> "43.6252187"
 Parameter: XNCEL -> "436"
 Parameter: Y1 -> "-43.6309926"
 Parameter: Y2 -> "43.6230242"
 Parameter: YNCEL -> "436"
 Parameter: A -> "6.4"
 Parameter: B -> "6.6"

 A TOTAL OF   481442   VACUUM POINTS WERE FOUND
 A TOTAL OF   469038 OCCUPIED POINTS WERE FOUND
 A TOTAL OF        0 EXTERNAL POINTS WERE FOUND
 A TOTAL OF   481442 SELECTED POINTS WERE FOUND
 TOTAL OCCUPIED  VOLUME =     751.353195
 TOTAL SELECTED  VOLUME =     771.223195
 TOTAL FREE      VOLUME =     771.223195
 FRACTIONAL FREE VOLUME =      50.652512
  
 CHARMM>     
  
 CHARMM>    calc c = ?volume * @factor
 Parameter: FACTOR -> "5"
 RDCMND substituted energy or value "?VOLUME" to "751.353195"
Evaluating: 751.353195*5
 Parameter: C <- "3756.76598"
  
 CHARMM>     
  
 CHARMM>    if a .lt. -10 if a .gt. -20 if c .gt. @botarea set botarea = @c
 Parameter: BOTAREA -> "3928.19358"
 Parameter: C -> "3756.76598"
 Comparing "6.4" and "-10".
 IF test evaluated as false.  Skipping command
  
 CHARMM>    if a .gt.  10 if a .lt.  20 if c .gt. @toparea set toparea = @c
 Parameter: TOPAREA -> "-1"
 Parameter: C -> "3756.76598"
 Comparing "6.4" and "10".
 IF test evaluated as false.  Skipping command
  
 CHARMM>     
  
 CHARMM>    write title unit 51
 RDTITL> * 6.6  3756.76598
 RDTITL> *
  
 CHARMM>     
  
 CHARMM>    incr a by @dcel
 Parameter: DCEL -> "0.2"
 Parameter: A <- "6.6"
  
 CHARMM>    incr b by @dcel
 Parameter: DCEL -> "0.2"
 Parameter: B <- "6.8"
  
 CHARMM>    if b le ?ZMAX goto DOAREA
 RDCMND substituted energy or value "?ZMAX" to "33.3514749"
 Comparing "6.8" and "33.3514749".
 IF test evaluated as true.  Performing command
  
 CHARMM>     
  
 CHARMM>    ! Cross sectional protein area with whole atom.
 CHARMM>    scalar wmain = radius
  
 CHARMM>    scalar wmain mult 2.5   sele resname TIP3 end
 SELRPN>      0 atoms have been selected out of  15156
  
 CHARMM>    scalar wmain add  1.529 sele .not. resname TIP3 end
 SELRPN>  15156 atoms have been selected out of  15156
  
 CHARMM>    scalar wmain mult 0.85  sele .not. resname TIP3 end
 SELRPN>  15156 atoms have been selected out of  15156
  
 CHARMM>    calc zab = ( @a + @b ) / 2.0
 Parameter: A -> "6.6"
 Parameter: B -> "6.8"
Evaluating: (6.6+6.8)/2.0
 Parameter: ZAB <- "6.7"
  
 CHARMM>     
  
 CHARMM>    coor search -
 CHARMM>         xmin @x1  xmax @x2  xgrip @xncel -
 CHARMM>         ymin @y1  ymax @y2  ygrip @yncel -
 CHARMM>         zmin @a   zmax @b   zgrip 5
 Parameter: X1 -> "-43.6244258"
 Parameter: X2 -> "43.6252187"
 Parameter: XNCEL -> "436"
 Parameter: Y1 -> "-43.6309926"
 Parameter: Y2 -> "43.6230242"
 Parameter: YNCEL -> "436"
 Parameter: A -> "6.6"
 Parameter: B -> "6.8"

 A TOTAL OF   479510   VACUUM POINTS WERE FOUND
 A TOTAL OF   470970 OCCUPIED POINTS WERE FOUND
 A TOTAL OF        0 EXTERNAL POINTS WERE FOUND
 A TOTAL OF   479510 SELECTED POINTS WERE FOUND
 TOTAL OCCUPIED  VOLUME =     754.448071
 TOTAL SELECTED  VOLUME =     768.128319
 TOTAL FREE      VOLUME =     768.128319
 FRACTIONAL FREE VOLUME =      50.449247
  
 CHARMM>     
  
 CHARMM>    calc c = ?volume * @factor
 Parameter: FACTOR -> "5"
 RDCMND substituted energy or value "?VOLUME" to "754.448071"
Evaluating: 754.448071*5
 Parameter: C <- "3772.24035"
  
 CHARMM>     
  
 CHARMM>    if a .lt. -10 if a .gt. -20 if c .gt. @botarea set botarea = @c
 Parameter: BOTAREA -> "3928.19358"
 Parameter: C -> "3772.24035"
 Comparing "6.6" and "-10".
 IF test evaluated as false.  Skipping command
  
 CHARMM>    if a .gt.  10 if a .lt.  20 if c .gt. @toparea set toparea = @c
 Parameter: TOPAREA -> "-1"
 Parameter: C -> "3772.24035"
 Comparing "6.6" and "10".
 IF test evaluated as false.  Skipping command
  
 CHARMM>     
  
 CHARMM>    write title unit 51
 RDTITL> * 6.8  3772.24035
 RDTITL> *
  
 CHARMM>     
  
 CHARMM>    incr a by @dcel
 Parameter: DCEL -> "0.2"
 Parameter: A <- "6.8"
  
 CHARMM>    incr b by @dcel
 Parameter: DCEL -> "0.2"
 Parameter: B <- "7"
  
 CHARMM>    if b le ?ZMAX goto DOAREA
 RDCMND substituted energy or value "?ZMAX" to "33.3514749"
 Comparing "7" and "33.3514749".
 IF test evaluated as true.  Performing command
  
 CHARMM>     
  
 CHARMM>    ! Cross sectional protein area with whole atom.
 CHARMM>    scalar wmain = radius
  
 CHARMM>    scalar wmain mult 2.5   sele resname TIP3 end
 SELRPN>      0 atoms have been selected out of  15156
  
 CHARMM>    scalar wmain add  1.529 sele .not. resname TIP3 end
 SELRPN>  15156 atoms have been selected out of  15156
  
 CHARMM>    scalar wmain mult 0.85  sele .not. resname TIP3 end
 SELRPN>  15156 atoms have been selected out of  15156
  
 CHARMM>    calc zab = ( @a + @b ) / 2.0
 Parameter: A -> "6.8"
 Parameter: B -> "7"
Evaluating: (6.8+7)/2.0
 Parameter: ZAB <- "6.9"
  
 CHARMM>     
  
 CHARMM>    coor search -
 CHARMM>         xmin @x1  xmax @x2  xgrip @xncel -
 CHARMM>         ymin @y1  ymax @y2  ygrip @yncel -
 CHARMM>         zmin @a   zmax @b   zgrip 5
 Parameter: X1 -> "-43.6244258"
 Parameter: X2 -> "43.6252187"
 Parameter: XNCEL -> "436"
 Parameter: Y1 -> "-43.6309926"
 Parameter: Y2 -> "43.6230242"
 Parameter: YNCEL -> "436"
 Parameter: A -> "6.8"
 Parameter: B -> "7"

 A TOTAL OF   478169   VACUUM POINTS WERE FOUND
 A TOTAL OF   472311 OCCUPIED POINTS WERE FOUND
 A TOTAL OF        0 EXTERNAL POINTS WERE FOUND
 A TOTAL OF   478169 SELECTED POINTS WERE FOUND
 TOTAL OCCUPIED  VOLUME =     756.596222
 TOTAL SELECTED  VOLUME =     765.980167
 TOTAL FREE      VOLUME =     765.980167
 FRACTIONAL FREE VOLUME =      50.308160
  
 CHARMM>     
  
 CHARMM>    calc c = ?volume * @factor
 Parameter: FACTOR -> "5"
 RDCMND substituted energy or value "?VOLUME" to "756.596222"
Evaluating: 756.596222*5
 Parameter: C <- "3782.98111"
  
 CHARMM>     
  
 CHARMM>    if a .lt. -10 if a .gt. -20 if c .gt. @botarea set botarea = @c
 Parameter: BOTAREA -> "3928.19358"
 Parameter: C -> "3782.98111"
 Comparing "6.8" and "-10".
 IF test evaluated as false.  Skipping command
  
 CHARMM>    if a .gt.  10 if a .lt.  20 if c .gt. @toparea set toparea = @c
 Parameter: TOPAREA -> "-1"
 Parameter: C -> "3782.98111"
 Comparing "6.8" and "10".
 IF test evaluated as false.  Skipping command
  
 CHARMM>     
  
 CHARMM>    write title unit 51
 RDTITL> * 7  3782.98111
 RDTITL> *
  
 CHARMM>     
  
 CHARMM>    incr a by @dcel
 Parameter: DCEL -> "0.2"
 Parameter: A <- "7"
  
 CHARMM>    incr b by @dcel
 Parameter: DCEL -> "0.2"
 Parameter: B <- "7.2"
  
 CHARMM>    if b le ?ZMAX goto DOAREA
 RDCMND substituted energy or value "?ZMAX" to "33.3514749"
 Comparing "7.2" and "33.3514749".
 IF test evaluated as true.  Performing command
  
 CHARMM>     
  
 CHARMM>    ! Cross sectional protein area with whole atom.
 CHARMM>    scalar wmain = radius
  
 CHARMM>    scalar wmain mult 2.5   sele resname TIP3 end
 SELRPN>      0 atoms have been selected out of  15156
  
 CHARMM>    scalar wmain add  1.529 sele .not. resname TIP3 end
 SELRPN>  15156 atoms have been selected out of  15156
  
 CHARMM>    scalar wmain mult 0.85  sele .not. resname TIP3 end
 SELRPN>  15156 atoms have been selected out of  15156
  
 CHARMM>    calc zab = ( @a + @b ) / 2.0
 Parameter: A -> "7"
 Parameter: B -> "7.2"
Evaluating: (7+7.2)/2.0
 Parameter: ZAB <- "7.1"
  
 CHARMM>     
  
 CHARMM>    coor search -
 CHARMM>         xmin @x1  xmax @x2  xgrip @xncel -
 CHARMM>         ymin @y1  ymax @y2  ygrip @yncel -
 CHARMM>         zmin @a   zmax @b   zgrip 5
 Parameter: X1 -> "-43.6244258"
 Parameter: X2 -> "43.6252187"
 Parameter: XNCEL -> "436"
 Parameter: Y1 -> "-43.6309926"
 Parameter: Y2 -> "43.6230242"
 Parameter: YNCEL -> "436"
 Parameter: A -> "7"
 Parameter: B -> "7.2"

 A TOTAL OF   476823   VACUUM POINTS WERE FOUND
 A TOTAL OF   473657 OCCUPIED POINTS WERE FOUND
 A TOTAL OF        0 EXTERNAL POINTS WERE FOUND
 A TOTAL OF   476823 SELECTED POINTS WERE FOUND
 TOTAL OCCUPIED  VOLUME =     758.752383
 TOTAL SELECTED  VOLUME =     763.824007
 TOTAL FREE      VOLUME =     763.824007
 FRACTIONAL FREE VOLUME =      50.166547
  
 CHARMM>     
  
 CHARMM>    calc c = ?volume * @factor
 Parameter: FACTOR -> "5"
 RDCMND substituted energy or value "?VOLUME" to "758.752383"
Evaluating: 758.752383*5
 Parameter: C <- "3793.76192"
  
 CHARMM>     
  
 CHARMM>    if a .lt. -10 if a .gt. -20 if c .gt. @botarea set botarea = @c
 Parameter: BOTAREA -> "3928.19358"
 Parameter: C -> "3793.76192"
 Comparing "7" and "-10".
 IF test evaluated as false.  Skipping command
  
 CHARMM>    if a .gt.  10 if a .lt.  20 if c .gt. @toparea set toparea = @c
 Parameter: TOPAREA -> "-1"
 Parameter: C -> "3793.76192"
 Comparing "7" and "10".
 IF test evaluated as false.  Skipping command
  
 CHARMM>     
  
 CHARMM>    write title unit 51
 RDTITL> * 7.2  3793.76192
 RDTITL> *
  
 CHARMM>     
  
 CHARMM>    incr a by @dcel
 Parameter: DCEL -> "0.2"
 Parameter: A <- "7.2"
  
 CHARMM>    incr b by @dcel
 Parameter: DCEL -> "0.2"
 Parameter: B <- "7.4"
  
 CHARMM>    if b le ?ZMAX goto DOAREA
 RDCMND substituted energy or value "?ZMAX" to "33.3514749"
 Comparing "7.4" and "33.3514749".
 IF test evaluated as true.  Performing command
  
 CHARMM>     
  
 CHARMM>    ! Cross sectional protein area with whole atom.
 CHARMM>    scalar wmain = radius
  
 CHARMM>    scalar wmain mult 2.5   sele resname TIP3 end
 SELRPN>      0 atoms have been selected out of  15156
  
 CHARMM>    scalar wmain add  1.529 sele .not. resname TIP3 end
 SELRPN>  15156 atoms have been selected out of  15156
  
 CHARMM>    scalar wmain mult 0.85  sele .not. resname TIP3 end
 SELRPN>  15156 atoms have been selected out of  15156
  
 CHARMM>    calc zab = ( @a + @b ) / 2.0
 Parameter: A -> "7.2"
 Parameter: B -> "7.4"
Evaluating: (7.2+7.4)/2.0
 Parameter: ZAB <- "7.3"
  
 CHARMM>     
  
 CHARMM>    coor search -
 CHARMM>         xmin @x1  xmax @x2  xgrip @xncel -
 CHARMM>         ymin @y1  ymax @y2  ygrip @yncel -
 CHARMM>         zmin @a   zmax @b   zgrip 5
 Parameter: X1 -> "-43.6244258"
 Parameter: X2 -> "43.6252187"
 Parameter: XNCEL -> "436"
 Parameter: Y1 -> "-43.6309926"
 Parameter: Y2 -> "43.6230242"
 Parameter: YNCEL -> "436"
 Parameter: A -> "7.2"
 Parameter: B -> "7.4"

 A TOTAL OF   475325   VACUUM POINTS WERE FOUND
 A TOTAL OF   475155 OCCUPIED POINTS WERE FOUND
 A TOTAL OF        0 EXTERNAL POINTS WERE FOUND
 A TOTAL OF   475325 SELECTED POINTS WERE FOUND
 TOTAL OCCUPIED  VOLUME =     761.152033
 TOTAL SELECTED  VOLUME =     761.424356
 TOTAL FREE      VOLUME =     761.424356
 FRACTIONAL FREE VOLUME =      50.008943
  
 CHARMM>     
  
 CHARMM>    calc c = ?volume * @factor
 Parameter: FACTOR -> "5"
 RDCMND substituted energy or value "?VOLUME" to "761.152033"
Evaluating: 761.152033*5
 Parameter: C <- "3805.76016"
  
 CHARMM>     
  
 CHARMM>    if a .lt. -10 if a .gt. -20 if c .gt. @botarea set botarea = @c
 Parameter: BOTAREA -> "3928.19358"
 Parameter: C -> "3805.76016"
 Comparing "7.2" and "-10".
 IF test evaluated as false.  Skipping command
  
 CHARMM>    if a .gt.  10 if a .lt.  20 if c .gt. @toparea set toparea = @c
 Parameter: TOPAREA -> "-1"
 Parameter: C -> "3805.76016"
 Comparing "7.2" and "10".
 IF test evaluated as false.  Skipping command
  
 CHARMM>     
  
 CHARMM>    write title unit 51
 RDTITL> * 7.4  3805.76016
 RDTITL> *
  
 CHARMM>     
  
 CHARMM>    incr a by @dcel
 Parameter: DCEL -> "0.2"
 Parameter: A <- "7.4"
  
 CHARMM>    incr b by @dcel
 Parameter: DCEL -> "0.2"
 Parameter: B <- "7.6"
  
 CHARMM>    if b le ?ZMAX goto DOAREA
 RDCMND substituted energy or value "?ZMAX" to "33.3514749"
 Comparing "7.6" and "33.3514749".
 IF test evaluated as true.  Performing command
  
 CHARMM>     
  
 CHARMM>    ! Cross sectional protein area with whole atom.
 CHARMM>    scalar wmain = radius
  
 CHARMM>    scalar wmain mult 2.5   sele resname TIP3 end
 SELRPN>      0 atoms have been selected out of  15156
  
 CHARMM>    scalar wmain add  1.529 sele .not. resname TIP3 end
 SELRPN>  15156 atoms have been selected out of  15156
  
 CHARMM>    scalar wmain mult 0.85  sele .not. resname TIP3 end
 SELRPN>  15156 atoms have been selected out of  15156
  
 CHARMM>    calc zab = ( @a + @b ) / 2.0
 Parameter: A -> "7.4"
 Parameter: B -> "7.6"
Evaluating: (7.4+7.6)/2.0
 Parameter: ZAB <- "7.5"
  
 CHARMM>     
  
 CHARMM>    coor search -
 CHARMM>         xmin @x1  xmax @x2  xgrip @xncel -
 CHARMM>         ymin @y1  ymax @y2  ygrip @yncel -
 CHARMM>         zmin @a   zmax @b   zgrip 5
 Parameter: X1 -> "-43.6244258"
 Parameter: X2 -> "43.6252187"
 Parameter: XNCEL -> "436"
 Parameter: Y1 -> "-43.6309926"
 Parameter: Y2 -> "43.6230242"
 Parameter: YNCEL -> "436"
 Parameter: A -> "7.4"
 Parameter: B -> "7.6"

 A TOTAL OF   472291   VACUUM POINTS WERE FOUND
 A TOTAL OF   478189 OCCUPIED POINTS WERE FOUND
 A TOTAL OF        0 EXTERNAL POINTS WERE FOUND
 A TOTAL OF   472291 SELECTED POINTS WERE FOUND
 TOTAL OCCUPIED  VOLUME =     766.012205
 TOTAL SELECTED  VOLUME =     756.564184
 TOTAL FREE      VOLUME =     756.564184
 FRACTIONAL FREE VOLUME =      49.689736
  
 CHARMM>     
  
 CHARMM>    calc c = ?volume * @factor
 Parameter: FACTOR -> "5"
 RDCMND substituted energy or value "?VOLUME" to "766.012205"
Evaluating: 766.012205*5
 Parameter: C <- "3830.06102"
  
 CHARMM>     
  
 CHARMM>    if a .lt. -10 if a .gt. -20 if c .gt. @botarea set botarea = @c
 Parameter: BOTAREA -> "3928.19358"
 Parameter: C -> "3830.06102"
 Comparing "7.4" and "-10".
 IF test evaluated as false.  Skipping command
  
 CHARMM>    if a .gt.  10 if a .lt.  20 if c .gt. @toparea set toparea = @c
 Parameter: TOPAREA -> "-1"
 Parameter: C -> "3830.06102"
 Comparing "7.4" and "10".
 IF test evaluated as false.  Skipping command
  
 CHARMM>     
  
 CHARMM>    write title unit 51
 RDTITL> * 7.6  3830.06102
 RDTITL> *
  
 CHARMM>     
  
 CHARMM>    incr a by @dcel
 Parameter: DCEL -> "0.2"
 Parameter: A <- "7.6"
  
 CHARMM>    incr b by @dcel
 Parameter: DCEL -> "0.2"
 Parameter: B <- "7.8"
  
 CHARMM>    if b le ?ZMAX goto DOAREA
 RDCMND substituted energy or value "?ZMAX" to "33.3514749"
 Comparing "7.8" and "33.3514749".
 IF test evaluated as true.  Performing command
  
 CHARMM>     
  
 CHARMM>    ! Cross sectional protein area with whole atom.
 CHARMM>    scalar wmain = radius
  
 CHARMM>    scalar wmain mult 2.5   sele resname TIP3 end
 SELRPN>      0 atoms have been selected out of  15156
  
 CHARMM>    scalar wmain add  1.529 sele .not. resname TIP3 end
 SELRPN>  15156 atoms have been selected out of  15156
  
 CHARMM>    scalar wmain mult 0.85  sele .not. resname TIP3 end
 SELRPN>  15156 atoms have been selected out of  15156
  
 CHARMM>    calc zab = ( @a + @b ) / 2.0
 Parameter: A -> "7.6"
 Parameter: B -> "7.8"
Evaluating: (7.6+7.8)/2.0
 Parameter: ZAB <- "7.7"
  
 CHARMM>     
  
 CHARMM>    coor search -
 CHARMM>         xmin @x1  xmax @x2  xgrip @xncel -
 CHARMM>         ymin @y1  ymax @y2  ygrip @yncel -
 CHARMM>         zmin @a   zmax @b   zgrip 5
 Parameter: X1 -> "-43.6244258"
 Parameter: X2 -> "43.6252187"
 Parameter: XNCEL -> "436"
 Parameter: Y1 -> "-43.6309926"
 Parameter: Y2 -> "43.6230242"
 Parameter: YNCEL -> "436"
 Parameter: A -> "7.6"
 Parameter: B -> "7.8"

 A TOTAL OF   469902   VACUUM POINTS WERE FOUND
 A TOTAL OF   480578 OCCUPIED POINTS WERE FOUND
 A TOTAL OF        0 EXTERNAL POINTS WERE FOUND
 A TOTAL OF   469902 SELECTED POINTS WERE FOUND
 TOTAL OCCUPIED  VOLUME =     769.839151
 TOTAL SELECTED  VOLUME =     752.737239
 TOTAL FREE      VOLUME =     752.737239
 FRACTIONAL FREE VOLUME =      49.438389
  
 CHARMM>     
  
 CHARMM>    calc c = ?volume * @factor
 Parameter: FACTOR -> "5"
 RDCMND substituted energy or value "?VOLUME" to "769.839151"
Evaluating: 769.839151*5
 Parameter: C <- "3849.19576"
  
 CHARMM>     
  
 CHARMM>    if a .lt. -10 if a .gt. -20 if c .gt. @botarea set botarea = @c
 Parameter: BOTAREA -> "3928.19358"
 Parameter: C -> "3849.19576"
 Comparing "7.6" and "-10".
 IF test evaluated as false.  Skipping command
  
 CHARMM>    if a .gt.  10 if a .lt.  20 if c .gt. @toparea set toparea = @c
 Parameter: TOPAREA -> "-1"
 Parameter: C -> "3849.19576"
 Comparing "7.6" and "10".
 IF test evaluated as false.  Skipping command
  
 CHARMM>     
  
 CHARMM>    write title unit 51
 RDTITL> * 7.8  3849.19576
 RDTITL> *
  
 CHARMM>     
  
 CHARMM>    incr a by @dcel
 Parameter: DCEL -> "0.2"
 Parameter: A <- "7.8"
  
 CHARMM>    incr b by @dcel
 Parameter: DCEL -> "0.2"
 Parameter: B <- "8"
  
 CHARMM>    if b le ?ZMAX goto DOAREA
 RDCMND substituted energy or value "?ZMAX" to "33.3514749"
 Comparing "8" and "33.3514749".
 IF test evaluated as true.  Performing command
  
 CHARMM>     
  
 CHARMM>    ! Cross sectional protein area with whole atom.
 CHARMM>    scalar wmain = radius
  
 CHARMM>    scalar wmain mult 2.5   sele resname TIP3 end
 SELRPN>      0 atoms have been selected out of  15156
  
 CHARMM>    scalar wmain add  1.529 sele .not. resname TIP3 end
 SELRPN>  15156 atoms have been selected out of  15156
  
 CHARMM>    scalar wmain mult 0.85  sele .not. resname TIP3 end
 SELRPN>  15156 atoms have been selected out of  15156
  
 CHARMM>    calc zab = ( @a + @b ) / 2.0
 Parameter: A -> "7.8"
 Parameter: B -> "8"
Evaluating: (7.8+8)/2.0
 Parameter: ZAB <- "7.9"
  
 CHARMM>     
  
 CHARMM>    coor search -
 CHARMM>         xmin @x1  xmax @x2  xgrip @xncel -
 CHARMM>         ymin @y1  ymax @y2  ygrip @yncel -
 CHARMM>         zmin @a   zmax @b   zgrip 5
 Parameter: X1 -> "-43.6244258"
 Parameter: X2 -> "43.6252187"
 Parameter: XNCEL -> "436"
 Parameter: Y1 -> "-43.6309926"
 Parameter: Y2 -> "43.6230242"
 Parameter: YNCEL -> "436"
 Parameter: A -> "7.8"
 Parameter: B -> "8"

 A TOTAL OF   468163   VACUUM POINTS WERE FOUND
 A TOTAL OF   482317 OCCUPIED POINTS WERE FOUND
 A TOTAL OF        0 EXTERNAL POINTS WERE FOUND
 A TOTAL OF   468163 SELECTED POINTS WERE FOUND
 TOTAL OCCUPIED  VOLUME =     772.624859
 TOTAL SELECTED  VOLUME =     749.951530
 TOTAL FREE      VOLUME =     749.951530
 FRACTIONAL FREE VOLUME =      49.255429
  
 CHARMM>     
  
 CHARMM>    calc c = ?volume * @factor
 Parameter: FACTOR -> "5"
 RDCMND substituted energy or value "?VOLUME" to "772.624859"
Evaluating: 772.624859*5
 Parameter: C <- "3863.1243"
  
 CHARMM>     
  
 CHARMM>    if a .lt. -10 if a .gt. -20 if c .gt. @botarea set botarea = @c
 Parameter: BOTAREA -> "3928.19358"
 Parameter: C -> "3863.1243"
 Comparing "7.8" and "-10".
 IF test evaluated as false.  Skipping command
  
 CHARMM>    if a .gt.  10 if a .lt.  20 if c .gt. @toparea set toparea = @c
 Parameter: TOPAREA -> "-1"
 Parameter: C -> "3863.1243"
 Comparing "7.8" and "10".
 IF test evaluated as false.  Skipping command
  
 CHARMM>     
  
 CHARMM>    write title unit 51
 RDTITL> * 8  3863.1243
 RDTITL> *
  
 CHARMM>     
  
 CHARMM>    incr a by @dcel
 Parameter: DCEL -> "0.2"
 Parameter: A <- "8"
  
 CHARMM>    incr b by @dcel
 Parameter: DCEL -> "0.2"
 Parameter: B <- "8.2"
  
 CHARMM>    if b le ?ZMAX goto DOAREA
 RDCMND substituted energy or value "?ZMAX" to "33.3514749"
 Comparing "8.2" and "33.3514749".
 IF test evaluated as true.  Performing command
  
 CHARMM>     
  
 CHARMM>    ! Cross sectional protein area with whole atom.
 CHARMM>    scalar wmain = radius
  
 CHARMM>    scalar wmain mult 2.5   sele resname TIP3 end
 SELRPN>      0 atoms have been selected out of  15156
  
 CHARMM>    scalar wmain add  1.529 sele .not. resname TIP3 end
 SELRPN>  15156 atoms have been selected out of  15156
  
 CHARMM>    scalar wmain mult 0.85  sele .not. resname TIP3 end
 SELRPN>  15156 atoms have been selected out of  15156
  
 CHARMM>    calc zab = ( @a + @b ) / 2.0
 Parameter: A -> "8"
 Parameter: B -> "8.2"
Evaluating: (8+8.2)/2.0
 Parameter: ZAB <- "8.1"
  
 CHARMM>     
  
 CHARMM>    coor search -
 CHARMM>         xmin @x1  xmax @x2  xgrip @xncel -
 CHARMM>         ymin @y1  ymax @y2  ygrip @yncel -
 CHARMM>         zmin @a   zmax @b   zgrip 5
 Parameter: X1 -> "-43.6244258"
 Parameter: X2 -> "43.6252187"
 Parameter: XNCEL -> "436"
 Parameter: Y1 -> "-43.6309926"
 Parameter: Y2 -> "43.6230242"
 Parameter: YNCEL -> "436"
 Parameter: A -> "8"
 Parameter: B -> "8.2"

 A TOTAL OF   466507   VACUUM POINTS WERE FOUND
 A TOTAL OF   483973 OCCUPIED POINTS WERE FOUND
 A TOTAL OF        0 EXTERNAL POINTS WERE FOUND
 A TOTAL OF   466507 SELECTED POINTS WERE FOUND
 TOTAL OCCUPIED  VOLUME =     775.277610
 TOTAL SELECTED  VOLUME =     747.298779
 TOTAL FREE      VOLUME =     747.298779
 FRACTIONAL FREE VOLUME =      49.081201
  
 CHARMM>     
  
 CHARMM>    calc c = ?volume * @factor
 Parameter: FACTOR -> "5"
 RDCMND substituted energy or value "?VOLUME" to "775.27761"
Evaluating: 775.27761*5
 Parameter: C <- "3876.38805"
  
 CHARMM>     
  
 CHARMM>    if a .lt. -10 if a .gt. -20 if c .gt. @botarea set botarea = @c
 Parameter: BOTAREA -> "3928.19358"
 Parameter: C -> "3876.38805"
 Comparing "8" and "-10".
 IF test evaluated as false.  Skipping command
  
 CHARMM>    if a .gt.  10 if a .lt.  20 if c .gt. @toparea set toparea = @c
 Parameter: TOPAREA -> "-1"
 Parameter: C -> "3876.38805"
 Comparing "8" and "10".
 IF test evaluated as false.  Skipping command
  
 CHARMM>     
  
 CHARMM>    write title unit 51
 RDTITL> * 8.2  3876.38805
 RDTITL> *
  
 CHARMM>     
  
 CHARMM>    incr a by @dcel
 Parameter: DCEL -> "0.2"
 Parameter: A <- "8.2"
  
 CHARMM>    incr b by @dcel
 Parameter: DCEL -> "0.2"
 Parameter: B <- "8.4"
  
 CHARMM>    if b le ?ZMAX goto DOAREA
 RDCMND substituted energy or value "?ZMAX" to "33.3514749"
 Comparing "8.4" and "33.3514749".
 IF test evaluated as true.  Performing command
  
 CHARMM>     
  
 CHARMM>    ! Cross sectional protein area with whole atom.
 CHARMM>    scalar wmain = radius
  
 CHARMM>    scalar wmain mult 2.5   sele resname TIP3 end
 SELRPN>      0 atoms have been selected out of  15156
  
 CHARMM>    scalar wmain add  1.529 sele .not. resname TIP3 end
 SELRPN>  15156 atoms have been selected out of  15156
  
 CHARMM>    scalar wmain mult 0.85  sele .not. resname TIP3 end
 SELRPN>  15156 atoms have been selected out of  15156
  
 CHARMM>    calc zab = ( @a + @b ) / 2.0
 Parameter: A -> "8.2"
 Parameter: B -> "8.4"
Evaluating: (8.2+8.4)/2.0
 Parameter: ZAB <- "8.3"
  
 CHARMM>     
  
 CHARMM>    coor search -
 CHARMM>         xmin @x1  xmax @x2  xgrip @xncel -
 CHARMM>         ymin @y1  ymax @y2  ygrip @yncel -
 CHARMM>         zmin @a   zmax @b   zgrip 5
 Parameter: X1 -> "-43.6244258"
 Parameter: X2 -> "43.6252187"
 Parameter: XNCEL -> "436"
 Parameter: Y1 -> "-43.6309926"
 Parameter: Y2 -> "43.6230242"
 Parameter: YNCEL -> "436"
 Parameter: A -> "8.2"
 Parameter: B -> "8.4"

 A TOTAL OF   465271   VACUUM POINTS WERE FOUND
 A TOTAL OF   485209 OCCUPIED POINTS WERE FOUND
 A TOTAL OF        0 EXTERNAL POINTS WERE FOUND
 A TOTAL OF   465271 SELECTED POINTS WERE FOUND
 TOTAL OCCUPIED  VOLUME =     777.257562
 TOTAL SELECTED  VOLUME =     745.318828
 TOTAL FREE      VOLUME =     745.318828
 FRACTIONAL FREE VOLUME =      48.951162
  
 CHARMM>     
  
 CHARMM>    calc c = ?volume * @factor
 Parameter: FACTOR -> "5"
 RDCMND substituted energy or value "?VOLUME" to "777.257562"
Evaluating: 777.257562*5
 Parameter: C <- "3886.28781"
  
 CHARMM>     
  
 CHARMM>    if a .lt. -10 if a .gt. -20 if c .gt. @botarea set botarea = @c
 Parameter: BOTAREA -> "3928.19358"
 Parameter: C -> "3886.28781"
 Comparing "8.2" and "-10".
 IF test evaluated as false.  Skipping command
  
 CHARMM>    if a .gt.  10 if a .lt.  20 if c .gt. @toparea set toparea = @c
 Parameter: TOPAREA -> "-1"
 Parameter: C -> "3886.28781"
 Comparing "8.2" and "10".
 IF test evaluated as false.  Skipping command
  
 CHARMM>     
  
 CHARMM>    write title unit 51
 RDTITL> * 8.4  3886.28781
 RDTITL> *
  
 CHARMM>     
  
 CHARMM>    incr a by @dcel
 Parameter: DCEL -> "0.2"
 Parameter: A <- "8.4"
  
 CHARMM>    incr b by @dcel
 Parameter: DCEL -> "0.2"
 Parameter: B <- "8.6"
  
 CHARMM>    if b le ?ZMAX goto DOAREA
 RDCMND substituted energy or value "?ZMAX" to "33.3514749"
 Comparing "8.6" and "33.3514749".
 IF test evaluated as true.  Performing command
  
 CHARMM>     
  
 CHARMM>    ! Cross sectional protein area with whole atom.
 CHARMM>    scalar wmain = radius
  
 CHARMM>    scalar wmain mult 2.5   sele resname TIP3 end
 SELRPN>      0 atoms have been selected out of  15156
  
 CHARMM>    scalar wmain add  1.529 sele .not. resname TIP3 end
 SELRPN>  15156 atoms have been selected out of  15156
  
 CHARMM>    scalar wmain mult 0.85  sele .not. resname TIP3 end
 SELRPN>  15156 atoms have been selected out of  15156
  
 CHARMM>    calc zab = ( @a + @b ) / 2.0
 Parameter: A -> "8.4"
 Parameter: B -> "8.6"
Evaluating: (8.4+8.6)/2.0
 Parameter: ZAB <- "8.5"
  
 CHARMM>     
  
 CHARMM>    coor search -
 CHARMM>         xmin @x1  xmax @x2  xgrip @xncel -
 CHARMM>         ymin @y1  ymax @y2  ygrip @yncel -
 CHARMM>         zmin @a   zmax @b   zgrip 5
 Parameter: X1 -> "-43.6244258"
 Parameter: X2 -> "43.6252187"
 Parameter: XNCEL -> "436"
 Parameter: Y1 -> "-43.6309926"
 Parameter: Y2 -> "43.6230242"
 Parameter: YNCEL -> "436"
 Parameter: A -> "8.4"
 Parameter: B -> "8.6"

 A TOTAL OF   464299   VACUUM POINTS WERE FOUND
 A TOTAL OF   486181 OCCUPIED POINTS WERE FOUND
 A TOTAL OF        0 EXTERNAL POINTS WERE FOUND
 A TOTAL OF   464299 SELECTED POINTS WERE FOUND
 TOTAL OCCUPIED  VOLUME =     778.814611
 TOTAL SELECTED  VOLUME =     743.761778
 TOTAL FREE      VOLUME =     743.761778
 FRACTIONAL FREE VOLUME =      48.848897
  
 CHARMM>     
  
 CHARMM>    calc c = ?volume * @factor
 Parameter: FACTOR -> "5"
 RDCMND substituted energy or value "?VOLUME" to "778.814611"
Evaluating: 778.814611*5
 Parameter: C <- "3894.07305"
  
 CHARMM>     
  
 CHARMM>    if a .lt. -10 if a .gt. -20 if c .gt. @botarea set botarea = @c
 Parameter: BOTAREA -> "3928.19358"
 Parameter: C -> "3894.07305"
 Comparing "8.4" and "-10".
 IF test evaluated as false.  Skipping command
  
 CHARMM>    if a .gt.  10 if a .lt.  20 if c .gt. @toparea set toparea = @c
 Parameter: TOPAREA -> "-1"
 Parameter: C -> "3894.07305"
 Comparing "8.4" and "10".
 IF test evaluated as false.  Skipping command
  
 CHARMM>     
  
 CHARMM>    write title unit 51
 RDTITL> * 8.6  3894.07305
 RDTITL> *
  
 CHARMM>     
  
 CHARMM>    incr a by @dcel
 Parameter: DCEL -> "0.2"
 Parameter: A <- "8.6"
  
 CHARMM>    incr b by @dcel
 Parameter: DCEL -> "0.2"
 Parameter: B <- "8.8"
  
 CHARMM>    if b le ?ZMAX goto DOAREA
 RDCMND substituted energy or value "?ZMAX" to "33.3514749"
 Comparing "8.8" and "33.3514749".
 IF test evaluated as true.  Performing command
  
 CHARMM>     
  
 CHARMM>    ! Cross sectional protein area with whole atom.
 CHARMM>    scalar wmain = radius
  
 CHARMM>    scalar wmain mult 2.5   sele resname TIP3 end
 SELRPN>      0 atoms have been selected out of  15156
  
 CHARMM>    scalar wmain add  1.529 sele .not. resname TIP3 end
 SELRPN>  15156 atoms have been selected out of  15156
  
 CHARMM>    scalar wmain mult 0.85  sele .not. resname TIP3 end
 SELRPN>  15156 atoms have been selected out of  15156
  
 CHARMM>    calc zab = ( @a + @b ) / 2.0
 Parameter: A -> "8.6"
 Parameter: B -> "8.8"
Evaluating: (8.6+8.8)/2.0
 Parameter: ZAB <- "8.7"
  
 CHARMM>     
  
 CHARMM>    coor search -
 CHARMM>         xmin @x1  xmax @x2  xgrip @xncel -
 CHARMM>         ymin @y1  ymax @y2  ygrip @yncel -
 CHARMM>         zmin @a   zmax @b   zgrip 5
 Parameter: X1 -> "-43.6244258"
 Parameter: X2 -> "43.6252187"
 Parameter: XNCEL -> "436"
 Parameter: Y1 -> "-43.6309926"
 Parameter: Y2 -> "43.6230242"
 Parameter: YNCEL -> "436"
 Parameter: A -> "8.6"
 Parameter: B -> "8.8"

 A TOTAL OF   463432   VACUUM POINTS WERE FOUND
 A TOTAL OF   487048 OCCUPIED POINTS WERE FOUND
 A TOTAL OF        0 EXTERNAL POINTS WERE FOUND
 A TOTAL OF   463432 SELECTED POINTS WERE FOUND
 TOTAL OCCUPIED  VOLUME =     780.203461
 TOTAL SELECTED  VOLUME =     742.372929
 TOTAL FREE      VOLUME =     742.372929
 FRACTIONAL FREE VOLUME =      48.757680
  
 CHARMM>     
  
 CHARMM>    calc c = ?volume * @factor
 Parameter: FACTOR -> "5"
 RDCMND substituted energy or value "?VOLUME" to "780.203461"
Evaluating: 780.203461*5
 Parameter: C <- "3901.0173"
  
 CHARMM>     
  
 CHARMM>    if a .lt. -10 if a .gt. -20 if c .gt. @botarea set botarea = @c
 Parameter: BOTAREA -> "3928.19358"
 Parameter: C -> "3901.0173"
 Comparing "8.6" and "-10".
 IF test evaluated as false.  Skipping command
  
 CHARMM>    if a .gt.  10 if a .lt.  20 if c .gt. @toparea set toparea = @c
 Parameter: TOPAREA -> "-1"
 Parameter: C -> "3901.0173"
 Comparing "8.6" and "10".
 IF test evaluated as false.  Skipping command
  
 CHARMM>     
  
 CHARMM>    write title unit 51
 RDTITL> * 8.8  3901.0173
 RDTITL> *
  
 CHARMM>     
  
 CHARMM>    incr a by @dcel
 Parameter: DCEL -> "0.2"
 Parameter: A <- "8.8"
  
 CHARMM>    incr b by @dcel
 Parameter: DCEL -> "0.2"
 Parameter: B <- "9"
  
 CHARMM>    if b le ?ZMAX goto DOAREA
 RDCMND substituted energy or value "?ZMAX" to "33.3514749"
 Comparing "9" and "33.3514749".
 IF test evaluated as true.  Performing command
  
 CHARMM>     
  
 CHARMM>    ! Cross sectional protein area with whole atom.
 CHARMM>    scalar wmain = radius
  
 CHARMM>    scalar wmain mult 2.5   sele resname TIP3 end
 SELRPN>      0 atoms have been selected out of  15156
  
 CHARMM>    scalar wmain add  1.529 sele .not. resname TIP3 end
 SELRPN>  15156 atoms have been selected out of  15156
  
 CHARMM>    scalar wmain mult 0.85  sele .not. resname TIP3 end
 SELRPN>  15156 atoms have been selected out of  15156
  
 CHARMM>    calc zab = ( @a + @b ) / 2.0
 Parameter: A -> "8.8"
 Parameter: B -> "9"
Evaluating: (8.8+9)/2.0
 Parameter: ZAB <- "8.9"
  
 CHARMM>     
  
 CHARMM>    coor search -
 CHARMM>         xmin @x1  xmax @x2  xgrip @xncel -
 CHARMM>         ymin @y1  ymax @y2  ygrip @yncel -
 CHARMM>         zmin @a   zmax @b   zgrip 5
 Parameter: X1 -> "-43.6244258"
 Parameter: X2 -> "43.6252187"
 Parameter: XNCEL -> "436"
 Parameter: Y1 -> "-43.6309926"
 Parameter: Y2 -> "43.6230242"
 Parameter: YNCEL -> "436"
 Parameter: A -> "8.8"
 Parameter: B -> "9"

 A TOTAL OF   462651   VACUUM POINTS WERE FOUND
 A TOTAL OF   487829 OCCUPIED POINTS WERE FOUND
 A TOTAL OF        0 EXTERNAL POINTS WERE FOUND
 A TOTAL OF   462651 SELECTED POINTS WERE FOUND
 TOTAL OCCUPIED  VOLUME =     781.454547
 TOTAL SELECTED  VOLUME =     741.121843
 TOTAL FREE      VOLUME =     741.121843
 FRACTIONAL FREE VOLUME =      48.675511
  
 CHARMM>     
  
 CHARMM>    calc c = ?volume * @factor
 Parameter: FACTOR -> "5"
 RDCMND substituted energy or value "?VOLUME" to "781.454547"
Evaluating: 781.454547*5
 Parameter: C <- "3907.27274"
  
 CHARMM>     
  
 CHARMM>    if a .lt. -10 if a .gt. -20 if c .gt. @botarea set botarea = @c
 Parameter: BOTAREA -> "3928.19358"
 Parameter: C -> "3907.27274"
 Comparing "8.8" and "-10".
 IF test evaluated as false.  Skipping command
  
 CHARMM>    if a .gt.  10 if a .lt.  20 if c .gt. @toparea set toparea = @c
 Parameter: TOPAREA -> "-1"
 Parameter: C -> "3907.27274"
 Comparing "8.8" and "10".
 IF test evaluated as false.  Skipping command
  
 CHARMM>     
  
 CHARMM>    write title unit 51
 RDTITL> * 9  3907.27274
 RDTITL> *
  
 CHARMM>     
  
 CHARMM>    incr a by @dcel
 Parameter: DCEL -> "0.2"
 Parameter: A <- "9"
  
 CHARMM>    incr b by @dcel
 Parameter: DCEL -> "0.2"
 Parameter: B <- "9.2"
  
 CHARMM>    if b le ?ZMAX goto DOAREA
 RDCMND substituted energy or value "?ZMAX" to "33.3514749"
 Comparing "9.2" and "33.3514749".
 IF test evaluated as true.  Performing command
  
 CHARMM>     
  
 CHARMM>    ! Cross sectional protein area with whole atom.
 CHARMM>    scalar wmain = radius
  
 CHARMM>    scalar wmain mult 2.5   sele resname TIP3 end
 SELRPN>      0 atoms have been selected out of  15156
  
 CHARMM>    scalar wmain add  1.529 sele .not. resname TIP3 end
 SELRPN>  15156 atoms have been selected out of  15156
  
 CHARMM>    scalar wmain mult 0.85  sele .not. resname TIP3 end
 SELRPN>  15156 atoms have been selected out of  15156
  
 CHARMM>    calc zab = ( @a + @b ) / 2.0
 Parameter: A -> "9"
 Parameter: B -> "9.2"
Evaluating: (9+9.2)/2.0
 Parameter: ZAB <- "9.1"
  
 CHARMM>     
  
 CHARMM>    coor search -
 CHARMM>         xmin @x1  xmax @x2  xgrip @xncel -
 CHARMM>         ymin @y1  ymax @y2  ygrip @yncel -
 CHARMM>         zmin @a   zmax @b   zgrip 5
 Parameter: X1 -> "-43.6244258"
 Parameter: X2 -> "43.6252187"
 Parameter: XNCEL -> "436"
 Parameter: Y1 -> "-43.6309926"
 Parameter: Y2 -> "43.6230242"
 Parameter: YNCEL -> "436"
 Parameter: A -> "9"
 Parameter: B -> "9.2"

 A TOTAL OF   461741   VACUUM POINTS WERE FOUND
 A TOTAL OF   488739 OCCUPIED POINTS WERE FOUND
 A TOTAL OF        0 EXTERNAL POINTS WERE FOUND
 A TOTAL OF   461741 SELECTED POINTS WERE FOUND
 TOTAL OCCUPIED  VOLUME =     782.912278
 TOTAL SELECTED  VOLUME =     739.664111
 TOTAL FREE      VOLUME =     739.664111
 FRACTIONAL FREE VOLUME =      48.579770
  
 CHARMM>     
  
 CHARMM>    calc c = ?volume * @factor
 Parameter: FACTOR -> "5"
 RDCMND substituted energy or value "?VOLUME" to "782.912278"
Evaluating: 782.912278*5
 Parameter: C <- "3914.56139"
  
 CHARMM>     
  
 CHARMM>    if a .lt. -10 if a .gt. -20 if c .gt. @botarea set botarea = @c
 Parameter: BOTAREA -> "3928.19358"
 Parameter: C -> "3914.56139"
 Comparing "9" and "-10".
 IF test evaluated as false.  Skipping command
  
 CHARMM>    if a .gt.  10 if a .lt.  20 if c .gt. @toparea set toparea = @c
 Parameter: TOPAREA -> "-1"
 Parameter: C -> "3914.56139"
 Comparing "9" and "10".
 IF test evaluated as false.  Skipping command
  
 CHARMM>     
  
 CHARMM>    write title unit 51
 RDTITL> * 9.2  3914.56139
 RDTITL> *
  
 CHARMM>     
  
 CHARMM>    incr a by @dcel
 Parameter: DCEL -> "0.2"
 Parameter: A <- "9.2"
  
 CHARMM>    incr b by @dcel
 Parameter: DCEL -> "0.2"
 Parameter: B <- "9.4"
  
 CHARMM>    if b le ?ZMAX goto DOAREA
 RDCMND substituted energy or value "?ZMAX" to "33.3514749"
 Comparing "9.4" and "33.3514749".
 IF test evaluated as true.  Performing command
  
 CHARMM>     
  
 CHARMM>    ! Cross sectional protein area with whole atom.
 CHARMM>    scalar wmain = radius
  
 CHARMM>    scalar wmain mult 2.5   sele resname TIP3 end
 SELRPN>      0 atoms have been selected out of  15156
  
 CHARMM>    scalar wmain add  1.529 sele .not. resname TIP3 end
 SELRPN>  15156 atoms have been selected out of  15156
  
 CHARMM>    scalar wmain mult 0.85  sele .not. resname TIP3 end
 SELRPN>  15156 atoms have been selected out of  15156
  
 CHARMM>    calc zab = ( @a + @b ) / 2.0
 Parameter: A -> "9.2"
 Parameter: B -> "9.4"
Evaluating: (9.2+9.4)/2.0
 Parameter: ZAB <- "9.3"
  
 CHARMM>     
  
 CHARMM>    coor search -
 CHARMM>         xmin @x1  xmax @x2  xgrip @xncel -
 CHARMM>         ymin @y1  ymax @y2  ygrip @yncel -
 CHARMM>         zmin @a   zmax @b   zgrip 5
 Parameter: X1 -> "-43.6244258"
 Parameter: X2 -> "43.6252187"
 Parameter: XNCEL -> "436"
 Parameter: Y1 -> "-43.6309926"
 Parameter: Y2 -> "43.6230242"
 Parameter: YNCEL -> "436"
 Parameter: A -> "9.2"
 Parameter: B -> "9.4"

 A TOTAL OF   460755   VACUUM POINTS WERE FOUND
 A TOTAL OF   489725 OCCUPIED POINTS WERE FOUND
 A TOTAL OF        0 EXTERNAL POINTS WERE FOUND
 A TOTAL OF   460755 SELECTED POINTS WERE FOUND
 TOTAL OCCUPIED  VOLUME =     784.491754
 TOTAL SELECTED  VOLUME =     738.084635
 TOTAL FREE      VOLUME =     738.084635
 FRACTIONAL FREE VOLUME =      48.476033
  
 CHARMM>     
  
 CHARMM>    calc c = ?volume * @factor
 Parameter: FACTOR -> "5"
 RDCMND substituted energy or value "?VOLUME" to "784.491754"
Evaluating: 784.491754*5
 Parameter: C <- "3922.45877"
  
 CHARMM>     
  
 CHARMM>    if a .lt. -10 if a .gt. -20 if c .gt. @botarea set botarea = @c
 Parameter: BOTAREA -> "3928.19358"
 Parameter: C -> "3922.45877"
 Comparing "9.2" and "-10".
 IF test evaluated as false.  Skipping command
  
 CHARMM>    if a .gt.  10 if a .lt.  20 if c .gt. @toparea set toparea = @c
 Parameter: TOPAREA -> "-1"
 Parameter: C -> "3922.45877"
 Comparing "9.2" and "10".
 IF test evaluated as false.  Skipping command
  
 CHARMM>     
  
 CHARMM>    write title unit 51
 RDTITL> * 9.4  3922.45877
 RDTITL> *
  
 CHARMM>     
  
 CHARMM>    incr a by @dcel
 Parameter: DCEL -> "0.2"
 Parameter: A <- "9.4"
  
 CHARMM>    incr b by @dcel
 Parameter: DCEL -> "0.2"
 Parameter: B <- "9.6"
  
 CHARMM>    if b le ?ZMAX goto DOAREA
 RDCMND substituted energy or value "?ZMAX" to "33.3514749"
 Comparing "9.6" and "33.3514749".
 IF test evaluated as true.  Performing command
  
 CHARMM>     
  
 CHARMM>    ! Cross sectional protein area with whole atom.
 CHARMM>    scalar wmain = radius
  
 CHARMM>    scalar wmain mult 2.5   sele resname TIP3 end
 SELRPN>      0 atoms have been selected out of  15156
  
 CHARMM>    scalar wmain add  1.529 sele .not. resname TIP3 end
 SELRPN>  15156 atoms have been selected out of  15156
  
 CHARMM>    scalar wmain mult 0.85  sele .not. resname TIP3 end
 SELRPN>  15156 atoms have been selected out of  15156
  
 CHARMM>    calc zab = ( @a + @b ) / 2.0
 Parameter: A -> "9.4"
 Parameter: B -> "9.6"
Evaluating: (9.4+9.6)/2.0
 Parameter: ZAB <- "9.5"
  
 CHARMM>     
  
 CHARMM>    coor search -
 CHARMM>         xmin @x1  xmax @x2  xgrip @xncel -
 CHARMM>         ymin @y1  ymax @y2  ygrip @yncel -
 CHARMM>         zmin @a   zmax @b   zgrip 5
 Parameter: X1 -> "-43.6244258"
 Parameter: X2 -> "43.6252187"
 Parameter: XNCEL -> "436"
 Parameter: Y1 -> "-43.6309926"
 Parameter: Y2 -> "43.6230242"
 Parameter: YNCEL -> "436"
 Parameter: A -> "9.4"
 Parameter: B -> "9.6"

 A TOTAL OF   459743   VACUUM POINTS WERE FOUND
 A TOTAL OF   490737 OCCUPIED POINTS WERE FOUND
 A TOTAL OF        0 EXTERNAL POINTS WERE FOUND
 A TOTAL OF   459743 SELECTED POINTS WERE FOUND
 TOTAL OCCUPIED  VOLUME =     786.112879
 TOTAL SELECTED  VOLUME =     736.463510
 TOTAL FREE      VOLUME =     736.463510
 FRACTIONAL FREE VOLUME =      48.369561
  
 CHARMM>     
  
 CHARMM>    calc c = ?volume * @factor
 Parameter: FACTOR -> "5"
 RDCMND substituted energy or value "?VOLUME" to "786.112879"
Evaluating: 786.112879*5
 Parameter: C <- "3930.5644"
  
 CHARMM>     
  
 CHARMM>    if a .lt. -10 if a .gt. -20 if c .gt. @botarea set botarea = @c
 Parameter: BOTAREA -> "3928.19358"
 Parameter: C -> "3930.5644"
 Comparing "9.4" and "-10".
 IF test evaluated as false.  Skipping command
  
 CHARMM>    if a .gt.  10 if a .lt.  20 if c .gt. @toparea set toparea = @c
 Parameter: TOPAREA -> "-1"
 Parameter: C -> "3930.5644"
 Comparing "9.4" and "10".
 IF test evaluated as false.  Skipping command
  
 CHARMM>     
  
 CHARMM>    write title unit 51
 RDTITL> * 9.6  3930.5644
 RDTITL> *
  
 CHARMM>     
  
 CHARMM>    incr a by @dcel
 Parameter: DCEL -> "0.2"
 Parameter: A <- "9.6"
  
 CHARMM>    incr b by @dcel
 Parameter: DCEL -> "0.2"
 Parameter: B <- "9.8"
  
 CHARMM>    if b le ?ZMAX goto DOAREA
 RDCMND substituted energy or value "?ZMAX" to "33.3514749"
 Comparing "9.8" and "33.3514749".
 IF test evaluated as true.  Performing command
  
 CHARMM>     
  
 CHARMM>    ! Cross sectional protein area with whole atom.
 CHARMM>    scalar wmain = radius
  
 CHARMM>    scalar wmain mult 2.5   sele resname TIP3 end
 SELRPN>      0 atoms have been selected out of  15156
  
 CHARMM>    scalar wmain add  1.529 sele .not. resname TIP3 end
 SELRPN>  15156 atoms have been selected out of  15156
  
 CHARMM>    scalar wmain mult 0.85  sele .not. resname TIP3 end
 SELRPN>  15156 atoms have been selected out of  15156
  
 CHARMM>    calc zab = ( @a + @b ) / 2.0
 Parameter: A -> "9.6"
 Parameter: B -> "9.8"
Evaluating: (9.6+9.8)/2.0
 Parameter: ZAB <- "9.7"
  
 CHARMM>     
  
 CHARMM>    coor search -
 CHARMM>         xmin @x1  xmax @x2  xgrip @xncel -
 CHARMM>         ymin @y1  ymax @y2  ygrip @yncel -
 CHARMM>         zmin @a   zmax @b   zgrip 5
 Parameter: X1 -> "-43.6244258"
 Parameter: X2 -> "43.6252187"
 Parameter: XNCEL -> "436"
 Parameter: Y1 -> "-43.6309926"
 Parameter: Y2 -> "43.6230242"
 Parameter: YNCEL -> "436"
 Parameter: A -> "9.6"
 Parameter: B -> "9.8"

 A TOTAL OF   458195   VACUUM POINTS WERE FOUND
 A TOTAL OF   492285 OCCUPIED POINTS WERE FOUND
 A TOTAL OF        0 EXTERNAL POINTS WERE FOUND
 A TOTAL OF   458195 SELECTED POINTS WERE FOUND
 TOTAL OCCUPIED  VOLUME =     788.592625
 TOTAL SELECTED  VOLUME =     733.983765
 TOTAL FREE      VOLUME =     733.983765
 FRACTIONAL FREE VOLUME =      48.206696
  
 CHARMM>     
  
 CHARMM>    calc c = ?volume * @factor
 Parameter: FACTOR -> "5"
 RDCMND substituted energy or value "?VOLUME" to "788.592625"
Evaluating: 788.592625*5
 Parameter: C <- "3942.96313"
  
 CHARMM>     
  
 CHARMM>    if a .lt. -10 if a .gt. -20 if c .gt. @botarea set botarea = @c
 Parameter: BOTAREA -> "3928.19358"
 Parameter: C -> "3942.96313"
 Comparing "9.6" and "-10".
 IF test evaluated as false.  Skipping command
  
 CHARMM>    if a .gt.  10 if a .lt.  20 if c .gt. @toparea set toparea = @c
 Parameter: TOPAREA -> "-1"
 Parameter: C -> "3942.96313"
 Comparing "9.6" and "10".
 IF test evaluated as false.  Skipping command
  
 CHARMM>     
  
 CHARMM>    write title unit 51
 RDTITL> * 9.8  3942.96313
 RDTITL> *
  
 CHARMM>     
  
 CHARMM>    incr a by @dcel
 Parameter: DCEL -> "0.2"
 Parameter: A <- "9.8"
  
 CHARMM>    incr b by @dcel
 Parameter: DCEL -> "0.2"
 Parameter: B <- "10"
  
 CHARMM>    if b le ?ZMAX goto DOAREA
 RDCMND substituted energy or value "?ZMAX" to "33.3514749"
 Comparing "10" and "33.3514749".
 IF test evaluated as true.  Performing command
  
 CHARMM>     
  
 CHARMM>    ! Cross sectional protein area with whole atom.
 CHARMM>    scalar wmain = radius
  
 CHARMM>    scalar wmain mult 2.5   sele resname TIP3 end
 SELRPN>      0 atoms have been selected out of  15156
  
 CHARMM>    scalar wmain add  1.529 sele .not. resname TIP3 end
 SELRPN>  15156 atoms have been selected out of  15156
  
 CHARMM>    scalar wmain mult 0.85  sele .not. resname TIP3 end
 SELRPN>  15156 atoms have been selected out of  15156
  
 CHARMM>    calc zab = ( @a + @b ) / 2.0
 Parameter: A -> "9.8"
 Parameter: B -> "10"
Evaluating: (9.8+10)/2.0
 Parameter: ZAB <- "9.9"
  
 CHARMM>     
  
 CHARMM>    coor search -
 CHARMM>         xmin @x1  xmax @x2  xgrip @xncel -
 CHARMM>         ymin @y1  ymax @y2  ygrip @yncel -
 CHARMM>         zmin @a   zmax @b   zgrip 5
 Parameter: X1 -> "-43.6244258"
 Parameter: X2 -> "43.6252187"
 Parameter: XNCEL -> "436"
 Parameter: Y1 -> "-43.6309926"
 Parameter: Y2 -> "43.6230242"
 Parameter: YNCEL -> "436"
 Parameter: A -> "9.8"
 Parameter: B -> "10"

 A TOTAL OF   456068   VACUUM POINTS WERE FOUND
 A TOTAL OF   494412 OCCUPIED POINTS WERE FOUND
 A TOTAL OF        0 EXTERNAL POINTS WERE FOUND
 A TOTAL OF   456068 SELECTED POINTS WERE FOUND
 TOTAL OCCUPIED  VOLUME =     791.999871
 TOTAL SELECTED  VOLUME =     730.576518
 TOTAL FREE      VOLUME =     730.576518
 FRACTIONAL FREE VOLUME =      47.982914
  
 CHARMM>     
  
 CHARMM>    calc c = ?volume * @factor
 Parameter: FACTOR -> "5"
 RDCMND substituted energy or value "?VOLUME" to "791.999871"
Evaluating: 791.999871*5
 Parameter: C <- "3959.99935"
  
 CHARMM>     
  
 CHARMM>    if a .lt. -10 if a .gt. -20 if c .gt. @botarea set botarea = @c
 Parameter: BOTAREA -> "3928.19358"
 Parameter: C -> "3959.99935"
 Comparing "9.8" and "-10".
 IF test evaluated as false.  Skipping command
  
 CHARMM>    if a .gt.  10 if a .lt.  20 if c .gt. @toparea set toparea = @c
 Parameter: TOPAREA -> "-1"
 Parameter: C -> "3959.99935"
 Comparing "9.8" and "10".
 IF test evaluated as false.  Skipping command
  
 CHARMM>     
  
 CHARMM>    write title unit 51
 RDTITL> * 10  3959.99935
 RDTITL> *
  
 CHARMM>     
  
 CHARMM>    incr a by @dcel
 Parameter: DCEL -> "0.2"
 Parameter: A <- "10"
  
 CHARMM>    incr b by @dcel
 Parameter: DCEL -> "0.2"
 Parameter: B <- "10.2"
  
 CHARMM>    if b le ?ZMAX goto DOAREA
 RDCMND substituted energy or value "?ZMAX" to "33.3514749"
 Comparing "10.2" and "33.3514749".
 IF test evaluated as true.  Performing command
  
 CHARMM>     
  
 CHARMM>    ! Cross sectional protein area with whole atom.
 CHARMM>    scalar wmain = radius
  
 CHARMM>    scalar wmain mult 2.5   sele resname TIP3 end
 SELRPN>      0 atoms have been selected out of  15156
  
 CHARMM>    scalar wmain add  1.529 sele .not. resname TIP3 end
 SELRPN>  15156 atoms have been selected out of  15156
  
 CHARMM>    scalar wmain mult 0.85  sele .not. resname TIP3 end
 SELRPN>  15156 atoms have been selected out of  15156
  
 CHARMM>    calc zab = ( @a + @b ) / 2.0
 Parameter: A -> "10"
 Parameter: B -> "10.2"
Evaluating: (10+10.2)/2.0
 Parameter: ZAB <- "10.1"
  
 CHARMM>     
  
 CHARMM>    coor search -
 CHARMM>         xmin @x1  xmax @x2  xgrip @xncel -
 CHARMM>         ymin @y1  ymax @y2  ygrip @yncel -
 CHARMM>         zmin @a   zmax @b   zgrip 5
 Parameter: X1 -> "-43.6244258"
 Parameter: X2 -> "43.6252187"
 Parameter: XNCEL -> "436"
 Parameter: Y1 -> "-43.6309926"
 Parameter: Y2 -> "43.6230242"
 Parameter: YNCEL -> "436"
 Parameter: A -> "10"
 Parameter: B -> "10.2"

 A TOTAL OF   454586   VACUUM POINTS WERE FOUND
 A TOTAL OF   495894 OCCUPIED POINTS WERE FOUND
 A TOTAL OF        0 EXTERNAL POINTS WERE FOUND
 A TOTAL OF   454586 SELECTED POINTS WERE FOUND
 TOTAL OCCUPIED  VOLUME =     794.373891
 TOTAL SELECTED  VOLUME =     728.202498
 TOTAL FREE      VOLUME =     728.202498
 FRACTIONAL FREE VOLUME =      47.826993
  
 CHARMM>     
  
 CHARMM>    calc c = ?volume * @factor
 Parameter: FACTOR -> "5"
 RDCMND substituted energy or value "?VOLUME" to "794.373891"
Evaluating: 794.373891*5
 Parameter: C <- "3971.86946"
  
 CHARMM>     
  
 CHARMM>    if a .lt. -10 if a .gt. -20 if c .gt. @botarea set botarea = @c
 Parameter: BOTAREA -> "3928.19358"
 Parameter: C -> "3971.86946"
 Comparing "10" and "-10".
 IF test evaluated as false.  Skipping command
  
 CHARMM>    if a .gt.  10 if a .lt.  20 if c .gt. @toparea set toparea = @c
 Parameter: TOPAREA -> "-1"
 Parameter: C -> "3971.86946"
 Comparing "10" and "10".
 IF test evaluated as false.  Skipping command
  
 CHARMM>     
  
 CHARMM>    write title unit 51
 RDTITL> * 10.2  3971.86946
 RDTITL> *
  
 CHARMM>     
  
 CHARMM>    incr a by @dcel
 Parameter: DCEL -> "0.2"
 Parameter: A <- "10.2"
  
 CHARMM>    incr b by @dcel
 Parameter: DCEL -> "0.2"
 Parameter: B <- "10.4"
  
 CHARMM>    if b le ?ZMAX goto DOAREA
 RDCMND substituted energy or value "?ZMAX" to "33.3514749"
 Comparing "10.4" and "33.3514749".
 IF test evaluated as true.  Performing command
  
 CHARMM>     
  
 CHARMM>    ! Cross sectional protein area with whole atom.
 CHARMM>    scalar wmain = radius
  
 CHARMM>    scalar wmain mult 2.5   sele resname TIP3 end
 SELRPN>      0 atoms have been selected out of  15156
  
 CHARMM>    scalar wmain add  1.529 sele .not. resname TIP3 end
 SELRPN>  15156 atoms have been selected out of  15156
  
 CHARMM>    scalar wmain mult 0.85  sele .not. resname TIP3 end
 SELRPN>  15156 atoms have been selected out of  15156
  
 CHARMM>    calc zab = ( @a + @b ) / 2.0
 Parameter: A -> "10.2"
 Parameter: B -> "10.4"
Evaluating: (10.2+10.4)/2.0
 Parameter: ZAB <- "10.3"
  
 CHARMM>     
  
 CHARMM>    coor search -
 CHARMM>         xmin @x1  xmax @x2  xgrip @xncel -
 CHARMM>         ymin @y1  ymax @y2  ygrip @yncel -
 CHARMM>         zmin @a   zmax @b   zgrip 5
 Parameter: X1 -> "-43.6244258"
 Parameter: X2 -> "43.6252187"
 Parameter: XNCEL -> "436"
 Parameter: Y1 -> "-43.6309926"
 Parameter: Y2 -> "43.6230242"
 Parameter: YNCEL -> "436"
 Parameter: A -> "10.2"
 Parameter: B -> "10.4"

 A TOTAL OF   453524   VACUUM POINTS WERE FOUND
 A TOTAL OF   496956 OCCUPIED POINTS WERE FOUND
 A TOTAL OF        0 EXTERNAL POINTS WERE FOUND
 A TOTAL OF   453524 SELECTED POINTS WERE FOUND
 TOTAL OCCUPIED  VOLUME =     796.075112
 TOTAL SELECTED  VOLUME =     726.501278
 TOTAL FREE      VOLUME =     726.501278
 FRACTIONAL FREE VOLUME =      47.715260
  
 CHARMM>     
  
 CHARMM>    calc c = ?volume * @factor
 Parameter: FACTOR -> "5"
 RDCMND substituted energy or value "?VOLUME" to "796.075112"
Evaluating: 796.075112*5
 Parameter: C <- "3980.37556"
  
 CHARMM>     
  
 CHARMM>    if a .lt. -10 if a .gt. -20 if c .gt. @botarea set botarea = @c
 Parameter: BOTAREA -> "3928.19358"
 Parameter: C -> "3980.37556"
 Comparing "10.2" and "-10".
 IF test evaluated as false.  Skipping command
  
 CHARMM>    if a .gt.  10 if a .lt.  20 if c .gt. @toparea set toparea = @c
 Parameter: TOPAREA -> "-1"
 Parameter: C -> "3980.37556"
 Comparing "10.2" and "10".
 IF test evaluated as true.  Performing command
 Comparing "10.2" and "20".
 IF test evaluated as true.  Performing command
 Comparing "3980.37556" and "-1".
 IF test evaluated as true.  Performing command
 Parameter: TOPAREA <- "3980.37556"
  
 CHARMM>     
  
 CHARMM>    write title unit 51
 RDTITL> * 10.4  3980.37556
 RDTITL> *
  
 CHARMM>     
  
 CHARMM>    incr a by @dcel
 Parameter: DCEL -> "0.2"
 Parameter: A <- "10.4"
  
 CHARMM>    incr b by @dcel
 Parameter: DCEL -> "0.2"
 Parameter: B <- "10.6"
  
 CHARMM>    if b le ?ZMAX goto DOAREA
 RDCMND substituted energy or value "?ZMAX" to "33.3514749"
 Comparing "10.6" and "33.3514749".
 IF test evaluated as true.  Performing command
  
 CHARMM>     
  
 CHARMM>    ! Cross sectional protein area with whole atom.
 CHARMM>    scalar wmain = radius
  
 CHARMM>    scalar wmain mult 2.5   sele resname TIP3 end
 SELRPN>      0 atoms have been selected out of  15156
  
 CHARMM>    scalar wmain add  1.529 sele .not. resname TIP3 end
 SELRPN>  15156 atoms have been selected out of  15156
  
 CHARMM>    scalar wmain mult 0.85  sele .not. resname TIP3 end
 SELRPN>  15156 atoms have been selected out of  15156
  
 CHARMM>    calc zab = ( @a + @b ) / 2.0
 Parameter: A -> "10.4"
 Parameter: B -> "10.6"
Evaluating: (10.4+10.6)/2.0
 Parameter: ZAB <- "10.5"
  
 CHARMM>     
  
 CHARMM>    coor search -
 CHARMM>         xmin @x1  xmax @x2  xgrip @xncel -
 CHARMM>         ymin @y1  ymax @y2  ygrip @yncel -
 CHARMM>         zmin @a   zmax @b   zgrip 5
 Parameter: X1 -> "-43.6244258"
 Parameter: X2 -> "43.6252187"
 Parameter: XNCEL -> "436"
 Parameter: Y1 -> "-43.6309926"
 Parameter: Y2 -> "43.6230242"
 Parameter: YNCEL -> "436"
 Parameter: A -> "10.4"
 Parameter: B -> "10.6"

 A TOTAL OF   452853   VACUUM POINTS WERE FOUND
 A TOTAL OF   497627 OCCUPIED POINTS WERE FOUND
 A TOTAL OF        0 EXTERNAL POINTS WERE FOUND
 A TOTAL OF   452853 SELECTED POINTS WERE FOUND
 TOTAL OCCUPIED  VOLUME =     797.149988
 TOTAL SELECTED  VOLUME =     725.426401
 TOTAL FREE      VOLUME =     725.426401
 FRACTIONAL FREE VOLUME =      47.644664
  
 CHARMM>     
  
 CHARMM>    calc c = ?volume * @factor
 Parameter: FACTOR -> "5"
 RDCMND substituted energy or value "?VOLUME" to "797.149988"
Evaluating: 797.149988*5
 Parameter: C <- "3985.74994"
  
 CHARMM>     
  
 CHARMM>    if a .lt. -10 if a .gt. -20 if c .gt. @botarea set botarea = @c
 Parameter: BOTAREA -> "3928.19358"
 Parameter: C -> "3985.74994"
 Comparing "10.4" and "-10".
 IF test evaluated as false.  Skipping command
  
 CHARMM>    if a .gt.  10 if a .lt.  20 if c .gt. @toparea set toparea = @c
 Parameter: TOPAREA -> "3980.37556"
 Parameter: C -> "3985.74994"
 Comparing "10.4" and "10".
 IF test evaluated as true.  Performing command
 Comparing "10.4" and "20".
 IF test evaluated as true.  Performing command
 Comparing "3985.74994" and "3980.37556".
 IF test evaluated as true.  Performing command
 Parameter: TOPAREA <- "3985.74994"
  
 CHARMM>     
  
 CHARMM>    write title unit 51
 RDTITL> * 10.6  3985.74994
 RDTITL> *
  
 CHARMM>     
  
 CHARMM>    incr a by @dcel
 Parameter: DCEL -> "0.2"
 Parameter: A <- "10.6"
  
 CHARMM>    incr b by @dcel
 Parameter: DCEL -> "0.2"
 Parameter: B <- "10.8"
  
 CHARMM>    if b le ?ZMAX goto DOAREA
 RDCMND substituted energy or value "?ZMAX" to "33.3514749"
 Comparing "10.8" and "33.3514749".
 IF test evaluated as true.  Performing command
  
 CHARMM>     
  
 CHARMM>    ! Cross sectional protein area with whole atom.
 CHARMM>    scalar wmain = radius
  
 CHARMM>    scalar wmain mult 2.5   sele resname TIP3 end
 SELRPN>      0 atoms have been selected out of  15156
  
 CHARMM>    scalar wmain add  1.529 sele .not. resname TIP3 end
 SELRPN>  15156 atoms have been selected out of  15156
  
 CHARMM>    scalar wmain mult 0.85  sele .not. resname TIP3 end
 SELRPN>  15156 atoms have been selected out of  15156
  
 CHARMM>    calc zab = ( @a + @b ) / 2.0
 Parameter: A -> "10.6"
 Parameter: B -> "10.8"
Evaluating: (10.6+10.8)/2.0
 Parameter: ZAB <- "10.7"
  
 CHARMM>     
  
 CHARMM>    coor search -
 CHARMM>         xmin @x1  xmax @x2  xgrip @xncel -
 CHARMM>         ymin @y1  ymax @y2  ygrip @yncel -
 CHARMM>         zmin @a   zmax @b   zgrip 5
 Parameter: X1 -> "-43.6244258"
 Parameter: X2 -> "43.6252187"
 Parameter: XNCEL -> "436"
 Parameter: Y1 -> "-43.6309926"
 Parameter: Y2 -> "43.6230242"
 Parameter: YNCEL -> "436"
 Parameter: A -> "10.6"
 Parameter: B -> "10.8"

 A TOTAL OF   452291   VACUUM POINTS WERE FOUND
 A TOTAL OF   498189 OCCUPIED POINTS WERE FOUND
 A TOTAL OF        0 EXTERNAL POINTS WERE FOUND
 A TOTAL OF   452291 SELECTED POINTS WERE FOUND
 TOTAL OCCUPIED  VOLUME =     798.050258
 TOTAL SELECTED  VOLUME =     724.526132
 TOTAL FREE      VOLUME =     724.526132
 FRACTIONAL FREE VOLUME =      47.585536
  
 CHARMM>     
  
 CHARMM>    calc c = ?volume * @factor
 Parameter: FACTOR -> "5"
 RDCMND substituted energy or value "?VOLUME" to "798.050258"
Evaluating: 798.050258*5
 Parameter: C <- "3990.25129"
  
 CHARMM>     
  
 CHARMM>    if a .lt. -10 if a .gt. -20 if c .gt. @botarea set botarea = @c
 Parameter: BOTAREA -> "3928.19358"
 Parameter: C -> "3990.25129"
 Comparing "10.6" and "-10".
 IF test evaluated as false.  Skipping command
  
 CHARMM>    if a .gt.  10 if a .lt.  20 if c .gt. @toparea set toparea = @c
 Parameter: TOPAREA -> "3985.74994"
 Parameter: C -> "3990.25129"
 Comparing "10.6" and "10".
 IF test evaluated as true.  Performing command
 Comparing "10.6" and "20".
 IF test evaluated as true.  Performing command
 Comparing "3990.25129" and "3985.74994".
 IF test evaluated as true.  Performing command
 Parameter: TOPAREA <- "3990.25129"
  
 CHARMM>     
  
 CHARMM>    write title unit 51
 RDTITL> * 10.8  3990.25129
 RDTITL> *
  
 CHARMM>     
  
 CHARMM>    incr a by @dcel
 Parameter: DCEL -> "0.2"
 Parameter: A <- "10.8"
  
 CHARMM>    incr b by @dcel
 Parameter: DCEL -> "0.2"
 Parameter: B <- "11"
  
 CHARMM>    if b le ?ZMAX goto DOAREA
 RDCMND substituted energy or value "?ZMAX" to "33.3514749"
 Comparing "11" and "33.3514749".
 IF test evaluated as true.  Performing command
  
 CHARMM>     
  
 CHARMM>    ! Cross sectional protein area with whole atom.
 CHARMM>    scalar wmain = radius
  
 CHARMM>    scalar wmain mult 2.5   sele resname TIP3 end
 SELRPN>      0 atoms have been selected out of  15156
  
 CHARMM>    scalar wmain add  1.529 sele .not. resname TIP3 end
 SELRPN>  15156 atoms have been selected out of  15156
  
 CHARMM>    scalar wmain mult 0.85  sele .not. resname TIP3 end
 SELRPN>  15156 atoms have been selected out of  15156
  
 CHARMM>    calc zab = ( @a + @b ) / 2.0
 Parameter: A -> "10.8"
 Parameter: B -> "11"
Evaluating: (10.8+11)/2.0
 Parameter: ZAB <- "10.9"
  
 CHARMM>     
  
 CHARMM>    coor search -
 CHARMM>         xmin @x1  xmax @x2  xgrip @xncel -
 CHARMM>         ymin @y1  ymax @y2  ygrip @yncel -
 CHARMM>         zmin @a   zmax @b   zgrip 5
 Parameter: X1 -> "-43.6244258"
 Parameter: X2 -> "43.6252187"
 Parameter: XNCEL -> "436"
 Parameter: Y1 -> "-43.6309926"
 Parameter: Y2 -> "43.6230242"
 Parameter: YNCEL -> "436"
 Parameter: A -> "10.8"
 Parameter: B -> "11"

 A TOTAL OF   451847   VACUUM POINTS WERE FOUND
 A TOTAL OF   498633 OCCUPIED POINTS WERE FOUND
 A TOTAL OF        0 EXTERNAL POINTS WERE FOUND
 A TOTAL OF   451847 SELECTED POINTS WERE FOUND
 TOTAL OCCUPIED  VOLUME =     798.761502
 TOTAL SELECTED  VOLUME =     723.814887
 TOTAL FREE      VOLUME =     723.814887
 FRACTIONAL FREE VOLUME =      47.538822
  
 CHARMM>     
  
 CHARMM>    calc c = ?volume * @factor
 Parameter: FACTOR -> "5"
 RDCMND substituted energy or value "?VOLUME" to "798.761502"
Evaluating: 798.761502*5
 Parameter: C <- "3993.80751"
  
 CHARMM>     
  
 CHARMM>    if a .lt. -10 if a .gt. -20 if c .gt. @botarea set botarea = @c
 Parameter: BOTAREA -> "3928.19358"
 Parameter: C -> "3993.80751"
 Comparing "10.8" and "-10".
 IF test evaluated as false.  Skipping command
  
 CHARMM>    if a .gt.  10 if a .lt.  20 if c .gt. @toparea set toparea = @c
 Parameter: TOPAREA -> "3990.25129"
 Parameter: C -> "3993.80751"
 Comparing "10.8" and "10".
 IF test evaluated as true.  Performing command
 Comparing "10.8" and "20".
 IF test evaluated as true.  Performing command
 Comparing "3993.80751" and "3990.25129".
 IF test evaluated as true.  Performing command
 Parameter: TOPAREA <- "3993.80751"
  
 CHARMM>     
  
 CHARMM>    write title unit 51
 RDTITL> * 11  3993.80751
 RDTITL> *
  
 CHARMM>     
  
 CHARMM>    incr a by @dcel
 Parameter: DCEL -> "0.2"
 Parameter: A <- "11"
  
 CHARMM>    incr b by @dcel
 Parameter: DCEL -> "0.2"
 Parameter: B <- "11.2"
  
 CHARMM>    if b le ?ZMAX goto DOAREA
 RDCMND substituted energy or value "?ZMAX" to "33.3514749"
 Comparing "11.2" and "33.3514749".
 IF test evaluated as true.  Performing command
  
 CHARMM>     
  
 CHARMM>    ! Cross sectional protein area with whole atom.
 CHARMM>    scalar wmain = radius
  
 CHARMM>    scalar wmain mult 2.5   sele resname TIP3 end
 SELRPN>      0 atoms have been selected out of  15156
  
 CHARMM>    scalar wmain add  1.529 sele .not. resname TIP3 end
 SELRPN>  15156 atoms have been selected out of  15156
  
 CHARMM>    scalar wmain mult 0.85  sele .not. resname TIP3 end
 SELRPN>  15156 atoms have been selected out of  15156
  
 CHARMM>    calc zab = ( @a + @b ) / 2.0
 Parameter: A -> "11"
 Parameter: B -> "11.2"
Evaluating: (11+11.2)/2.0
 Parameter: ZAB <- "11.1"
  
 CHARMM>     
  
 CHARMM>    coor search -
 CHARMM>         xmin @x1  xmax @x2  xgrip @xncel -
 CHARMM>         ymin @y1  ymax @y2  ygrip @yncel -
 CHARMM>         zmin @a   zmax @b   zgrip 5
 Parameter: X1 -> "-43.6244258"
 Parameter: X2 -> "43.6252187"
 Parameter: XNCEL -> "436"
 Parameter: Y1 -> "-43.6309926"
 Parameter: Y2 -> "43.6230242"
 Parameter: YNCEL -> "436"
 Parameter: A -> "11"
 Parameter: B -> "11.2"

 A TOTAL OF   451563   VACUUM POINTS WERE FOUND
 A TOTAL OF   498917 OCCUPIED POINTS WERE FOUND
 A TOTAL OF        0 EXTERNAL POINTS WERE FOUND
 A TOTAL OF   451563 SELECTED POINTS WERE FOUND
 TOTAL OCCUPIED  VOLUME =     799.216443
 TOTAL SELECTED  VOLUME =     723.359947
 TOTAL FREE      VOLUME =     723.359947
 FRACTIONAL FREE VOLUME =      47.508943
  
 CHARMM>     
  
 CHARMM>    calc c = ?volume * @factor
 Parameter: FACTOR -> "5"
 RDCMND substituted energy or value "?VOLUME" to "799.216443"
Evaluating: 799.216443*5
 Parameter: C <- "3996.08222"
  
 CHARMM>     
  
 CHARMM>    if a .lt. -10 if a .gt. -20 if c .gt. @botarea set botarea = @c
 Parameter: BOTAREA -> "3928.19358"
 Parameter: C -> "3996.08222"
 Comparing "11" and "-10".
 IF test evaluated as false.  Skipping command
  
 CHARMM>    if a .gt.  10 if a .lt.  20 if c .gt. @toparea set toparea = @c
 Parameter: TOPAREA -> "3993.80751"
 Parameter: C -> "3996.08222"
 Comparing "11" and "10".
 IF test evaluated as true.  Performing command
 Comparing "11" and "20".
 IF test evaluated as true.  Performing command
 Comparing "3996.08222" and "3993.80751".
 IF test evaluated as true.  Performing command
 Parameter: TOPAREA <- "3996.08222"
  
 CHARMM>     
  
 CHARMM>    write title unit 51
 RDTITL> * 11.2  3996.08222
 RDTITL> *
  
 CHARMM>     
  
 CHARMM>    incr a by @dcel
 Parameter: DCEL -> "0.2"
 Parameter: A <- "11.2"
  
 CHARMM>    incr b by @dcel
 Parameter: DCEL -> "0.2"
 Parameter: B <- "11.4"
  
 CHARMM>    if b le ?ZMAX goto DOAREA
 RDCMND substituted energy or value "?ZMAX" to "33.3514749"
 Comparing "11.4" and "33.3514749".
 IF test evaluated as true.  Performing command
  
 CHARMM>     
  
 CHARMM>    ! Cross sectional protein area with whole atom.
 CHARMM>    scalar wmain = radius
  
 CHARMM>    scalar wmain mult 2.5   sele resname TIP3 end
 SELRPN>      0 atoms have been selected out of  15156
  
 CHARMM>    scalar wmain add  1.529 sele .not. resname TIP3 end
 SELRPN>  15156 atoms have been selected out of  15156
  
 CHARMM>    scalar wmain mult 0.85  sele .not. resname TIP3 end
 SELRPN>  15156 atoms have been selected out of  15156
  
 CHARMM>    calc zab = ( @a + @b ) / 2.0
 Parameter: A -> "11.2"
 Parameter: B -> "11.4"
Evaluating: (11.2+11.4)/2.0
 Parameter: ZAB <- "11.3"
  
 CHARMM>     
  
 CHARMM>    coor search -
 CHARMM>         xmin @x1  xmax @x2  xgrip @xncel -
 CHARMM>         ymin @y1  ymax @y2  ygrip @yncel -
 CHARMM>         zmin @a   zmax @b   zgrip 5
 Parameter: X1 -> "-43.6244258"
 Parameter: X2 -> "43.6252187"
 Parameter: XNCEL -> "436"
 Parameter: Y1 -> "-43.6309926"
 Parameter: Y2 -> "43.6230242"
 Parameter: YNCEL -> "436"
 Parameter: A -> "11.2"
 Parameter: B -> "11.4"

 A TOTAL OF   451086   VACUUM POINTS WERE FOUND
 A TOTAL OF   499394 OCCUPIED POINTS WERE FOUND
 A TOTAL OF        0 EXTERNAL POINTS WERE FOUND
 A TOTAL OF   451086 SELECTED POINTS WERE FOUND
 TOTAL OCCUPIED  VOLUME =     799.980550
 TOTAL SELECTED  VOLUME =     722.595839
 TOTAL FREE      VOLUME =     722.595839
 FRACTIONAL FREE VOLUME =      47.458758
  
 CHARMM>     
  
 CHARMM>    calc c = ?volume * @factor
 Parameter: FACTOR -> "5"
 RDCMND substituted energy or value "?VOLUME" to "799.98055"
Evaluating: 799.98055*5
 Parameter: C <- "3999.90275"
  
 CHARMM>     
  
 CHARMM>    if a .lt. -10 if a .gt. -20 if c .gt. @botarea set botarea = @c
 Parameter: BOTAREA -> "3928.19358"
 Parameter: C -> "3999.90275"
 Comparing "11.2" and "-10".
 IF test evaluated as false.  Skipping command
  
 CHARMM>    if a .gt.  10 if a .lt.  20 if c .gt. @toparea set toparea = @c
 Parameter: TOPAREA -> "3996.08222"
 Parameter: C -> "3999.90275"
 Comparing "11.2" and "10".
 IF test evaluated as true.  Performing command
 Comparing "11.2" and "20".
 IF test evaluated as true.  Performing command
 Comparing "3999.90275" and "3996.08222".
 IF test evaluated as true.  Performing command
 Parameter: TOPAREA <- "3999.90275"
  
 CHARMM>     
  
 CHARMM>    write title unit 51
 RDTITL> * 11.4  3999.90275
 RDTITL> *
  
 CHARMM>     
  
 CHARMM>    incr a by @dcel
 Parameter: DCEL -> "0.2"
 Parameter: A <- "11.4"
  
 CHARMM>    incr b by @dcel
 Parameter: DCEL -> "0.2"
 Parameter: B <- "11.6"
  
 CHARMM>    if b le ?ZMAX goto DOAREA
 RDCMND substituted energy or value "?ZMAX" to "33.3514749"
 Comparing "11.6" and "33.3514749".
 IF test evaluated as true.  Performing command
  
 CHARMM>     
  
 CHARMM>    ! Cross sectional protein area with whole atom.
 CHARMM>    scalar wmain = radius
  
 CHARMM>    scalar wmain mult 2.5   sele resname TIP3 end
 SELRPN>      0 atoms have been selected out of  15156
  
 CHARMM>    scalar wmain add  1.529 sele .not. resname TIP3 end
 SELRPN>  15156 atoms have been selected out of  15156
  
 CHARMM>    scalar wmain mult 0.85  sele .not. resname TIP3 end
 SELRPN>  15156 atoms have been selected out of  15156
  
 CHARMM>    calc zab = ( @a + @b ) / 2.0
 Parameter: A -> "11.4"
 Parameter: B -> "11.6"
Evaluating: (11.4+11.6)/2.0
 Parameter: ZAB <- "11.5"
  
 CHARMM>     
  
 CHARMM>    coor search -
 CHARMM>         xmin @x1  xmax @x2  xgrip @xncel -
 CHARMM>         ymin @y1  ymax @y2  ygrip @yncel -
 CHARMM>         zmin @a   zmax @b   zgrip 5
 Parameter: X1 -> "-43.6244258"
 Parameter: X2 -> "43.6252187"
 Parameter: XNCEL -> "436"
 Parameter: Y1 -> "-43.6309926"
 Parameter: Y2 -> "43.6230242"
 Parameter: YNCEL -> "436"
 Parameter: A -> "11.4"
 Parameter: B -> "11.6"

 A TOTAL OF   450371   VACUUM POINTS WERE FOUND
 A TOTAL OF   500109 OCCUPIED POINTS WERE FOUND
 A TOTAL OF        0 EXTERNAL POINTS WERE FOUND
 A TOTAL OF   450371 SELECTED POINTS WERE FOUND
 TOTAL OCCUPIED  VOLUME =     801.125911
 TOTAL SELECTED  VOLUME =     721.450479
 TOTAL FREE      VOLUME =     721.450479
 FRACTIONAL FREE VOLUME =      47.383533
  
 CHARMM>     
  
 CHARMM>    calc c = ?volume * @factor
 Parameter: FACTOR -> "5"
 RDCMND substituted energy or value "?VOLUME" to "801.125911"
Evaluating: 801.125911*5
 Parameter: C <- "4005.62955"
  
 CHARMM>     
  
 CHARMM>    if a .lt. -10 if a .gt. -20 if c .gt. @botarea set botarea = @c
 Parameter: BOTAREA -> "3928.19358"
 Parameter: C -> "4005.62955"
 Comparing "11.4" and "-10".
 IF test evaluated as false.  Skipping command
  
 CHARMM>    if a .gt.  10 if a .lt.  20 if c .gt. @toparea set toparea = @c
 Parameter: TOPAREA -> "3999.90275"
 Parameter: C -> "4005.62955"
 Comparing "11.4" and "10".
 IF test evaluated as true.  Performing command
 Comparing "11.4" and "20".
 IF test evaluated as true.  Performing command
 Comparing "4005.62955" and "3999.90275".
 IF test evaluated as true.  Performing command
 Parameter: TOPAREA <- "4005.62955"
  
 CHARMM>     
  
 CHARMM>    write title unit 51
 RDTITL> * 11.6  4005.62955
 RDTITL> *
  
 CHARMM>     
  
 CHARMM>    incr a by @dcel
 Parameter: DCEL -> "0.2"
 Parameter: A <- "11.6"
  
 CHARMM>    incr b by @dcel
 Parameter: DCEL -> "0.2"
 Parameter: B <- "11.8"
  
 CHARMM>    if b le ?ZMAX goto DOAREA
 RDCMND substituted energy or value "?ZMAX" to "33.3514749"
 Comparing "11.8" and "33.3514749".
 IF test evaluated as true.  Performing command
  
 CHARMM>     
  
 CHARMM>    ! Cross sectional protein area with whole atom.
 CHARMM>    scalar wmain = radius
  
 CHARMM>    scalar wmain mult 2.5   sele resname TIP3 end
 SELRPN>      0 atoms have been selected out of  15156
  
 CHARMM>    scalar wmain add  1.529 sele .not. resname TIP3 end
 SELRPN>  15156 atoms have been selected out of  15156
  
 CHARMM>    scalar wmain mult 0.85  sele .not. resname TIP3 end
 SELRPN>  15156 atoms have been selected out of  15156
  
 CHARMM>    calc zab = ( @a + @b ) / 2.0
 Parameter: A -> "11.6"
 Parameter: B -> "11.8"
Evaluating: (11.6+11.8)/2.0
 Parameter: ZAB <- "11.7"
  
 CHARMM>     
  
 CHARMM>    coor search -
 CHARMM>         xmin @x1  xmax @x2  xgrip @xncel -
 CHARMM>         ymin @y1  ymax @y2  ygrip @yncel -
 CHARMM>         zmin @a   zmax @b   zgrip 5
 Parameter: X1 -> "-43.6244258"
 Parameter: X2 -> "43.6252187"
 Parameter: XNCEL -> "436"
 Parameter: Y1 -> "-43.6309926"
 Parameter: Y2 -> "43.6230242"
 Parameter: YNCEL -> "436"
 Parameter: A -> "11.6"
 Parameter: B -> "11.8"

 A TOTAL OF   448509   VACUUM POINTS WERE FOUND
 A TOTAL OF   501971 OCCUPIED POINTS WERE FOUND
 A TOTAL OF        0 EXTERNAL POINTS WERE FOUND
 A TOTAL OF   448509 SELECTED POINTS WERE FOUND
 TOTAL OCCUPIED  VOLUME =     804.108653
 TOTAL SELECTED  VOLUME =     718.467736
 TOTAL FREE      VOLUME =     718.467736
 FRACTIONAL FREE VOLUME =      47.187632
  
 CHARMM>     
  
 CHARMM>    calc c = ?volume * @factor
 Parameter: FACTOR -> "5"
 RDCMND substituted energy or value "?VOLUME" to "804.108653"
Evaluating: 804.108653*5
 Parameter: C <- "4020.54327"
  
 CHARMM>     
  
 CHARMM>    if a .lt. -10 if a .gt. -20 if c .gt. @botarea set botarea = @c
 Parameter: BOTAREA -> "3928.19358"
 Parameter: C -> "4020.54327"
 Comparing "11.6" and "-10".
 IF test evaluated as false.  Skipping command
  
 CHARMM>    if a .gt.  10 if a .lt.  20 if c .gt. @toparea set toparea = @c
 Parameter: TOPAREA -> "4005.62955"
 Parameter: C -> "4020.54327"
 Comparing "11.6" and "10".
 IF test evaluated as true.  Performing command
 Comparing "11.6" and "20".
 IF test evaluated as true.  Performing command
 Comparing "4020.54327" and "4005.62955".
 IF test evaluated as true.  Performing command
 Parameter: TOPAREA <- "4020.54327"
  
 CHARMM>     
  
 CHARMM>    write title unit 51
 RDTITL> * 11.8  4020.54327
 RDTITL> *
  
 CHARMM>     
  
 CHARMM>    incr a by @dcel
 Parameter: DCEL -> "0.2"
 Parameter: A <- "11.8"
  
 CHARMM>    incr b by @dcel
 Parameter: DCEL -> "0.2"
 Parameter: B <- "12"
  
 CHARMM>    if b le ?ZMAX goto DOAREA
 RDCMND substituted energy or value "?ZMAX" to "33.3514749"
 Comparing "12" and "33.3514749".
 IF test evaluated as true.  Performing command
  
 CHARMM>     
  
 CHARMM>    ! Cross sectional protein area with whole atom.
 CHARMM>    scalar wmain = radius
  
 CHARMM>    scalar wmain mult 2.5   sele resname TIP3 end
 SELRPN>      0 atoms have been selected out of  15156
  
 CHARMM>    scalar wmain add  1.529 sele .not. resname TIP3 end
 SELRPN>  15156 atoms have been selected out of  15156
  
 CHARMM>    scalar wmain mult 0.85  sele .not. resname TIP3 end
 SELRPN>  15156 atoms have been selected out of  15156
  
 CHARMM>    calc zab = ( @a + @b ) / 2.0
 Parameter: A -> "11.8"
 Parameter: B -> "12"
Evaluating: (11.8+12)/2.0
 Parameter: ZAB <- "11.9"
  
 CHARMM>     
  
 CHARMM>    coor search -
 CHARMM>         xmin @x1  xmax @x2  xgrip @xncel -
 CHARMM>         ymin @y1  ymax @y2  ygrip @yncel -
 CHARMM>         zmin @a   zmax @b   zgrip 5
 Parameter: X1 -> "-43.6244258"
 Parameter: X2 -> "43.6252187"
 Parameter: XNCEL -> "436"
 Parameter: Y1 -> "-43.6309926"
 Parameter: Y2 -> "43.6230242"
 Parameter: YNCEL -> "436"
 Parameter: A -> "11.8"
 Parameter: B -> "12"

 A TOTAL OF   446789   VACUUM POINTS WERE FOUND
 A TOTAL OF   503691 OCCUPIED POINTS WERE FOUND
 A TOTAL OF        0 EXTERNAL POINTS WERE FOUND
 A TOTAL OF   446789 SELECTED POINTS WERE FOUND
 TOTAL OCCUPIED  VOLUME =     806.863926
 TOTAL SELECTED  VOLUME =     715.712464
 TOTAL FREE      VOLUME =     715.712464
 FRACTIONAL FREE VOLUME =      47.006670
  
 CHARMM>     
  
 CHARMM>    calc c = ?volume * @factor
 Parameter: FACTOR -> "5"
 RDCMND substituted energy or value "?VOLUME" to "806.863926"
Evaluating: 806.863926*5
 Parameter: C <- "4034.31963"
  
 CHARMM>     
  
 CHARMM>    if a .lt. -10 if a .gt. -20 if c .gt. @botarea set botarea = @c
 Parameter: BOTAREA -> "3928.19358"
 Parameter: C -> "4034.31963"
 Comparing "11.8" and "-10".
 IF test evaluated as false.  Skipping command
  
 CHARMM>    if a .gt.  10 if a .lt.  20 if c .gt. @toparea set toparea = @c
 Parameter: TOPAREA -> "4020.54327"
 Parameter: C -> "4034.31963"
 Comparing "11.8" and "10".
 IF test evaluated as true.  Performing command
 Comparing "11.8" and "20".
 IF test evaluated as true.  Performing command
 Comparing "4034.31963" and "4020.54327".
 IF test evaluated as true.  Performing command
 Parameter: TOPAREA <- "4034.31963"
  
 CHARMM>     
  
 CHARMM>    write title unit 51
 RDTITL> * 12  4034.31963
 RDTITL> *
  
 CHARMM>     
  
 CHARMM>    incr a by @dcel
 Parameter: DCEL -> "0.2"
 Parameter: A <- "12"
  
 CHARMM>    incr b by @dcel
 Parameter: DCEL -> "0.2"
 Parameter: B <- "12.2"
  
 CHARMM>    if b le ?ZMAX goto DOAREA
 RDCMND substituted energy or value "?ZMAX" to "33.3514749"
 Comparing "12.2" and "33.3514749".
 IF test evaluated as true.  Performing command
  
 CHARMM>     
  
 CHARMM>    ! Cross sectional protein area with whole atom.
 CHARMM>    scalar wmain = radius
  
 CHARMM>    scalar wmain mult 2.5   sele resname TIP3 end
 SELRPN>      0 atoms have been selected out of  15156
  
 CHARMM>    scalar wmain add  1.529 sele .not. resname TIP3 end
 SELRPN>  15156 atoms have been selected out of  15156
  
 CHARMM>    scalar wmain mult 0.85  sele .not. resname TIP3 end
 SELRPN>  15156 atoms have been selected out of  15156
  
 CHARMM>    calc zab = ( @a + @b ) / 2.0
 Parameter: A -> "12"
 Parameter: B -> "12.2"
Evaluating: (12+12.2)/2.0
 Parameter: ZAB <- "12.1"
  
 CHARMM>     
  
 CHARMM>    coor search -
 CHARMM>         xmin @x1  xmax @x2  xgrip @xncel -
 CHARMM>         ymin @y1  ymax @y2  ygrip @yncel -
 CHARMM>         zmin @a   zmax @b   zgrip 5
 Parameter: X1 -> "-43.6244258"
 Parameter: X2 -> "43.6252187"
 Parameter: XNCEL -> "436"
 Parameter: Y1 -> "-43.6309926"
 Parameter: Y2 -> "43.6230242"
 Parameter: YNCEL -> "436"
 Parameter: A -> "12"
 Parameter: B -> "12.2"

 A TOTAL OF   445806   VACUUM POINTS WERE FOUND
 A TOTAL OF   504674 OCCUPIED POINTS WERE FOUND
 A TOTAL OF        0 EXTERNAL POINTS WERE FOUND
 A TOTAL OF   445806 SELECTED POINTS WERE FOUND
 TOTAL OCCUPIED  VOLUME =     808.438596
 TOTAL SELECTED  VOLUME =     714.137793
 TOTAL FREE      VOLUME =     714.137793
 FRACTIONAL FREE VOLUME =      46.903249
  
 CHARMM>     
  
 CHARMM>    calc c = ?volume * @factor
 Parameter: FACTOR -> "5"
 RDCMND substituted energy or value "?VOLUME" to "808.438596"
Evaluating: 808.438596*5
 Parameter: C <- "4042.19298"
  
 CHARMM>     
  
 CHARMM>    if a .lt. -10 if a .gt. -20 if c .gt. @botarea set botarea = @c
 Parameter: BOTAREA -> "3928.19358"
 Parameter: C -> "4042.19298"
 Comparing "12" and "-10".
 IF test evaluated as false.  Skipping command
  
 CHARMM>    if a .gt.  10 if a .lt.  20 if c .gt. @toparea set toparea = @c
 Parameter: TOPAREA -> "4034.31963"
 Parameter: C -> "4042.19298"
 Comparing "12" and "10".
 IF test evaluated as true.  Performing command
 Comparing "12" and "20".
 IF test evaluated as true.  Performing command
 Comparing "4042.19298" and "4034.31963".
 IF test evaluated as true.  Performing command
 Parameter: TOPAREA <- "4042.19298"
  
 CHARMM>     
  
 CHARMM>    write title unit 51
 RDTITL> * 12.2  4042.19298
 RDTITL> *
  
 CHARMM>     
  
 CHARMM>    incr a by @dcel
 Parameter: DCEL -> "0.2"
 Parameter: A <- "12.2"
  
 CHARMM>    incr b by @dcel
 Parameter: DCEL -> "0.2"
 Parameter: B <- "12.4"
  
 CHARMM>    if b le ?ZMAX goto DOAREA
 RDCMND substituted energy or value "?ZMAX" to "33.3514749"
 Comparing "12.4" and "33.3514749".
 IF test evaluated as true.  Performing command
  
 CHARMM>     
  
 CHARMM>    ! Cross sectional protein area with whole atom.
 CHARMM>    scalar wmain = radius
  
 CHARMM>    scalar wmain mult 2.5   sele resname TIP3 end
 SELRPN>      0 atoms have been selected out of  15156
  
 CHARMM>    scalar wmain add  1.529 sele .not. resname TIP3 end
 SELRPN>  15156 atoms have been selected out of  15156
  
 CHARMM>    scalar wmain mult 0.85  sele .not. resname TIP3 end
 SELRPN>  15156 atoms have been selected out of  15156
  
 CHARMM>    calc zab = ( @a + @b ) / 2.0
 Parameter: A -> "12.2"
 Parameter: B -> "12.4"
Evaluating: (12.2+12.4)/2.0
 Parameter: ZAB <- "12.3"
  
 CHARMM>     
  
 CHARMM>    coor search -
 CHARMM>         xmin @x1  xmax @x2  xgrip @xncel -
 CHARMM>         ymin @y1  ymax @y2  ygrip @yncel -
 CHARMM>         zmin @a   zmax @b   zgrip 5
 Parameter: X1 -> "-43.6244258"
 Parameter: X2 -> "43.6252187"
 Parameter: XNCEL -> "436"
 Parameter: Y1 -> "-43.6309926"
 Parameter: Y2 -> "43.6230242"
 Parameter: YNCEL -> "436"
 Parameter: A -> "12.2"
 Parameter: B -> "12.4"

 A TOTAL OF   445360   VACUUM POINTS WERE FOUND
 A TOTAL OF   505120 OCCUPIED POINTS WERE FOUND
 A TOTAL OF        0 EXTERNAL POINTS WERE FOUND
 A TOTAL OF   445360 SELECTED POINTS WERE FOUND
 TOTAL OCCUPIED  VOLUME =     809.153045
 TOTAL SELECTED  VOLUME =     713.423345
 TOTAL FREE      VOLUME =     713.423345
 FRACTIONAL FREE VOLUME =      46.856325
  
 CHARMM>     
  
 CHARMM>    calc c = ?volume * @factor
 Parameter: FACTOR -> "5"
 RDCMND substituted energy or value "?VOLUME" to "809.153045"
Evaluating: 809.153045*5
 Parameter: C <- "4045.76523"
  
 CHARMM>     
  
 CHARMM>    if a .lt. -10 if a .gt. -20 if c .gt. @botarea set botarea = @c
 Parameter: BOTAREA -> "3928.19358"
 Parameter: C -> "4045.76523"
 Comparing "12.2" and "-10".
 IF test evaluated as false.  Skipping command
  
 CHARMM>    if a .gt.  10 if a .lt.  20 if c .gt. @toparea set toparea = @c
 Parameter: TOPAREA -> "4042.19298"
 Parameter: C -> "4045.76523"
 Comparing "12.2" and "10".
 IF test evaluated as true.  Performing command
 Comparing "12.2" and "20".
 IF test evaluated as true.  Performing command
 Comparing "4045.76523" and "4042.19298".
 IF test evaluated as true.  Performing command
 Parameter: TOPAREA <- "4045.76523"
  
 CHARMM>     
  
 CHARMM>    write title unit 51
 RDTITL> * 12.4  4045.76523
 RDTITL> *
  
 CHARMM>     
  
 CHARMM>    incr a by @dcel
 Parameter: DCEL -> "0.2"
 Parameter: A <- "12.4"
  
 CHARMM>    incr b by @dcel
 Parameter: DCEL -> "0.2"
 Parameter: B <- "12.6"
  
 CHARMM>    if b le ?ZMAX goto DOAREA
 RDCMND substituted energy or value "?ZMAX" to "33.3514749"
 Comparing "12.6" and "33.3514749".
 IF test evaluated as true.  Performing command
  
 CHARMM>     
  
 CHARMM>    ! Cross sectional protein area with whole atom.
 CHARMM>    scalar wmain = radius
  
 CHARMM>    scalar wmain mult 2.5   sele resname TIP3 end
 SELRPN>      0 atoms have been selected out of  15156
  
 CHARMM>    scalar wmain add  1.529 sele .not. resname TIP3 end
 SELRPN>  15156 atoms have been selected out of  15156
  
 CHARMM>    scalar wmain mult 0.85  sele .not. resname TIP3 end
 SELRPN>  15156 atoms have been selected out of  15156
  
 CHARMM>    calc zab = ( @a + @b ) / 2.0
 Parameter: A -> "12.4"
 Parameter: B -> "12.6"
Evaluating: (12.4+12.6)/2.0
 Parameter: ZAB <- "12.5"
  
 CHARMM>     
  
 CHARMM>    coor search -
 CHARMM>         xmin @x1  xmax @x2  xgrip @xncel -
 CHARMM>         ymin @y1  ymax @y2  ygrip @yncel -
 CHARMM>         zmin @a   zmax @b   zgrip 5
 Parameter: X1 -> "-43.6244258"
 Parameter: X2 -> "43.6252187"
 Parameter: XNCEL -> "436"
 Parameter: Y1 -> "-43.6309926"
 Parameter: Y2 -> "43.6230242"
 Parameter: YNCEL -> "436"
 Parameter: A -> "12.4"
 Parameter: B -> "12.6"

 A TOTAL OF   445054   VACUUM POINTS WERE FOUND
 A TOTAL OF   505426 OCCUPIED POINTS WERE FOUND
 A TOTAL OF        0 EXTERNAL POINTS WERE FOUND
 A TOTAL OF   445054 SELECTED POINTS WERE FOUND
 TOTAL OCCUPIED  VOLUME =     809.643227
 TOTAL SELECTED  VOLUME =     712.933163
 TOTAL FREE      VOLUME =     712.933163
 FRACTIONAL FREE VOLUME =      46.824131
  
 CHARMM>     
  
 CHARMM>    calc c = ?volume * @factor
 Parameter: FACTOR -> "5"
 RDCMND substituted energy or value "?VOLUME" to "809.643227"
Evaluating: 809.643227*5
 Parameter: C <- "4048.21614"
  
 CHARMM>     
  
 CHARMM>    if a .lt. -10 if a .gt. -20 if c .gt. @botarea set botarea = @c
 Parameter: BOTAREA -> "3928.19358"
 Parameter: C -> "4048.21614"
 Comparing "12.4" and "-10".
 IF test evaluated as false.  Skipping command
  
 CHARMM>    if a .gt.  10 if a .lt.  20 if c .gt. @toparea set toparea = @c
 Parameter: TOPAREA -> "4045.76523"
 Parameter: C -> "4048.21614"
 Comparing "12.4" and "10".
 IF test evaluated as true.  Performing command
 Comparing "12.4" and "20".
 IF test evaluated as true.  Performing command
 Comparing "4048.21614" and "4045.76523".
 IF test evaluated as true.  Performing command
 Parameter: TOPAREA <- "4048.21614"
  
 CHARMM>     
  
 CHARMM>    write title unit 51
 RDTITL> * 12.6  4048.21614
 RDTITL> *
  
 CHARMM>     
  
 CHARMM>    incr a by @dcel
 Parameter: DCEL -> "0.2"
 Parameter: A <- "12.6"
  
 CHARMM>    incr b by @dcel
 Parameter: DCEL -> "0.2"
 Parameter: B <- "12.8"
  
 CHARMM>    if b le ?ZMAX goto DOAREA
 RDCMND substituted energy or value "?ZMAX" to "33.3514749"
 Comparing "12.8" and "33.3514749".
 IF test evaluated as true.  Performing command
  
 CHARMM>     
  
 CHARMM>    ! Cross sectional protein area with whole atom.
 CHARMM>    scalar wmain = radius
  
 CHARMM>    scalar wmain mult 2.5   sele resname TIP3 end
 SELRPN>      0 atoms have been selected out of  15156
  
 CHARMM>    scalar wmain add  1.529 sele .not. resname TIP3 end
 SELRPN>  15156 atoms have been selected out of  15156
  
 CHARMM>    scalar wmain mult 0.85  sele .not. resname TIP3 end
 SELRPN>  15156 atoms have been selected out of  15156
  
 CHARMM>    calc zab = ( @a + @b ) / 2.0
 Parameter: A -> "12.6"
 Parameter: B -> "12.8"
Evaluating: (12.6+12.8)/2.0
 Parameter: ZAB <- "12.7"
  
 CHARMM>     
  
 CHARMM>    coor search -
 CHARMM>         xmin @x1  xmax @x2  xgrip @xncel -
 CHARMM>         ymin @y1  ymax @y2  ygrip @yncel -
 CHARMM>         zmin @a   zmax @b   zgrip 5
 Parameter: X1 -> "-43.6244258"
 Parameter: X2 -> "43.6252187"
 Parameter: XNCEL -> "436"
 Parameter: Y1 -> "-43.6309926"
 Parameter: Y2 -> "43.6230242"
 Parameter: YNCEL -> "436"
 Parameter: A -> "12.6"
 Parameter: B -> "12.8"

 A TOTAL OF   444907   VACUUM POINTS WERE FOUND
 A TOTAL OF   505573 OCCUPIED POINTS WERE FOUND
 A TOTAL OF        0 EXTERNAL POINTS WERE FOUND
 A TOTAL OF   444907 SELECTED POINTS WERE FOUND
 TOTAL OCCUPIED  VOLUME =     809.878706
 TOTAL SELECTED  VOLUME =     712.697683
 TOTAL FREE      VOLUME =     712.697683
 FRACTIONAL FREE VOLUME =      46.808665
  
 CHARMM>     
  
 CHARMM>    calc c = ?volume * @factor
 Parameter: FACTOR -> "5"
 RDCMND substituted energy or value "?VOLUME" to "809.878706"
Evaluating: 809.878706*5
 Parameter: C <- "4049.39353"
  
 CHARMM>     
  
 CHARMM>    if a .lt. -10 if a .gt. -20 if c .gt. @botarea set botarea = @c
 Parameter: BOTAREA -> "3928.19358"
 Parameter: C -> "4049.39353"
 Comparing "12.6" and "-10".
 IF test evaluated as false.  Skipping command
  
 CHARMM>    if a .gt.  10 if a .lt.  20 if c .gt. @toparea set toparea = @c
 Parameter: TOPAREA -> "4048.21614"
 Parameter: C -> "4049.39353"
 Comparing "12.6" and "10".
 IF test evaluated as true.  Performing command
 Comparing "12.6" and "20".
 IF test evaluated as true.  Performing command
 Comparing "4049.39353" and "4048.21614".
 IF test evaluated as true.  Performing command
 Parameter: TOPAREA <- "4049.39353"
  
 CHARMM>     
  
 CHARMM>    write title unit 51
 RDTITL> * 12.8  4049.39353
 RDTITL> *
  
 CHARMM>     
  
 CHARMM>    incr a by @dcel
 Parameter: DCEL -> "0.2"
 Parameter: A <- "12.8"
  
 CHARMM>    incr b by @dcel
 Parameter: DCEL -> "0.2"
 Parameter: B <- "13"
  
 CHARMM>    if b le ?ZMAX goto DOAREA
 RDCMND substituted energy or value "?ZMAX" to "33.3514749"
 Comparing "13" and "33.3514749".
 IF test evaluated as true.  Performing command
  
 CHARMM>     
  
 CHARMM>    ! Cross sectional protein area with whole atom.
 CHARMM>    scalar wmain = radius
  
 CHARMM>    scalar wmain mult 2.5   sele resname TIP3 end
 SELRPN>      0 atoms have been selected out of  15156
  
 CHARMM>    scalar wmain add  1.529 sele .not. resname TIP3 end
 SELRPN>  15156 atoms have been selected out of  15156
  
 CHARMM>    scalar wmain mult 0.85  sele .not. resname TIP3 end
 SELRPN>  15156 atoms have been selected out of  15156
  
 CHARMM>    calc zab = ( @a + @b ) / 2.0
 Parameter: A -> "12.8"
 Parameter: B -> "13"
Evaluating: (12.8+13)/2.0
 Parameter: ZAB <- "12.9"
  
 CHARMM>     
  
 CHARMM>    coor search -
 CHARMM>         xmin @x1  xmax @x2  xgrip @xncel -
 CHARMM>         ymin @y1  ymax @y2  ygrip @yncel -
 CHARMM>         zmin @a   zmax @b   zgrip 5
 Parameter: X1 -> "-43.6244258"
 Parameter: X2 -> "43.6252187"
 Parameter: XNCEL -> "436"
 Parameter: Y1 -> "-43.6309926"
 Parameter: Y2 -> "43.6230242"
 Parameter: YNCEL -> "436"
 Parameter: A -> "12.8"
 Parameter: B -> "13"

 A TOTAL OF   444813   VACUUM POINTS WERE FOUND
 A TOTAL OF   505667 OCCUPIED POINTS WERE FOUND
 A TOTAL OF        0 EXTERNAL POINTS WERE FOUND
 A TOTAL OF   444813 SELECTED POINTS WERE FOUND
 TOTAL OCCUPIED  VOLUME =     810.029285
 TOTAL SELECTED  VOLUME =     712.547104
 TOTAL FREE      VOLUME =     712.547104
 FRACTIONAL FREE VOLUME =      46.798775
  
 CHARMM>     
  
 CHARMM>    calc c = ?volume * @factor
 Parameter: FACTOR -> "5"
 RDCMND substituted energy or value "?VOLUME" to "810.029285"
Evaluating: 810.029285*5
 Parameter: C <- "4050.14642"
  
 CHARMM>     
  
 CHARMM>    if a .lt. -10 if a .gt. -20 if c .gt. @botarea set botarea = @c
 Parameter: BOTAREA -> "3928.19358"
 Parameter: C -> "4050.14642"
 Comparing "12.8" and "-10".
 IF test evaluated as false.  Skipping command
  
 CHARMM>    if a .gt.  10 if a .lt.  20 if c .gt. @toparea set toparea = @c
 Parameter: TOPAREA -> "4049.39353"
 Parameter: C -> "4050.14642"
 Comparing "12.8" and "10".
 IF test evaluated as true.  Performing command
 Comparing "12.8" and "20".
 IF test evaluated as true.  Performing command
 Comparing "4050.14642" and "4049.39353".
 IF test evaluated as true.  Performing command
 Parameter: TOPAREA <- "4050.14642"
  
 CHARMM>     
  
 CHARMM>    write title unit 51
 RDTITL> * 13  4050.14642
 RDTITL> *
  
 CHARMM>     
  
 CHARMM>    incr a by @dcel
 Parameter: DCEL -> "0.2"
 Parameter: A <- "13"
  
 CHARMM>    incr b by @dcel
 Parameter: DCEL -> "0.2"
 Parameter: B <- "13.2"
  
 CHARMM>    if b le ?ZMAX goto DOAREA
 RDCMND substituted energy or value "?ZMAX" to "33.3514749"
 Comparing "13.2" and "33.3514749".
 IF test evaluated as true.  Performing command
  
 CHARMM>     
  
 CHARMM>    ! Cross sectional protein area with whole atom.
 CHARMM>    scalar wmain = radius
  
 CHARMM>    scalar wmain mult 2.5   sele resname TIP3 end
 SELRPN>      0 atoms have been selected out of  15156
  
 CHARMM>    scalar wmain add  1.529 sele .not. resname TIP3 end
 SELRPN>  15156 atoms have been selected out of  15156
  
 CHARMM>    scalar wmain mult 0.85  sele .not. resname TIP3 end
 SELRPN>  15156 atoms have been selected out of  15156
  
 CHARMM>    calc zab = ( @a + @b ) / 2.0
 Parameter: A -> "13"
 Parameter: B -> "13.2"
Evaluating: (13+13.2)/2.0
 Parameter: ZAB <- "13.1"
  
 CHARMM>     
  
 CHARMM>    coor search -
 CHARMM>         xmin @x1  xmax @x2  xgrip @xncel -
 CHARMM>         ymin @y1  ymax @y2  ygrip @yncel -
 CHARMM>         zmin @a   zmax @b   zgrip 5
 Parameter: X1 -> "-43.6244258"
 Parameter: X2 -> "43.6252187"
 Parameter: XNCEL -> "436"
 Parameter: Y1 -> "-43.6309926"
 Parameter: Y2 -> "43.6230242"
 Parameter: YNCEL -> "436"
 Parameter: A -> "13"
 Parameter: B -> "13.2"

 A TOTAL OF   444784   VACUUM POINTS WERE FOUND
 A TOTAL OF   505696 OCCUPIED POINTS WERE FOUND
 A TOTAL OF        0 EXTERNAL POINTS WERE FOUND
 A TOTAL OF   444784 SELECTED POINTS WERE FOUND
 TOTAL OCCUPIED  VOLUME =     810.075740
 TOTAL SELECTED  VOLUME =     712.500649
 TOTAL FREE      VOLUME =     712.500649
 FRACTIONAL FREE VOLUME =      46.795724
  
 CHARMM>     
  
 CHARMM>    calc c = ?volume * @factor
 Parameter: FACTOR -> "5"
 RDCMND substituted energy or value "?VOLUME" to "810.07574"
Evaluating: 810.07574*5
 Parameter: C <- "4050.3787"
  
 CHARMM>     
  
 CHARMM>    if a .lt. -10 if a .gt. -20 if c .gt. @botarea set botarea = @c
 Parameter: BOTAREA -> "3928.19358"
 Parameter: C -> "4050.3787"
 Comparing "13" and "-10".
 IF test evaluated as false.  Skipping command
  
 CHARMM>    if a .gt.  10 if a .lt.  20 if c .gt. @toparea set toparea = @c
 Parameter: TOPAREA -> "4050.14642"
 Parameter: C -> "4050.3787"
 Comparing "13" and "10".
 IF test evaluated as true.  Performing command
 Comparing "13" and "20".
 IF test evaluated as true.  Performing command
 Comparing "4050.3787" and "4050.14642".
 IF test evaluated as true.  Performing command
 Parameter: TOPAREA <- "4050.3787"
  
 CHARMM>     
  
 CHARMM>    write title unit 51
 RDTITL> * 13.2  4050.3787
 RDTITL> *
  
 CHARMM>     
  
 CHARMM>    incr a by @dcel
 Parameter: DCEL -> "0.2"
 Parameter: A <- "13.2"
  
 CHARMM>    incr b by @dcel
 Parameter: DCEL -> "0.2"
 Parameter: B <- "13.4"
  
 CHARMM>    if b le ?ZMAX goto DOAREA
 RDCMND substituted energy or value "?ZMAX" to "33.3514749"
 Comparing "13.4" and "33.3514749".
 IF test evaluated as true.  Performing command
  
 CHARMM>     
  
 CHARMM>    ! Cross sectional protein area with whole atom.
 CHARMM>    scalar wmain = radius
  
 CHARMM>    scalar wmain mult 2.5   sele resname TIP3 end
 SELRPN>      0 atoms have been selected out of  15156
  
 CHARMM>    scalar wmain add  1.529 sele .not. resname TIP3 end
 SELRPN>  15156 atoms have been selected out of  15156
  
 CHARMM>    scalar wmain mult 0.85  sele .not. resname TIP3 end
 SELRPN>  15156 atoms have been selected out of  15156
  
 CHARMM>    calc zab = ( @a + @b ) / 2.0
 Parameter: A -> "13.2"
 Parameter: B -> "13.4"
Evaluating: (13.2+13.4)/2.0
 Parameter: ZAB <- "13.3"
  
 CHARMM>     
  
 CHARMM>    coor search -
 CHARMM>         xmin @x1  xmax @x2  xgrip @xncel -
 CHARMM>         ymin @y1  ymax @y2  ygrip @yncel -
 CHARMM>         zmin @a   zmax @b   zgrip 5
 Parameter: X1 -> "-43.6244258"
 Parameter: X2 -> "43.6252187"
 Parameter: XNCEL -> "436"
 Parameter: Y1 -> "-43.6309926"
 Parameter: Y2 -> "43.6230242"
 Parameter: YNCEL -> "436"
 Parameter: A -> "13.2"
 Parameter: B -> "13.4"

 A TOTAL OF   444036   VACUUM POINTS WERE FOUND
 A TOTAL OF   506444 OCCUPIED POINTS WERE FOUND
 A TOTAL OF        0 EXTERNAL POINTS WERE FOUND
 A TOTAL OF   444036 SELECTED POINTS WERE FOUND
 TOTAL OCCUPIED  VOLUME =     811.273964
 TOTAL SELECTED  VOLUME =     711.302426
 TOTAL FREE      VOLUME =     711.302426
 FRACTIONAL FREE VOLUME =      46.717027
  
 CHARMM>     
  
 CHARMM>    calc c = ?volume * @factor
 Parameter: FACTOR -> "5"
 RDCMND substituted energy or value "?VOLUME" to "811.273964"
Evaluating: 811.273964*5
 Parameter: C <- "4056.36982"
  
 CHARMM>     
  
 CHARMM>    if a .lt. -10 if a .gt. -20 if c .gt. @botarea set botarea = @c
 Parameter: BOTAREA -> "3928.19358"
 Parameter: C -> "4056.36982"
 Comparing "13.2" and "-10".
 IF test evaluated as false.  Skipping command
  
 CHARMM>    if a .gt.  10 if a .lt.  20 if c .gt. @toparea set toparea = @c
 Parameter: TOPAREA -> "4050.3787"
 Parameter: C -> "4056.36982"
 Comparing "13.2" and "10".
 IF test evaluated as true.  Performing command
 Comparing "13.2" and "20".
 IF test evaluated as true.  Performing command
 Comparing "4056.36982" and "4050.3787".
 IF test evaluated as true.  Performing command
 Parameter: TOPAREA <- "4056.36982"
  
 CHARMM>     
  
 CHARMM>    write title unit 51
 RDTITL> * 13.4  4056.36982
 RDTITL> *
  
 CHARMM>     
  
 CHARMM>    incr a by @dcel
 Parameter: DCEL -> "0.2"
 Parameter: A <- "13.4"
  
 CHARMM>    incr b by @dcel
 Parameter: DCEL -> "0.2"
 Parameter: B <- "13.6"
  
 CHARMM>    if b le ?ZMAX goto DOAREA
 RDCMND substituted energy or value "?ZMAX" to "33.3514749"
 Comparing "13.6" and "33.3514749".
 IF test evaluated as true.  Performing command
  
 CHARMM>     
  
 CHARMM>    ! Cross sectional protein area with whole atom.
 CHARMM>    scalar wmain = radius
  
 CHARMM>    scalar wmain mult 2.5   sele resname TIP3 end
 SELRPN>      0 atoms have been selected out of  15156
  
 CHARMM>    scalar wmain add  1.529 sele .not. resname TIP3 end
 SELRPN>  15156 atoms have been selected out of  15156
  
 CHARMM>    scalar wmain mult 0.85  sele .not. resname TIP3 end
 SELRPN>  15156 atoms have been selected out of  15156
  
 CHARMM>    calc zab = ( @a + @b ) / 2.0
 Parameter: A -> "13.4"
 Parameter: B -> "13.6"
Evaluating: (13.4+13.6)/2.0
 Parameter: ZAB <- "13.5"
  
 CHARMM>     
  
 CHARMM>    coor search -
 CHARMM>         xmin @x1  xmax @x2  xgrip @xncel -
 CHARMM>         ymin @y1  ymax @y2  ygrip @yncel -
 CHARMM>         zmin @a   zmax @b   zgrip 5
 Parameter: X1 -> "-43.6244258"
 Parameter: X2 -> "43.6252187"
 Parameter: XNCEL -> "436"
 Parameter: Y1 -> "-43.6309926"
 Parameter: Y2 -> "43.6230242"
 Parameter: YNCEL -> "436"
 Parameter: A -> "13.4"
 Parameter: B -> "13.6"

 A TOTAL OF   444417   VACUUM POINTS WERE FOUND
 A TOTAL OF   506063 OCCUPIED POINTS WERE FOUND
 A TOTAL OF        0 EXTERNAL POINTS WERE FOUND
 A TOTAL OF   444417 SELECTED POINTS WERE FOUND
 TOTAL OCCUPIED  VOLUME =     810.663639
 TOTAL SELECTED  VOLUME =     711.912751
 TOTAL FREE      VOLUME =     711.912751
 FRACTIONAL FREE VOLUME =      46.757112
  
 CHARMM>     
  
 CHARMM>    calc c = ?volume * @factor
 Parameter: FACTOR -> "5"
 RDCMND substituted energy or value "?VOLUME" to "810.663639"
Evaluating: 810.663639*5
 Parameter: C <- "4053.31819"
  
 CHARMM>     
  
 CHARMM>    if a .lt. -10 if a .gt. -20 if c .gt. @botarea set botarea = @c
 Parameter: BOTAREA -> "3928.19358"
 Parameter: C -> "4053.31819"
 Comparing "13.4" and "-10".
 IF test evaluated as false.  Skipping command
  
 CHARMM>    if a .gt.  10 if a .lt.  20 if c .gt. @toparea set toparea = @c
 Parameter: TOPAREA -> "4056.36982"
 Parameter: C -> "4053.31819"
 Comparing "13.4" and "10".
 IF test evaluated as true.  Performing command
 Comparing "13.4" and "20".
 IF test evaluated as true.  Performing command
 Comparing "4053.31819" and "4056.36982".
 IF test evaluated as false.  Skipping command
  
 CHARMM>     
  
 CHARMM>    write title unit 51
 RDTITL> * 13.6  4053.31819
 RDTITL> *
  
 CHARMM>     
  
 CHARMM>    incr a by @dcel
 Parameter: DCEL -> "0.2"
 Parameter: A <- "13.6"
  
 CHARMM>    incr b by @dcel
 Parameter: DCEL -> "0.2"
 Parameter: B <- "13.8"
  
 CHARMM>    if b le ?ZMAX goto DOAREA
 RDCMND substituted energy or value "?ZMAX" to "33.3514749"
 Comparing "13.8" and "33.3514749".
 IF test evaluated as true.  Performing command
  
 CHARMM>     
  
 CHARMM>    ! Cross sectional protein area with whole atom.
 CHARMM>    scalar wmain = radius
  
 CHARMM>    scalar wmain mult 2.5   sele resname TIP3 end
 SELRPN>      0 atoms have been selected out of  15156
  
 CHARMM>    scalar wmain add  1.529 sele .not. resname TIP3 end
 SELRPN>  15156 atoms have been selected out of  15156
  
 CHARMM>    scalar wmain mult 0.85  sele .not. resname TIP3 end
 SELRPN>  15156 atoms have been selected out of  15156
  
 CHARMM>    calc zab = ( @a + @b ) / 2.0
 Parameter: A -> "13.6"
 Parameter: B -> "13.8"
Evaluating: (13.6+13.8)/2.0
 Parameter: ZAB <- "13.7"
  
 CHARMM>     
  
 CHARMM>    coor search -
 CHARMM>         xmin @x1  xmax @x2  xgrip @xncel -
 CHARMM>         ymin @y1  ymax @y2  ygrip @yncel -
 CHARMM>         zmin @a   zmax @b   zgrip 5
 Parameter: X1 -> "-43.6244258"
 Parameter: X2 -> "43.6252187"
 Parameter: XNCEL -> "436"
 Parameter: Y1 -> "-43.6309926"
 Parameter: Y2 -> "43.6230242"
 Parameter: YNCEL -> "436"
 Parameter: A -> "13.6"
 Parameter: B -> "13.8"

 A TOTAL OF   444946   VACUUM POINTS WERE FOUND
 A TOTAL OF   505534 OCCUPIED POINTS WERE FOUND
 A TOTAL OF        0 EXTERNAL POINTS WERE FOUND
 A TOTAL OF   444946 SELECTED POINTS WERE FOUND
 TOTAL OCCUPIED  VOLUME =     809.816232
 TOTAL SELECTED  VOLUME =     712.760157
 TOTAL FREE      VOLUME =     712.760157
 FRACTIONAL FREE VOLUME =      46.812768
  
 CHARMM>     
  
 CHARMM>    calc c = ?volume * @factor
 Parameter: FACTOR -> "5"
 RDCMND substituted energy or value "?VOLUME" to "809.816232"
Evaluating: 809.816232*5
 Parameter: C <- "4049.08116"
  
 CHARMM>     
  
 CHARMM>    if a .lt. -10 if a .gt. -20 if c .gt. @botarea set botarea = @c
 Parameter: BOTAREA -> "3928.19358"
 Parameter: C -> "4049.08116"
 Comparing "13.6" and "-10".
 IF test evaluated as false.  Skipping command
  
 CHARMM>    if a .gt.  10 if a .lt.  20 if c .gt. @toparea set toparea = @c
 Parameter: TOPAREA -> "4056.36982"
 Parameter: C -> "4049.08116"
 Comparing "13.6" and "10".
 IF test evaluated as true.  Performing command
 Comparing "13.6" and "20".
 IF test evaluated as true.  Performing command
 Comparing "4049.08116" and "4056.36982".
 IF test evaluated as false.  Skipping command
  
 CHARMM>     
  
 CHARMM>    write title unit 51
 RDTITL> * 13.8  4049.08116
 RDTITL> *
  
 CHARMM>     
  
 CHARMM>    incr a by @dcel
 Parameter: DCEL -> "0.2"
 Parameter: A <- "13.8"
  
 CHARMM>    incr b by @dcel
 Parameter: DCEL -> "0.2"
 Parameter: B <- "14"
  
 CHARMM>    if b le ?ZMAX goto DOAREA
 RDCMND substituted energy or value "?ZMAX" to "33.3514749"
 Comparing "14" and "33.3514749".
 IF test evaluated as true.  Performing command
  
 CHARMM>     
  
 CHARMM>    ! Cross sectional protein area with whole atom.
 CHARMM>    scalar wmain = radius
  
 CHARMM>    scalar wmain mult 2.5   sele resname TIP3 end
 SELRPN>      0 atoms have been selected out of  15156
  
 CHARMM>    scalar wmain add  1.529 sele .not. resname TIP3 end
 SELRPN>  15156 atoms have been selected out of  15156
  
 CHARMM>    scalar wmain mult 0.85  sele .not. resname TIP3 end
 SELRPN>  15156 atoms have been selected out of  15156
  
 CHARMM>    calc zab = ( @a + @b ) / 2.0
 Parameter: A -> "13.8"
 Parameter: B -> "14"
Evaluating: (13.8+14)/2.0
 Parameter: ZAB <- "13.9"
  
 CHARMM>     
  
 CHARMM>    coor search -
 CHARMM>         xmin @x1  xmax @x2  xgrip @xncel -
 CHARMM>         ymin @y1  ymax @y2  ygrip @yncel -
 CHARMM>         zmin @a   zmax @b   zgrip 5
 Parameter: X1 -> "-43.6244258"
 Parameter: X2 -> "43.6252187"
 Parameter: XNCEL -> "436"
 Parameter: Y1 -> "-43.6309926"
 Parameter: Y2 -> "43.6230242"
 Parameter: YNCEL -> "436"
 Parameter: A -> "13.8"
 Parameter: B -> "14"

 A TOTAL OF   444615   VACUUM POINTS WERE FOUND
 A TOTAL OF   505865 OCCUPIED POINTS WERE FOUND
 A TOTAL OF        0 EXTERNAL POINTS WERE FOUND
 A TOTAL OF   444615 SELECTED POINTS WERE FOUND
 TOTAL OCCUPIED  VOLUME =     810.346462
 TOTAL SELECTED  VOLUME =     712.229927
 TOTAL FREE      VOLUME =     712.229927
 FRACTIONAL FREE VOLUME =      46.777944
  
 CHARMM>     
  
 CHARMM>    calc c = ?volume * @factor
 Parameter: FACTOR -> "5"
 RDCMND substituted energy or value "?VOLUME" to "810.346462"
Evaluating: 810.346462*5
 Parameter: C <- "4051.73231"
  
 CHARMM>     
  
 CHARMM>    if a .lt. -10 if a .gt. -20 if c .gt. @botarea set botarea = @c
 Parameter: BOTAREA -> "3928.19358"
 Parameter: C -> "4051.73231"
 Comparing "13.8" and "-10".
 IF test evaluated as false.  Skipping command
  
 CHARMM>    if a .gt.  10 if a .lt.  20 if c .gt. @toparea set toparea = @c
 Parameter: TOPAREA -> "4056.36982"
 Parameter: C -> "4051.73231"
 Comparing "13.8" and "10".
 IF test evaluated as true.  Performing command
 Comparing "13.8" and "20".
 IF test evaluated as true.  Performing command
 Comparing "4051.73231" and "4056.36982".
 IF test evaluated as false.  Skipping command
  
 CHARMM>     
  
 CHARMM>    write title unit 51
 RDTITL> * 14  4051.73231
 RDTITL> *
  
 CHARMM>     
  
 CHARMM>    incr a by @dcel
 Parameter: DCEL -> "0.2"
 Parameter: A <- "14"
  
 CHARMM>    incr b by @dcel
 Parameter: DCEL -> "0.2"
 Parameter: B <- "14.2"
  
 CHARMM>    if b le ?ZMAX goto DOAREA
 RDCMND substituted energy or value "?ZMAX" to "33.3514749"
 Comparing "14.2" and "33.3514749".
 IF test evaluated as true.  Performing command
  
 CHARMM>     
  
 CHARMM>    ! Cross sectional protein area with whole atom.
 CHARMM>    scalar wmain = radius
  
 CHARMM>    scalar wmain mult 2.5   sele resname TIP3 end
 SELRPN>      0 atoms have been selected out of  15156
  
 CHARMM>    scalar wmain add  1.529 sele .not. resname TIP3 end
 SELRPN>  15156 atoms have been selected out of  15156
  
 CHARMM>    scalar wmain mult 0.85  sele .not. resname TIP3 end
 SELRPN>  15156 atoms have been selected out of  15156
  
 CHARMM>    calc zab = ( @a + @b ) / 2.0
 Parameter: A -> "14"
 Parameter: B -> "14.2"
Evaluating: (14+14.2)/2.0
 Parameter: ZAB <- "14.1"
  
 CHARMM>     
  
 CHARMM>    coor search -
 CHARMM>         xmin @x1  xmax @x2  xgrip @xncel -
 CHARMM>         ymin @y1  ymax @y2  ygrip @yncel -
 CHARMM>         zmin @a   zmax @b   zgrip 5
 Parameter: X1 -> "-43.6244258"
 Parameter: X2 -> "43.6252187"
 Parameter: XNCEL -> "436"
 Parameter: Y1 -> "-43.6309926"
 Parameter: Y2 -> "43.6230242"
 Parameter: YNCEL -> "436"
 Parameter: A -> "14"
 Parameter: B -> "14.2"

 A TOTAL OF   443163   VACUUM POINTS WERE FOUND
 A TOTAL OF   507317 OCCUPIED POINTS WERE FOUND
 A TOTAL OF        0 EXTERNAL POINTS WERE FOUND
 A TOTAL OF   443163 SELECTED POINTS WERE FOUND
 TOTAL OCCUPIED  VOLUME =     812.672425
 TOTAL SELECTED  VOLUME =     709.903965
 TOTAL FREE      VOLUME =     709.903965
 FRACTIONAL FREE VOLUME =      46.625179
  
 CHARMM>     
  
 CHARMM>    calc c = ?volume * @factor
 Parameter: FACTOR -> "5"
 RDCMND substituted energy or value "?VOLUME" to "812.672425"
Evaluating: 812.672425*5
 Parameter: C <- "4063.36212"
  
 CHARMM>     
  
 CHARMM>    if a .lt. -10 if a .gt. -20 if c .gt. @botarea set botarea = @c
 Parameter: BOTAREA -> "3928.19358"
 Parameter: C -> "4063.36212"
 Comparing "14" and "-10".
 IF test evaluated as false.  Skipping command
  
 CHARMM>    if a .gt.  10 if a .lt.  20 if c .gt. @toparea set toparea = @c
 Parameter: TOPAREA -> "4056.36982"
 Parameter: C -> "4063.36212"
 Comparing "14" and "10".
 IF test evaluated as true.  Performing command
 Comparing "14" and "20".
 IF test evaluated as true.  Performing command
 Comparing "4063.36212" and "4056.36982".
 IF test evaluated as true.  Performing command
 Parameter: TOPAREA <- "4063.36212"
  
 CHARMM>     
  
 CHARMM>    write title unit 51
 RDTITL> * 14.2  4063.36212
 RDTITL> *
  
 CHARMM>     
  
 CHARMM>    incr a by @dcel
 Parameter: DCEL -> "0.2"
 Parameter: A <- "14.2"
  
 CHARMM>    incr b by @dcel
 Parameter: DCEL -> "0.2"
 Parameter: B <- "14.4"
  
 CHARMM>    if b le ?ZMAX goto DOAREA
 RDCMND substituted energy or value "?ZMAX" to "33.3514749"
 Comparing "14.4" and "33.3514749".
 IF test evaluated as true.  Performing command
  
 CHARMM>     
  
 CHARMM>    ! Cross sectional protein area with whole atom.
 CHARMM>    scalar wmain = radius
  
 CHARMM>    scalar wmain mult 2.5   sele resname TIP3 end
 SELRPN>      0 atoms have been selected out of  15156
  
 CHARMM>    scalar wmain add  1.529 sele .not. resname TIP3 end
 SELRPN>  15156 atoms have been selected out of  15156
  
 CHARMM>    scalar wmain mult 0.85  sele .not. resname TIP3 end
 SELRPN>  15156 atoms have been selected out of  15156
  
 CHARMM>    calc zab = ( @a + @b ) / 2.0
 Parameter: A -> "14.2"
 Parameter: B -> "14.4"
Evaluating: (14.2+14.4)/2.0
 Parameter: ZAB <- "14.3"
  
 CHARMM>     
  
 CHARMM>    coor search -
 CHARMM>         xmin @x1  xmax @x2  xgrip @xncel -
 CHARMM>         ymin @y1  ymax @y2  ygrip @yncel -
 CHARMM>         zmin @a   zmax @b   zgrip 5
 Parameter: X1 -> "-43.6244258"
 Parameter: X2 -> "43.6252187"
 Parameter: XNCEL -> "436"
 Parameter: Y1 -> "-43.6309926"
 Parameter: Y2 -> "43.6230242"
 Parameter: YNCEL -> "436"
 Parameter: A -> "14.2"
 Parameter: B -> "14.4"

 A TOTAL OF   442148   VACUUM POINTS WERE FOUND
 A TOTAL OF   508332 OCCUPIED POINTS WERE FOUND
 A TOTAL OF        0 EXTERNAL POINTS WERE FOUND
 A TOTAL OF   442148 SELECTED POINTS WERE FOUND
 TOTAL OCCUPIED  VOLUME =     814.298356
 TOTAL SELECTED  VOLUME =     708.278034
 TOTAL FREE      VOLUME =     708.278034
 FRACTIONAL FREE VOLUME =      46.518391
  
 CHARMM>     
  
 CHARMM>    calc c = ?volume * @factor
 Parameter: FACTOR -> "5"
 RDCMND substituted energy or value "?VOLUME" to "814.298356"
Evaluating: 814.298356*5
 Parameter: C <- "4071.49178"
  
 CHARMM>     
  
 CHARMM>    if a .lt. -10 if a .gt. -20 if c .gt. @botarea set botarea = @c
 Parameter: BOTAREA -> "3928.19358"
 Parameter: C -> "4071.49178"
 Comparing "14.2" and "-10".
 IF test evaluated as false.  Skipping command
  
 CHARMM>    if a .gt.  10 if a .lt.  20 if c .gt. @toparea set toparea = @c
 Parameter: TOPAREA -> "4063.36212"
 Parameter: C -> "4071.49178"
 Comparing "14.2" and "10".
 IF test evaluated as true.  Performing command
 Comparing "14.2" and "20".
 IF test evaluated as true.  Performing command
 Comparing "4071.49178" and "4063.36212".
 IF test evaluated as true.  Performing command
 Parameter: TOPAREA <- "4071.49178"
  
 CHARMM>     
  
 CHARMM>    write title unit 51
 RDTITL> * 14.4  4071.49178
 RDTITL> *
  
 CHARMM>     
  
 CHARMM>    incr a by @dcel
 Parameter: DCEL -> "0.2"
 Parameter: A <- "14.4"
  
 CHARMM>    incr b by @dcel
 Parameter: DCEL -> "0.2"
 Parameter: B <- "14.6"
  
 CHARMM>    if b le ?ZMAX goto DOAREA
 RDCMND substituted energy or value "?ZMAX" to "33.3514749"
 Comparing "14.6" and "33.3514749".
 IF test evaluated as true.  Performing command
  
 CHARMM>     
  
 CHARMM>    ! Cross sectional protein area with whole atom.
 CHARMM>    scalar wmain = radius
  
 CHARMM>    scalar wmain mult 2.5   sele resname TIP3 end
 SELRPN>      0 atoms have been selected out of  15156
  
 CHARMM>    scalar wmain add  1.529 sele .not. resname TIP3 end
 SELRPN>  15156 atoms have been selected out of  15156
  
 CHARMM>    scalar wmain mult 0.85  sele .not. resname TIP3 end
 SELRPN>  15156 atoms have been selected out of  15156
  
 CHARMM>    calc zab = ( @a + @b ) / 2.0
 Parameter: A -> "14.4"
 Parameter: B -> "14.6"
Evaluating: (14.4+14.6)/2.0
 Parameter: ZAB <- "14.5"
  
 CHARMM>     
  
 CHARMM>    coor search -
 CHARMM>         xmin @x1  xmax @x2  xgrip @xncel -
 CHARMM>         ymin @y1  ymax @y2  ygrip @yncel -
 CHARMM>         zmin @a   zmax @b   zgrip 5
 Parameter: X1 -> "-43.6244258"
 Parameter: X2 -> "43.6252187"
 Parameter: XNCEL -> "436"
 Parameter: Y1 -> "-43.6309926"
 Parameter: Y2 -> "43.6230242"
 Parameter: YNCEL -> "436"
 Parameter: A -> "14.4"
 Parameter: B -> "14.6"

 A TOTAL OF   440709   VACUUM POINTS WERE FOUND
 A TOTAL OF   509771 OCCUPIED POINTS WERE FOUND
 A TOTAL OF        0 EXTERNAL POINTS WERE FOUND
 A TOTAL OF   440709 SELECTED POINTS WERE FOUND
 TOTAL OCCUPIED  VOLUME =     816.603494
 TOTAL SELECTED  VOLUME =     705.972896
 TOTAL FREE      VOLUME =     705.972896
 FRACTIONAL FREE VOLUME =      46.366994
  
 CHARMM>     
  
 CHARMM>    calc c = ?volume * @factor
 Parameter: FACTOR -> "5"
 RDCMND substituted energy or value "?VOLUME" to "816.603494"
Evaluating: 816.603494*5
 Parameter: C <- "4083.01747"
  
 CHARMM>     
  
 CHARMM>    if a .lt. -10 if a .gt. -20 if c .gt. @botarea set botarea = @c
 Parameter: BOTAREA -> "3928.19358"
 Parameter: C -> "4083.01747"
 Comparing "14.4" and "-10".
 IF test evaluated as false.  Skipping command
  
 CHARMM>    if a .gt.  10 if a .lt.  20 if c .gt. @toparea set toparea = @c
 Parameter: TOPAREA -> "4071.49178"
 Parameter: C -> "4083.01747"
 Comparing "14.4" and "10".
 IF test evaluated as true.  Performing command
 Comparing "14.4" and "20".
 IF test evaluated as true.  Performing command
 Comparing "4083.01747" and "4071.49178".
 IF test evaluated as true.  Performing command
 Parameter: TOPAREA <- "4083.01747"
  
 CHARMM>     
  
 CHARMM>    write title unit 51
 RDTITL> * 14.6  4083.01747
 RDTITL> *
  
 CHARMM>     
  
 CHARMM>    incr a by @dcel
 Parameter: DCEL -> "0.2"
 Parameter: A <- "14.6"
  
 CHARMM>    incr b by @dcel
 Parameter: DCEL -> "0.2"
 Parameter: B <- "14.8"
  
 CHARMM>    if b le ?ZMAX goto DOAREA
 RDCMND substituted energy or value "?ZMAX" to "33.3514749"
 Comparing "14.8" and "33.3514749".
 IF test evaluated as true.  Performing command
  
 CHARMM>     
  
 CHARMM>    ! Cross sectional protein area with whole atom.
 CHARMM>    scalar wmain = radius
  
 CHARMM>    scalar wmain mult 2.5   sele resname TIP3 end
 SELRPN>      0 atoms have been selected out of  15156
  
 CHARMM>    scalar wmain add  1.529 sele .not. resname TIP3 end
 SELRPN>  15156 atoms have been selected out of  15156
  
 CHARMM>    scalar wmain mult 0.85  sele .not. resname TIP3 end
 SELRPN>  15156 atoms have been selected out of  15156
  
 CHARMM>    calc zab = ( @a + @b ) / 2.0
 Parameter: A -> "14.6"
 Parameter: B -> "14.8"
Evaluating: (14.6+14.8)/2.0
 Parameter: ZAB <- "14.7"
  
 CHARMM>     
  
 CHARMM>    coor search -
 CHARMM>         xmin @x1  xmax @x2  xgrip @xncel -
 CHARMM>         ymin @y1  ymax @y2  ygrip @yncel -
 CHARMM>         zmin @a   zmax @b   zgrip 5
 Parameter: X1 -> "-43.6244258"
 Parameter: X2 -> "43.6252187"
 Parameter: XNCEL -> "436"
 Parameter: Y1 -> "-43.6309926"
 Parameter: Y2 -> "43.6230242"
 Parameter: YNCEL -> "436"
 Parameter: A -> "14.6"
 Parameter: B -> "14.8"

 A TOTAL OF   438900   VACUUM POINTS WERE FOUND
 A TOTAL OF   511580 OCCUPIED POINTS WERE FOUND
 A TOTAL OF        0 EXTERNAL POINTS WERE FOUND
 A TOTAL OF   438900 SELECTED POINTS WERE FOUND
 TOTAL OCCUPIED  VOLUME =     819.501335
 TOTAL SELECTED  VOLUME =     703.075054
 TOTAL FREE      VOLUME =     703.075054
 FRACTIONAL FREE VOLUME =      46.176669
  
 CHARMM>     
  
 CHARMM>    calc c = ?volume * @factor
 Parameter: FACTOR -> "5"
 RDCMND substituted energy or value "?VOLUME" to "819.501335"
Evaluating: 819.501335*5
 Parameter: C <- "4097.50668"
  
 CHARMM>     
  
 CHARMM>    if a .lt. -10 if a .gt. -20 if c .gt. @botarea set botarea = @c
 Parameter: BOTAREA -> "3928.19358"
 Parameter: C -> "4097.50668"
 Comparing "14.6" and "-10".
 IF test evaluated as false.  Skipping command
  
 CHARMM>    if a .gt.  10 if a .lt.  20 if c .gt. @toparea set toparea = @c
 Parameter: TOPAREA -> "4083.01747"
 Parameter: C -> "4097.50668"
 Comparing "14.6" and "10".
 IF test evaluated as true.  Performing command
 Comparing "14.6" and "20".
 IF test evaluated as true.  Performing command
 Comparing "4097.50668" and "4083.01747".
 IF test evaluated as true.  Performing command
 Parameter: TOPAREA <- "4097.50668"
  
 CHARMM>     
  
 CHARMM>    write title unit 51
 RDTITL> * 14.8  4097.50668
 RDTITL> *
  
 CHARMM>     
  
 CHARMM>    incr a by @dcel
 Parameter: DCEL -> "0.2"
 Parameter: A <- "14.8"
  
 CHARMM>    incr b by @dcel
 Parameter: DCEL -> "0.2"
 Parameter: B <- "15"
  
 CHARMM>    if b le ?ZMAX goto DOAREA
 RDCMND substituted energy or value "?ZMAX" to "33.3514749"
 Comparing "15" and "33.3514749".
 IF test evaluated as true.  Performing command
  
 CHARMM>     
  
 CHARMM>    ! Cross sectional protein area with whole atom.
 CHARMM>    scalar wmain = radius
  
 CHARMM>    scalar wmain mult 2.5   sele resname TIP3 end
 SELRPN>      0 atoms have been selected out of  15156
  
 CHARMM>    scalar wmain add  1.529 sele .not. resname TIP3 end
 SELRPN>  15156 atoms have been selected out of  15156
  
 CHARMM>    scalar wmain mult 0.85  sele .not. resname TIP3 end
 SELRPN>  15156 atoms have been selected out of  15156
  
 CHARMM>    calc zab = ( @a + @b ) / 2.0
 Parameter: A -> "14.8"
 Parameter: B -> "15"
Evaluating: (14.8+15)/2.0
 Parameter: ZAB <- "14.9"
  
 CHARMM>     
  
 CHARMM>    coor search -
 CHARMM>         xmin @x1  xmax @x2  xgrip @xncel -
 CHARMM>         ymin @y1  ymax @y2  ygrip @yncel -
 CHARMM>         zmin @a   zmax @b   zgrip 5
 Parameter: X1 -> "-43.6244258"
 Parameter: X2 -> "43.6252187"
 Parameter: XNCEL -> "436"
 Parameter: Y1 -> "-43.6309926"
 Parameter: Y2 -> "43.6230242"
 Parameter: YNCEL -> "436"
 Parameter: A -> "14.8"
 Parameter: B -> "15"

 A TOTAL OF   436873   VACUUM POINTS WERE FOUND
 A TOTAL OF   513607 OCCUPIED POINTS WERE FOUND
 A TOTAL OF        0 EXTERNAL POINTS WERE FOUND
 A TOTAL OF   436873 SELECTED POINTS WERE FOUND
 TOTAL OCCUPIED  VOLUME =     822.748392
 TOTAL SELECTED  VOLUME =     699.827997
 TOTAL FREE      VOLUME =     699.827997
 FRACTIONAL FREE VOLUME =      45.963408
  
 CHARMM>     
  
 CHARMM>    calc c = ?volume * @factor
 Parameter: FACTOR -> "5"
 RDCMND substituted energy or value "?VOLUME" to "822.748392"
Evaluating: 822.748392*5
 Parameter: C <- "4113.74196"
  
 CHARMM>     
  
 CHARMM>    if a .lt. -10 if a .gt. -20 if c .gt. @botarea set botarea = @c
 Parameter: BOTAREA -> "3928.19358"
 Parameter: C -> "4113.74196"
 Comparing "14.8" and "-10".
 IF test evaluated as false.  Skipping command
  
 CHARMM>    if a .gt.  10 if a .lt.  20 if c .gt. @toparea set toparea = @c
 Parameter: TOPAREA -> "4097.50668"
 Parameter: C -> "4113.74196"
 Comparing "14.8" and "10".
 IF test evaluated as true.  Performing command
 Comparing "14.8" and "20".
 IF test evaluated as true.  Performing command
 Comparing "4113.74196" and "4097.50668".
 IF test evaluated as true.  Performing command
 Parameter: TOPAREA <- "4113.74196"
  
 CHARMM>     
  
 CHARMM>    write title unit 51
 RDTITL> * 15  4113.74196
 RDTITL> *
  
 CHARMM>     
  
 CHARMM>    incr a by @dcel
 Parameter: DCEL -> "0.2"
 Parameter: A <- "15"
  
 CHARMM>    incr b by @dcel
 Parameter: DCEL -> "0.2"
 Parameter: B <- "15.2"
  
 CHARMM>    if b le ?ZMAX goto DOAREA
 RDCMND substituted energy or value "?ZMAX" to "33.3514749"
 Comparing "15.2" and "33.3514749".
 IF test evaluated as true.  Performing command
  
 CHARMM>     
  
 CHARMM>    ! Cross sectional protein area with whole atom.
 CHARMM>    scalar wmain = radius
  
 CHARMM>    scalar wmain mult 2.5   sele resname TIP3 end
 SELRPN>      0 atoms have been selected out of  15156
  
 CHARMM>    scalar wmain add  1.529 sele .not. resname TIP3 end
 SELRPN>  15156 atoms have been selected out of  15156
  
 CHARMM>    scalar wmain mult 0.85  sele .not. resname TIP3 end
 SELRPN>  15156 atoms have been selected out of  15156
  
 CHARMM>    calc zab = ( @a + @b ) / 2.0
 Parameter: A -> "15"
 Parameter: B -> "15.2"
Evaluating: (15+15.2)/2.0
 Parameter: ZAB <- "15.1"
  
 CHARMM>     
  
 CHARMM>    coor search -
 CHARMM>         xmin @x1  xmax @x2  xgrip @xncel -
 CHARMM>         ymin @y1  ymax @y2  ygrip @yncel -
 CHARMM>         zmin @a   zmax @b   zgrip 5
 Parameter: X1 -> "-43.6244258"
 Parameter: X2 -> "43.6252187"
 Parameter: XNCEL -> "436"
 Parameter: Y1 -> "-43.6309926"
 Parameter: Y2 -> "43.6230242"
 Parameter: YNCEL -> "436"
 Parameter: A -> "15"
 Parameter: B -> "15.2"

 A TOTAL OF   435852   VACUUM POINTS WERE FOUND
 A TOTAL OF   514628 OCCUPIED POINTS WERE FOUND
 A TOTAL OF        0 EXTERNAL POINTS WERE FOUND
 A TOTAL OF   435852 SELECTED POINTS WERE FOUND
 TOTAL OCCUPIED  VOLUME =     824.383935
 TOTAL SELECTED  VOLUME =     698.192455
 TOTAL FREE      VOLUME =     698.192455
 FRACTIONAL FREE VOLUME =      45.855989
  
 CHARMM>     
  
 CHARMM>    calc c = ?volume * @factor
 Parameter: FACTOR -> "5"
 RDCMND substituted energy or value "?VOLUME" to "824.383935"
Evaluating: 824.383935*5
 Parameter: C <- "4121.91968"
  
 CHARMM>     
  
 CHARMM>    if a .lt. -10 if a .gt. -20 if c .gt. @botarea set botarea = @c
 Parameter: BOTAREA -> "3928.19358"
 Parameter: C -> "4121.91968"
 Comparing "15" and "-10".
 IF test evaluated as false.  Skipping command
  
 CHARMM>    if a .gt.  10 if a .lt.  20 if c .gt. @toparea set toparea = @c
 Parameter: TOPAREA -> "4113.74196"
 Parameter: C -> "4121.91968"
 Comparing "15" and "10".
 IF test evaluated as true.  Performing command
 Comparing "15" and "20".
 IF test evaluated as true.  Performing command
 Comparing "4121.91968" and "4113.74196".
 IF test evaluated as true.  Performing command
 Parameter: TOPAREA <- "4121.91968"
  
 CHARMM>     
  
 CHARMM>    write title unit 51
 RDTITL> * 15.2  4121.91968
 RDTITL> *
  
 CHARMM>     
  
 CHARMM>    incr a by @dcel
 Parameter: DCEL -> "0.2"
 Parameter: A <- "15.2"
  
 CHARMM>    incr b by @dcel
 Parameter: DCEL -> "0.2"
 Parameter: B <- "15.4"
  
 CHARMM>    if b le ?ZMAX goto DOAREA
 RDCMND substituted energy or value "?ZMAX" to "33.3514749"
 Comparing "15.4" and "33.3514749".
 IF test evaluated as true.  Performing command
  
 CHARMM>     
  
 CHARMM>    ! Cross sectional protein area with whole atom.
 CHARMM>    scalar wmain = radius
  
 CHARMM>    scalar wmain mult 2.5   sele resname TIP3 end
 SELRPN>      0 atoms have been selected out of  15156
  
 CHARMM>    scalar wmain add  1.529 sele .not. resname TIP3 end
 SELRPN>  15156 atoms have been selected out of  15156
  
 CHARMM>    scalar wmain mult 0.85  sele .not. resname TIP3 end
 SELRPN>  15156 atoms have been selected out of  15156
  
 CHARMM>    calc zab = ( @a + @b ) / 2.0
 Parameter: A -> "15.2"
 Parameter: B -> "15.4"
Evaluating: (15.2+15.4)/2.0
 Parameter: ZAB <- "15.3"
  
 CHARMM>     
  
 CHARMM>    coor search -
 CHARMM>         xmin @x1  xmax @x2  xgrip @xncel -
 CHARMM>         ymin @y1  ymax @y2  ygrip @yncel -
 CHARMM>         zmin @a   zmax @b   zgrip 5
 Parameter: X1 -> "-43.6244258"
 Parameter: X2 -> "43.6252187"
 Parameter: XNCEL -> "436"
 Parameter: Y1 -> "-43.6309926"
 Parameter: Y2 -> "43.6230242"
 Parameter: YNCEL -> "436"
 Parameter: A -> "15.2"
 Parameter: B -> "15.4"

 A TOTAL OF   434829   VACUUM POINTS WERE FOUND
 A TOTAL OF   515651 OCCUPIED POINTS WERE FOUND
 A TOTAL OF        0 EXTERNAL POINTS WERE FOUND
 A TOTAL OF   434829 SELECTED POINTS WERE FOUND
 TOTAL OCCUPIED  VOLUME =     826.022681
 TOTAL SELECTED  VOLUME =     696.553708
 TOTAL FREE      VOLUME =     696.553708
 FRACTIONAL FREE VOLUME =      45.748359
  
 CHARMM>     
  
 CHARMM>    calc c = ?volume * @factor
 Parameter: FACTOR -> "5"
 RDCMND substituted energy or value "?VOLUME" to "826.022681"
Evaluating: 826.022681*5
 Parameter: C <- "4130.11341"
  
 CHARMM>     
  
 CHARMM>    if a .lt. -10 if a .gt. -20 if c .gt. @botarea set botarea = @c
 Parameter: BOTAREA -> "3928.19358"
 Parameter: C -> "4130.11341"
 Comparing "15.2" and "-10".
 IF test evaluated as false.  Skipping command
  
 CHARMM>    if a .gt.  10 if a .lt.  20 if c .gt. @toparea set toparea = @c
 Parameter: TOPAREA -> "4121.91968"
 Parameter: C -> "4130.11341"
 Comparing "15.2" and "10".
 IF test evaluated as true.  Performing command
 Comparing "15.2" and "20".
 IF test evaluated as true.  Performing command
 Comparing "4130.11341" and "4121.91968".
 IF test evaluated as true.  Performing command
 Parameter: TOPAREA <- "4130.11341"
  
 CHARMM>     
  
 CHARMM>    write title unit 51
 RDTITL> * 15.4  4130.11341
 RDTITL> *
  
 CHARMM>     
  
 CHARMM>    incr a by @dcel
 Parameter: DCEL -> "0.2"
 Parameter: A <- "15.4"
  
 CHARMM>    incr b by @dcel
 Parameter: DCEL -> "0.2"
 Parameter: B <- "15.6"
  
 CHARMM>    if b le ?ZMAX goto DOAREA
 RDCMND substituted energy or value "?ZMAX" to "33.3514749"
 Comparing "15.6" and "33.3514749".
 IF test evaluated as true.  Performing command
  
 CHARMM>     
  
 CHARMM>    ! Cross sectional protein area with whole atom.
 CHARMM>    scalar wmain = radius
  
 CHARMM>    scalar wmain mult 2.5   sele resname TIP3 end
 SELRPN>      0 atoms have been selected out of  15156
  
 CHARMM>    scalar wmain add  1.529 sele .not. resname TIP3 end
 SELRPN>  15156 atoms have been selected out of  15156
  
 CHARMM>    scalar wmain mult 0.85  sele .not. resname TIP3 end
 SELRPN>  15156 atoms have been selected out of  15156
  
 CHARMM>    calc zab = ( @a + @b ) / 2.0
 Parameter: A -> "15.4"
 Parameter: B -> "15.6"
Evaluating: (15.4+15.6)/2.0
 Parameter: ZAB <- "15.5"
  
 CHARMM>     
  
 CHARMM>    coor search -
 CHARMM>         xmin @x1  xmax @x2  xgrip @xncel -
 CHARMM>         ymin @y1  ymax @y2  ygrip @yncel -
 CHARMM>         zmin @a   zmax @b   zgrip 5
 Parameter: X1 -> "-43.6244258"
 Parameter: X2 -> "43.6252187"
 Parameter: XNCEL -> "436"
 Parameter: Y1 -> "-43.6309926"
 Parameter: Y2 -> "43.6230242"
 Parameter: YNCEL -> "436"
 Parameter: A -> "15.4"
 Parameter: B -> "15.6"

 A TOTAL OF   433762   VACUUM POINTS WERE FOUND
 A TOTAL OF   516718 OCCUPIED POINTS WERE FOUND
 A TOTAL OF        0 EXTERNAL POINTS WERE FOUND
 A TOTAL OF   433762 SELECTED POINTS WERE FOUND
 TOTAL OCCUPIED  VOLUME =     827.731911
 TOTAL SELECTED  VOLUME =     694.844478
 TOTAL FREE      VOLUME =     694.844478
 FRACTIONAL FREE VOLUME =      45.636100
  
 CHARMM>     
  
 CHARMM>    calc c = ?volume * @factor
 Parameter: FACTOR -> "5"
 RDCMND substituted energy or value "?VOLUME" to "827.731911"
Evaluating: 827.731911*5
 Parameter: C <- "4138.65956"
  
 CHARMM>     
  
 CHARMM>    if a .lt. -10 if a .gt. -20 if c .gt. @botarea set botarea = @c
 Parameter: BOTAREA -> "3928.19358"
 Parameter: C -> "4138.65956"
 Comparing "15.4" and "-10".
 IF test evaluated as false.  Skipping command
  
 CHARMM>    if a .gt.  10 if a .lt.  20 if c .gt. @toparea set toparea = @c
 Parameter: TOPAREA -> "4130.11341"
 Parameter: C -> "4138.65956"
 Comparing "15.4" and "10".
 IF test evaluated as true.  Performing command
 Comparing "15.4" and "20".
 IF test evaluated as true.  Performing command
 Comparing "4138.65956" and "4130.11341".
 IF test evaluated as true.  Performing command
 Parameter: TOPAREA <- "4138.65956"
  
 CHARMM>     
  
 CHARMM>    write title unit 51
 RDTITL> * 15.6  4138.65956
 RDTITL> *
  
 CHARMM>     
  
 CHARMM>    incr a by @dcel
 Parameter: DCEL -> "0.2"
 Parameter: A <- "15.6"
  
 CHARMM>    incr b by @dcel
 Parameter: DCEL -> "0.2"
 Parameter: B <- "15.8"
  
 CHARMM>    if b le ?ZMAX goto DOAREA
 RDCMND substituted energy or value "?ZMAX" to "33.3514749"
 Comparing "15.8" and "33.3514749".
 IF test evaluated as true.  Performing command
  
 CHARMM>     
  
 CHARMM>    ! Cross sectional protein area with whole atom.
 CHARMM>    scalar wmain = radius
  
 CHARMM>    scalar wmain mult 2.5   sele resname TIP3 end
 SELRPN>      0 atoms have been selected out of  15156
  
 CHARMM>    scalar wmain add  1.529 sele .not. resname TIP3 end
 SELRPN>  15156 atoms have been selected out of  15156
  
 CHARMM>    scalar wmain mult 0.85  sele .not. resname TIP3 end
 SELRPN>  15156 atoms have been selected out of  15156
  
 CHARMM>    calc zab = ( @a + @b ) / 2.0
 Parameter: A -> "15.6"
 Parameter: B -> "15.8"
Evaluating: (15.6+15.8)/2.0
 Parameter: ZAB <- "15.7"
  
 CHARMM>     
  
 CHARMM>    coor search -
 CHARMM>         xmin @x1  xmax @x2  xgrip @xncel -
 CHARMM>         ymin @y1  ymax @y2  ygrip @yncel -
 CHARMM>         zmin @a   zmax @b   zgrip 5
 Parameter: X1 -> "-43.6244258"
 Parameter: X2 -> "43.6252187"
 Parameter: XNCEL -> "436"
 Parameter: Y1 -> "-43.6309926"
 Parameter: Y2 -> "43.6230242"
 Parameter: YNCEL -> "436"
 Parameter: A -> "15.6"
 Parameter: B -> "15.8"

 A TOTAL OF   433431   VACUUM POINTS WERE FOUND
 A TOTAL OF   517049 OCCUPIED POINTS WERE FOUND
 A TOTAL OF        0 EXTERNAL POINTS WERE FOUND
 A TOTAL OF   433431 SELECTED POINTS WERE FOUND
 TOTAL OCCUPIED  VOLUME =     828.262141
 TOTAL SELECTED  VOLUME =     694.314249
 TOTAL FREE      VOLUME =     694.314249
 FRACTIONAL FREE VOLUME =      45.601275
  
 CHARMM>     
  
 CHARMM>    calc c = ?volume * @factor
 Parameter: FACTOR -> "5"
 RDCMND substituted energy or value "?VOLUME" to "828.262141"
Evaluating: 828.262141*5
 Parameter: C <- "4141.3107"
  
 CHARMM>     
  
 CHARMM>    if a .lt. -10 if a .gt. -20 if c .gt. @botarea set botarea = @c
 Parameter: BOTAREA -> "3928.19358"
 Parameter: C -> "4141.3107"
 Comparing "15.6" and "-10".
 IF test evaluated as false.  Skipping command
  
 CHARMM>    if a .gt.  10 if a .lt.  20 if c .gt. @toparea set toparea = @c
 Parameter: TOPAREA -> "4138.65956"
 Parameter: C -> "4141.3107"
 Comparing "15.6" and "10".
 IF test evaluated as true.  Performing command
 Comparing "15.6" and "20".
 IF test evaluated as true.  Performing command
 Comparing "4141.3107" and "4138.65956".
 IF test evaluated as true.  Performing command
 Parameter: TOPAREA <- "4141.3107"
  
 CHARMM>     
  
 CHARMM>    write title unit 51
 RDTITL> * 15.8  4141.3107
 RDTITL> *
  
 CHARMM>     
  
 CHARMM>    incr a by @dcel
 Parameter: DCEL -> "0.2"
 Parameter: A <- "15.8"
  
 CHARMM>    incr b by @dcel
 Parameter: DCEL -> "0.2"
 Parameter: B <- "16"
  
 CHARMM>    if b le ?ZMAX goto DOAREA
 RDCMND substituted energy or value "?ZMAX" to "33.3514749"
 Comparing "16" and "33.3514749".
 IF test evaluated as true.  Performing command
  
 CHARMM>     
  
 CHARMM>    ! Cross sectional protein area with whole atom.
 CHARMM>    scalar wmain = radius
  
 CHARMM>    scalar wmain mult 2.5   sele resname TIP3 end
 SELRPN>      0 atoms have been selected out of  15156
  
 CHARMM>    scalar wmain add  1.529 sele .not. resname TIP3 end
 SELRPN>  15156 atoms have been selected out of  15156
  
 CHARMM>    scalar wmain mult 0.85  sele .not. resname TIP3 end
 SELRPN>  15156 atoms have been selected out of  15156
  
 CHARMM>    calc zab = ( @a + @b ) / 2.0
 Parameter: A -> "15.8"
 Parameter: B -> "16"
Evaluating: (15.8+16)/2.0
 Parameter: ZAB <- "15.9"
  
 CHARMM>     
  
 CHARMM>    coor search -
 CHARMM>         xmin @x1  xmax @x2  xgrip @xncel -
 CHARMM>         ymin @y1  ymax @y2  ygrip @yncel -
 CHARMM>         zmin @a   zmax @b   zgrip 5
 Parameter: X1 -> "-43.6244258"
 Parameter: X2 -> "43.6252187"
 Parameter: XNCEL -> "436"
 Parameter: Y1 -> "-43.6309926"
 Parameter: Y2 -> "43.6230242"
 Parameter: YNCEL -> "436"
 Parameter: A -> "15.8"
 Parameter: B -> "16"

 A TOTAL OF   433435   VACUUM POINTS WERE FOUND
 A TOTAL OF   517045 OCCUPIED POINTS WERE FOUND
 A TOTAL OF        0 EXTERNAL POINTS WERE FOUND
 A TOTAL OF   433435 SELECTED POINTS WERE FOUND
 TOTAL OCCUPIED  VOLUME =     828.255733
 TOTAL SELECTED  VOLUME =     694.320656
 TOTAL FREE      VOLUME =     694.320656
 FRACTIONAL FREE VOLUME =      45.601696
  
 CHARMM>     
  
 CHARMM>    calc c = ?volume * @factor
 Parameter: FACTOR -> "5"
 RDCMND substituted energy or value "?VOLUME" to "828.255733"
Evaluating: 828.255733*5
 Parameter: C <- "4141.27866"
  
 CHARMM>     
  
 CHARMM>    if a .lt. -10 if a .gt. -20 if c .gt. @botarea set botarea = @c
 Parameter: BOTAREA -> "3928.19358"
 Parameter: C -> "4141.27866"
 Comparing "15.8" and "-10".
 IF test evaluated as false.  Skipping command
  
 CHARMM>    if a .gt.  10 if a .lt.  20 if c .gt. @toparea set toparea = @c
 Parameter: TOPAREA -> "4141.3107"
 Parameter: C -> "4141.27866"
 Comparing "15.8" and "10".
 IF test evaluated as true.  Performing command
 Comparing "15.8" and "20".
 IF test evaluated as true.  Performing command
 Comparing "4141.27866" and "4141.3107".
 IF test evaluated as false.  Skipping command
  
 CHARMM>     
  
 CHARMM>    write title unit 51
 RDTITL> * 16  4141.27866
 RDTITL> *
  
 CHARMM>     
  
 CHARMM>    incr a by @dcel
 Parameter: DCEL -> "0.2"
 Parameter: A <- "16"
  
 CHARMM>    incr b by @dcel
 Parameter: DCEL -> "0.2"
 Parameter: B <- "16.2"
  
 CHARMM>    if b le ?ZMAX goto DOAREA
 RDCMND substituted energy or value "?ZMAX" to "33.3514749"
 Comparing "16.2" and "33.3514749".
 IF test evaluated as true.  Performing command
  
 CHARMM>     
  
 CHARMM>    ! Cross sectional protein area with whole atom.
 CHARMM>    scalar wmain = radius
  
 CHARMM>    scalar wmain mult 2.5   sele resname TIP3 end
 SELRPN>      0 atoms have been selected out of  15156
  
 CHARMM>    scalar wmain add  1.529 sele .not. resname TIP3 end
 SELRPN>  15156 atoms have been selected out of  15156
  
 CHARMM>    scalar wmain mult 0.85  sele .not. resname TIP3 end
 SELRPN>  15156 atoms have been selected out of  15156
  
 CHARMM>    calc zab = ( @a + @b ) / 2.0
 Parameter: A -> "16"
 Parameter: B -> "16.2"
Evaluating: (16+16.2)/2.0
 Parameter: ZAB <- "16.1"
  
 CHARMM>     
  
 CHARMM>    coor search -
 CHARMM>         xmin @x1  xmax @x2  xgrip @xncel -
 CHARMM>         ymin @y1  ymax @y2  ygrip @yncel -
 CHARMM>         zmin @a   zmax @b   zgrip 5
 Parameter: X1 -> "-43.6244258"
 Parameter: X2 -> "43.6252187"
 Parameter: XNCEL -> "436"
 Parameter: Y1 -> "-43.6309926"
 Parameter: Y2 -> "43.6230242"
 Parameter: YNCEL -> "436"
 Parameter: A -> "16"
 Parameter: B -> "16.2"

 A TOTAL OF   433899   VACUUM POINTS WERE FOUND
 A TOTAL OF   516581 OCCUPIED POINTS WERE FOUND
 A TOTAL OF        0 EXTERNAL POINTS WERE FOUND
 A TOTAL OF   433899 SELECTED POINTS WERE FOUND
 TOTAL OCCUPIED  VOLUME =     827.512450
 TOTAL SELECTED  VOLUME =     695.063939
 TOTAL FREE      VOLUME =     695.063939
 FRACTIONAL FREE VOLUME =      45.650513
  
 CHARMM>     
  
 CHARMM>    calc c = ?volume * @factor
 Parameter: FACTOR -> "5"
 RDCMND substituted energy or value "?VOLUME" to "827.51245"
Evaluating: 827.51245*5
 Parameter: C <- "4137.56225"
  
 CHARMM>     
  
 CHARMM>    if a .lt. -10 if a .gt. -20 if c .gt. @botarea set botarea = @c
 Parameter: BOTAREA -> "3928.19358"
 Parameter: C -> "4137.56225"
 Comparing "16" and "-10".
 IF test evaluated as false.  Skipping command
  
 CHARMM>    if a .gt.  10 if a .lt.  20 if c .gt. @toparea set toparea = @c
 Parameter: TOPAREA -> "4141.3107"
 Parameter: C -> "4137.56225"
 Comparing "16" and "10".
 IF test evaluated as true.  Performing command
 Comparing "16" and "20".
 IF test evaluated as true.  Performing command
 Comparing "4137.56225" and "4141.3107".
 IF test evaluated as false.  Skipping command
  
 CHARMM>     
  
 CHARMM>    write title unit 51
 RDTITL> * 16.2  4137.56225
 RDTITL> *
  
 CHARMM>     
  
 CHARMM>    incr a by @dcel
 Parameter: DCEL -> "0.2"
 Parameter: A <- "16.2"
  
 CHARMM>    incr b by @dcel
 Parameter: DCEL -> "0.2"
 Parameter: B <- "16.4"
  
 CHARMM>    if b le ?ZMAX goto DOAREA
 RDCMND substituted energy or value "?ZMAX" to "33.3514749"
 Comparing "16.4" and "33.3514749".
 IF test evaluated as true.  Performing command
  
 CHARMM>     
  
 CHARMM>    ! Cross sectional protein area with whole atom.
 CHARMM>    scalar wmain = radius
  
 CHARMM>    scalar wmain mult 2.5   sele resname TIP3 end
 SELRPN>      0 atoms have been selected out of  15156
  
 CHARMM>    scalar wmain add  1.529 sele .not. resname TIP3 end
 SELRPN>  15156 atoms have been selected out of  15156
  
 CHARMM>    scalar wmain mult 0.85  sele .not. resname TIP3 end
 SELRPN>  15156 atoms have been selected out of  15156
  
 CHARMM>    calc zab = ( @a + @b ) / 2.0
 Parameter: A -> "16.2"
 Parameter: B -> "16.4"
Evaluating: (16.2+16.4)/2.0
 Parameter: ZAB <- "16.3"
  
 CHARMM>     
  
 CHARMM>    coor search -
 CHARMM>         xmin @x1  xmax @x2  xgrip @xncel -
 CHARMM>         ymin @y1  ymax @y2  ygrip @yncel -
 CHARMM>         zmin @a   zmax @b   zgrip 5
 Parameter: X1 -> "-43.6244258"
 Parameter: X2 -> "43.6252187"
 Parameter: XNCEL -> "436"
 Parameter: Y1 -> "-43.6309926"
 Parameter: Y2 -> "43.6230242"
 Parameter: YNCEL -> "436"
 Parameter: A -> "16.2"
 Parameter: B -> "16.4"

 A TOTAL OF   434468   VACUUM POINTS WERE FOUND
 A TOTAL OF   516012 OCCUPIED POINTS WERE FOUND
 A TOTAL OF        0 EXTERNAL POINTS WERE FOUND
 A TOTAL OF   434468 SELECTED POINTS WERE FOUND
 TOTAL OCCUPIED  VOLUME =     826.600968
 TOTAL SELECTED  VOLUME =     695.975422
 TOTAL FREE      VOLUME =     695.975422
 FRACTIONAL FREE VOLUME =      45.710378
  
 CHARMM>     
  
 CHARMM>    calc c = ?volume * @factor
 Parameter: FACTOR -> "5"
 RDCMND substituted energy or value "?VOLUME" to "826.600968"
Evaluating: 826.600968*5
 Parameter: C <- "4133.00484"
  
 CHARMM>     
  
 CHARMM>    if a .lt. -10 if a .gt. -20 if c .gt. @botarea set botarea = @c
 Parameter: BOTAREA -> "3928.19358"
 Parameter: C -> "4133.00484"
 Comparing "16.2" and "-10".
 IF test evaluated as false.  Skipping command
  
 CHARMM>    if a .gt.  10 if a .lt.  20 if c .gt. @toparea set toparea = @c
 Parameter: TOPAREA -> "4141.3107"
 Parameter: C -> "4133.00484"
 Comparing "16.2" and "10".
 IF test evaluated as true.  Performing command
 Comparing "16.2" and "20".
 IF test evaluated as true.  Performing command
 Comparing "4133.00484" and "4141.3107".
 IF test evaluated as false.  Skipping command
  
 CHARMM>     
  
 CHARMM>    write title unit 51
 RDTITL> * 16.4  4133.00484
 RDTITL> *
  
 CHARMM>     
  
 CHARMM>    incr a by @dcel
 Parameter: DCEL -> "0.2"
 Parameter: A <- "16.4"
  
 CHARMM>    incr b by @dcel
 Parameter: DCEL -> "0.2"
 Parameter: B <- "16.6"
  
 CHARMM>    if b le ?ZMAX goto DOAREA
 RDCMND substituted energy or value "?ZMAX" to "33.3514749"
 Comparing "16.6" and "33.3514749".
 IF test evaluated as true.  Performing command
  
 CHARMM>     
  
 CHARMM>    ! Cross sectional protein area with whole atom.
 CHARMM>    scalar wmain = radius
  
 CHARMM>    scalar wmain mult 2.5   sele resname TIP3 end
 SELRPN>      0 atoms have been selected out of  15156
  
 CHARMM>    scalar wmain add  1.529 sele .not. resname TIP3 end
 SELRPN>  15156 atoms have been selected out of  15156
  
 CHARMM>    scalar wmain mult 0.85  sele .not. resname TIP3 end
 SELRPN>  15156 atoms have been selected out of  15156
  
 CHARMM>    calc zab = ( @a + @b ) / 2.0
 Parameter: A -> "16.4"
 Parameter: B -> "16.6"
Evaluating: (16.4+16.6)/2.0
 Parameter: ZAB <- "16.5"
  
 CHARMM>     
  
 CHARMM>    coor search -
 CHARMM>         xmin @x1  xmax @x2  xgrip @xncel -
 CHARMM>         ymin @y1  ymax @y2  ygrip @yncel -
 CHARMM>         zmin @a   zmax @b   zgrip 5
 Parameter: X1 -> "-43.6244258"
 Parameter: X2 -> "43.6252187"
 Parameter: XNCEL -> "436"
 Parameter: Y1 -> "-43.6309926"
 Parameter: Y2 -> "43.6230242"
 Parameter: YNCEL -> "436"
 Parameter: A -> "16.4"
 Parameter: B -> "16.6"

 A TOTAL OF   435637   VACUUM POINTS WERE FOUND
 A TOTAL OF   514843 OCCUPIED POINTS WERE FOUND
 A TOTAL OF        0 EXTERNAL POINTS WERE FOUND
 A TOTAL OF   435637 SELECTED POINTS WERE FOUND
 TOTAL OCCUPIED  VOLUME =     824.728344
 TOTAL SELECTED  VOLUME =     697.848046
 TOTAL FREE      VOLUME =     697.848046
 FRACTIONAL FREE VOLUME =      45.833368
  
 CHARMM>     
  
 CHARMM>    calc c = ?volume * @factor
 Parameter: FACTOR -> "5"
 RDCMND substituted energy or value "?VOLUME" to "824.728344"
Evaluating: 824.728344*5
 Parameter: C <- "4123.64172"
  
 CHARMM>     
  
 CHARMM>    if a .lt. -10 if a .gt. -20 if c .gt. @botarea set botarea = @c
 Parameter: BOTAREA -> "3928.19358"
 Parameter: C -> "4123.64172"
 Comparing "16.4" and "-10".
 IF test evaluated as false.  Skipping command
  
 CHARMM>    if a .gt.  10 if a .lt.  20 if c .gt. @toparea set toparea = @c
 Parameter: TOPAREA -> "4141.3107"
 Parameter: C -> "4123.64172"
 Comparing "16.4" and "10".
 IF test evaluated as true.  Performing command
 Comparing "16.4" and "20".
 IF test evaluated as true.  Performing command
 Comparing "4123.64172" and "4141.3107".
 IF test evaluated as false.  Skipping command
  
 CHARMM>     
  
 CHARMM>    write title unit 51
 RDTITL> * 16.6  4123.64172
 RDTITL> *
  
 CHARMM>     
  
 CHARMM>    incr a by @dcel
 Parameter: DCEL -> "0.2"
 Parameter: A <- "16.6"
  
 CHARMM>    incr b by @dcel
 Parameter: DCEL -> "0.2"
 Parameter: B <- "16.8"
  
 CHARMM>    if b le ?ZMAX goto DOAREA
 RDCMND substituted energy or value "?ZMAX" to "33.3514749"
 Comparing "16.8" and "33.3514749".
 IF test evaluated as true.  Performing command
  
 CHARMM>     
  
 CHARMM>    ! Cross sectional protein area with whole atom.
 CHARMM>    scalar wmain = radius
  
 CHARMM>    scalar wmain mult 2.5   sele resname TIP3 end
 SELRPN>      0 atoms have been selected out of  15156
  
 CHARMM>    scalar wmain add  1.529 sele .not. resname TIP3 end
 SELRPN>  15156 atoms have been selected out of  15156
  
 CHARMM>    scalar wmain mult 0.85  sele .not. resname TIP3 end
 SELRPN>  15156 atoms have been selected out of  15156
  
 CHARMM>    calc zab = ( @a + @b ) / 2.0
 Parameter: A -> "16.6"
 Parameter: B -> "16.8"
Evaluating: (16.6+16.8)/2.0
 Parameter: ZAB <- "16.7"
  
 CHARMM>     
  
 CHARMM>    coor search -
 CHARMM>         xmin @x1  xmax @x2  xgrip @xncel -
 CHARMM>         ymin @y1  ymax @y2  ygrip @yncel -
 CHARMM>         zmin @a   zmax @b   zgrip 5
 Parameter: X1 -> "-43.6244258"
 Parameter: X2 -> "43.6252187"
 Parameter: XNCEL -> "436"
 Parameter: Y1 -> "-43.6309926"
 Parameter: Y2 -> "43.6230242"
 Parameter: YNCEL -> "436"
 Parameter: A -> "16.6"
 Parameter: B -> "16.8"

 A TOTAL OF   436941   VACUUM POINTS WERE FOUND
 A TOTAL OF   513539 OCCUPIED POINTS WERE FOUND
 A TOTAL OF        0 EXTERNAL POINTS WERE FOUND
 A TOTAL OF   436941 SELECTED POINTS WERE FOUND
 TOTAL OCCUPIED  VOLUME =     822.639463
 TOTAL SELECTED  VOLUME =     699.936927
 TOTAL FREE      VOLUME =     699.936927
 FRACTIONAL FREE VOLUME =      45.970562
  
 CHARMM>     
  
 CHARMM>    calc c = ?volume * @factor
 Parameter: FACTOR -> "5"
 RDCMND substituted energy or value "?VOLUME" to "822.639463"
Evaluating: 822.639463*5
 Parameter: C <- "4113.19731"
  
 CHARMM>     
  
 CHARMM>    if a .lt. -10 if a .gt. -20 if c .gt. @botarea set botarea = @c
 Parameter: BOTAREA -> "3928.19358"
 Parameter: C -> "4113.19731"
 Comparing "16.6" and "-10".
 IF test evaluated as false.  Skipping command
  
 CHARMM>    if a .gt.  10 if a .lt.  20 if c .gt. @toparea set toparea = @c
 Parameter: TOPAREA -> "4141.3107"
 Parameter: C -> "4113.19731"
 Comparing "16.6" and "10".
 IF test evaluated as true.  Performing command
 Comparing "16.6" and "20".
 IF test evaluated as true.  Performing command
 Comparing "4113.19731" and "4141.3107".
 IF test evaluated as false.  Skipping command
  
 CHARMM>     
  
 CHARMM>    write title unit 51
 RDTITL> * 16.8  4113.19731
 RDTITL> *
  
 CHARMM>     
  
 CHARMM>    incr a by @dcel
 Parameter: DCEL -> "0.2"
 Parameter: A <- "16.8"
  
 CHARMM>    incr b by @dcel
 Parameter: DCEL -> "0.2"
 Parameter: B <- "17"
  
 CHARMM>    if b le ?ZMAX goto DOAREA
 RDCMND substituted energy or value "?ZMAX" to "33.3514749"
 Comparing "17" and "33.3514749".
 IF test evaluated as true.  Performing command
  
 CHARMM>     
  
 CHARMM>    ! Cross sectional protein area with whole atom.
 CHARMM>    scalar wmain = radius
  
 CHARMM>    scalar wmain mult 2.5   sele resname TIP3 end
 SELRPN>      0 atoms have been selected out of  15156
  
 CHARMM>    scalar wmain add  1.529 sele .not. resname TIP3 end
 SELRPN>  15156 atoms have been selected out of  15156
  
 CHARMM>    scalar wmain mult 0.85  sele .not. resname TIP3 end
 SELRPN>  15156 atoms have been selected out of  15156
  
 CHARMM>    calc zab = ( @a + @b ) / 2.0
 Parameter: A -> "16.8"
 Parameter: B -> "17"
Evaluating: (16.8+17)/2.0
 Parameter: ZAB <- "16.9"
  
 CHARMM>     
  
 CHARMM>    coor search -
 CHARMM>         xmin @x1  xmax @x2  xgrip @xncel -
 CHARMM>         ymin @y1  ymax @y2  ygrip @yncel -
 CHARMM>         zmin @a   zmax @b   zgrip 5
 Parameter: X1 -> "-43.6244258"
 Parameter: X2 -> "43.6252187"
 Parameter: XNCEL -> "436"
 Parameter: Y1 -> "-43.6309926"
 Parameter: Y2 -> "43.6230242"
 Parameter: YNCEL -> "436"
 Parameter: A -> "16.8"
 Parameter: B -> "17"

 A TOTAL OF   438004   VACUUM POINTS WERE FOUND
 A TOTAL OF   512476 OCCUPIED POINTS WERE FOUND
 A TOTAL OF        0 EXTERNAL POINTS WERE FOUND
 A TOTAL OF   438004 SELECTED POINTS WERE FOUND
 TOTAL OCCUPIED  VOLUME =     820.936640
 TOTAL SELECTED  VOLUME =     701.639749
 TOTAL FREE      VOLUME =     701.639749
 FRACTIONAL FREE VOLUME =      46.082400
  
 CHARMM>     
  
 CHARMM>    calc c = ?volume * @factor
 Parameter: FACTOR -> "5"
 RDCMND substituted energy or value "?VOLUME" to "820.93664"
Evaluating: 820.93664*5
 Parameter: C <- "4104.6832"
  
 CHARMM>     
  
 CHARMM>    if a .lt. -10 if a .gt. -20 if c .gt. @botarea set botarea = @c
 Parameter: BOTAREA -> "3928.19358"
 Parameter: C -> "4104.6832"
 Comparing "16.8" and "-10".
 IF test evaluated as false.  Skipping command
  
 CHARMM>    if a .gt.  10 if a .lt.  20 if c .gt. @toparea set toparea = @c
 Parameter: TOPAREA -> "4141.3107"
 Parameter: C -> "4104.6832"
 Comparing "16.8" and "10".
 IF test evaluated as true.  Performing command
 Comparing "16.8" and "20".
 IF test evaluated as true.  Performing command
 Comparing "4104.6832" and "4141.3107".
 IF test evaluated as false.  Skipping command
  
 CHARMM>     
  
 CHARMM>    write title unit 51
 RDTITL> * 17  4104.6832
 RDTITL> *
  
 CHARMM>     
  
 CHARMM>    incr a by @dcel
 Parameter: DCEL -> "0.2"
 Parameter: A <- "17"
  
 CHARMM>    incr b by @dcel
 Parameter: DCEL -> "0.2"
 Parameter: B <- "17.2"
  
 CHARMM>    if b le ?ZMAX goto DOAREA
 RDCMND substituted energy or value "?ZMAX" to "33.3514749"
 Comparing "17.2" and "33.3514749".
 IF test evaluated as true.  Performing command
  
 CHARMM>     
  
 CHARMM>    ! Cross sectional protein area with whole atom.
 CHARMM>    scalar wmain = radius
  
 CHARMM>    scalar wmain mult 2.5   sele resname TIP3 end
 SELRPN>      0 atoms have been selected out of  15156
  
 CHARMM>    scalar wmain add  1.529 sele .not. resname TIP3 end
 SELRPN>  15156 atoms have been selected out of  15156
  
 CHARMM>    scalar wmain mult 0.85  sele .not. resname TIP3 end
 SELRPN>  15156 atoms have been selected out of  15156
  
 CHARMM>    calc zab = ( @a + @b ) / 2.0
 Parameter: A -> "17"
 Parameter: B -> "17.2"
Evaluating: (17+17.2)/2.0
 Parameter: ZAB <- "17.1"
  
 CHARMM>     
  
 CHARMM>    coor search -
 CHARMM>         xmin @x1  xmax @x2  xgrip @xncel -
 CHARMM>         ymin @y1  ymax @y2  ygrip @yncel -
 CHARMM>         zmin @a   zmax @b   zgrip 5
 Parameter: X1 -> "-43.6244258"
 Parameter: X2 -> "43.6252187"
 Parameter: XNCEL -> "436"
 Parameter: Y1 -> "-43.6309926"
 Parameter: Y2 -> "43.6230242"
 Parameter: YNCEL -> "436"
 Parameter: A -> "17"
 Parameter: B -> "17.2"

 A TOTAL OF   439688   VACUUM POINTS WERE FOUND
 A TOTAL OF   510792 OCCUPIED POINTS WERE FOUND
 A TOTAL OF        0 EXTERNAL POINTS WERE FOUND
 A TOTAL OF   439688 SELECTED POINTS WERE FOUND
 TOTAL OCCUPIED  VOLUME =     818.239036
 TOTAL SELECTED  VOLUME =     704.337353
 TOTAL FREE      VOLUME =     704.337353
 FRACTIONAL FREE VOLUME =      46.259574
  
 CHARMM>     
  
 CHARMM>    calc c = ?volume * @factor
 Parameter: FACTOR -> "5"
 RDCMND substituted energy or value "?VOLUME" to "818.239036"
Evaluating: 818.239036*5
 Parameter: C <- "4091.19518"
  
 CHARMM>     
  
 CHARMM>    if a .lt. -10 if a .gt. -20 if c .gt. @botarea set botarea = @c
 Parameter: BOTAREA -> "3928.19358"
 Parameter: C -> "4091.19518"
 Comparing "17" and "-10".
 IF test evaluated as false.  Skipping command
  
 CHARMM>    if a .gt.  10 if a .lt.  20 if c .gt. @toparea set toparea = @c
 Parameter: TOPAREA -> "4141.3107"
 Parameter: C -> "4091.19518"
 Comparing "17" and "10".
 IF test evaluated as true.  Performing command
 Comparing "17" and "20".
 IF test evaluated as true.  Performing command
 Comparing "4091.19518" and "4141.3107".
 IF test evaluated as false.  Skipping command
  
 CHARMM>     
  
 CHARMM>    write title unit 51
 RDTITL> * 17.2  4091.19518
 RDTITL> *
  
 CHARMM>     
  
 CHARMM>    incr a by @dcel
 Parameter: DCEL -> "0.2"
 Parameter: A <- "17.2"
  
 CHARMM>    incr b by @dcel
 Parameter: DCEL -> "0.2"
 Parameter: B <- "17.4"
  
 CHARMM>    if b le ?ZMAX goto DOAREA
 RDCMND substituted energy or value "?ZMAX" to "33.3514749"
 Comparing "17.4" and "33.3514749".
 IF test evaluated as true.  Performing command
  
 CHARMM>     
  
 CHARMM>    ! Cross sectional protein area with whole atom.
 CHARMM>    scalar wmain = radius
  
 CHARMM>    scalar wmain mult 2.5   sele resname TIP3 end
 SELRPN>      0 atoms have been selected out of  15156
  
 CHARMM>    scalar wmain add  1.529 sele .not. resname TIP3 end
 SELRPN>  15156 atoms have been selected out of  15156
  
 CHARMM>    scalar wmain mult 0.85  sele .not. resname TIP3 end
 SELRPN>  15156 atoms have been selected out of  15156
  
 CHARMM>    calc zab = ( @a + @b ) / 2.0
 Parameter: A -> "17.2"
 Parameter: B -> "17.4"
Evaluating: (17.2+17.4)/2.0
 Parameter: ZAB <- "17.3"
  
 CHARMM>     
  
 CHARMM>    coor search -
 CHARMM>         xmin @x1  xmax @x2  xgrip @xncel -
 CHARMM>         ymin @y1  ymax @y2  ygrip @yncel -
 CHARMM>         zmin @a   zmax @b   zgrip 5
 Parameter: X1 -> "-43.6244258"
 Parameter: X2 -> "43.6252187"
 Parameter: XNCEL -> "436"
 Parameter: Y1 -> "-43.6309926"
 Parameter: Y2 -> "43.6230242"
 Parameter: YNCEL -> "436"
 Parameter: A -> "17.2"
 Parameter: B -> "17.4"

 A TOTAL OF   440836   VACUUM POINTS WERE FOUND
 A TOTAL OF   509644 OCCUPIED POINTS WERE FOUND
 A TOTAL OF        0 EXTERNAL POINTS WERE FOUND
 A TOTAL OF   440836 SELECTED POINTS WERE FOUND
 TOTAL OCCUPIED  VOLUME =     816.400052
 TOTAL SELECTED  VOLUME =     706.176337
 TOTAL FREE      VOLUME =     706.176337
 FRACTIONAL FREE VOLUME =      46.380355
  
 CHARMM>     
  
 CHARMM>    calc c = ?volume * @factor
 Parameter: FACTOR -> "5"
 RDCMND substituted energy or value "?VOLUME" to "816.400052"
Evaluating: 816.400052*5
 Parameter: C <- "4082.00026"
  
 CHARMM>     
  
 CHARMM>    if a .lt. -10 if a .gt. -20 if c .gt. @botarea set botarea = @c
 Parameter: BOTAREA -> "3928.19358"
 Parameter: C -> "4082.00026"
 Comparing "17.2" and "-10".
 IF test evaluated as false.  Skipping command
  
 CHARMM>    if a .gt.  10 if a .lt.  20 if c .gt. @toparea set toparea = @c
 Parameter: TOPAREA -> "4141.3107"
 Parameter: C -> "4082.00026"
 Comparing "17.2" and "10".
 IF test evaluated as true.  Performing command
 Comparing "17.2" and "20".
 IF test evaluated as true.  Performing command
 Comparing "4082.00026" and "4141.3107".
 IF test evaluated as false.  Skipping command
  
 CHARMM>     
  
 CHARMM>    write title unit 51
 RDTITL> * 17.4  4082.00026
 RDTITL> *
  
 CHARMM>     
  
 CHARMM>    incr a by @dcel
 Parameter: DCEL -> "0.2"
 Parameter: A <- "17.4"
  
 CHARMM>    incr b by @dcel
 Parameter: DCEL -> "0.2"
 Parameter: B <- "17.6"
  
 CHARMM>    if b le ?ZMAX goto DOAREA
 RDCMND substituted energy or value "?ZMAX" to "33.3514749"
 Comparing "17.6" and "33.3514749".
 IF test evaluated as true.  Performing command
  
 CHARMM>     
  
 CHARMM>    ! Cross sectional protein area with whole atom.
 CHARMM>    scalar wmain = radius
  
 CHARMM>    scalar wmain mult 2.5   sele resname TIP3 end
 SELRPN>      0 atoms have been selected out of  15156
  
 CHARMM>    scalar wmain add  1.529 sele .not. resname TIP3 end
 SELRPN>  15156 atoms have been selected out of  15156
  
 CHARMM>    scalar wmain mult 0.85  sele .not. resname TIP3 end
 SELRPN>  15156 atoms have been selected out of  15156
  
 CHARMM>    calc zab = ( @a + @b ) / 2.0
 Parameter: A -> "17.4"
 Parameter: B -> "17.6"
Evaluating: (17.4+17.6)/2.0
 Parameter: ZAB <- "17.5"
  
 CHARMM>     
  
 CHARMM>    coor search -
 CHARMM>         xmin @x1  xmax @x2  xgrip @xncel -
 CHARMM>         ymin @y1  ymax @y2  ygrip @yncel -
 CHARMM>         zmin @a   zmax @b   zgrip 5
 Parameter: X1 -> "-43.6244258"
 Parameter: X2 -> "43.6252187"
 Parameter: XNCEL -> "436"
 Parameter: Y1 -> "-43.6309926"
 Parameter: Y2 -> "43.6230242"
 Parameter: YNCEL -> "436"
 Parameter: A -> "17.4"
 Parameter: B -> "17.6"

 A TOTAL OF   441044   VACUUM POINTS WERE FOUND
 A TOTAL OF   509436 OCCUPIED POINTS WERE FOUND
 A TOTAL OF        0 EXTERNAL POINTS WERE FOUND
 A TOTAL OF   441044 SELECTED POINTS WERE FOUND
 TOTAL OCCUPIED  VOLUME =     816.066856
 TOTAL SELECTED  VOLUME =     706.509533
 TOTAL FREE      VOLUME =     706.509533
 FRACTIONAL FREE VOLUME =      46.402239
  
 CHARMM>     
  
 CHARMM>    calc c = ?volume * @factor
 Parameter: FACTOR -> "5"
 RDCMND substituted energy or value "?VOLUME" to "816.066856"
Evaluating: 816.066856*5
 Parameter: C <- "4080.33428"
  
 CHARMM>     
  
 CHARMM>    if a .lt. -10 if a .gt. -20 if c .gt. @botarea set botarea = @c
 Parameter: BOTAREA -> "3928.19358"
 Parameter: C -> "4080.33428"
 Comparing "17.4" and "-10".
 IF test evaluated as false.  Skipping command
  
 CHARMM>    if a .gt.  10 if a .lt.  20 if c .gt. @toparea set toparea = @c
 Parameter: TOPAREA -> "4141.3107"
 Parameter: C -> "4080.33428"
 Comparing "17.4" and "10".
 IF test evaluated as true.  Performing command
 Comparing "17.4" and "20".
 IF test evaluated as true.  Performing command
 Comparing "4080.33428" and "4141.3107".
 IF test evaluated as false.  Skipping command
  
 CHARMM>     
  
 CHARMM>    write title unit 51
 RDTITL> * 17.6  4080.33428
 RDTITL> *
  
 CHARMM>     
  
 CHARMM>    incr a by @dcel
 Parameter: DCEL -> "0.2"
 Parameter: A <- "17.6"
  
 CHARMM>    incr b by @dcel
 Parameter: DCEL -> "0.2"
 Parameter: B <- "17.8"
  
 CHARMM>    if b le ?ZMAX goto DOAREA
 RDCMND substituted energy or value "?ZMAX" to "33.3514749"
 Comparing "17.8" and "33.3514749".
 IF test evaluated as true.  Performing command
  
 CHARMM>     
  
 CHARMM>    ! Cross sectional protein area with whole atom.
 CHARMM>    scalar wmain = radius
  
 CHARMM>    scalar wmain mult 2.5   sele resname TIP3 end
 SELRPN>      0 atoms have been selected out of  15156
  
 CHARMM>    scalar wmain add  1.529 sele .not. resname TIP3 end
 SELRPN>  15156 atoms have been selected out of  15156
  
 CHARMM>    scalar wmain mult 0.85  sele .not. resname TIP3 end
 SELRPN>  15156 atoms have been selected out of  15156
  
 CHARMM>    calc zab = ( @a + @b ) / 2.0
 Parameter: A -> "17.6"
 Parameter: B -> "17.8"
Evaluating: (17.6+17.8)/2.0
 Parameter: ZAB <- "17.7"
  
 CHARMM>     
  
 CHARMM>    coor search -
 CHARMM>         xmin @x1  xmax @x2  xgrip @xncel -
 CHARMM>         ymin @y1  ymax @y2  ygrip @yncel -
 CHARMM>         zmin @a   zmax @b   zgrip 5
 Parameter: X1 -> "-43.6244258"
 Parameter: X2 -> "43.6252187"
 Parameter: XNCEL -> "436"
 Parameter: Y1 -> "-43.6309926"
 Parameter: Y2 -> "43.6230242"
 Parameter: YNCEL -> "436"
 Parameter: A -> "17.6"
 Parameter: B -> "17.8"

 A TOTAL OF   440332   VACUUM POINTS WERE FOUND
 A TOTAL OF   510148 OCCUPIED POINTS WERE FOUND
 A TOTAL OF        0 EXTERNAL POINTS WERE FOUND
 A TOTAL OF   440332 SELECTED POINTS WERE FOUND
 TOTAL OCCUPIED  VOLUME =     817.207411
 TOTAL SELECTED  VOLUME =     705.368979
 TOTAL FREE      VOLUME =     705.368979
 FRACTIONAL FREE VOLUME =      46.327329
  
 CHARMM>     
  
 CHARMM>    calc c = ?volume * @factor
 Parameter: FACTOR -> "5"
 RDCMND substituted energy or value "?VOLUME" to "817.207411"
Evaluating: 817.207411*5
 Parameter: C <- "4086.03705"
  
 CHARMM>     
  
 CHARMM>    if a .lt. -10 if a .gt. -20 if c .gt. @botarea set botarea = @c
 Parameter: BOTAREA -> "3928.19358"
 Parameter: C -> "4086.03705"
 Comparing "17.6" and "-10".
 IF test evaluated as false.  Skipping command
  
 CHARMM>    if a .gt.  10 if a .lt.  20 if c .gt. @toparea set toparea = @c
 Parameter: TOPAREA -> "4141.3107"
 Parameter: C -> "4086.03705"
 Comparing "17.6" and "10".
 IF test evaluated as true.  Performing command
 Comparing "17.6" and "20".
 IF test evaluated as true.  Performing command
 Comparing "4086.03705" and "4141.3107".
 IF test evaluated as false.  Skipping command
  
 CHARMM>     
  
 CHARMM>    write title unit 51
 RDTITL> * 17.8  4086.03705
 RDTITL> *
  
 CHARMM>     
  
 CHARMM>    incr a by @dcel
 Parameter: DCEL -> "0.2"
 Parameter: A <- "17.8"
  
 CHARMM>    incr b by @dcel
 Parameter: DCEL -> "0.2"
 Parameter: B <- "18"
  
 CHARMM>    if b le ?ZMAX goto DOAREA
 RDCMND substituted energy or value "?ZMAX" to "33.3514749"
 Comparing "18" and "33.3514749".
 IF test evaluated as true.  Performing command
  
 CHARMM>     
  
 CHARMM>    ! Cross sectional protein area with whole atom.
 CHARMM>    scalar wmain = radius
  
 CHARMM>    scalar wmain mult 2.5   sele resname TIP3 end
 SELRPN>      0 atoms have been selected out of  15156
  
 CHARMM>    scalar wmain add  1.529 sele .not. resname TIP3 end
 SELRPN>  15156 atoms have been selected out of  15156
  
 CHARMM>    scalar wmain mult 0.85  sele .not. resname TIP3 end
 SELRPN>  15156 atoms have been selected out of  15156
  
 CHARMM>    calc zab = ( @a + @b ) / 2.0
 Parameter: A -> "17.8"
 Parameter: B -> "18"
Evaluating: (17.8+18)/2.0
 Parameter: ZAB <- "17.9"
  
 CHARMM>     
  
 CHARMM>    coor search -
 CHARMM>         xmin @x1  xmax @x2  xgrip @xncel -
 CHARMM>         ymin @y1  ymax @y2  ygrip @yncel -
 CHARMM>         zmin @a   zmax @b   zgrip 5
 Parameter: X1 -> "-43.6244258"
 Parameter: X2 -> "43.6252187"
 Parameter: XNCEL -> "436"
 Parameter: Y1 -> "-43.6309926"
 Parameter: Y2 -> "43.6230242"
 Parameter: YNCEL -> "436"
 Parameter: A -> "17.8"
 Parameter: B -> "18"

 A TOTAL OF   440250   VACUUM POINTS WERE FOUND
 A TOTAL OF   510230 OCCUPIED POINTS WERE FOUND
 A TOTAL OF        0 EXTERNAL POINTS WERE FOUND
 A TOTAL OF   440250 SELECTED POINTS WERE FOUND
 TOTAL OCCUPIED  VOLUME =     817.338767
 TOTAL SELECTED  VOLUME =     705.237622
 TOTAL FREE      VOLUME =     705.237622
 FRACTIONAL FREE VOLUME =      46.318702
  
 CHARMM>     
  
 CHARMM>    calc c = ?volume * @factor
 Parameter: FACTOR -> "5"
 RDCMND substituted energy or value "?VOLUME" to "817.338767"
Evaluating: 817.338767*5
 Parameter: C <- "4086.69384"
  
 CHARMM>     
  
 CHARMM>    if a .lt. -10 if a .gt. -20 if c .gt. @botarea set botarea = @c
 Parameter: BOTAREA -> "3928.19358"
 Parameter: C -> "4086.69384"
 Comparing "17.8" and "-10".
 IF test evaluated as false.  Skipping command
  
 CHARMM>    if a .gt.  10 if a .lt.  20 if c .gt. @toparea set toparea = @c
 Parameter: TOPAREA -> "4141.3107"
 Parameter: C -> "4086.69384"
 Comparing "17.8" and "10".
 IF test evaluated as true.  Performing command
 Comparing "17.8" and "20".
 IF test evaluated as true.  Performing command
 Comparing "4086.69384" and "4141.3107".
 IF test evaluated as false.  Skipping command
  
 CHARMM>     
  
 CHARMM>    write title unit 51
 RDTITL> * 18  4086.69384
 RDTITL> *
  
 CHARMM>     
  
 CHARMM>    incr a by @dcel
 Parameter: DCEL -> "0.2"
 Parameter: A <- "18"
  
 CHARMM>    incr b by @dcel
 Parameter: DCEL -> "0.2"
 Parameter: B <- "18.2"
  
 CHARMM>    if b le ?ZMAX goto DOAREA
 RDCMND substituted energy or value "?ZMAX" to "33.3514749"
 Comparing "18.2" and "33.3514749".
 IF test evaluated as true.  Performing command
  
 CHARMM>     
  
 CHARMM>    ! Cross sectional protein area with whole atom.
 CHARMM>    scalar wmain = radius
  
 CHARMM>    scalar wmain mult 2.5   sele resname TIP3 end
 SELRPN>      0 atoms have been selected out of  15156
  
 CHARMM>    scalar wmain add  1.529 sele .not. resname TIP3 end
 SELRPN>  15156 atoms have been selected out of  15156
  
 CHARMM>    scalar wmain mult 0.85  sele .not. resname TIP3 end
 SELRPN>  15156 atoms have been selected out of  15156
  
 CHARMM>    calc zab = ( @a + @b ) / 2.0
 Parameter: A -> "18"
 Parameter: B -> "18.2"
Evaluating: (18+18.2)/2.0
 Parameter: ZAB <- "18.1"
  
 CHARMM>     
  
 CHARMM>    coor search -
 CHARMM>         xmin @x1  xmax @x2  xgrip @xncel -
 CHARMM>         ymin @y1  ymax @y2  ygrip @yncel -
 CHARMM>         zmin @a   zmax @b   zgrip 5
 Parameter: X1 -> "-43.6244258"
 Parameter: X2 -> "43.6252187"
 Parameter: XNCEL -> "436"
 Parameter: Y1 -> "-43.6309926"
 Parameter: Y2 -> "43.6230242"
 Parameter: YNCEL -> "436"
 Parameter: A -> "18"
 Parameter: B -> "18.2"

 A TOTAL OF   440937   VACUUM POINTS WERE FOUND
 A TOTAL OF   509543 OCCUPIED POINTS WERE FOUND
 A TOTAL OF        0 EXTERNAL POINTS WERE FOUND
 A TOTAL OF   440937 SELECTED POINTS WERE FOUND
 TOTAL OCCUPIED  VOLUME =     816.238260
 TOTAL SELECTED  VOLUME =     706.338130
 TOTAL FREE      VOLUME =     706.338130
 FRACTIONAL FREE VOLUME =      46.390981
  
 CHARMM>     
  
 CHARMM>    calc c = ?volume * @factor
 Parameter: FACTOR -> "5"
 RDCMND substituted energy or value "?VOLUME" to "816.23826"
Evaluating: 816.23826*5
 Parameter: C <- "4081.1913"
  
 CHARMM>     
  
 CHARMM>    if a .lt. -10 if a .gt. -20 if c .gt. @botarea set botarea = @c
 Parameter: BOTAREA -> "3928.19358"
 Parameter: C -> "4081.1913"
 Comparing "18" and "-10".
 IF test evaluated as false.  Skipping command
  
 CHARMM>    if a .gt.  10 if a .lt.  20 if c .gt. @toparea set toparea = @c
 Parameter: TOPAREA -> "4141.3107"
 Parameter: C -> "4081.1913"
 Comparing "18" and "10".
 IF test evaluated as true.  Performing command
 Comparing "18" and "20".
 IF test evaluated as true.  Performing command
 Comparing "4081.1913" and "4141.3107".
 IF test evaluated as false.  Skipping command
  
 CHARMM>     
  
 CHARMM>    write title unit 51
 RDTITL> * 18.2  4081.1913
 RDTITL> *
  
 CHARMM>     
  
 CHARMM>    incr a by @dcel
 Parameter: DCEL -> "0.2"
 Parameter: A <- "18.2"
  
 CHARMM>    incr b by @dcel
 Parameter: DCEL -> "0.2"
 Parameter: B <- "18.4"
  
 CHARMM>    if b le ?ZMAX goto DOAREA
 RDCMND substituted energy or value "?ZMAX" to "33.3514749"
 Comparing "18.4" and "33.3514749".
 IF test evaluated as true.  Performing command
  
 CHARMM>     
  
 CHARMM>    ! Cross sectional protein area with whole atom.
 CHARMM>    scalar wmain = radius
  
 CHARMM>    scalar wmain mult 2.5   sele resname TIP3 end
 SELRPN>      0 atoms have been selected out of  15156
  
 CHARMM>    scalar wmain add  1.529 sele .not. resname TIP3 end
 SELRPN>  15156 atoms have been selected out of  15156
  
 CHARMM>    scalar wmain mult 0.85  sele .not. resname TIP3 end
 SELRPN>  15156 atoms have been selected out of  15156
  
 CHARMM>    calc zab = ( @a + @b ) / 2.0
 Parameter: A -> "18.2"
 Parameter: B -> "18.4"
Evaluating: (18.2+18.4)/2.0
 Parameter: ZAB <- "18.3"
  
 CHARMM>     
  
 CHARMM>    coor search -
 CHARMM>         xmin @x1  xmax @x2  xgrip @xncel -
 CHARMM>         ymin @y1  ymax @y2  ygrip @yncel -
 CHARMM>         zmin @a   zmax @b   zgrip 5
 Parameter: X1 -> "-43.6244258"
 Parameter: X2 -> "43.6252187"
 Parameter: XNCEL -> "436"
 Parameter: Y1 -> "-43.6309926"
 Parameter: Y2 -> "43.6230242"
 Parameter: YNCEL -> "436"
 Parameter: A -> "18.2"
 Parameter: B -> "18.4"

 A TOTAL OF   442478   VACUUM POINTS WERE FOUND
 A TOTAL OF   508002 OCCUPIED POINTS WERE FOUND
 A TOTAL OF        0 EXTERNAL POINTS WERE FOUND
 A TOTAL OF   442478 SELECTED POINTS WERE FOUND
 TOTAL OCCUPIED  VOLUME =     813.769728
 TOTAL SELECTED  VOLUME =     708.806662
 TOTAL FREE      VOLUME =     708.806662
 FRACTIONAL FREE VOLUME =      46.553110
  
 CHARMM>     
  
 CHARMM>    calc c = ?volume * @factor
 Parameter: FACTOR -> "5"
 RDCMND substituted energy or value "?VOLUME" to "813.769728"
Evaluating: 813.769728*5
 Parameter: C <- "4068.84864"
  
 CHARMM>     
  
 CHARMM>    if a .lt. -10 if a .gt. -20 if c .gt. @botarea set botarea = @c
 Parameter: BOTAREA -> "3928.19358"
 Parameter: C -> "4068.84864"
 Comparing "18.2" and "-10".
 IF test evaluated as false.  Skipping command
  
 CHARMM>    if a .gt.  10 if a .lt.  20 if c .gt. @toparea set toparea = @c
 Parameter: TOPAREA -> "4141.3107"
 Parameter: C -> "4068.84864"
 Comparing "18.2" and "10".
 IF test evaluated as true.  Performing command
 Comparing "18.2" and "20".
 IF test evaluated as true.  Performing command
 Comparing "4068.84864" and "4141.3107".
 IF test evaluated as false.  Skipping command
  
 CHARMM>     
  
 CHARMM>    write title unit 51
 RDTITL> * 18.4  4068.84864
 RDTITL> *
  
 CHARMM>     
  
 CHARMM>    incr a by @dcel
 Parameter: DCEL -> "0.2"
 Parameter: A <- "18.4"
  
 CHARMM>    incr b by @dcel
 Parameter: DCEL -> "0.2"
 Parameter: B <- "18.6"
  
 CHARMM>    if b le ?ZMAX goto DOAREA
 RDCMND substituted energy or value "?ZMAX" to "33.3514749"
 Comparing "18.6" and "33.3514749".
 IF test evaluated as true.  Performing command
  
 CHARMM>     
  
 CHARMM>    ! Cross sectional protein area with whole atom.
 CHARMM>    scalar wmain = radius
  
 CHARMM>    scalar wmain mult 2.5   sele resname TIP3 end
 SELRPN>      0 atoms have been selected out of  15156
  
 CHARMM>    scalar wmain add  1.529 sele .not. resname TIP3 end
 SELRPN>  15156 atoms have been selected out of  15156
  
 CHARMM>    scalar wmain mult 0.85  sele .not. resname TIP3 end
 SELRPN>  15156 atoms have been selected out of  15156
  
 CHARMM>    calc zab = ( @a + @b ) / 2.0
 Parameter: A -> "18.4"
 Parameter: B -> "18.6"
Evaluating: (18.4+18.6)/2.0
 Parameter: ZAB <- "18.5"
  
 CHARMM>     
  
 CHARMM>    coor search -
 CHARMM>         xmin @x1  xmax @x2  xgrip @xncel -
 CHARMM>         ymin @y1  ymax @y2  ygrip @yncel -
 CHARMM>         zmin @a   zmax @b   zgrip 5
 Parameter: X1 -> "-43.6244258"
 Parameter: X2 -> "43.6252187"
 Parameter: XNCEL -> "436"
 Parameter: Y1 -> "-43.6309926"
 Parameter: Y2 -> "43.6230242"
 Parameter: YNCEL -> "436"
 Parameter: A -> "18.4"
 Parameter: B -> "18.6"

 A TOTAL OF   444205   VACUUM POINTS WERE FOUND
 A TOTAL OF   506275 OCCUPIED POINTS WERE FOUND
 A TOTAL OF        0 EXTERNAL POINTS WERE FOUND
 A TOTAL OF   444205 SELECTED POINTS WERE FOUND
 TOTAL OCCUPIED  VOLUME =     811.003242
 TOTAL SELECTED  VOLUME =     711.573147
 TOTAL FREE      VOLUME =     711.573147
 FRACTIONAL FREE VOLUME =      46.734808
  
 CHARMM>     
  
 CHARMM>    calc c = ?volume * @factor
 Parameter: FACTOR -> "5"
 RDCMND substituted energy or value "?VOLUME" to "811.003242"
Evaluating: 811.003242*5
 Parameter: C <- "4055.01621"
  
 CHARMM>     
  
 CHARMM>    if a .lt. -10 if a .gt. -20 if c .gt. @botarea set botarea = @c
 Parameter: BOTAREA -> "3928.19358"
 Parameter: C -> "4055.01621"
 Comparing "18.4" and "-10".
 IF test evaluated as false.  Skipping command
  
 CHARMM>    if a .gt.  10 if a .lt.  20 if c .gt. @toparea set toparea = @c
 Parameter: TOPAREA -> "4141.3107"
 Parameter: C -> "4055.01621"
 Comparing "18.4" and "10".
 IF test evaluated as true.  Performing command
 Comparing "18.4" and "20".
 IF test evaluated as true.  Performing command
 Comparing "4055.01621" and "4141.3107".
 IF test evaluated as false.  Skipping command
  
 CHARMM>     
  
 CHARMM>    write title unit 51
 RDTITL> * 18.6  4055.01621
 RDTITL> *
  
 CHARMM>     
  
 CHARMM>    incr a by @dcel
 Parameter: DCEL -> "0.2"
 Parameter: A <- "18.6"
  
 CHARMM>    incr b by @dcel
 Parameter: DCEL -> "0.2"
 Parameter: B <- "18.8"
  
 CHARMM>    if b le ?ZMAX goto DOAREA
 RDCMND substituted energy or value "?ZMAX" to "33.3514749"
 Comparing "18.8" and "33.3514749".
 IF test evaluated as true.  Performing command
  
 CHARMM>     
  
 CHARMM>    ! Cross sectional protein area with whole atom.
 CHARMM>    scalar wmain = radius
  
 CHARMM>    scalar wmain mult 2.5   sele resname TIP3 end
 SELRPN>      0 atoms have been selected out of  15156
  
 CHARMM>    scalar wmain add  1.529 sele .not. resname TIP3 end
 SELRPN>  15156 atoms have been selected out of  15156
  
 CHARMM>    scalar wmain mult 0.85  sele .not. resname TIP3 end
 SELRPN>  15156 atoms have been selected out of  15156
  
 CHARMM>    calc zab = ( @a + @b ) / 2.0
 Parameter: A -> "18.6"
 Parameter: B -> "18.8"
Evaluating: (18.6+18.8)/2.0
 Parameter: ZAB <- "18.7"
  
 CHARMM>     
  
 CHARMM>    coor search -
 CHARMM>         xmin @x1  xmax @x2  xgrip @xncel -
 CHARMM>         ymin @y1  ymax @y2  ygrip @yncel -
 CHARMM>         zmin @a   zmax @b   zgrip 5
 Parameter: X1 -> "-43.6244258"
 Parameter: X2 -> "43.6252187"
 Parameter: XNCEL -> "436"
 Parameter: Y1 -> "-43.6309926"
 Parameter: Y2 -> "43.6230242"
 Parameter: YNCEL -> "436"
 Parameter: A -> "18.6"
 Parameter: B -> "18.8"

 A TOTAL OF   445539   VACUUM POINTS WERE FOUND
 A TOTAL OF   504941 OCCUPIED POINTS WERE FOUND
 A TOTAL OF        0 EXTERNAL POINTS WERE FOUND
 A TOTAL OF   445539 SELECTED POINTS WERE FOUND
 TOTAL OCCUPIED  VOLUME =     808.866304
 TOTAL SELECTED  VOLUME =     713.710085
 TOTAL FREE      VOLUME =     713.710085
 FRACTIONAL FREE VOLUME =      46.875158
  
 CHARMM>     
  
 CHARMM>    calc c = ?volume * @factor
 Parameter: FACTOR -> "5"
 RDCMND substituted energy or value "?VOLUME" to "808.866304"
Evaluating: 808.866304*5
 Parameter: C <- "4044.33152"
  
 CHARMM>     
  
 CHARMM>    if a .lt. -10 if a .gt. -20 if c .gt. @botarea set botarea = @c
 Parameter: BOTAREA -> "3928.19358"
 Parameter: C -> "4044.33152"
 Comparing "18.6" and "-10".
 IF test evaluated as false.  Skipping command
  
 CHARMM>    if a .gt.  10 if a .lt.  20 if c .gt. @toparea set toparea = @c
 Parameter: TOPAREA -> "4141.3107"
 Parameter: C -> "4044.33152"
 Comparing "18.6" and "10".
 IF test evaluated as true.  Performing command
 Comparing "18.6" and "20".
 IF test evaluated as true.  Performing command
 Comparing "4044.33152" and "4141.3107".
 IF test evaluated as false.  Skipping command
  
 CHARMM>     
  
 CHARMM>    write title unit 51
 RDTITL> * 18.8  4044.33152
 RDTITL> *
  
 CHARMM>     
  
 CHARMM>    incr a by @dcel
 Parameter: DCEL -> "0.2"
 Parameter: A <- "18.8"
  
 CHARMM>    incr b by @dcel
 Parameter: DCEL -> "0.2"
 Parameter: B <- "19"
  
 CHARMM>    if b le ?ZMAX goto DOAREA
 RDCMND substituted energy or value "?ZMAX" to "33.3514749"
 Comparing "19" and "33.3514749".
 IF test evaluated as true.  Performing command
  
 CHARMM>     
  
 CHARMM>    ! Cross sectional protein area with whole atom.
 CHARMM>    scalar wmain = radius
  
 CHARMM>    scalar wmain mult 2.5   sele resname TIP3 end
 SELRPN>      0 atoms have been selected out of  15156
  
 CHARMM>    scalar wmain add  1.529 sele .not. resname TIP3 end
 SELRPN>  15156 atoms have been selected out of  15156
  
 CHARMM>    scalar wmain mult 0.85  sele .not. resname TIP3 end
 SELRPN>  15156 atoms have been selected out of  15156
  
 CHARMM>    calc zab = ( @a + @b ) / 2.0
 Parameter: A -> "18.8"
 Parameter: B -> "19"
Evaluating: (18.8+19)/2.0
 Parameter: ZAB <- "18.9"
  
 CHARMM>     
  
 CHARMM>    coor search -
 CHARMM>         xmin @x1  xmax @x2  xgrip @xncel -
 CHARMM>         ymin @y1  ymax @y2  ygrip @yncel -
 CHARMM>         zmin @a   zmax @b   zgrip 5
 Parameter: X1 -> "-43.6244258"
 Parameter: X2 -> "43.6252187"
 Parameter: XNCEL -> "436"
 Parameter: Y1 -> "-43.6309926"
 Parameter: Y2 -> "43.6230242"
 Parameter: YNCEL -> "436"
 Parameter: A -> "18.8"
 Parameter: B -> "19"

 A TOTAL OF   447877   VACUUM POINTS WERE FOUND
 A TOTAL OF   502603 OCCUPIED POINTS WERE FOUND
 A TOTAL OF        0 EXTERNAL POINTS WERE FOUND
 A TOTAL OF   447877 SELECTED POINTS WERE FOUND
 TOTAL OCCUPIED  VOLUME =     805.121056
 TOTAL SELECTED  VOLUME =     717.455334
 TOTAL FREE      VOLUME =     717.455334
 FRACTIONAL FREE VOLUME =      47.121139
  
 CHARMM>     
  
 CHARMM>    calc c = ?volume * @factor
 Parameter: FACTOR -> "5"
 RDCMND substituted energy or value "?VOLUME" to "805.121056"
Evaluating: 805.121056*5
 Parameter: C <- "4025.60528"
  
 CHARMM>     
  
 CHARMM>    if a .lt. -10 if a .gt. -20 if c .gt. @botarea set botarea = @c
 Parameter: BOTAREA -> "3928.19358"
 Parameter: C -> "4025.60528"
 Comparing "18.8" and "-10".
 IF test evaluated as false.  Skipping command
  
 CHARMM>    if a .gt.  10 if a .lt.  20 if c .gt. @toparea set toparea = @c
 Parameter: TOPAREA -> "4141.3107"
 Parameter: C -> "4025.60528"
 Comparing "18.8" and "10".
 IF test evaluated as true.  Performing command
 Comparing "18.8" and "20".
 IF test evaluated as true.  Performing command
 Comparing "4025.60528" and "4141.3107".
 IF test evaluated as false.  Skipping command
  
 CHARMM>     
  
 CHARMM>    write title unit 51
 RDTITL> * 19  4025.60528
 RDTITL> *
  
 CHARMM>     
  
 CHARMM>    incr a by @dcel
 Parameter: DCEL -> "0.2"
 Parameter: A <- "19"
  
 CHARMM>    incr b by @dcel
 Parameter: DCEL -> "0.2"
 Parameter: B <- "19.2"
  
 CHARMM>    if b le ?ZMAX goto DOAREA
 RDCMND substituted energy or value "?ZMAX" to "33.3514749"
 Comparing "19.2" and "33.3514749".
 IF test evaluated as true.  Performing command
  
 CHARMM>     
  
 CHARMM>    ! Cross sectional protein area with whole atom.
 CHARMM>    scalar wmain = radius
  
 CHARMM>    scalar wmain mult 2.5   sele resname TIP3 end
 SELRPN>      0 atoms have been selected out of  15156
  
 CHARMM>    scalar wmain add  1.529 sele .not. resname TIP3 end
 SELRPN>  15156 atoms have been selected out of  15156
  
 CHARMM>    scalar wmain mult 0.85  sele .not. resname TIP3 end
 SELRPN>  15156 atoms have been selected out of  15156
  
 CHARMM>    calc zab = ( @a + @b ) / 2.0
 Parameter: A -> "19"
 Parameter: B -> "19.2"
Evaluating: (19+19.2)/2.0
 Parameter: ZAB <- "19.1"
  
 CHARMM>     
  
 CHARMM>    coor search -
 CHARMM>         xmin @x1  xmax @x2  xgrip @xncel -
 CHARMM>         ymin @y1  ymax @y2  ygrip @yncel -
 CHARMM>         zmin @a   zmax @b   zgrip 5
 Parameter: X1 -> "-43.6244258"
 Parameter: X2 -> "43.6252187"
 Parameter: XNCEL -> "436"
 Parameter: Y1 -> "-43.6309926"
 Parameter: Y2 -> "43.6230242"
 Parameter: YNCEL -> "436"
 Parameter: A -> "19"
 Parameter: B -> "19.2"

 A TOTAL OF   451395   VACUUM POINTS WERE FOUND
 A TOTAL OF   499085 OCCUPIED POINTS WERE FOUND
 A TOTAL OF        0 EXTERNAL POINTS WERE FOUND
 A TOTAL OF   451395 SELECTED POINTS WERE FOUND
 TOTAL OCCUPIED  VOLUME =     799.485562
 TOTAL SELECTED  VOLUME =     723.090827
 TOTAL FREE      VOLUME =     723.090827
 FRACTIONAL FREE VOLUME =      47.491268
  
 CHARMM>     
  
 CHARMM>    calc c = ?volume * @factor
 Parameter: FACTOR -> "5"
 RDCMND substituted energy or value "?VOLUME" to "799.485562"
Evaluating: 799.485562*5
 Parameter: C <- "3997.42781"
  
 CHARMM>     
  
 CHARMM>    if a .lt. -10 if a .gt. -20 if c .gt. @botarea set botarea = @c
 Parameter: BOTAREA -> "3928.19358"
 Parameter: C -> "3997.42781"
 Comparing "19" and "-10".
 IF test evaluated as false.  Skipping command
  
 CHARMM>    if a .gt.  10 if a .lt.  20 if c .gt. @toparea set toparea = @c
 Parameter: TOPAREA -> "4141.3107"
 Parameter: C -> "3997.42781"
 Comparing "19" and "10".
 IF test evaluated as true.  Performing command
 Comparing "19" and "20".
 IF test evaluated as true.  Performing command
 Comparing "3997.42781" and "4141.3107".
 IF test evaluated as false.  Skipping command
  
 CHARMM>     
  
 CHARMM>    write title unit 51
 RDTITL> * 19.2  3997.42781
 RDTITL> *
  
 CHARMM>     
  
 CHARMM>    incr a by @dcel
 Parameter: DCEL -> "0.2"
 Parameter: A <- "19.2"
  
 CHARMM>    incr b by @dcel
 Parameter: DCEL -> "0.2"
 Parameter: B <- "19.4"
  
 CHARMM>    if b le ?ZMAX goto DOAREA
 RDCMND substituted energy or value "?ZMAX" to "33.3514749"
 Comparing "19.4" and "33.3514749".
 IF test evaluated as true.  Performing command
  
 CHARMM>     
  
 CHARMM>    ! Cross sectional protein area with whole atom.
 CHARMM>    scalar wmain = radius
  
 CHARMM>    scalar wmain mult 2.5   sele resname TIP3 end
 SELRPN>      0 atoms have been selected out of  15156
  
 CHARMM>    scalar wmain add  1.529 sele .not. resname TIP3 end
 SELRPN>  15156 atoms have been selected out of  15156
  
 CHARMM>    scalar wmain mult 0.85  sele .not. resname TIP3 end
 SELRPN>  15156 atoms have been selected out of  15156
  
 CHARMM>    calc zab = ( @a + @b ) / 2.0
 Parameter: A -> "19.2"
 Parameter: B -> "19.4"
Evaluating: (19.2+19.4)/2.0
 Parameter: ZAB <- "19.3"
  
 CHARMM>     
  
 CHARMM>    coor search -
 CHARMM>         xmin @x1  xmax @x2  xgrip @xncel -
 CHARMM>         ymin @y1  ymax @y2  ygrip @yncel -
 CHARMM>         zmin @a   zmax @b   zgrip 5
 Parameter: X1 -> "-43.6244258"
 Parameter: X2 -> "43.6252187"
 Parameter: XNCEL -> "436"
 Parameter: Y1 -> "-43.6309926"
 Parameter: Y2 -> "43.6230242"
 Parameter: YNCEL -> "436"
 Parameter: A -> "19.2"
 Parameter: B -> "19.4"

 A TOTAL OF   455818   VACUUM POINTS WERE FOUND
 A TOTAL OF   494662 OCCUPIED POINTS WERE FOUND
 A TOTAL OF        0 EXTERNAL POINTS WERE FOUND
 A TOTAL OF   455818 SELECTED POINTS WERE FOUND
 TOTAL OCCUPIED  VOLUME =     792.400347
 TOTAL SELECTED  VOLUME =     730.176042
 TOTAL FREE      VOLUME =     730.176042
 FRACTIONAL FREE VOLUME =      47.956611
  
 CHARMM>     
  
 CHARMM>    calc c = ?volume * @factor
 Parameter: FACTOR -> "5"
 RDCMND substituted energy or value "?VOLUME" to "792.400347"
Evaluating: 792.400347*5
 Parameter: C <- "3962.00173"
  
 CHARMM>     
  
 CHARMM>    if a .lt. -10 if a .gt. -20 if c .gt. @botarea set botarea = @c
 Parameter: BOTAREA -> "3928.19358"
 Parameter: C -> "3962.00173"
 Comparing "19.2" and "-10".
 IF test evaluated as false.  Skipping command
  
 CHARMM>    if a .gt.  10 if a .lt.  20 if c .gt. @toparea set toparea = @c
 Parameter: TOPAREA -> "4141.3107"
 Parameter: C -> "3962.00173"
 Comparing "19.2" and "10".
 IF test evaluated as true.  Performing command
 Comparing "19.2" and "20".
 IF test evaluated as true.  Performing command
 Comparing "3962.00173" and "4141.3107".
 IF test evaluated as false.  Skipping command
  
 CHARMM>     
  
 CHARMM>    write title unit 51
 RDTITL> * 19.4  3962.00173
 RDTITL> *
  
 CHARMM>     
  
 CHARMM>    incr a by @dcel
 Parameter: DCEL -> "0.2"
 Parameter: A <- "19.4"
  
 CHARMM>    incr b by @dcel
 Parameter: DCEL -> "0.2"
 Parameter: B <- "19.6"
  
 CHARMM>    if b le ?ZMAX goto DOAREA
 RDCMND substituted energy or value "?ZMAX" to "33.3514749"
 Comparing "19.6" and "33.3514749".
 IF test evaluated as true.  Performing command
  
 CHARMM>     
  
 CHARMM>    ! Cross sectional protein area with whole atom.
 CHARMM>    scalar wmain = radius
  
 CHARMM>    scalar wmain mult 2.5   sele resname TIP3 end
 SELRPN>      0 atoms have been selected out of  15156
  
 CHARMM>    scalar wmain add  1.529 sele .not. resname TIP3 end
 SELRPN>  15156 atoms have been selected out of  15156
  
 CHARMM>    scalar wmain mult 0.85  sele .not. resname TIP3 end
 SELRPN>  15156 atoms have been selected out of  15156
  
 CHARMM>    calc zab = ( @a + @b ) / 2.0
 Parameter: A -> "19.4"
 Parameter: B -> "19.6"
Evaluating: (19.4+19.6)/2.0
 Parameter: ZAB <- "19.5"
  
 CHARMM>     
  
 CHARMM>    coor search -
 CHARMM>         xmin @x1  xmax @x2  xgrip @xncel -
 CHARMM>         ymin @y1  ymax @y2  ygrip @yncel -
 CHARMM>         zmin @a   zmax @b   zgrip 5
 Parameter: X1 -> "-43.6244258"
 Parameter: X2 -> "43.6252187"
 Parameter: XNCEL -> "436"
 Parameter: Y1 -> "-43.6309926"
 Parameter: Y2 -> "43.6230242"
 Parameter: YNCEL -> "436"
 Parameter: A -> "19.4"
 Parameter: B -> "19.6"

 A TOTAL OF   458240   VACUUM POINTS WERE FOUND
 A TOTAL OF   492240 OCCUPIED POINTS WERE FOUND
 A TOTAL OF        0 EXTERNAL POINTS WERE FOUND
 A TOTAL OF   458240 SELECTED POINTS WERE FOUND
 TOTAL OCCUPIED  VOLUME =     788.520539
 TOTAL SELECTED  VOLUME =     734.055850
 TOTAL FREE      VOLUME =     734.055850
 FRACTIONAL FREE VOLUME =      48.211430
  
 CHARMM>     
  
 CHARMM>    calc c = ?volume * @factor
 Parameter: FACTOR -> "5"
 RDCMND substituted energy or value "?VOLUME" to "788.520539"
Evaluating: 788.520539*5
 Parameter: C <- "3942.6027"
  
 CHARMM>     
  
 CHARMM>    if a .lt. -10 if a .gt. -20 if c .gt. @botarea set botarea = @c
 Parameter: BOTAREA -> "3928.19358"
 Parameter: C -> "3942.6027"
 Comparing "19.4" and "-10".
 IF test evaluated as false.  Skipping command
  
 CHARMM>    if a .gt.  10 if a .lt.  20 if c .gt. @toparea set toparea = @c
 Parameter: TOPAREA -> "4141.3107"
 Parameter: C -> "3942.6027"
 Comparing "19.4" and "10".
 IF test evaluated as true.  Performing command
 Comparing "19.4" and "20".
 IF test evaluated as true.  Performing command
 Comparing "3942.6027" and "4141.3107".
 IF test evaluated as false.  Skipping command
  
 CHARMM>     
  
 CHARMM>    write title unit 51
 RDTITL> * 19.6  3942.6027
 RDTITL> *
  
 CHARMM>     
  
 CHARMM>    incr a by @dcel
 Parameter: DCEL -> "0.2"
 Parameter: A <- "19.6"
  
 CHARMM>    incr b by @dcel
 Parameter: DCEL -> "0.2"
 Parameter: B <- "19.8"
  
 CHARMM>    if b le ?ZMAX goto DOAREA
 RDCMND substituted energy or value "?ZMAX" to "33.3514749"
 Comparing "19.8" and "33.3514749".
 IF test evaluated as true.  Performing command
  
 CHARMM>     
  
 CHARMM>    ! Cross sectional protein area with whole atom.
 CHARMM>    scalar wmain = radius
  
 CHARMM>    scalar wmain mult 2.5   sele resname TIP3 end
 SELRPN>      0 atoms have been selected out of  15156
  
 CHARMM>    scalar wmain add  1.529 sele .not. resname TIP3 end
 SELRPN>  15156 atoms have been selected out of  15156
  
 CHARMM>    scalar wmain mult 0.85  sele .not. resname TIP3 end
 SELRPN>  15156 atoms have been selected out of  15156
  
 CHARMM>    calc zab = ( @a + @b ) / 2.0
 Parameter: A -> "19.6"
 Parameter: B -> "19.8"
Evaluating: (19.6+19.8)/2.0
 Parameter: ZAB <- "19.7"
  
 CHARMM>     
  
 CHARMM>    coor search -
 CHARMM>         xmin @x1  xmax @x2  xgrip @xncel -
 CHARMM>         ymin @y1  ymax @y2  ygrip @yncel -
 CHARMM>         zmin @a   zmax @b   zgrip 5
 Parameter: X1 -> "-43.6244258"
 Parameter: X2 -> "43.6252187"
 Parameter: XNCEL -> "436"
 Parameter: Y1 -> "-43.6309926"
 Parameter: Y2 -> "43.6230242"
 Parameter: YNCEL -> "436"
 Parameter: A -> "19.6"
 Parameter: B -> "19.8"

 A TOTAL OF   460652   VACUUM POINTS WERE FOUND
 A TOTAL OF   489828 OCCUPIED POINTS WERE FOUND
 A TOTAL OF        0 EXTERNAL POINTS WERE FOUND
 A TOTAL OF   460652 SELECTED POINTS WERE FOUND
 TOTAL OCCUPIED  VOLUME =     784.656750
 TOTAL SELECTED  VOLUME =     737.919639
 TOTAL FREE      VOLUME =     737.919639
 FRACTIONAL FREE VOLUME =      48.465197
  
 CHARMM>     
  
 CHARMM>    calc c = ?volume * @factor
 Parameter: FACTOR -> "5"
 RDCMND substituted energy or value "?VOLUME" to "784.65675"
Evaluating: 784.65675*5
 Parameter: C <- "3923.28375"
  
 CHARMM>     
  
 CHARMM>    if a .lt. -10 if a .gt. -20 if c .gt. @botarea set botarea = @c
 Parameter: BOTAREA -> "3928.19358"
 Parameter: C -> "3923.28375"
 Comparing "19.6" and "-10".
 IF test evaluated as false.  Skipping command
  
 CHARMM>    if a .gt.  10 if a .lt.  20 if c .gt. @toparea set toparea = @c
 Parameter: TOPAREA -> "4141.3107"
 Parameter: C -> "3923.28375"
 Comparing "19.6" and "10".
 IF test evaluated as true.  Performing command
 Comparing "19.6" and "20".
 IF test evaluated as true.  Performing command
 Comparing "3923.28375" and "4141.3107".
 IF test evaluated as false.  Skipping command
  
 CHARMM>     
  
 CHARMM>    write title unit 51
 RDTITL> * 19.8  3923.28375
 RDTITL> *
  
 CHARMM>     
  
 CHARMM>    incr a by @dcel
 Parameter: DCEL -> "0.2"
 Parameter: A <- "19.8"
  
 CHARMM>    incr b by @dcel
 Parameter: DCEL -> "0.2"
 Parameter: B <- "20"
  
 CHARMM>    if b le ?ZMAX goto DOAREA
 RDCMND substituted energy or value "?ZMAX" to "33.3514749"
 Comparing "20" and "33.3514749".
 IF test evaluated as true.  Performing command
  
 CHARMM>     
  
 CHARMM>    ! Cross sectional protein area with whole atom.
 CHARMM>    scalar wmain = radius
  
 CHARMM>    scalar wmain mult 2.5   sele resname TIP3 end
 SELRPN>      0 atoms have been selected out of  15156
  
 CHARMM>    scalar wmain add  1.529 sele .not. resname TIP3 end
 SELRPN>  15156 atoms have been selected out of  15156
  
 CHARMM>    scalar wmain mult 0.85  sele .not. resname TIP3 end
 SELRPN>  15156 atoms have been selected out of  15156
  
 CHARMM>    calc zab = ( @a + @b ) / 2.0
 Parameter: A -> "19.8"
 Parameter: B -> "20"
Evaluating: (19.8+20)/2.0
 Parameter: ZAB <- "19.9"
  
 CHARMM>     
  
 CHARMM>    coor search -
 CHARMM>         xmin @x1  xmax @x2  xgrip @xncel -
 CHARMM>         ymin @y1  ymax @y2  ygrip @yncel -
 CHARMM>         zmin @a   zmax @b   zgrip 5
 Parameter: X1 -> "-43.6244258"
 Parameter: X2 -> "43.6252187"
 Parameter: XNCEL -> "436"
 Parameter: Y1 -> "-43.6309926"
 Parameter: Y2 -> "43.6230242"
 Parameter: YNCEL -> "436"
 Parameter: A -> "19.8"
 Parameter: B -> "20"

 A TOTAL OF   463715   VACUUM POINTS WERE FOUND
 A TOTAL OF   486765 OCCUPIED POINTS WERE FOUND
 A TOTAL OF        0 EXTERNAL POINTS WERE FOUND
 A TOTAL OF   463715 SELECTED POINTS WERE FOUND
 TOTAL OCCUPIED  VOLUME =     779.750122
 TOTAL SELECTED  VOLUME =     742.826267
 TOTAL FREE      VOLUME =     742.826267
 FRACTIONAL FREE VOLUME =      48.787455
  
 CHARMM>     
  
 CHARMM>    calc c = ?volume * @factor
 Parameter: FACTOR -> "5"
 RDCMND substituted energy or value "?VOLUME" to "779.750122"
Evaluating: 779.750122*5
 Parameter: C <- "3898.75061"
  
 CHARMM>     
  
 CHARMM>    if a .lt. -10 if a .gt. -20 if c .gt. @botarea set botarea = @c
 Parameter: BOTAREA -> "3928.19358"
 Parameter: C -> "3898.75061"
 Comparing "19.8" and "-10".
 IF test evaluated as false.  Skipping command
  
 CHARMM>    if a .gt.  10 if a .lt.  20 if c .gt. @toparea set toparea = @c
 Parameter: TOPAREA -> "4141.3107"
 Parameter: C -> "3898.75061"
 Comparing "19.8" and "10".
 IF test evaluated as true.  Performing command
 Comparing "19.8" and "20".
 IF test evaluated as true.  Performing command
 Comparing "3898.75061" and "4141.3107".
 IF test evaluated as false.  Skipping command
  
 CHARMM>     
  
 CHARMM>    write title unit 51
 RDTITL> * 20  3898.75061
 RDTITL> *
  
 CHARMM>     
  
 CHARMM>    incr a by @dcel
 Parameter: DCEL -> "0.2"
 Parameter: A <- "20"
  
 CHARMM>    incr b by @dcel
 Parameter: DCEL -> "0.2"
 Parameter: B <- "20.2"
  
 CHARMM>    if b le ?ZMAX goto DOAREA
 RDCMND substituted energy or value "?ZMAX" to "33.3514749"
 Comparing "20.2" and "33.3514749".
 IF test evaluated as true.  Performing command
  
 CHARMM>     
  
 CHARMM>    ! Cross sectional protein area with whole atom.
 CHARMM>    scalar wmain = radius
  
 CHARMM>    scalar wmain mult 2.5   sele resname TIP3 end
 SELRPN>      0 atoms have been selected out of  15156
  
 CHARMM>    scalar wmain add  1.529 sele .not. resname TIP3 end
 SELRPN>  15156 atoms have been selected out of  15156
  
 CHARMM>    scalar wmain mult 0.85  sele .not. resname TIP3 end
 SELRPN>  15156 atoms have been selected out of  15156
  
 CHARMM>    calc zab = ( @a + @b ) / 2.0
 Parameter: A -> "20"
 Parameter: B -> "20.2"
Evaluating: (20+20.2)/2.0
 Parameter: ZAB <- "20.1"
  
 CHARMM>     
  
 CHARMM>    coor search -
 CHARMM>         xmin @x1  xmax @x2  xgrip @xncel -
 CHARMM>         ymin @y1  ymax @y2  ygrip @yncel -
 CHARMM>         zmin @a   zmax @b   zgrip 5
 Parameter: X1 -> "-43.6244258"
 Parameter: X2 -> "43.6252187"
 Parameter: XNCEL -> "436"
 Parameter: Y1 -> "-43.6309926"
 Parameter: Y2 -> "43.6230242"
 Parameter: YNCEL -> "436"
 Parameter: A -> "20"
 Parameter: B -> "20.2"

 A TOTAL OF   468077   VACUUM POINTS WERE FOUND
 A TOTAL OF   482403 OCCUPIED POINTS WERE FOUND
 A TOTAL OF        0 EXTERNAL POINTS WERE FOUND
 A TOTAL OF   468077 SELECTED POINTS WERE FOUND
 TOTAL OCCUPIED  VOLUME =     772.762623
 TOTAL SELECTED  VOLUME =     749.813766
 TOTAL FREE      VOLUME =     749.813766
 FRACTIONAL FREE VOLUME =      49.246381
  
 CHARMM>     
  
 CHARMM>    calc c = ?volume * @factor
 Parameter: FACTOR -> "5"
 RDCMND substituted energy or value "?VOLUME" to "772.762623"
Evaluating: 772.762623*5
 Parameter: C <- "3863.81311"
  
 CHARMM>     
  
 CHARMM>    if a .lt. -10 if a .gt. -20 if c .gt. @botarea set botarea = @c
 Parameter: BOTAREA -> "3928.19358"
 Parameter: C -> "3863.81311"
 Comparing "20" and "-10".
 IF test evaluated as false.  Skipping command
  
 CHARMM>    if a .gt.  10 if a .lt.  20 if c .gt. @toparea set toparea = @c
 Parameter: TOPAREA -> "4141.3107"
 Parameter: C -> "3863.81311"
 Comparing "20" and "10".
 IF test evaluated as true.  Performing command
 Comparing "20" and "20".
 IF test evaluated as false.  Skipping command
  
 CHARMM>     
  
 CHARMM>    write title unit 51
 RDTITL> * 20.2  3863.81311
 RDTITL> *
  
 CHARMM>     
  
 CHARMM>    incr a by @dcel
 Parameter: DCEL -> "0.2"
 Parameter: A <- "20.2"
  
 CHARMM>    incr b by @dcel
 Parameter: DCEL -> "0.2"
 Parameter: B <- "20.4"
  
 CHARMM>    if b le ?ZMAX goto DOAREA
 RDCMND substituted energy or value "?ZMAX" to "33.3514749"
 Comparing "20.4" and "33.3514749".
 IF test evaluated as true.  Performing command
  
 CHARMM>     
  
 CHARMM>    ! Cross sectional protein area with whole atom.
 CHARMM>    scalar wmain = radius
  
 CHARMM>    scalar wmain mult 2.5   sele resname TIP3 end
 SELRPN>      0 atoms have been selected out of  15156
  
 CHARMM>    scalar wmain add  1.529 sele .not. resname TIP3 end
 SELRPN>  15156 atoms have been selected out of  15156
  
 CHARMM>    scalar wmain mult 0.85  sele .not. resname TIP3 end
 SELRPN>  15156 atoms have been selected out of  15156
  
 CHARMM>    calc zab = ( @a + @b ) / 2.0
 Parameter: A -> "20.2"
 Parameter: B -> "20.4"
Evaluating: (20.2+20.4)/2.0
 Parameter: ZAB <- "20.3"
  
 CHARMM>     
  
 CHARMM>    coor search -
 CHARMM>         xmin @x1  xmax @x2  xgrip @xncel -
 CHARMM>         ymin @y1  ymax @y2  ygrip @yncel -
 CHARMM>         zmin @a   zmax @b   zgrip 5
 Parameter: X1 -> "-43.6244258"
 Parameter: X2 -> "43.6252187"
 Parameter: XNCEL -> "436"
 Parameter: Y1 -> "-43.6309926"
 Parameter: Y2 -> "43.6230242"
 Parameter: YNCEL -> "436"
 Parameter: A -> "20.2"
 Parameter: B -> "20.4"

 A TOTAL OF   474145   VACUUM POINTS WERE FOUND
 A TOTAL OF   476335 OCCUPIED POINTS WERE FOUND
 A TOTAL OF        0 EXTERNAL POINTS WERE FOUND
 A TOTAL OF   474145 SELECTED POINTS WERE FOUND
 TOTAL OCCUPIED  VOLUME =     763.042278
 TOTAL SELECTED  VOLUME =     759.534111
 TOTAL FREE      VOLUME =     759.534111
 FRACTIONAL FREE VOLUME =      49.884795
  
 CHARMM>     
  
 CHARMM>    calc c = ?volume * @factor
 Parameter: FACTOR -> "5"
 RDCMND substituted energy or value "?VOLUME" to "763.042278"
Evaluating: 763.042278*5
 Parameter: C <- "3815.21139"
  
 CHARMM>     
  
 CHARMM>    if a .lt. -10 if a .gt. -20 if c .gt. @botarea set botarea = @c
 Parameter: BOTAREA -> "3928.19358"
 Parameter: C -> "3815.21139"
 Comparing "20.2" and "-10".
 IF test evaluated as false.  Skipping command
  
 CHARMM>    if a .gt.  10 if a .lt.  20 if c .gt. @toparea set toparea = @c
 Parameter: TOPAREA -> "4141.3107"
 Parameter: C -> "3815.21139"
 Comparing "20.2" and "10".
 IF test evaluated as true.  Performing command
 Comparing "20.2" and "20".
 IF test evaluated as false.  Skipping command
  
 CHARMM>     
  
 CHARMM>    write title unit 51
 RDTITL> * 20.4  3815.21139
 RDTITL> *
  
 CHARMM>     
  
 CHARMM>    incr a by @dcel
 Parameter: DCEL -> "0.2"
 Parameter: A <- "20.4"
  
 CHARMM>    incr b by @dcel
 Parameter: DCEL -> "0.2"
 Parameter: B <- "20.6"
  
 CHARMM>    if b le ?ZMAX goto DOAREA
 RDCMND substituted energy or value "?ZMAX" to "33.3514749"
 Comparing "20.6" and "33.3514749".
 IF test evaluated as true.  Performing command
  
 CHARMM>     
  
 CHARMM>    ! Cross sectional protein area with whole atom.
 CHARMM>    scalar wmain = radius
  
 CHARMM>    scalar wmain mult 2.5   sele resname TIP3 end
 SELRPN>      0 atoms have been selected out of  15156
  
 CHARMM>    scalar wmain add  1.529 sele .not. resname TIP3 end
 SELRPN>  15156 atoms have been selected out of  15156
  
 CHARMM>    scalar wmain mult 0.85  sele .not. resname TIP3 end
 SELRPN>  15156 atoms have been selected out of  15156
  
 CHARMM>    calc zab = ( @a + @b ) / 2.0
 Parameter: A -> "20.4"
 Parameter: B -> "20.6"
Evaluating: (20.4+20.6)/2.0
 Parameter: ZAB <- "20.5"
  
 CHARMM>     
  
 CHARMM>    coor search -
 CHARMM>         xmin @x1  xmax @x2  xgrip @xncel -
 CHARMM>         ymin @y1  ymax @y2  ygrip @yncel -
 CHARMM>         zmin @a   zmax @b   zgrip 5
 Parameter: X1 -> "-43.6244258"
 Parameter: X2 -> "43.6252187"
 Parameter: XNCEL -> "436"
 Parameter: Y1 -> "-43.6309926"
 Parameter: Y2 -> "43.6230242"
 Parameter: YNCEL -> "436"
 Parameter: A -> "20.4"
 Parameter: B -> "20.6"

 A TOTAL OF   481259   VACUUM POINTS WERE FOUND
 A TOTAL OF   469221 OCCUPIED POINTS WERE FOUND
 A TOTAL OF        0 EXTERNAL POINTS WERE FOUND
 A TOTAL OF   481259 SELECTED POINTS WERE FOUND
 TOTAL OCCUPIED  VOLUME =     751.646343
 TOTAL SELECTED  VOLUME =     770.930046
 TOTAL FREE      VOLUME =     770.930046
 FRACTIONAL FREE VOLUME =      50.633259
  
 CHARMM>     
  
 CHARMM>    calc c = ?volume * @factor
 Parameter: FACTOR -> "5"
 RDCMND substituted energy or value "?VOLUME" to "751.646343"
Evaluating: 751.646343*5
 Parameter: C <- "3758.23171"
  
 CHARMM>     
  
 CHARMM>    if a .lt. -10 if a .gt. -20 if c .gt. @botarea set botarea = @c
 Parameter: BOTAREA -> "3928.19358"
 Parameter: C -> "3758.23171"
 Comparing "20.4" and "-10".
 IF test evaluated as false.  Skipping command
  
 CHARMM>    if a .gt.  10 if a .lt.  20 if c .gt. @toparea set toparea = @c
 Parameter: TOPAREA -> "4141.3107"
 Parameter: C -> "3758.23171"
 Comparing "20.4" and "10".
 IF test evaluated as true.  Performing command
 Comparing "20.4" and "20".
 IF test evaluated as false.  Skipping command
  
 CHARMM>     
  
 CHARMM>    write title unit 51
 RDTITL> * 20.6  3758.23171
 RDTITL> *
  
 CHARMM>     
  
 CHARMM>    incr a by @dcel
 Parameter: DCEL -> "0.2"
 Parameter: A <- "20.6"
  
 CHARMM>    incr b by @dcel
 Parameter: DCEL -> "0.2"
 Parameter: B <- "20.8"
  
 CHARMM>    if b le ?ZMAX goto DOAREA
 RDCMND substituted energy or value "?ZMAX" to "33.3514749"
 Comparing "20.8" and "33.3514749".
 IF test evaluated as true.  Performing command
  
 CHARMM>     
  
 CHARMM>    ! Cross sectional protein area with whole atom.
 CHARMM>    scalar wmain = radius
  
 CHARMM>    scalar wmain mult 2.5   sele resname TIP3 end
 SELRPN>      0 atoms have been selected out of  15156
  
 CHARMM>    scalar wmain add  1.529 sele .not. resname TIP3 end
 SELRPN>  15156 atoms have been selected out of  15156
  
 CHARMM>    scalar wmain mult 0.85  sele .not. resname TIP3 end
 SELRPN>  15156 atoms have been selected out of  15156
  
 CHARMM>    calc zab = ( @a + @b ) / 2.0
 Parameter: A -> "20.6"
 Parameter: B -> "20.8"
Evaluating: (20.6+20.8)/2.0
 Parameter: ZAB <- "20.7"
  
 CHARMM>     
  
 CHARMM>    coor search -
 CHARMM>         xmin @x1  xmax @x2  xgrip @xncel -
 CHARMM>         ymin @y1  ymax @y2  ygrip @yncel -
 CHARMM>         zmin @a   zmax @b   zgrip 5
 Parameter: X1 -> "-43.6244258"
 Parameter: X2 -> "43.6252187"
 Parameter: XNCEL -> "436"
 Parameter: Y1 -> "-43.6309926"
 Parameter: Y2 -> "43.6230242"
 Parameter: YNCEL -> "436"
 Parameter: A -> "20.6"
 Parameter: B -> "20.8"

 A TOTAL OF   486812   VACUUM POINTS WERE FOUND
 A TOTAL OF   463668 OCCUPIED POINTS WERE FOUND
 A TOTAL OF        0 EXTERNAL POINTS WERE FOUND
 A TOTAL OF   486812 SELECTED POINTS WERE FOUND
 TOTAL OCCUPIED  VOLUME =     742.750978
 TOTAL SELECTED  VOLUME =     779.825412
 TOTAL FREE      VOLUME =     779.825412
 FRACTIONAL FREE VOLUME =      51.217490
  
 CHARMM>     
  
 CHARMM>    calc c = ?volume * @factor
 Parameter: FACTOR -> "5"
 RDCMND substituted energy or value "?VOLUME" to "742.750978"
Evaluating: 742.750978*5
 Parameter: C <- "3713.75489"
  
 CHARMM>     
  
 CHARMM>    if a .lt. -10 if a .gt. -20 if c .gt. @botarea set botarea = @c
 Parameter: BOTAREA -> "3928.19358"
 Parameter: C -> "3713.75489"
 Comparing "20.6" and "-10".
 IF test evaluated as false.  Skipping command
  
 CHARMM>    if a .gt.  10 if a .lt.  20 if c .gt. @toparea set toparea = @c
 Parameter: TOPAREA -> "4141.3107"
 Parameter: C -> "3713.75489"
 Comparing "20.6" and "10".
 IF test evaluated as true.  Performing command
 Comparing "20.6" and "20".
 IF test evaluated as false.  Skipping command
  
 CHARMM>     
  
 CHARMM>    write title unit 51
 RDTITL> * 20.8  3713.75489
 RDTITL> *
  
 CHARMM>     
  
 CHARMM>    incr a by @dcel
 Parameter: DCEL -> "0.2"
 Parameter: A <- "20.8"
  
 CHARMM>    incr b by @dcel
 Parameter: DCEL -> "0.2"
 Parameter: B <- "21"
  
 CHARMM>    if b le ?ZMAX goto DOAREA
 RDCMND substituted energy or value "?ZMAX" to "33.3514749"
 Comparing "21" and "33.3514749".
 IF test evaluated as true.  Performing command
  
 CHARMM>     
  
 CHARMM>    ! Cross sectional protein area with whole atom.
 CHARMM>    scalar wmain = radius
  
 CHARMM>    scalar wmain mult 2.5   sele resname TIP3 end
 SELRPN>      0 atoms have been selected out of  15156
  
 CHARMM>    scalar wmain add  1.529 sele .not. resname TIP3 end
 SELRPN>  15156 atoms have been selected out of  15156
  
 CHARMM>    scalar wmain mult 0.85  sele .not. resname TIP3 end
 SELRPN>  15156 atoms have been selected out of  15156
  
 CHARMM>    calc zab = ( @a + @b ) / 2.0
 Parameter: A -> "20.8"
 Parameter: B -> "21"
Evaluating: (20.8+21)/2.0
 Parameter: ZAB <- "20.9"
  
 CHARMM>     
  
 CHARMM>    coor search -
 CHARMM>         xmin @x1  xmax @x2  xgrip @xncel -
 CHARMM>         ymin @y1  ymax @y2  ygrip @yncel -
 CHARMM>         zmin @a   zmax @b   zgrip 5
 Parameter: X1 -> "-43.6244258"
 Parameter: X2 -> "43.6252187"
 Parameter: XNCEL -> "436"
 Parameter: Y1 -> "-43.6309926"
 Parameter: Y2 -> "43.6230242"
 Parameter: YNCEL -> "436"
 Parameter: A -> "20.8"
 Parameter: B -> "21"

 A TOTAL OF   492631   VACUUM POINTS WERE FOUND
 A TOTAL OF   457849 OCCUPIED POINTS WERE FOUND
 A TOTAL OF        0 EXTERNAL POINTS WERE FOUND
 A TOTAL OF   492631 SELECTED POINTS WERE FOUND
 TOTAL OCCUPIED  VOLUME =     733.429506
 TOTAL SELECTED  VOLUME =     789.146883
 TOTAL FREE      VOLUME =     789.146883
 FRACTIONAL FREE VOLUME =      51.829707
  
 CHARMM>     
  
 CHARMM>    calc c = ?volume * @factor
 Parameter: FACTOR -> "5"
 RDCMND substituted energy or value "?VOLUME" to "733.429506"
Evaluating: 733.429506*5
 Parameter: C <- "3667.14753"
  
 CHARMM>     
  
 CHARMM>    if a .lt. -10 if a .gt. -20 if c .gt. @botarea set botarea = @c
 Parameter: BOTAREA -> "3928.19358"
 Parameter: C -> "3667.14753"
 Comparing "20.8" and "-10".
 IF test evaluated as false.  Skipping command
  
 CHARMM>    if a .gt.  10 if a .lt.  20 if c .gt. @toparea set toparea = @c
 Parameter: TOPAREA -> "4141.3107"
 Parameter: C -> "3667.14753"
 Comparing "20.8" and "10".
 IF test evaluated as true.  Performing command
 Comparing "20.8" and "20".
 IF test evaluated as false.  Skipping command
  
 CHARMM>     
  
 CHARMM>    write title unit 51
 RDTITL> * 21  3667.14753
 RDTITL> *
  
 CHARMM>     
  
 CHARMM>    incr a by @dcel
 Parameter: DCEL -> "0.2"
 Parameter: A <- "21"
  
 CHARMM>    incr b by @dcel
 Parameter: DCEL -> "0.2"
 Parameter: B <- "21.2"
  
 CHARMM>    if b le ?ZMAX goto DOAREA
 RDCMND substituted energy or value "?ZMAX" to "33.3514749"
 Comparing "21.2" and "33.3514749".
 IF test evaluated as true.  Performing command
  
 CHARMM>     
  
 CHARMM>    ! Cross sectional protein area with whole atom.
 CHARMM>    scalar wmain = radius
  
 CHARMM>    scalar wmain mult 2.5   sele resname TIP3 end
 SELRPN>      0 atoms have been selected out of  15156
  
 CHARMM>    scalar wmain add  1.529 sele .not. resname TIP3 end
 SELRPN>  15156 atoms have been selected out of  15156
  
 CHARMM>    scalar wmain mult 0.85  sele .not. resname TIP3 end
 SELRPN>  15156 atoms have been selected out of  15156
  
 CHARMM>    calc zab = ( @a + @b ) / 2.0
 Parameter: A -> "21"
 Parameter: B -> "21.2"
Evaluating: (21+21.2)/2.0
 Parameter: ZAB <- "21.1"
  
 CHARMM>     
  
 CHARMM>    coor search -
 CHARMM>         xmin @x1  xmax @x2  xgrip @xncel -
 CHARMM>         ymin @y1  ymax @y2  ygrip @yncel -
 CHARMM>         zmin @a   zmax @b   zgrip 5
 Parameter: X1 -> "-43.6244258"
 Parameter: X2 -> "43.6252187"
 Parameter: XNCEL -> "436"
 Parameter: Y1 -> "-43.6309926"
 Parameter: Y2 -> "43.6230242"
 Parameter: YNCEL -> "436"
 Parameter: A -> "21"
 Parameter: B -> "21.2"

 A TOTAL OF   498849   VACUUM POINTS WERE FOUND
 A TOTAL OF   451631 OCCUPIED POINTS WERE FOUND
 A TOTAL OF        0 EXTERNAL POINTS WERE FOUND
 A TOTAL OF   498849 SELECTED POINTS WERE FOUND
 TOTAL OCCUPIED  VOLUME =     723.468876
 TOTAL SELECTED  VOLUME =     799.107513
 TOTAL FREE      VOLUME =     799.107513
 FRACTIONAL FREE VOLUME =      52.483903
  
 CHARMM>     
  
 CHARMM>    calc c = ?volume * @factor
 Parameter: FACTOR -> "5"
 RDCMND substituted energy or value "?VOLUME" to "723.468876"
Evaluating: 723.468876*5
 Parameter: C <- "3617.34438"
  
 CHARMM>     
  
 CHARMM>    if a .lt. -10 if a .gt. -20 if c .gt. @botarea set botarea = @c
 Parameter: BOTAREA -> "3928.19358"
 Parameter: C -> "3617.34438"
 Comparing "21" and "-10".
 IF test evaluated as false.  Skipping command
  
 CHARMM>    if a .gt.  10 if a .lt.  20 if c .gt. @toparea set toparea = @c
 Parameter: TOPAREA -> "4141.3107"
 Parameter: C -> "3617.34438"
 Comparing "21" and "10".
 IF test evaluated as true.  Performing command
 Comparing "21" and "20".
 IF test evaluated as false.  Skipping command
  
 CHARMM>     
  
 CHARMM>    write title unit 51
 RDTITL> * 21.2  3617.34438
 RDTITL> *
  
 CHARMM>     
  
 CHARMM>    incr a by @dcel
 Parameter: DCEL -> "0.2"
 Parameter: A <- "21.2"
  
 CHARMM>    incr b by @dcel
 Parameter: DCEL -> "0.2"
 Parameter: B <- "21.4"
  
 CHARMM>    if b le ?ZMAX goto DOAREA
 RDCMND substituted energy or value "?ZMAX" to "33.3514749"
 Comparing "21.4" and "33.3514749".
 IF test evaluated as true.  Performing command
  
 CHARMM>     
  
 CHARMM>    ! Cross sectional protein area with whole atom.
 CHARMM>    scalar wmain = radius
  
 CHARMM>    scalar wmain mult 2.5   sele resname TIP3 end
 SELRPN>      0 atoms have been selected out of  15156
  
 CHARMM>    scalar wmain add  1.529 sele .not. resname TIP3 end
 SELRPN>  15156 atoms have been selected out of  15156
  
 CHARMM>    scalar wmain mult 0.85  sele .not. resname TIP3 end
 SELRPN>  15156 atoms have been selected out of  15156
  
 CHARMM>    calc zab = ( @a + @b ) / 2.0
 Parameter: A -> "21.2"
 Parameter: B -> "21.4"
Evaluating: (21.2+21.4)/2.0
 Parameter: ZAB <- "21.3"
  
 CHARMM>     
  
 CHARMM>    coor search -
 CHARMM>         xmin @x1  xmax @x2  xgrip @xncel -
 CHARMM>         ymin @y1  ymax @y2  ygrip @yncel -
 CHARMM>         zmin @a   zmax @b   zgrip 5
 Parameter: X1 -> "-43.6244258"
 Parameter: X2 -> "43.6252187"
 Parameter: XNCEL -> "436"
 Parameter: Y1 -> "-43.6309926"
 Parameter: Y2 -> "43.6230242"
 Parameter: YNCEL -> "436"
 Parameter: A -> "21.2"
 Parameter: B -> "21.4"

 A TOTAL OF   505206   VACUUM POINTS WERE FOUND
 A TOTAL OF   445274 OCCUPIED POINTS WERE FOUND
 A TOTAL OF        0 EXTERNAL POINTS WERE FOUND
 A TOTAL OF   505206 SELECTED POINTS WERE FOUND
 TOTAL OCCUPIED  VOLUME =     713.285581
 TOTAL SELECTED  VOLUME =     809.290808
 TOTAL FREE      VOLUME =     809.290808
 FRACTIONAL FREE VOLUME =      53.152723
  
 CHARMM>     
  
 CHARMM>    calc c = ?volume * @factor
 Parameter: FACTOR -> "5"
 RDCMND substituted energy or value "?VOLUME" to "713.285581"
Evaluating: 713.285581*5
 Parameter: C <- "3566.42791"
  
 CHARMM>     
  
 CHARMM>    if a .lt. -10 if a .gt. -20 if c .gt. @botarea set botarea = @c
 Parameter: BOTAREA -> "3928.19358"
 Parameter: C -> "3566.42791"
 Comparing "21.2" and "-10".
 IF test evaluated as false.  Skipping command
  
 CHARMM>    if a .gt.  10 if a .lt.  20 if c .gt. @toparea set toparea = @c
 Parameter: TOPAREA -> "4141.3107"
 Parameter: C -> "3566.42791"
 Comparing "21.2" and "10".
 IF test evaluated as true.  Performing command
 Comparing "21.2" and "20".
 IF test evaluated as false.  Skipping command
  
 CHARMM>     
  
 CHARMM>    write title unit 51
 RDTITL> * 21.4  3566.42791
 RDTITL> *
  
 CHARMM>     
  
 CHARMM>    incr a by @dcel
 Parameter: DCEL -> "0.2"
 Parameter: A <- "21.4"
  
 CHARMM>    incr b by @dcel
 Parameter: DCEL -> "0.2"
 Parameter: B <- "21.6"
  
 CHARMM>    if b le ?ZMAX goto DOAREA
 RDCMND substituted energy or value "?ZMAX" to "33.3514749"
 Comparing "21.6" and "33.3514749".
 IF test evaluated as true.  Performing command
  
 CHARMM>     
  
 CHARMM>    ! Cross sectional protein area with whole atom.
 CHARMM>    scalar wmain = radius
  
 CHARMM>    scalar wmain mult 2.5   sele resname TIP3 end
 SELRPN>      0 atoms have been selected out of  15156
  
 CHARMM>    scalar wmain add  1.529 sele .not. resname TIP3 end
 SELRPN>  15156 atoms have been selected out of  15156
  
 CHARMM>    scalar wmain mult 0.85  sele .not. resname TIP3 end
 SELRPN>  15156 atoms have been selected out of  15156
  
 CHARMM>    calc zab = ( @a + @b ) / 2.0
 Parameter: A -> "21.4"
 Parameter: B -> "21.6"
Evaluating: (21.4+21.6)/2.0
 Parameter: ZAB <- "21.5"
  
 CHARMM>     
  
 CHARMM>    coor search -
 CHARMM>         xmin @x1  xmax @x2  xgrip @xncel -
 CHARMM>         ymin @y1  ymax @y2  ygrip @yncel -
 CHARMM>         zmin @a   zmax @b   zgrip 5
 Parameter: X1 -> "-43.6244258"
 Parameter: X2 -> "43.6252187"
 Parameter: XNCEL -> "436"
 Parameter: Y1 -> "-43.6309926"
 Parameter: Y2 -> "43.6230242"
 Parameter: YNCEL -> "436"
 Parameter: A -> "21.4"
 Parameter: B -> "21.6"

 A TOTAL OF   512959   VACUUM POINTS WERE FOUND
 A TOTAL OF   437521 OCCUPIED POINTS WERE FOUND
 A TOTAL OF        0 EXTERNAL POINTS WERE FOUND
 A TOTAL OF   512959 SELECTED POINTS WERE FOUND
 TOTAL OCCUPIED  VOLUME =     700.866030
 TOTAL SELECTED  VOLUME =     821.710359
 TOTAL FREE      VOLUME =     821.710359
 FRACTIONAL FREE VOLUME =      53.968416
  
 CHARMM>     
  
 CHARMM>    calc c = ?volume * @factor
 Parameter: FACTOR -> "5"
 RDCMND substituted energy or value "?VOLUME" to "700.86603"
Evaluating: 700.86603*5
 Parameter: C <- "3504.33015"
  
 CHARMM>     
  
 CHARMM>    if a .lt. -10 if a .gt. -20 if c .gt. @botarea set botarea = @c
 Parameter: BOTAREA -> "3928.19358"
 Parameter: C -> "3504.33015"
 Comparing "21.4" and "-10".
 IF test evaluated as false.  Skipping command
  
 CHARMM>    if a .gt.  10 if a .lt.  20 if c .gt. @toparea set toparea = @c
 Parameter: TOPAREA -> "4141.3107"
 Parameter: C -> "3504.33015"
 Comparing "21.4" and "10".
 IF test evaluated as true.  Performing command
 Comparing "21.4" and "20".
 IF test evaluated as false.  Skipping command
  
 CHARMM>     
  
 CHARMM>    write title unit 51
 RDTITL> * 21.6  3504.33015
 RDTITL> *
  
 CHARMM>     
  
 CHARMM>    incr a by @dcel
 Parameter: DCEL -> "0.2"
 Parameter: A <- "21.6"
  
 CHARMM>    incr b by @dcel
 Parameter: DCEL -> "0.2"
 Parameter: B <- "21.8"
  
 CHARMM>    if b le ?ZMAX goto DOAREA
 RDCMND substituted energy or value "?ZMAX" to "33.3514749"
 Comparing "21.8" and "33.3514749".
 IF test evaluated as true.  Performing command
  
 CHARMM>     
  
 CHARMM>    ! Cross sectional protein area with whole atom.
 CHARMM>    scalar wmain = radius
  
 CHARMM>    scalar wmain mult 2.5   sele resname TIP3 end
 SELRPN>      0 atoms have been selected out of  15156
  
 CHARMM>    scalar wmain add  1.529 sele .not. resname TIP3 end
 SELRPN>  15156 atoms have been selected out of  15156
  
 CHARMM>    scalar wmain mult 0.85  sele .not. resname TIP3 end
 SELRPN>  15156 atoms have been selected out of  15156
  
 CHARMM>    calc zab = ( @a + @b ) / 2.0
 Parameter: A -> "21.6"
 Parameter: B -> "21.8"
Evaluating: (21.6+21.8)/2.0
 Parameter: ZAB <- "21.7"
  
 CHARMM>     
  
 CHARMM>    coor search -
 CHARMM>         xmin @x1  xmax @x2  xgrip @xncel -
 CHARMM>         ymin @y1  ymax @y2  ygrip @yncel -
 CHARMM>         zmin @a   zmax @b   zgrip 5
 Parameter: X1 -> "-43.6244258"
 Parameter: X2 -> "43.6252187"
 Parameter: XNCEL -> "436"
 Parameter: Y1 -> "-43.6309926"
 Parameter: Y2 -> "43.6230242"
 Parameter: YNCEL -> "436"
 Parameter: A -> "21.6"
 Parameter: B -> "21.8"

 A TOTAL OF   522814   VACUUM POINTS WERE FOUND
 A TOTAL OF   427666 OCCUPIED POINTS WERE FOUND
 A TOTAL OF        0 EXTERNAL POINTS WERE FOUND
 A TOTAL OF   522814 SELECTED POINTS WERE FOUND
 TOTAL OCCUPIED  VOLUME =     685.079280
 TOTAL SELECTED  VOLUME =     837.497109
 TOTAL FREE      VOLUME =     837.497109
 FRACTIONAL FREE VOLUME =      55.005260
  
 CHARMM>     
  
 CHARMM>    calc c = ?volume * @factor
 Parameter: FACTOR -> "5"
 RDCMND substituted energy or value "?VOLUME" to "685.07928"
Evaluating: 685.07928*5
 Parameter: C <- "3425.3964"
  
 CHARMM>     
  
 CHARMM>    if a .lt. -10 if a .gt. -20 if c .gt. @botarea set botarea = @c
 Parameter: BOTAREA -> "3928.19358"
 Parameter: C -> "3425.3964"
 Comparing "21.6" and "-10".
 IF test evaluated as false.  Skipping command
  
 CHARMM>    if a .gt.  10 if a .lt.  20 if c .gt. @toparea set toparea = @c
 Parameter: TOPAREA -> "4141.3107"
 Parameter: C -> "3425.3964"
 Comparing "21.6" and "10".
 IF test evaluated as true.  Performing command
 Comparing "21.6" and "20".
 IF test evaluated as false.  Skipping command
  
 CHARMM>     
  
 CHARMM>    write title unit 51
 RDTITL> * 21.8  3425.3964
 RDTITL> *
  
 CHARMM>     
  
 CHARMM>    incr a by @dcel
 Parameter: DCEL -> "0.2"
 Parameter: A <- "21.8"
  
 CHARMM>    incr b by @dcel
 Parameter: DCEL -> "0.2"
 Parameter: B <- "22"
  
 CHARMM>    if b le ?ZMAX goto DOAREA
 RDCMND substituted energy or value "?ZMAX" to "33.3514749"
 Comparing "22" and "33.3514749".
 IF test evaluated as true.  Performing command
  
 CHARMM>     
  
 CHARMM>    ! Cross sectional protein area with whole atom.
 CHARMM>    scalar wmain = radius
  
 CHARMM>    scalar wmain mult 2.5   sele resname TIP3 end
 SELRPN>      0 atoms have been selected out of  15156
  
 CHARMM>    scalar wmain add  1.529 sele .not. resname TIP3 end
 SELRPN>  15156 atoms have been selected out of  15156
  
 CHARMM>    scalar wmain mult 0.85  sele .not. resname TIP3 end
 SELRPN>  15156 atoms have been selected out of  15156
  
 CHARMM>    calc zab = ( @a + @b ) / 2.0
 Parameter: A -> "21.8"
 Parameter: B -> "22"
Evaluating: (21.8+22)/2.0
 Parameter: ZAB <- "21.9"
  
 CHARMM>     
  
 CHARMM>    coor search -
 CHARMM>         xmin @x1  xmax @x2  xgrip @xncel -
 CHARMM>         ymin @y1  ymax @y2  ygrip @yncel -
 CHARMM>         zmin @a   zmax @b   zgrip 5
 Parameter: X1 -> "-43.6244258"
 Parameter: X2 -> "43.6252187"
 Parameter: XNCEL -> "436"
 Parameter: Y1 -> "-43.6309926"
 Parameter: Y2 -> "43.6230242"
 Parameter: YNCEL -> "436"
 Parameter: A -> "21.8"
 Parameter: B -> "22"

 A TOTAL OF   532931   VACUUM POINTS WERE FOUND
 A TOTAL OF   417549 OCCUPIED POINTS WERE FOUND
 A TOTAL OF        0 EXTERNAL POINTS WERE FOUND
 A TOTAL OF   532931 SELECTED POINTS WERE FOUND
 TOTAL OCCUPIED  VOLUME =     668.872831
 TOTAL SELECTED  VOLUME =     853.703558
 TOTAL FREE      VOLUME =     853.703558
 FRACTIONAL FREE VOLUME =      56.069670
  
 CHARMM>     
  
 CHARMM>    calc c = ?volume * @factor
 Parameter: FACTOR -> "5"
 RDCMND substituted energy or value "?VOLUME" to "668.872831"
Evaluating: 668.872831*5
 Parameter: C <- "3344.36416"
  
 CHARMM>     
  
 CHARMM>    if a .lt. -10 if a .gt. -20 if c .gt. @botarea set botarea = @c
 Parameter: BOTAREA -> "3928.19358"
 Parameter: C -> "3344.36416"
 Comparing "21.8" and "-10".
 IF test evaluated as false.  Skipping command
  
 CHARMM>    if a .gt.  10 if a .lt.  20 if c .gt. @toparea set toparea = @c
 Parameter: TOPAREA -> "4141.3107"
 Parameter: C -> "3344.36416"
 Comparing "21.8" and "10".
 IF test evaluated as true.  Performing command
 Comparing "21.8" and "20".
 IF test evaluated as false.  Skipping command
  
 CHARMM>     
  
 CHARMM>    write title unit 51
 RDTITL> * 22  3344.36416
 RDTITL> *
  
 CHARMM>     
  
 CHARMM>    incr a by @dcel
 Parameter: DCEL -> "0.2"
 Parameter: A <- "22"
  
 CHARMM>    incr b by @dcel
 Parameter: DCEL -> "0.2"
 Parameter: B <- "22.2"
  
 CHARMM>    if b le ?ZMAX goto DOAREA
 RDCMND substituted energy or value "?ZMAX" to "33.3514749"
 Comparing "22.2" and "33.3514749".
 IF test evaluated as true.  Performing command
  
 CHARMM>     
  
 CHARMM>    ! Cross sectional protein area with whole atom.
 CHARMM>    scalar wmain = radius
  
 CHARMM>    scalar wmain mult 2.5   sele resname TIP3 end
 SELRPN>      0 atoms have been selected out of  15156
  
 CHARMM>    scalar wmain add  1.529 sele .not. resname TIP3 end
 SELRPN>  15156 atoms have been selected out of  15156
  
 CHARMM>    scalar wmain mult 0.85  sele .not. resname TIP3 end
 SELRPN>  15156 atoms have been selected out of  15156
  
 CHARMM>    calc zab = ( @a + @b ) / 2.0
 Parameter: A -> "22"
 Parameter: B -> "22.2"
Evaluating: (22+22.2)/2.0
 Parameter: ZAB <- "22.1"
  
 CHARMM>     
  
 CHARMM>    coor search -
 CHARMM>         xmin @x1  xmax @x2  xgrip @xncel -
 CHARMM>         ymin @y1  ymax @y2  ygrip @yncel -
 CHARMM>         zmin @a   zmax @b   zgrip 5
 Parameter: X1 -> "-43.6244258"
 Parameter: X2 -> "43.6252187"
 Parameter: XNCEL -> "436"
 Parameter: Y1 -> "-43.6309926"
 Parameter: Y2 -> "43.6230242"
 Parameter: YNCEL -> "436"
 Parameter: A -> "22"
 Parameter: B -> "22.2"

 A TOTAL OF   542783   VACUUM POINTS WERE FOUND
 A TOTAL OF   407697 OCCUPIED POINTS WERE FOUND
 A TOTAL OF        0 EXTERNAL POINTS WERE FOUND
 A TOTAL OF   542783 SELECTED POINTS WERE FOUND
 TOTAL OCCUPIED  VOLUME =     653.090887
 TOTAL SELECTED  VOLUME =     869.485502
 TOTAL FREE      VOLUME =     869.485502
 FRACTIONAL FREE VOLUME =      57.106199
  
 CHARMM>     
  
 CHARMM>    calc c = ?volume * @factor
 Parameter: FACTOR -> "5"
 RDCMND substituted energy or value "?VOLUME" to "653.090887"
Evaluating: 653.090887*5
 Parameter: C <- "3265.45443"
  
 CHARMM>     
  
 CHARMM>    if a .lt. -10 if a .gt. -20 if c .gt. @botarea set botarea = @c
 Parameter: BOTAREA -> "3928.19358"
 Parameter: C -> "3265.45443"
 Comparing "22" and "-10".
 IF test evaluated as false.  Skipping command
  
 CHARMM>    if a .gt.  10 if a .lt.  20 if c .gt. @toparea set toparea = @c
 Parameter: TOPAREA -> "4141.3107"
 Parameter: C -> "3265.45443"
 Comparing "22" and "10".
 IF test evaluated as true.  Performing command
 Comparing "22" and "20".
 IF test evaluated as false.  Skipping command
  
 CHARMM>     
  
 CHARMM>    write title unit 51
 RDTITL> * 22.2  3265.45443
 RDTITL> *
  
 CHARMM>     
  
 CHARMM>    incr a by @dcel
 Parameter: DCEL -> "0.2"
 Parameter: A <- "22.2"
  
 CHARMM>    incr b by @dcel
 Parameter: DCEL -> "0.2"
 Parameter: B <- "22.4"
  
 CHARMM>    if b le ?ZMAX goto DOAREA
 RDCMND substituted energy or value "?ZMAX" to "33.3514749"
 Comparing "22.4" and "33.3514749".
 IF test evaluated as true.  Performing command
  
 CHARMM>     
  
 CHARMM>    ! Cross sectional protein area with whole atom.
 CHARMM>    scalar wmain = radius
  
 CHARMM>    scalar wmain mult 2.5   sele resname TIP3 end
 SELRPN>      0 atoms have been selected out of  15156
  
 CHARMM>    scalar wmain add  1.529 sele .not. resname TIP3 end
 SELRPN>  15156 atoms have been selected out of  15156
  
 CHARMM>    scalar wmain mult 0.85  sele .not. resname TIP3 end
 SELRPN>  15156 atoms have been selected out of  15156
  
 CHARMM>    calc zab = ( @a + @b ) / 2.0
 Parameter: A -> "22.2"
 Parameter: B -> "22.4"
Evaluating: (22.2+22.4)/2.0
 Parameter: ZAB <- "22.3"
  
 CHARMM>     
  
 CHARMM>    coor search -
 CHARMM>         xmin @x1  xmax @x2  xgrip @xncel -
 CHARMM>         ymin @y1  ymax @y2  ygrip @yncel -
 CHARMM>         zmin @a   zmax @b   zgrip 5
 Parameter: X1 -> "-43.6244258"
 Parameter: X2 -> "43.6252187"
 Parameter: XNCEL -> "436"
 Parameter: Y1 -> "-43.6309926"
 Parameter: Y2 -> "43.6230242"
 Parameter: YNCEL -> "436"
 Parameter: A -> "22.2"
 Parameter: B -> "22.4"

 A TOTAL OF   551913   VACUUM POINTS WERE FOUND
 A TOTAL OF   398567 OCCUPIED POINTS WERE FOUND
 A TOTAL OF        0 EXTERNAL POINTS WERE FOUND
 A TOTAL OF   551913 SELECTED POINTS WERE FOUND
 TOTAL OCCUPIED  VOLUME =     638.465516
 TOTAL SELECTED  VOLUME =     884.110873
 TOTAL FREE      VOLUME =     884.110873
 FRACTIONAL FREE VOLUME =      58.066766
  
 CHARMM>     
  
 CHARMM>    calc c = ?volume * @factor
 Parameter: FACTOR -> "5"
 RDCMND substituted energy or value "?VOLUME" to "638.465516"
Evaluating: 638.465516*5
 Parameter: C <- "3192.32758"
  
 CHARMM>     
  
 CHARMM>    if a .lt. -10 if a .gt. -20 if c .gt. @botarea set botarea = @c
 Parameter: BOTAREA -> "3928.19358"
 Parameter: C -> "3192.32758"
 Comparing "22.2" and "-10".
 IF test evaluated as false.  Skipping command
  
 CHARMM>    if a .gt.  10 if a .lt.  20 if c .gt. @toparea set toparea = @c
 Parameter: TOPAREA -> "4141.3107"
 Parameter: C -> "3192.32758"
 Comparing "22.2" and "10".
 IF test evaluated as true.  Performing command
 Comparing "22.2" and "20".
 IF test evaluated as false.  Skipping command
  
 CHARMM>     
  
 CHARMM>    write title unit 51
 RDTITL> * 22.4  3192.32758
 RDTITL> *
  
 CHARMM>     
  
 CHARMM>    incr a by @dcel
 Parameter: DCEL -> "0.2"
 Parameter: A <- "22.4"
  
 CHARMM>    incr b by @dcel
 Parameter: DCEL -> "0.2"
 Parameter: B <- "22.6"
  
 CHARMM>    if b le ?ZMAX goto DOAREA
 RDCMND substituted energy or value "?ZMAX" to "33.3514749"
 Comparing "22.6" and "33.3514749".
 IF test evaluated as true.  Performing command
  
 CHARMM>     
  
 CHARMM>    ! Cross sectional protein area with whole atom.
 CHARMM>    scalar wmain = radius
  
 CHARMM>    scalar wmain mult 2.5   sele resname TIP3 end
 SELRPN>      0 atoms have been selected out of  15156
  
 CHARMM>    scalar wmain add  1.529 sele .not. resname TIP3 end
 SELRPN>  15156 atoms have been selected out of  15156
  
 CHARMM>    scalar wmain mult 0.85  sele .not. resname TIP3 end
 SELRPN>  15156 atoms have been selected out of  15156
  
 CHARMM>    calc zab = ( @a + @b ) / 2.0
 Parameter: A -> "22.4"
 Parameter: B -> "22.6"
Evaluating: (22.4+22.6)/2.0
 Parameter: ZAB <- "22.5"
  
 CHARMM>     
  
 CHARMM>    coor search -
 CHARMM>         xmin @x1  xmax @x2  xgrip @xncel -
 CHARMM>         ymin @y1  ymax @y2  ygrip @yncel -
 CHARMM>         zmin @a   zmax @b   zgrip 5
 Parameter: X1 -> "-43.6244258"
 Parameter: X2 -> "43.6252187"
 Parameter: XNCEL -> "436"
 Parameter: Y1 -> "-43.6309926"
 Parameter: Y2 -> "43.6230242"
 Parameter: YNCEL -> "436"
 Parameter: A -> "22.4"
 Parameter: B -> "22.6"

 A TOTAL OF   561163   VACUUM POINTS WERE FOUND
 A TOTAL OF   389317 OCCUPIED POINTS WERE FOUND
 A TOTAL OF        0 EXTERNAL POINTS WERE FOUND
 A TOTAL OF   561163 SELECTED POINTS WERE FOUND
 TOTAL OCCUPIED  VOLUME =     623.647917
 TOTAL SELECTED  VOLUME =     898.928472
 TOTAL FREE      VOLUME =     898.928472
 FRACTIONAL FREE VOLUME =      59.039959
  
 CHARMM>     
  
 CHARMM>    calc c = ?volume * @factor
 Parameter: FACTOR -> "5"
 RDCMND substituted energy or value "?VOLUME" to "623.647917"
Evaluating: 623.647917*5
 Parameter: C <- "3118.23959"
  
 CHARMM>     
  
 CHARMM>    if a .lt. -10 if a .gt. -20 if c .gt. @botarea set botarea = @c
 Parameter: BOTAREA -> "3928.19358"
 Parameter: C -> "3118.23959"
 Comparing "22.4" and "-10".
 IF test evaluated as false.  Skipping command
  
 CHARMM>    if a .gt.  10 if a .lt.  20 if c .gt. @toparea set toparea = @c
 Parameter: TOPAREA -> "4141.3107"
 Parameter: C -> "3118.23959"
 Comparing "22.4" and "10".
 IF test evaluated as true.  Performing command
 Comparing "22.4" and "20".
 IF test evaluated as false.  Skipping command
  
 CHARMM>     
  
 CHARMM>    write title unit 51
 RDTITL> * 22.6  3118.23959
 RDTITL> *
  
 CHARMM>     
  
 CHARMM>    incr a by @dcel
 Parameter: DCEL -> "0.2"
 Parameter: A <- "22.6"
  
 CHARMM>    incr b by @dcel
 Parameter: DCEL -> "0.2"
 Parameter: B <- "22.8"
  
 CHARMM>    if b le ?ZMAX goto DOAREA
 RDCMND substituted energy or value "?ZMAX" to "33.3514749"
 Comparing "22.8" and "33.3514749".
 IF test evaluated as true.  Performing command
  
 CHARMM>     
  
 CHARMM>    ! Cross sectional protein area with whole atom.
 CHARMM>    scalar wmain = radius
  
 CHARMM>    scalar wmain mult 2.5   sele resname TIP3 end
 SELRPN>      0 atoms have been selected out of  15156
  
 CHARMM>    scalar wmain add  1.529 sele .not. resname TIP3 end
 SELRPN>  15156 atoms have been selected out of  15156
  
 CHARMM>    scalar wmain mult 0.85  sele .not. resname TIP3 end
 SELRPN>  15156 atoms have been selected out of  15156
  
 CHARMM>    calc zab = ( @a + @b ) / 2.0
 Parameter: A -> "22.6"
 Parameter: B -> "22.8"
Evaluating: (22.6+22.8)/2.0
 Parameter: ZAB <- "22.7"
  
 CHARMM>     
  
 CHARMM>    coor search -
 CHARMM>         xmin @x1  xmax @x2  xgrip @xncel -
 CHARMM>         ymin @y1  ymax @y2  ygrip @yncel -
 CHARMM>         zmin @a   zmax @b   zgrip 5
 Parameter: X1 -> "-43.6244258"
 Parameter: X2 -> "43.6252187"
 Parameter: XNCEL -> "436"
 Parameter: Y1 -> "-43.6309926"
 Parameter: Y2 -> "43.6230242"
 Parameter: YNCEL -> "436"
 Parameter: A -> "22.6"
 Parameter: B -> "22.8"

 A TOTAL OF   569726   VACUUM POINTS WERE FOUND
 A TOTAL OF   380754 OCCUPIED POINTS WERE FOUND
 A TOTAL OF        0 EXTERNAL POINTS WERE FOUND
 A TOTAL OF   569726 SELECTED POINTS WERE FOUND
 TOTAL OCCUPIED  VOLUME =     609.930825
 TOTAL SELECTED  VOLUME =     912.645564
 TOTAL FREE      VOLUME =     912.645564
 FRACTIONAL FREE VOLUME =      59.940872
  
 CHARMM>     
  
 CHARMM>    calc c = ?volume * @factor
 Parameter: FACTOR -> "5"
 RDCMND substituted energy or value "?VOLUME" to "609.930825"
Evaluating: 609.930825*5
 Parameter: C <- "3049.65413"
  
 CHARMM>     
  
 CHARMM>    if a .lt. -10 if a .gt. -20 if c .gt. @botarea set botarea = @c
 Parameter: BOTAREA -> "3928.19358"
 Parameter: C -> "3049.65413"
 Comparing "22.6" and "-10".
 IF test evaluated as false.  Skipping command
  
 CHARMM>    if a .gt.  10 if a .lt.  20 if c .gt. @toparea set toparea = @c
 Parameter: TOPAREA -> "4141.3107"
 Parameter: C -> "3049.65413"
 Comparing "22.6" and "10".
 IF test evaluated as true.  Performing command
 Comparing "22.6" and "20".
 IF test evaluated as false.  Skipping command
  
 CHARMM>     
  
 CHARMM>    write title unit 51
 RDTITL> * 22.8  3049.65413
 RDTITL> *
  
 CHARMM>     
  
 CHARMM>    incr a by @dcel
 Parameter: DCEL -> "0.2"
 Parameter: A <- "22.8"
  
 CHARMM>    incr b by @dcel
 Parameter: DCEL -> "0.2"
 Parameter: B <- "23"
  
 CHARMM>    if b le ?ZMAX goto DOAREA
 RDCMND substituted energy or value "?ZMAX" to "33.3514749"
 Comparing "23" and "33.3514749".
 IF test evaluated as true.  Performing command
  
 CHARMM>     
  
 CHARMM>    ! Cross sectional protein area with whole atom.
 CHARMM>    scalar wmain = radius
  
 CHARMM>    scalar wmain mult 2.5   sele resname TIP3 end
 SELRPN>      0 atoms have been selected out of  15156
  
 CHARMM>    scalar wmain add  1.529 sele .not. resname TIP3 end
 SELRPN>  15156 atoms have been selected out of  15156
  
 CHARMM>    scalar wmain mult 0.85  sele .not. resname TIP3 end
 SELRPN>  15156 atoms have been selected out of  15156
  
 CHARMM>    calc zab = ( @a + @b ) / 2.0
 Parameter: A -> "22.8"
 Parameter: B -> "23"
Evaluating: (22.8+23)/2.0
 Parameter: ZAB <- "22.9"
  
 CHARMM>     
  
 CHARMM>    coor search -
 CHARMM>         xmin @x1  xmax @x2  xgrip @xncel -
 CHARMM>         ymin @y1  ymax @y2  ygrip @yncel -
 CHARMM>         zmin @a   zmax @b   zgrip 5
 Parameter: X1 -> "-43.6244258"
 Parameter: X2 -> "43.6252187"
 Parameter: XNCEL -> "436"
 Parameter: Y1 -> "-43.6309926"
 Parameter: Y2 -> "43.6230242"
 Parameter: YNCEL -> "436"
 Parameter: A -> "22.8"
 Parameter: B -> "23"

 A TOTAL OF   579113   VACUUM POINTS WERE FOUND
 A TOTAL OF   371367 OCCUPIED POINTS WERE FOUND
 A TOTAL OF        0 EXTERNAL POINTS WERE FOUND
 A TOTAL OF   579113 SELECTED POINTS WERE FOUND
 TOTAL OCCUPIED  VOLUME =     594.893765
 TOTAL SELECTED  VOLUME =     927.682624
 TOTAL FREE      VOLUME =     927.682624
 FRACTIONAL FREE VOLUME =      60.928478
  
 CHARMM>     
  
 CHARMM>    calc c = ?volume * @factor
 Parameter: FACTOR -> "5"
 RDCMND substituted energy or value "?VOLUME" to "594.893765"
Evaluating: 594.893765*5
 Parameter: C <- "2974.46882"
  
 CHARMM>     
  
 CHARMM>    if a .lt. -10 if a .gt. -20 if c .gt. @botarea set botarea = @c
 Parameter: BOTAREA -> "3928.19358"
 Parameter: C -> "2974.46882"
 Comparing "22.8" and "-10".
 IF test evaluated as false.  Skipping command
  
 CHARMM>    if a .gt.  10 if a .lt.  20 if c .gt. @toparea set toparea = @c
 Parameter: TOPAREA -> "4141.3107"
 Parameter: C -> "2974.46882"
 Comparing "22.8" and "10".
 IF test evaluated as true.  Performing command
 Comparing "22.8" and "20".
 IF test evaluated as false.  Skipping command
  
 CHARMM>     
  
 CHARMM>    write title unit 51
 RDTITL> * 23  2974.46882
 RDTITL> *
  
 CHARMM>     
  
 CHARMM>    incr a by @dcel
 Parameter: DCEL -> "0.2"
 Parameter: A <- "23"
  
 CHARMM>    incr b by @dcel
 Parameter: DCEL -> "0.2"
 Parameter: B <- "23.2"
  
 CHARMM>    if b le ?ZMAX goto DOAREA
 RDCMND substituted energy or value "?ZMAX" to "33.3514749"
 Comparing "23.2" and "33.3514749".
 IF test evaluated as true.  Performing command
  
 CHARMM>     
  
 CHARMM>    ! Cross sectional protein area with whole atom.
 CHARMM>    scalar wmain = radius
  
 CHARMM>    scalar wmain mult 2.5   sele resname TIP3 end
 SELRPN>      0 atoms have been selected out of  15156
  
 CHARMM>    scalar wmain add  1.529 sele .not. resname TIP3 end
 SELRPN>  15156 atoms have been selected out of  15156
  
 CHARMM>    scalar wmain mult 0.85  sele .not. resname TIP3 end
 SELRPN>  15156 atoms have been selected out of  15156
  
 CHARMM>    calc zab = ( @a + @b ) / 2.0
 Parameter: A -> "23"
 Parameter: B -> "23.2"
Evaluating: (23+23.2)/2.0
 Parameter: ZAB <- "23.1"
  
 CHARMM>     
  
 CHARMM>    coor search -
 CHARMM>         xmin @x1  xmax @x2  xgrip @xncel -
 CHARMM>         ymin @y1  ymax @y2  ygrip @yncel -
 CHARMM>         zmin @a   zmax @b   zgrip 5
 Parameter: X1 -> "-43.6244258"
 Parameter: X2 -> "43.6252187"
 Parameter: XNCEL -> "436"
 Parameter: Y1 -> "-43.6309926"
 Parameter: Y2 -> "43.6230242"
 Parameter: YNCEL -> "436"
 Parameter: A -> "23"
 Parameter: B -> "23.2"

 A TOTAL OF   590130   VACUUM POINTS WERE FOUND
 A TOTAL OF   360350 OCCUPIED POINTS WERE FOUND
 A TOTAL OF        0 EXTERNAL POINTS WERE FOUND
 A TOTAL OF   590130 SELECTED POINTS WERE FOUND
 TOTAL OCCUPIED  VOLUME =     577.245604
 TOTAL SELECTED  VOLUME =     945.330785
 TOTAL FREE      VOLUME =     945.330785
 FRACTIONAL FREE VOLUME =      62.087577
  
 CHARMM>     
  
 CHARMM>    calc c = ?volume * @factor
 Parameter: FACTOR -> "5"
 RDCMND substituted energy or value "?VOLUME" to "577.245604"
Evaluating: 577.245604*5
 Parameter: C <- "2886.22802"
  
 CHARMM>     
  
 CHARMM>    if a .lt. -10 if a .gt. -20 if c .gt. @botarea set botarea = @c
 Parameter: BOTAREA -> "3928.19358"
 Parameter: C -> "2886.22802"
 Comparing "23" and "-10".
 IF test evaluated as false.  Skipping command
  
 CHARMM>    if a .gt.  10 if a .lt.  20 if c .gt. @toparea set toparea = @c
 Parameter: TOPAREA -> "4141.3107"
 Parameter: C -> "2886.22802"
 Comparing "23" and "10".
 IF test evaluated as true.  Performing command
 Comparing "23" and "20".
 IF test evaluated as false.  Skipping command
  
 CHARMM>     
  
 CHARMM>    write title unit 51
 RDTITL> * 23.2  2886.22802
 RDTITL> *
  
 CHARMM>     
  
 CHARMM>    incr a by @dcel
 Parameter: DCEL -> "0.2"
 Parameter: A <- "23.2"
  
 CHARMM>    incr b by @dcel
 Parameter: DCEL -> "0.2"
 Parameter: B <- "23.4"
  
 CHARMM>    if b le ?ZMAX goto DOAREA
 RDCMND substituted energy or value "?ZMAX" to "33.3514749"
 Comparing "23.4" and "33.3514749".
 IF test evaluated as true.  Performing command
  
 CHARMM>     
  
 CHARMM>    ! Cross sectional protein area with whole atom.
 CHARMM>    scalar wmain = radius
  
 CHARMM>    scalar wmain mult 2.5   sele resname TIP3 end
 SELRPN>      0 atoms have been selected out of  15156
  
 CHARMM>    scalar wmain add  1.529 sele .not. resname TIP3 end
 SELRPN>  15156 atoms have been selected out of  15156
  
 CHARMM>    scalar wmain mult 0.85  sele .not. resname TIP3 end
 SELRPN>  15156 atoms have been selected out of  15156
  
 CHARMM>    calc zab = ( @a + @b ) / 2.0
 Parameter: A -> "23.2"
 Parameter: B -> "23.4"
Evaluating: (23.2+23.4)/2.0
 Parameter: ZAB <- "23.3"
  
 CHARMM>     
  
 CHARMM>    coor search -
 CHARMM>         xmin @x1  xmax @x2  xgrip @xncel -
 CHARMM>         ymin @y1  ymax @y2  ygrip @yncel -
 CHARMM>         zmin @a   zmax @b   zgrip 5
 Parameter: X1 -> "-43.6244258"
 Parameter: X2 -> "43.6252187"
 Parameter: XNCEL -> "436"
 Parameter: Y1 -> "-43.6309926"
 Parameter: Y2 -> "43.6230242"
 Parameter: YNCEL -> "436"
 Parameter: A -> "23.2"
 Parameter: B -> "23.4"

 A TOTAL OF   601126   VACUUM POINTS WERE FOUND
 A TOTAL OF   349354 OCCUPIED POINTS WERE FOUND
 A TOTAL OF        0 EXTERNAL POINTS WERE FOUND
 A TOTAL OF   601126 SELECTED POINTS WERE FOUND
 TOTAL OCCUPIED  VOLUME =     559.631083
 TOTAL SELECTED  VOLUME =     962.945306
 TOTAL FREE      VOLUME =     962.945306
 FRACTIONAL FREE VOLUME =      63.244466
  
 CHARMM>     
  
 CHARMM>    calc c = ?volume * @factor
 Parameter: FACTOR -> "5"
 RDCMND substituted energy or value "?VOLUME" to "559.631083"
Evaluating: 559.631083*5
 Parameter: C <- "2798.15542"
  
 CHARMM>     
  
 CHARMM>    if a .lt. -10 if a .gt. -20 if c .gt. @botarea set botarea = @c
 Parameter: BOTAREA -> "3928.19358"
 Parameter: C -> "2798.15542"
 Comparing "23.2" and "-10".
 IF test evaluated as false.  Skipping command
  
 CHARMM>    if a .gt.  10 if a .lt.  20 if c .gt. @toparea set toparea = @c
 Parameter: TOPAREA -> "4141.3107"
 Parameter: C -> "2798.15542"
 Comparing "23.2" and "10".
 IF test evaluated as true.  Performing command
 Comparing "23.2" and "20".
 IF test evaluated as false.  Skipping command
  
 CHARMM>     
  
 CHARMM>    write title unit 51
 RDTITL> * 23.4  2798.15542
 RDTITL> *
  
 CHARMM>     
  
 CHARMM>    incr a by @dcel
 Parameter: DCEL -> "0.2"
 Parameter: A <- "23.4"
  
 CHARMM>    incr b by @dcel
 Parameter: DCEL -> "0.2"
 Parameter: B <- "23.6"
  
 CHARMM>    if b le ?ZMAX goto DOAREA
 RDCMND substituted energy or value "?ZMAX" to "33.3514749"
 Comparing "23.6" and "33.3514749".
 IF test evaluated as true.  Performing command
  
 CHARMM>     
  
 CHARMM>    ! Cross sectional protein area with whole atom.
 CHARMM>    scalar wmain = radius
  
 CHARMM>    scalar wmain mult 2.5   sele resname TIP3 end
 SELRPN>      0 atoms have been selected out of  15156
  
 CHARMM>    scalar wmain add  1.529 sele .not. resname TIP3 end
 SELRPN>  15156 atoms have been selected out of  15156
  
 CHARMM>    scalar wmain mult 0.85  sele .not. resname TIP3 end
 SELRPN>  15156 atoms have been selected out of  15156
  
 CHARMM>    calc zab = ( @a + @b ) / 2.0
 Parameter: A -> "23.4"
 Parameter: B -> "23.6"
Evaluating: (23.4+23.6)/2.0
 Parameter: ZAB <- "23.5"
  
 CHARMM>     
  
 CHARMM>    coor search -
 CHARMM>         xmin @x1  xmax @x2  xgrip @xncel -
 CHARMM>         ymin @y1  ymax @y2  ygrip @yncel -
 CHARMM>         zmin @a   zmax @b   zgrip 5
 Parameter: X1 -> "-43.6244258"
 Parameter: X2 -> "43.6252187"
 Parameter: XNCEL -> "436"
 Parameter: Y1 -> "-43.6309926"
 Parameter: Y2 -> "43.6230242"
 Parameter: YNCEL -> "436"
 Parameter: A -> "23.4"
 Parameter: B -> "23.6"

 A TOTAL OF   614665   VACUUM POINTS WERE FOUND
 A TOTAL OF   335815 OCCUPIED POINTS WERE FOUND
 A TOTAL OF        0 EXTERNAL POINTS WERE FOUND
 A TOTAL OF   614665 SELECTED POINTS WERE FOUND
 TOTAL OCCUPIED  VOLUME =     537.942924
 TOTAL SELECTED  VOLUME =     984.633466
 TOTAL FREE      VOLUME =     984.633466
 FRACTIONAL FREE VOLUME =      64.668904
  
 CHARMM>     
  
 CHARMM>    calc c = ?volume * @factor
 Parameter: FACTOR -> "5"
 RDCMND substituted energy or value "?VOLUME" to "537.942924"
Evaluating: 537.942924*5
 Parameter: C <- "2689.71462"
  
 CHARMM>     
  
 CHARMM>    if a .lt. -10 if a .gt. -20 if c .gt. @botarea set botarea = @c
 Parameter: BOTAREA -> "3928.19358"
 Parameter: C -> "2689.71462"
 Comparing "23.4" and "-10".
 IF test evaluated as false.  Skipping command
  
 CHARMM>    if a .gt.  10 if a .lt.  20 if c .gt. @toparea set toparea = @c
 Parameter: TOPAREA -> "4141.3107"
 Parameter: C -> "2689.71462"
 Comparing "23.4" and "10".
 IF test evaluated as true.  Performing command
 Comparing "23.4" and "20".
 IF test evaluated as false.  Skipping command
  
 CHARMM>     
  
 CHARMM>    write title unit 51
 RDTITL> * 23.6  2689.71462
 RDTITL> *
  
 CHARMM>     
  
 CHARMM>    incr a by @dcel
 Parameter: DCEL -> "0.2"
 Parameter: A <- "23.6"
  
 CHARMM>    incr b by @dcel
 Parameter: DCEL -> "0.2"
 Parameter: B <- "23.8"
  
 CHARMM>    if b le ?ZMAX goto DOAREA
 RDCMND substituted energy or value "?ZMAX" to "33.3514749"
 Comparing "23.8" and "33.3514749".
 IF test evaluated as true.  Performing command
  
 CHARMM>     
  
 CHARMM>    ! Cross sectional protein area with whole atom.
 CHARMM>    scalar wmain = radius
  
 CHARMM>    scalar wmain mult 2.5   sele resname TIP3 end
 SELRPN>      0 atoms have been selected out of  15156
  
 CHARMM>    scalar wmain add  1.529 sele .not. resname TIP3 end
 SELRPN>  15156 atoms have been selected out of  15156
  
 CHARMM>    scalar wmain mult 0.85  sele .not. resname TIP3 end
 SELRPN>  15156 atoms have been selected out of  15156
  
 CHARMM>    calc zab = ( @a + @b ) / 2.0
 Parameter: A -> "23.6"
 Parameter: B -> "23.8"
Evaluating: (23.6+23.8)/2.0
 Parameter: ZAB <- "23.7"
  
 CHARMM>     
  
 CHARMM>    coor search -
 CHARMM>         xmin @x1  xmax @x2  xgrip @xncel -
 CHARMM>         ymin @y1  ymax @y2  ygrip @yncel -
 CHARMM>         zmin @a   zmax @b   zgrip 5
 Parameter: X1 -> "-43.6244258"
 Parameter: X2 -> "43.6252187"
 Parameter: XNCEL -> "436"
 Parameter: Y1 -> "-43.6309926"
 Parameter: Y2 -> "43.6230242"
 Parameter: YNCEL -> "436"
 Parameter: A -> "23.6"
 Parameter: B -> "23.8"

 A TOTAL OF   629466   VACUUM POINTS WERE FOUND
 A TOTAL OF   321014 OCCUPIED POINTS WERE FOUND
 A TOTAL OF        0 EXTERNAL POINTS WERE FOUND
 A TOTAL OF   629466 SELECTED POINTS WERE FOUND
 TOTAL OCCUPIED  VOLUME =     514.233163
 TOTAL SELECTED  VOLUME =    1008.343226
 TOTAL FREE      VOLUME =    1008.343226
 FRACTIONAL FREE VOLUME =      66.226117
  
 CHARMM>     
  
 CHARMM>    calc c = ?volume * @factor
 Parameter: FACTOR -> "5"
 RDCMND substituted energy or value "?VOLUME" to "514.233163"
Evaluating: 514.233163*5
 Parameter: C <- "2571.16581"
  
 CHARMM>     
  
 CHARMM>    if a .lt. -10 if a .gt. -20 if c .gt. @botarea set botarea = @c
 Parameter: BOTAREA -> "3928.19358"
 Parameter: C -> "2571.16581"
 Comparing "23.6" and "-10".
 IF test evaluated as false.  Skipping command
  
 CHARMM>    if a .gt.  10 if a .lt.  20 if c .gt. @toparea set toparea = @c
 Parameter: TOPAREA -> "4141.3107"
 Parameter: C -> "2571.16581"
 Comparing "23.6" and "10".
 IF test evaluated as true.  Performing command
 Comparing "23.6" and "20".
 IF test evaluated as false.  Skipping command
  
 CHARMM>     
  
 CHARMM>    write title unit 51
 RDTITL> * 23.8  2571.16581
 RDTITL> *
  
 CHARMM>     
  
 CHARMM>    incr a by @dcel
 Parameter: DCEL -> "0.2"
 Parameter: A <- "23.8"
  
 CHARMM>    incr b by @dcel
 Parameter: DCEL -> "0.2"
 Parameter: B <- "24"
  
 CHARMM>    if b le ?ZMAX goto DOAREA
 RDCMND substituted energy or value "?ZMAX" to "33.3514749"
 Comparing "24" and "33.3514749".
 IF test evaluated as true.  Performing command
  
 CHARMM>     
  
 CHARMM>    ! Cross sectional protein area with whole atom.
 CHARMM>    scalar wmain = radius
  
 CHARMM>    scalar wmain mult 2.5   sele resname TIP3 end
 SELRPN>      0 atoms have been selected out of  15156
  
 CHARMM>    scalar wmain add  1.529 sele .not. resname TIP3 end
 SELRPN>  15156 atoms have been selected out of  15156
  
 CHARMM>    scalar wmain mult 0.85  sele .not. resname TIP3 end
 SELRPN>  15156 atoms have been selected out of  15156
  
 CHARMM>    calc zab = ( @a + @b ) / 2.0
 Parameter: A -> "23.8"
 Parameter: B -> "24"
Evaluating: (23.8+24)/2.0
 Parameter: ZAB <- "23.9"
  
 CHARMM>     
  
 CHARMM>    coor search -
 CHARMM>         xmin @x1  xmax @x2  xgrip @xncel -
 CHARMM>         ymin @y1  ymax @y2  ygrip @yncel -
 CHARMM>         zmin @a   zmax @b   zgrip 5
 Parameter: X1 -> "-43.6244258"
 Parameter: X2 -> "43.6252187"
 Parameter: XNCEL -> "436"
 Parameter: Y1 -> "-43.6309926"
 Parameter: Y2 -> "43.6230242"
 Parameter: YNCEL -> "436"
 Parameter: A -> "23.8"
 Parameter: B -> "24"

 A TOTAL OF   642628   VACUUM POINTS WERE FOUND
 A TOTAL OF   307852 OCCUPIED POINTS WERE FOUND
 A TOTAL OF        0 EXTERNAL POINTS WERE FOUND
 A TOTAL OF   642628 SELECTED POINTS WERE FOUND
 TOTAL OCCUPIED  VOLUME =     493.148921
 TOTAL SELECTED  VOLUME =    1029.427468
 TOTAL FREE      VOLUME =    1029.427468
 FRACTIONAL FREE VOLUME =      67.610891
  
 CHARMM>     
  
 CHARMM>    calc c = ?volume * @factor
 Parameter: FACTOR -> "5"
 RDCMND substituted energy or value "?VOLUME" to "493.148921"
Evaluating: 493.148921*5
 Parameter: C <- "2465.7446"
  
 CHARMM>     
  
 CHARMM>    if a .lt. -10 if a .gt. -20 if c .gt. @botarea set botarea = @c
 Parameter: BOTAREA -> "3928.19358"
 Parameter: C -> "2465.7446"
 Comparing "23.8" and "-10".
 IF test evaluated as false.  Skipping command
  
 CHARMM>    if a .gt.  10 if a .lt.  20 if c .gt. @toparea set toparea = @c
 Parameter: TOPAREA -> "4141.3107"
 Parameter: C -> "2465.7446"
 Comparing "23.8" and "10".
 IF test evaluated as true.  Performing command
 Comparing "23.8" and "20".
 IF test evaluated as false.  Skipping command
  
 CHARMM>     
  
 CHARMM>    write title unit 51
 RDTITL> * 24  2465.7446
 RDTITL> *
  
 CHARMM>     
  
 CHARMM>    incr a by @dcel
 Parameter: DCEL -> "0.2"
 Parameter: A <- "24"
  
 CHARMM>    incr b by @dcel
 Parameter: DCEL -> "0.2"
 Parameter: B <- "24.2"
  
 CHARMM>    if b le ?ZMAX goto DOAREA
 RDCMND substituted energy or value "?ZMAX" to "33.3514749"
 Comparing "24.2" and "33.3514749".
 IF test evaluated as true.  Performing command
  
 CHARMM>     
  
 CHARMM>    ! Cross sectional protein area with whole atom.
 CHARMM>    scalar wmain = radius
  
 CHARMM>    scalar wmain mult 2.5   sele resname TIP3 end
 SELRPN>      0 atoms have been selected out of  15156
  
 CHARMM>    scalar wmain add  1.529 sele .not. resname TIP3 end
 SELRPN>  15156 atoms have been selected out of  15156
  
 CHARMM>    scalar wmain mult 0.85  sele .not. resname TIP3 end
 SELRPN>  15156 atoms have been selected out of  15156
  
 CHARMM>    calc zab = ( @a + @b ) / 2.0
 Parameter: A -> "24"
 Parameter: B -> "24.2"
Evaluating: (24+24.2)/2.0
 Parameter: ZAB <- "24.1"
  
 CHARMM>     
  
 CHARMM>    coor search -
 CHARMM>         xmin @x1  xmax @x2  xgrip @xncel -
 CHARMM>         ymin @y1  ymax @y2  ygrip @yncel -
 CHARMM>         zmin @a   zmax @b   zgrip 5
 Parameter: X1 -> "-43.6244258"
 Parameter: X2 -> "43.6252187"
 Parameter: XNCEL -> "436"
 Parameter: Y1 -> "-43.6309926"
 Parameter: Y2 -> "43.6230242"
 Parameter: YNCEL -> "436"
 Parameter: A -> "24"
 Parameter: B -> "24.2"

 A TOTAL OF   653157   VACUUM POINTS WERE FOUND
 A TOTAL OF   297323 OCCUPIED POINTS WERE FOUND
 A TOTAL OF        0 EXTERNAL POINTS WERE FOUND
 A TOTAL OF   653157 SELECTED POINTS WERE FOUND
 TOTAL OCCUPIED  VOLUME =     476.282489
 TOTAL SELECTED  VOLUME =    1046.293901
 TOTAL FREE      VOLUME =    1046.293901
 FRACTIONAL FREE VOLUME =      68.718647
  
 CHARMM>     
  
 CHARMM>    calc c = ?volume * @factor
 Parameter: FACTOR -> "5"
 RDCMND substituted energy or value "?VOLUME" to "476.282489"
Evaluating: 476.282489*5
 Parameter: C <- "2381.41244"
  
 CHARMM>     
  
 CHARMM>    if a .lt. -10 if a .gt. -20 if c .gt. @botarea set botarea = @c
 Parameter: BOTAREA -> "3928.19358"
 Parameter: C -> "2381.41244"
 Comparing "24" and "-10".
 IF test evaluated as false.  Skipping command
  
 CHARMM>    if a .gt.  10 if a .lt.  20 if c .gt. @toparea set toparea = @c
 Parameter: TOPAREA -> "4141.3107"
 Parameter: C -> "2381.41244"
 Comparing "24" and "10".
 IF test evaluated as true.  Performing command
 Comparing "24" and "20".
 IF test evaluated as false.  Skipping command
  
 CHARMM>     
  
 CHARMM>    write title unit 51
 RDTITL> * 24.2  2381.41244
 RDTITL> *
  
 CHARMM>     
  
 CHARMM>    incr a by @dcel
 Parameter: DCEL -> "0.2"
 Parameter: A <- "24.2"
  
 CHARMM>    incr b by @dcel
 Parameter: DCEL -> "0.2"
 Parameter: B <- "24.4"
  
 CHARMM>    if b le ?ZMAX goto DOAREA
 RDCMND substituted energy or value "?ZMAX" to "33.3514749"
 Comparing "24.4" and "33.3514749".
 IF test evaluated as true.  Performing command
  
 CHARMM>     
  
 CHARMM>    ! Cross sectional protein area with whole atom.
 CHARMM>    scalar wmain = radius
  
 CHARMM>    scalar wmain mult 2.5   sele resname TIP3 end
 SELRPN>      0 atoms have been selected out of  15156
  
 CHARMM>    scalar wmain add  1.529 sele .not. resname TIP3 end
 SELRPN>  15156 atoms have been selected out of  15156
  
 CHARMM>    scalar wmain mult 0.85  sele .not. resname TIP3 end
 SELRPN>  15156 atoms have been selected out of  15156
  
 CHARMM>    calc zab = ( @a + @b ) / 2.0
 Parameter: A -> "24.2"
 Parameter: B -> "24.4"
Evaluating: (24.2+24.4)/2.0
 Parameter: ZAB <- "24.3"
  
 CHARMM>     
  
 CHARMM>    coor search -
 CHARMM>         xmin @x1  xmax @x2  xgrip @xncel -
 CHARMM>         ymin @y1  ymax @y2  ygrip @yncel -
 CHARMM>         zmin @a   zmax @b   zgrip 5
 Parameter: X1 -> "-43.6244258"
 Parameter: X2 -> "43.6252187"
 Parameter: XNCEL -> "436"
 Parameter: Y1 -> "-43.6309926"
 Parameter: Y2 -> "43.6230242"
 Parameter: YNCEL -> "436"
 Parameter: A -> "24.2"
 Parameter: B -> "24.4"

 A TOTAL OF   662891   VACUUM POINTS WERE FOUND
 A TOTAL OF   287589 OCCUPIED POINTS WERE FOUND
 A TOTAL OF        0 EXTERNAL POINTS WERE FOUND
 A TOTAL OF   662891 SELECTED POINTS WERE FOUND
 TOTAL OCCUPIED  VOLUME =     460.689569
 TOTAL SELECTED  VOLUME =    1061.886821
 TOTAL FREE      VOLUME =    1061.886821
 FRACTIONAL FREE VOLUME =      69.742762
  
 CHARMM>     
  
 CHARMM>    calc c = ?volume * @factor
 Parameter: FACTOR -> "5"
 RDCMND substituted energy or value "?VOLUME" to "460.689569"
Evaluating: 460.689569*5
 Parameter: C <- "2303.44785"
  
 CHARMM>     
  
 CHARMM>    if a .lt. -10 if a .gt. -20 if c .gt. @botarea set botarea = @c
 Parameter: BOTAREA -> "3928.19358"
 Parameter: C -> "2303.44785"
 Comparing "24.2" and "-10".
 IF test evaluated as false.  Skipping command
  
 CHARMM>    if a .gt.  10 if a .lt.  20 if c .gt. @toparea set toparea = @c
 Parameter: TOPAREA -> "4141.3107"
 Parameter: C -> "2303.44785"
 Comparing "24.2" and "10".
 IF test evaluated as true.  Performing command
 Comparing "24.2" and "20".
 IF test evaluated as false.  Skipping command
  
 CHARMM>     
  
 CHARMM>    write title unit 51
 RDTITL> * 24.4  2303.44785
 RDTITL> *
  
 CHARMM>     
  
 CHARMM>    incr a by @dcel
 Parameter: DCEL -> "0.2"
 Parameter: A <- "24.4"
  
 CHARMM>    incr b by @dcel
 Parameter: DCEL -> "0.2"
 Parameter: B <- "24.6"
  
 CHARMM>    if b le ?ZMAX goto DOAREA
 RDCMND substituted energy or value "?ZMAX" to "33.3514749"
 Comparing "24.6" and "33.3514749".
 IF test evaluated as true.  Performing command
  
 CHARMM>     
  
 CHARMM>    ! Cross sectional protein area with whole atom.
 CHARMM>    scalar wmain = radius
  
 CHARMM>    scalar wmain mult 2.5   sele resname TIP3 end
 SELRPN>      0 atoms have been selected out of  15156
  
 CHARMM>    scalar wmain add  1.529 sele .not. resname TIP3 end
 SELRPN>  15156 atoms have been selected out of  15156
  
 CHARMM>    scalar wmain mult 0.85  sele .not. resname TIP3 end
 SELRPN>  15156 atoms have been selected out of  15156
  
 CHARMM>    calc zab = ( @a + @b ) / 2.0
 Parameter: A -> "24.4"
 Parameter: B -> "24.6"
Evaluating: (24.4+24.6)/2.0
 Parameter: ZAB <- "24.5"
  
 CHARMM>     
  
 CHARMM>    coor search -
 CHARMM>         xmin @x1  xmax @x2  xgrip @xncel -
 CHARMM>         ymin @y1  ymax @y2  ygrip @yncel -
 CHARMM>         zmin @a   zmax @b   zgrip 5
 Parameter: X1 -> "-43.6244258"
 Parameter: X2 -> "43.6252187"
 Parameter: XNCEL -> "436"
 Parameter: Y1 -> "-43.6309926"
 Parameter: Y2 -> "43.6230242"
 Parameter: YNCEL -> "436"
 Parameter: A -> "24.4"
 Parameter: B -> "24.6"

 A TOTAL OF   671132   VACUUM POINTS WERE FOUND
 A TOTAL OF   279348 OCCUPIED POINTS WERE FOUND
 A TOTAL OF        0 EXTERNAL POINTS WERE FOUND
 A TOTAL OF   671132 SELECTED POINTS WERE FOUND
 TOTAL OCCUPIED  VOLUME =     447.488289
 TOTAL SELECTED  VOLUME =    1075.088100
 TOTAL FREE      VOLUME =    1075.088100
 FRACTIONAL FREE VOLUME =      70.609797
  
 CHARMM>     
  
 CHARMM>    calc c = ?volume * @factor
 Parameter: FACTOR -> "5"
 RDCMND substituted energy or value "?VOLUME" to "447.488289"
Evaluating: 447.488289*5
 Parameter: C <- "2237.44144"
  
 CHARMM>     
  
 CHARMM>    if a .lt. -10 if a .gt. -20 if c .gt. @botarea set botarea = @c
 Parameter: BOTAREA -> "3928.19358"
 Parameter: C -> "2237.44144"
 Comparing "24.4" and "-10".
 IF test evaluated as false.  Skipping command
  
 CHARMM>    if a .gt.  10 if a .lt.  20 if c .gt. @toparea set toparea = @c
 Parameter: TOPAREA -> "4141.3107"
 Parameter: C -> "2237.44144"
 Comparing "24.4" and "10".
 IF test evaluated as true.  Performing command
 Comparing "24.4" and "20".
 IF test evaluated as false.  Skipping command
  
 CHARMM>     
  
 CHARMM>    write title unit 51
 RDTITL> * 24.6  2237.44144
 RDTITL> *
  
 CHARMM>     
  
 CHARMM>    incr a by @dcel
 Parameter: DCEL -> "0.2"
 Parameter: A <- "24.6"
  
 CHARMM>    incr b by @dcel
 Parameter: DCEL -> "0.2"
 Parameter: B <- "24.8"
  
 CHARMM>    if b le ?ZMAX goto DOAREA
 RDCMND substituted energy or value "?ZMAX" to "33.3514749"
 Comparing "24.8" and "33.3514749".
 IF test evaluated as true.  Performing command
  
 CHARMM>     
  
 CHARMM>    ! Cross sectional protein area with whole atom.
 CHARMM>    scalar wmain = radius
  
 CHARMM>    scalar wmain mult 2.5   sele resname TIP3 end
 SELRPN>      0 atoms have been selected out of  15156
  
 CHARMM>    scalar wmain add  1.529 sele .not. resname TIP3 end
 SELRPN>  15156 atoms have been selected out of  15156
  
 CHARMM>    scalar wmain mult 0.85  sele .not. resname TIP3 end
 SELRPN>  15156 atoms have been selected out of  15156
  
 CHARMM>    calc zab = ( @a + @b ) / 2.0
 Parameter: A -> "24.6"
 Parameter: B -> "24.8"
Evaluating: (24.6+24.8)/2.0
 Parameter: ZAB <- "24.7"
  
 CHARMM>     
  
 CHARMM>    coor search -
 CHARMM>         xmin @x1  xmax @x2  xgrip @xncel -
 CHARMM>         ymin @y1  ymax @y2  ygrip @yncel -
 CHARMM>         zmin @a   zmax @b   zgrip 5
 Parameter: X1 -> "-43.6244258"
 Parameter: X2 -> "43.6252187"
 Parameter: XNCEL -> "436"
 Parameter: Y1 -> "-43.6309926"
 Parameter: Y2 -> "43.6230242"
 Parameter: YNCEL -> "436"
 Parameter: A -> "24.6"
 Parameter: B -> "24.8"

 A TOTAL OF   679666   VACUUM POINTS WERE FOUND
 A TOTAL OF   270814 OCCUPIED POINTS WERE FOUND
 A TOTAL OF        0 EXTERNAL POINTS WERE FOUND
 A TOTAL OF   679666 SELECTED POINTS WERE FOUND
 TOTAL OCCUPIED  VOLUME =     433.817652
 TOTAL SELECTED  VOLUME =    1088.758737
 TOTAL FREE      VOLUME =    1088.758737
 FRACTIONAL FREE VOLUME =      71.507659
  
 CHARMM>     
  
 CHARMM>    calc c = ?volume * @factor
 Parameter: FACTOR -> "5"
 RDCMND substituted energy or value "?VOLUME" to "433.817652"
Evaluating: 433.817652*5
 Parameter: C <- "2169.08826"
  
 CHARMM>     
  
 CHARMM>    if a .lt. -10 if a .gt. -20 if c .gt. @botarea set botarea = @c
 Parameter: BOTAREA -> "3928.19358"
 Parameter: C -> "2169.08826"
 Comparing "24.6" and "-10".
 IF test evaluated as false.  Skipping command
  
 CHARMM>    if a .gt.  10 if a .lt.  20 if c .gt. @toparea set toparea = @c
 Parameter: TOPAREA -> "4141.3107"
 Parameter: C -> "2169.08826"
 Comparing "24.6" and "10".
 IF test evaluated as true.  Performing command
 Comparing "24.6" and "20".
 IF test evaluated as false.  Skipping command
  
 CHARMM>     
  
 CHARMM>    write title unit 51
 RDTITL> * 24.8  2169.08826
 RDTITL> *
  
 CHARMM>     
  
 CHARMM>    incr a by @dcel
 Parameter: DCEL -> "0.2"
 Parameter: A <- "24.8"
  
 CHARMM>    incr b by @dcel
 Parameter: DCEL -> "0.2"
 Parameter: B <- "25"
  
 CHARMM>    if b le ?ZMAX goto DOAREA
 RDCMND substituted energy or value "?ZMAX" to "33.3514749"
 Comparing "25" and "33.3514749".
 IF test evaluated as true.  Performing command
  
 CHARMM>     
  
 CHARMM>    ! Cross sectional protein area with whole atom.
 CHARMM>    scalar wmain = radius
  
 CHARMM>    scalar wmain mult 2.5   sele resname TIP3 end
 SELRPN>      0 atoms have been selected out of  15156
  
 CHARMM>    scalar wmain add  1.529 sele .not. resname TIP3 end
 SELRPN>  15156 atoms have been selected out of  15156
  
 CHARMM>    scalar wmain mult 0.85  sele .not. resname TIP3 end
 SELRPN>  15156 atoms have been selected out of  15156
  
 CHARMM>    calc zab = ( @a + @b ) / 2.0
 Parameter: A -> "24.8"
 Parameter: B -> "25"
Evaluating: (24.8+25)/2.0
 Parameter: ZAB <- "24.9"
  
 CHARMM>     
  
 CHARMM>    coor search -
 CHARMM>         xmin @x1  xmax @x2  xgrip @xncel -
 CHARMM>         ymin @y1  ymax @y2  ygrip @yncel -
 CHARMM>         zmin @a   zmax @b   zgrip 5
 Parameter: X1 -> "-43.6244258"
 Parameter: X2 -> "43.6252187"
 Parameter: XNCEL -> "436"
 Parameter: Y1 -> "-43.6309926"
 Parameter: Y2 -> "43.6230242"
 Parameter: YNCEL -> "436"
 Parameter: A -> "24.8"
 Parameter: B -> "25"

 A TOTAL OF   688258   VACUUM POINTS WERE FOUND
 A TOTAL OF   262222 OCCUPIED POINTS WERE FOUND
 A TOTAL OF        0 EXTERNAL POINTS WERE FOUND
 A TOTAL OF   688258 SELECTED POINTS WERE FOUND
 TOTAL OCCUPIED  VOLUME =     420.054105
 TOTAL SELECTED  VOLUME =    1102.522284
 TOTAL FREE      VOLUME =    1102.522284
 FRACTIONAL FREE VOLUME =      72.411624
  
 CHARMM>     
  
 CHARMM>    calc c = ?volume * @factor
 Parameter: FACTOR -> "5"
 RDCMND substituted energy or value "?VOLUME" to "420.054105"
Evaluating: 420.054105*5
 Parameter: C <- "2100.27052"
  
 CHARMM>     
  
 CHARMM>    if a .lt. -10 if a .gt. -20 if c .gt. @botarea set botarea = @c
 Parameter: BOTAREA -> "3928.19358"
 Parameter: C -> "2100.27052"
 Comparing "24.8" and "-10".
 IF test evaluated as false.  Skipping command
  
 CHARMM>    if a .gt.  10 if a .lt.  20 if c .gt. @toparea set toparea = @c
 Parameter: TOPAREA -> "4141.3107"
 Parameter: C -> "2100.27052"
 Comparing "24.8" and "10".
 IF test evaluated as true.  Performing command
 Comparing "24.8" and "20".
 IF test evaluated as false.  Skipping command
  
 CHARMM>     
  
 CHARMM>    write title unit 51
 RDTITL> * 25  2100.27052
 RDTITL> *
  
 CHARMM>     
  
 CHARMM>    incr a by @dcel
 Parameter: DCEL -> "0.2"
 Parameter: A <- "25"
  
 CHARMM>    incr b by @dcel
 Parameter: DCEL -> "0.2"
 Parameter: B <- "25.2"
  
 CHARMM>    if b le ?ZMAX goto DOAREA
 RDCMND substituted energy or value "?ZMAX" to "33.3514749"
 Comparing "25.2" and "33.3514749".
 IF test evaluated as true.  Performing command
  
 CHARMM>     
  
 CHARMM>    ! Cross sectional protein area with whole atom.
 CHARMM>    scalar wmain = radius
  
 CHARMM>    scalar wmain mult 2.5   sele resname TIP3 end
 SELRPN>      0 atoms have been selected out of  15156
  
 CHARMM>    scalar wmain add  1.529 sele .not. resname TIP3 end
 SELRPN>  15156 atoms have been selected out of  15156
  
 CHARMM>    scalar wmain mult 0.85  sele .not. resname TIP3 end
 SELRPN>  15156 atoms have been selected out of  15156
  
 CHARMM>    calc zab = ( @a + @b ) / 2.0
 Parameter: A -> "25"
 Parameter: B -> "25.2"
Evaluating: (25+25.2)/2.0
 Parameter: ZAB <- "25.1"
  
 CHARMM>     
  
 CHARMM>    coor search -
 CHARMM>         xmin @x1  xmax @x2  xgrip @xncel -
 CHARMM>         ymin @y1  ymax @y2  ygrip @yncel -
 CHARMM>         zmin @a   zmax @b   zgrip 5
 Parameter: X1 -> "-43.6244258"
 Parameter: X2 -> "43.6252187"
 Parameter: XNCEL -> "436"
 Parameter: Y1 -> "-43.6309926"
 Parameter: Y2 -> "43.6230242"
 Parameter: YNCEL -> "436"
 Parameter: A -> "25"
 Parameter: B -> "25.2"

 A TOTAL OF   698266   VACUUM POINTS WERE FOUND
 A TOTAL OF   252214 OCCUPIED POINTS WERE FOUND
 A TOTAL OF        0 EXTERNAL POINTS WERE FOUND
 A TOTAL OF   698266 SELECTED POINTS WERE FOUND
 TOTAL OCCUPIED  VOLUME =     404.022264
 TOTAL SELECTED  VOLUME =    1118.554125
 TOTAL FREE      VOLUME =    1118.554125
 FRACTIONAL FREE VOLUME =      73.464565
  
 CHARMM>     
  
 CHARMM>    calc c = ?volume * @factor
 Parameter: FACTOR -> "5"
 RDCMND substituted energy or value "?VOLUME" to "404.022264"
Evaluating: 404.022264*5
 Parameter: C <- "2020.11132"
  
 CHARMM>     
  
 CHARMM>    if a .lt. -10 if a .gt. -20 if c .gt. @botarea set botarea = @c
 Parameter: BOTAREA -> "3928.19358"
 Parameter: C -> "2020.11132"
 Comparing "25" and "-10".
 IF test evaluated as false.  Skipping command
  
 CHARMM>    if a .gt.  10 if a .lt.  20 if c .gt. @toparea set toparea = @c
 Parameter: TOPAREA -> "4141.3107"
 Parameter: C -> "2020.11132"
 Comparing "25" and "10".
 IF test evaluated as true.  Performing command
 Comparing "25" and "20".
 IF test evaluated as false.  Skipping command
  
 CHARMM>     
  
 CHARMM>    write title unit 51
 RDTITL> * 25.2  2020.11132
 RDTITL> *
  
 CHARMM>     
  
 CHARMM>    incr a by @dcel
 Parameter: DCEL -> "0.2"
 Parameter: A <- "25.2"
  
 CHARMM>    incr b by @dcel
 Parameter: DCEL -> "0.2"
 Parameter: B <- "25.4"
  
 CHARMM>    if b le ?ZMAX goto DOAREA
 RDCMND substituted energy or value "?ZMAX" to "33.3514749"
 Comparing "25.4" and "33.3514749".
 IF test evaluated as true.  Performing command
  
 CHARMM>     
  
 CHARMM>    ! Cross sectional protein area with whole atom.
 CHARMM>    scalar wmain = radius
  
 CHARMM>    scalar wmain mult 2.5   sele resname TIP3 end
 SELRPN>      0 atoms have been selected out of  15156
  
 CHARMM>    scalar wmain add  1.529 sele .not. resname TIP3 end
 SELRPN>  15156 atoms have been selected out of  15156
  
 CHARMM>    scalar wmain mult 0.85  sele .not. resname TIP3 end
 SELRPN>  15156 atoms have been selected out of  15156
  
 CHARMM>    calc zab = ( @a + @b ) / 2.0
 Parameter: A -> "25.2"
 Parameter: B -> "25.4"
Evaluating: (25.2+25.4)/2.0
 Parameter: ZAB <- "25.3"
  
 CHARMM>     
  
 CHARMM>    coor search -
 CHARMM>         xmin @x1  xmax @x2  xgrip @xncel -
 CHARMM>         ymin @y1  ymax @y2  ygrip @yncel -
 CHARMM>         zmin @a   zmax @b   zgrip 5
 Parameter: X1 -> "-43.6244258"
 Parameter: X2 -> "43.6252187"
 Parameter: XNCEL -> "436"
 Parameter: Y1 -> "-43.6309926"
 Parameter: Y2 -> "43.6230242"
 Parameter: YNCEL -> "436"
 Parameter: A -> "25.2"
 Parameter: B -> "25.4"

 A TOTAL OF   707313   VACUUM POINTS WERE FOUND
 A TOTAL OF   243167 OCCUPIED POINTS WERE FOUND
 A TOTAL OF        0 EXTERNAL POINTS WERE FOUND
 A TOTAL OF   707313 SELECTED POINTS WERE FOUND
 TOTAL OCCUPIED  VOLUME =     389.529851
 TOTAL SELECTED  VOLUME =    1133.046538
 TOTAL FREE      VOLUME =    1133.046538
 FRACTIONAL FREE VOLUME =      74.416400
  
 CHARMM>     
  
 CHARMM>    calc c = ?volume * @factor
 Parameter: FACTOR -> "5"
 RDCMND substituted energy or value "?VOLUME" to "389.529851"
Evaluating: 389.529851*5
 Parameter: C <- "1947.64926"
  
 CHARMM>     
  
 CHARMM>    if a .lt. -10 if a .gt. -20 if c .gt. @botarea set botarea = @c
 Parameter: BOTAREA -> "3928.19358"
 Parameter: C -> "1947.64926"
 Comparing "25.2" and "-10".
 IF test evaluated as false.  Skipping command
  
 CHARMM>    if a .gt.  10 if a .lt.  20 if c .gt. @toparea set toparea = @c
 Parameter: TOPAREA -> "4141.3107"
 Parameter: C -> "1947.64926"
 Comparing "25.2" and "10".
 IF test evaluated as true.  Performing command
 Comparing "25.2" and "20".
 IF test evaluated as false.  Skipping command
  
 CHARMM>     
  
 CHARMM>    write title unit 51
 RDTITL> * 25.4  1947.64926
 RDTITL> *
  
 CHARMM>     
  
 CHARMM>    incr a by @dcel
 Parameter: DCEL -> "0.2"
 Parameter: A <- "25.4"
  
 CHARMM>    incr b by @dcel
 Parameter: DCEL -> "0.2"
 Parameter: B <- "25.6"
  
 CHARMM>    if b le ?ZMAX goto DOAREA
 RDCMND substituted energy or value "?ZMAX" to "33.3514749"
 Comparing "25.6" and "33.3514749".
 IF test evaluated as true.  Performing command
  
 CHARMM>     
  
 CHARMM>    ! Cross sectional protein area with whole atom.
 CHARMM>    scalar wmain = radius
  
 CHARMM>    scalar wmain mult 2.5   sele resname TIP3 end
 SELRPN>      0 atoms have been selected out of  15156
  
 CHARMM>    scalar wmain add  1.529 sele .not. resname TIP3 end
 SELRPN>  15156 atoms have been selected out of  15156
  
 CHARMM>    scalar wmain mult 0.85  sele .not. resname TIP3 end
 SELRPN>  15156 atoms have been selected out of  15156
  
 CHARMM>    calc zab = ( @a + @b ) / 2.0
 Parameter: A -> "25.4"
 Parameter: B -> "25.6"
Evaluating: (25.4+25.6)/2.0
 Parameter: ZAB <- "25.5"
  
 CHARMM>     
  
 CHARMM>    coor search -
 CHARMM>         xmin @x1  xmax @x2  xgrip @xncel -
 CHARMM>         ymin @y1  ymax @y2  ygrip @yncel -
 CHARMM>         zmin @a   zmax @b   zgrip 5
 Parameter: X1 -> "-43.6244258"
 Parameter: X2 -> "43.6252187"
 Parameter: XNCEL -> "436"
 Parameter: Y1 -> "-43.6309926"
 Parameter: Y2 -> "43.6230242"
 Parameter: YNCEL -> "436"
 Parameter: A -> "25.4"
 Parameter: B -> "25.6"

 A TOTAL OF   714694   VACUUM POINTS WERE FOUND
 A TOTAL OF   235786 OCCUPIED POINTS WERE FOUND
 A TOTAL OF        0 EXTERNAL POINTS WERE FOUND
 A TOTAL OF   714694 SELECTED POINTS WERE FOUND
 TOTAL OCCUPIED  VOLUME =     377.706208
 TOTAL SELECTED  VOLUME =    1144.870181
 TOTAL FREE      VOLUME =    1144.870181
 FRACTIONAL FREE VOLUME =      75.192955
  
 CHARMM>     
  
 CHARMM>    calc c = ?volume * @factor
 Parameter: FACTOR -> "5"
 RDCMND substituted energy or value "?VOLUME" to "377.706208"
Evaluating: 377.706208*5
 Parameter: C <- "1888.53104"
  
 CHARMM>     
  
 CHARMM>    if a .lt. -10 if a .gt. -20 if c .gt. @botarea set botarea = @c
 Parameter: BOTAREA -> "3928.19358"
 Parameter: C -> "1888.53104"
 Comparing "25.4" and "-10".
 IF test evaluated as false.  Skipping command
  
 CHARMM>    if a .gt.  10 if a .lt.  20 if c .gt. @toparea set toparea = @c
 Parameter: TOPAREA -> "4141.3107"
 Parameter: C -> "1888.53104"
 Comparing "25.4" and "10".
 IF test evaluated as true.  Performing command
 Comparing "25.4" and "20".
 IF test evaluated as false.  Skipping command
  
 CHARMM>     
  
 CHARMM>    write title unit 51
 RDTITL> * 25.6  1888.53104
 RDTITL> *
  
 CHARMM>     
  
 CHARMM>    incr a by @dcel
 Parameter: DCEL -> "0.2"
 Parameter: A <- "25.6"
  
 CHARMM>    incr b by @dcel
 Parameter: DCEL -> "0.2"
 Parameter: B <- "25.8"
  
 CHARMM>    if b le ?ZMAX goto DOAREA
 RDCMND substituted energy or value "?ZMAX" to "33.3514749"
 Comparing "25.8" and "33.3514749".
 IF test evaluated as true.  Performing command
  
 CHARMM>     
  
 CHARMM>    ! Cross sectional protein area with whole atom.
 CHARMM>    scalar wmain = radius
  
 CHARMM>    scalar wmain mult 2.5   sele resname TIP3 end
 SELRPN>      0 atoms have been selected out of  15156
  
 CHARMM>    scalar wmain add  1.529 sele .not. resname TIP3 end
 SELRPN>  15156 atoms have been selected out of  15156
  
 CHARMM>    scalar wmain mult 0.85  sele .not. resname TIP3 end
 SELRPN>  15156 atoms have been selected out of  15156
  
 CHARMM>    calc zab = ( @a + @b ) / 2.0
 Parameter: A -> "25.6"
 Parameter: B -> "25.8"
Evaluating: (25.6+25.8)/2.0
 Parameter: ZAB <- "25.7"
  
 CHARMM>     
  
 CHARMM>    coor search -
 CHARMM>         xmin @x1  xmax @x2  xgrip @xncel -
 CHARMM>         ymin @y1  ymax @y2  ygrip @yncel -
 CHARMM>         zmin @a   zmax @b   zgrip 5
 Parameter: X1 -> "-43.6244258"
 Parameter: X2 -> "43.6252187"
 Parameter: XNCEL -> "436"
 Parameter: Y1 -> "-43.6309926"
 Parameter: Y2 -> "43.6230242"
 Parameter: YNCEL -> "436"
 Parameter: A -> "25.6"
 Parameter: B -> "25.8"

 A TOTAL OF   723182   VACUUM POINTS WERE FOUND
 A TOTAL OF   227298 OCCUPIED POINTS WERE FOUND
 A TOTAL OF        0 EXTERNAL POINTS WERE FOUND
 A TOTAL OF   723182 SELECTED POINTS WERE FOUND
 TOTAL OCCUPIED  VOLUME =     364.109259
 TOTAL SELECTED  VOLUME =    1158.467131
 TOTAL FREE      VOLUME =    1158.467131
 FRACTIONAL FREE VOLUME =      76.085978
  
 CHARMM>     
  
 CHARMM>    calc c = ?volume * @factor
 Parameter: FACTOR -> "5"
 RDCMND substituted energy or value "?VOLUME" to "364.109259"
Evaluating: 364.109259*5
 Parameter: C <- "1820.5463"
  
 CHARMM>     
  
 CHARMM>    if a .lt. -10 if a .gt. -20 if c .gt. @botarea set botarea = @c
 Parameter: BOTAREA -> "3928.19358"
 Parameter: C -> "1820.5463"
 Comparing "25.6" and "-10".
 IF test evaluated as false.  Skipping command
  
 CHARMM>    if a .gt.  10 if a .lt.  20 if c .gt. @toparea set toparea = @c
 Parameter: TOPAREA -> "4141.3107"
 Parameter: C -> "1820.5463"
 Comparing "25.6" and "10".
 IF test evaluated as true.  Performing command
 Comparing "25.6" and "20".
 IF test evaluated as false.  Skipping command
  
 CHARMM>     
  
 CHARMM>    write title unit 51
 RDTITL> * 25.8  1820.5463
 RDTITL> *
  
 CHARMM>     
  
 CHARMM>    incr a by @dcel
 Parameter: DCEL -> "0.2"
 Parameter: A <- "25.8"
  
 CHARMM>    incr b by @dcel
 Parameter: DCEL -> "0.2"
 Parameter: B <- "26"
  
 CHARMM>    if b le ?ZMAX goto DOAREA
 RDCMND substituted energy or value "?ZMAX" to "33.3514749"
 Comparing "26" and "33.3514749".
 IF test evaluated as true.  Performing command
  
 CHARMM>     
  
 CHARMM>    ! Cross sectional protein area with whole atom.
 CHARMM>    scalar wmain = radius
  
 CHARMM>    scalar wmain mult 2.5   sele resname TIP3 end
 SELRPN>      0 atoms have been selected out of  15156
  
 CHARMM>    scalar wmain add  1.529 sele .not. resname TIP3 end
 SELRPN>  15156 atoms have been selected out of  15156
  
 CHARMM>    scalar wmain mult 0.85  sele .not. resname TIP3 end
 SELRPN>  15156 atoms have been selected out of  15156
  
 CHARMM>    calc zab = ( @a + @b ) / 2.0
 Parameter: A -> "25.8"
 Parameter: B -> "26"
Evaluating: (25.8+26)/2.0
 Parameter: ZAB <- "25.9"
  
 CHARMM>     
  
 CHARMM>    coor search -
 CHARMM>         xmin @x1  xmax @x2  xgrip @xncel -
 CHARMM>         ymin @y1  ymax @y2  ygrip @yncel -
 CHARMM>         zmin @a   zmax @b   zgrip 5
 Parameter: X1 -> "-43.6244258"
 Parameter: X2 -> "43.6252187"
 Parameter: XNCEL -> "436"
 Parameter: Y1 -> "-43.6309926"
 Parameter: Y2 -> "43.6230242"
 Parameter: YNCEL -> "436"
 Parameter: A -> "25.8"
 Parameter: B -> "26"

 A TOTAL OF   732187   VACUUM POINTS WERE FOUND
 A TOTAL OF   218293 OCCUPIED POINTS WERE FOUND
 A TOTAL OF        0 EXTERNAL POINTS WERE FOUND
 A TOTAL OF   732187 SELECTED POINTS WERE FOUND
 TOTAL OCCUPIED  VOLUME =     349.684126
 TOTAL SELECTED  VOLUME =    1172.892264
 TOTAL FREE      VOLUME =    1172.892264
 FRACTIONAL FREE VOLUME =      77.033394
  
 CHARMM>     
  
 CHARMM>    calc c = ?volume * @factor
 Parameter: FACTOR -> "5"
 RDCMND substituted energy or value "?VOLUME" to "349.684126"
Evaluating: 349.684126*5
 Parameter: C <- "1748.42063"
  
 CHARMM>     
  
 CHARMM>    if a .lt. -10 if a .gt. -20 if c .gt. @botarea set botarea = @c
 Parameter: BOTAREA -> "3928.19358"
 Parameter: C -> "1748.42063"
 Comparing "25.8" and "-10".
 IF test evaluated as false.  Skipping command
  
 CHARMM>    if a .gt.  10 if a .lt.  20 if c .gt. @toparea set toparea = @c
 Parameter: TOPAREA -> "4141.3107"
 Parameter: C -> "1748.42063"
 Comparing "25.8" and "10".
 IF test evaluated as true.  Performing command
 Comparing "25.8" and "20".
 IF test evaluated as false.  Skipping command
  
 CHARMM>     
  
 CHARMM>    write title unit 51
 RDTITL> * 26  1748.42063
 RDTITL> *
  
 CHARMM>     
  
 CHARMM>    incr a by @dcel
 Parameter: DCEL -> "0.2"
 Parameter: A <- "26"
  
 CHARMM>    incr b by @dcel
 Parameter: DCEL -> "0.2"
 Parameter: B <- "26.2"
  
 CHARMM>    if b le ?ZMAX goto DOAREA
 RDCMND substituted energy or value "?ZMAX" to "33.3514749"
 Comparing "26.2" and "33.3514749".
 IF test evaluated as true.  Performing command
  
 CHARMM>     
  
 CHARMM>    ! Cross sectional protein area with whole atom.
 CHARMM>    scalar wmain = radius
  
 CHARMM>    scalar wmain mult 2.5   sele resname TIP3 end
 SELRPN>      0 atoms have been selected out of  15156
  
 CHARMM>    scalar wmain add  1.529 sele .not. resname TIP3 end
 SELRPN>  15156 atoms have been selected out of  15156
  
 CHARMM>    scalar wmain mult 0.85  sele .not. resname TIP3 end
 SELRPN>  15156 atoms have been selected out of  15156
  
 CHARMM>    calc zab = ( @a + @b ) / 2.0
 Parameter: A -> "26"
 Parameter: B -> "26.2"
Evaluating: (26+26.2)/2.0
 Parameter: ZAB <- "26.1"
  
 CHARMM>     
  
 CHARMM>    coor search -
 CHARMM>         xmin @x1  xmax @x2  xgrip @xncel -
 CHARMM>         ymin @y1  ymax @y2  ygrip @yncel -
 CHARMM>         zmin @a   zmax @b   zgrip 5
 Parameter: X1 -> "-43.6244258"
 Parameter: X2 -> "43.6252187"
 Parameter: XNCEL -> "436"
 Parameter: Y1 -> "-43.6309926"
 Parameter: Y2 -> "43.6230242"
 Parameter: YNCEL -> "436"
 Parameter: A -> "26"
 Parameter: B -> "26.2"

 A TOTAL OF   737962   VACUUM POINTS WERE FOUND
 A TOTAL OF   212518 OCCUPIED POINTS WERE FOUND
 A TOTAL OF        0 EXTERNAL POINTS WERE FOUND
 A TOTAL OF   737962 SELECTED POINTS WERE FOUND
 TOTAL OCCUPIED  VOLUME =     340.433138
 TOTAL SELECTED  VOLUME =    1182.143251
 TOTAL FREE      VOLUME =    1182.143251
 FRACTIONAL FREE VOLUME =      77.640981
  
 CHARMM>     
  
 CHARMM>    calc c = ?volume * @factor
 Parameter: FACTOR -> "5"
 RDCMND substituted energy or value "?VOLUME" to "340.433138"
Evaluating: 340.433138*5
 Parameter: C <- "1702.16569"
  
 CHARMM>     
  
 CHARMM>    if a .lt. -10 if a .gt. -20 if c .gt. @botarea set botarea = @c
 Parameter: BOTAREA -> "3928.19358"
 Parameter: C -> "1702.16569"
 Comparing "26" and "-10".
 IF test evaluated as false.  Skipping command
  
 CHARMM>    if a .gt.  10 if a .lt.  20 if c .gt. @toparea set toparea = @c
 Parameter: TOPAREA -> "4141.3107"
 Parameter: C -> "1702.16569"
 Comparing "26" and "10".
 IF test evaluated as true.  Performing command
 Comparing "26" and "20".
 IF test evaluated as false.  Skipping command
  
 CHARMM>     
  
 CHARMM>    write title unit 51
 RDTITL> * 26.2  1702.16569
 RDTITL> *
  
 CHARMM>     
  
 CHARMM>    incr a by @dcel
 Parameter: DCEL -> "0.2"
 Parameter: A <- "26.2"
  
 CHARMM>    incr b by @dcel
 Parameter: DCEL -> "0.2"
 Parameter: B <- "26.4"
  
 CHARMM>    if b le ?ZMAX goto DOAREA
 RDCMND substituted energy or value "?ZMAX" to "33.3514749"
 Comparing "26.4" and "33.3514749".
 IF test evaluated as true.  Performing command
  
 CHARMM>     
  
 CHARMM>    ! Cross sectional protein area with whole atom.
 CHARMM>    scalar wmain = radius
  
 CHARMM>    scalar wmain mult 2.5   sele resname TIP3 end
 SELRPN>      0 atoms have been selected out of  15156
  
 CHARMM>    scalar wmain add  1.529 sele .not. resname TIP3 end
 SELRPN>  15156 atoms have been selected out of  15156
  
 CHARMM>    scalar wmain mult 0.85  sele .not. resname TIP3 end
 SELRPN>  15156 atoms have been selected out of  15156
  
 CHARMM>    calc zab = ( @a + @b ) / 2.0
 Parameter: A -> "26.2"
 Parameter: B -> "26.4"
Evaluating: (26.2+26.4)/2.0
 Parameter: ZAB <- "26.3"
  
 CHARMM>     
  
 CHARMM>    coor search -
 CHARMM>         xmin @x1  xmax @x2  xgrip @xncel -
 CHARMM>         ymin @y1  ymax @y2  ygrip @yncel -
 CHARMM>         zmin @a   zmax @b   zgrip 5
 Parameter: X1 -> "-43.6244258"
 Parameter: X2 -> "43.6252187"
 Parameter: XNCEL -> "436"
 Parameter: Y1 -> "-43.6309926"
 Parameter: Y2 -> "43.6230242"
 Parameter: YNCEL -> "436"
 Parameter: A -> "26.2"
 Parameter: B -> "26.4"

 A TOTAL OF   740870   VACUUM POINTS WERE FOUND
 A TOTAL OF   209610 OCCUPIED POINTS WERE FOUND
 A TOTAL OF        0 EXTERNAL POINTS WERE FOUND
 A TOTAL OF   740870 SELECTED POINTS WERE FOUND
 TOTAL OCCUPIED  VOLUME =     335.774805
 TOTAL SELECTED  VOLUME =    1186.801584
 TOTAL FREE      VOLUME =    1186.801584
 FRACTIONAL FREE VOLUME =      77.946932
  
 CHARMM>     
  
 CHARMM>    calc c = ?volume * @factor
 Parameter: FACTOR -> "5"
 RDCMND substituted energy or value "?VOLUME" to "335.774805"
Evaluating: 335.774805*5
 Parameter: C <- "1678.87403"
  
 CHARMM>     
  
 CHARMM>    if a .lt. -10 if a .gt. -20 if c .gt. @botarea set botarea = @c
 Parameter: BOTAREA -> "3928.19358"
 Parameter: C -> "1678.87403"
 Comparing "26.2" and "-10".
 IF test evaluated as false.  Skipping command
  
 CHARMM>    if a .gt.  10 if a .lt.  20 if c .gt. @toparea set toparea = @c
 Parameter: TOPAREA -> "4141.3107"
 Parameter: C -> "1678.87403"
 Comparing "26.2" and "10".
 IF test evaluated as true.  Performing command
 Comparing "26.2" and "20".
 IF test evaluated as false.  Skipping command
  
 CHARMM>     
  
 CHARMM>    write title unit 51
 RDTITL> * 26.4  1678.87403
 RDTITL> *
  
 CHARMM>     
  
 CHARMM>    incr a by @dcel
 Parameter: DCEL -> "0.2"
 Parameter: A <- "26.4"
  
 CHARMM>    incr b by @dcel
 Parameter: DCEL -> "0.2"
 Parameter: B <- "26.6"
  
 CHARMM>    if b le ?ZMAX goto DOAREA
 RDCMND substituted energy or value "?ZMAX" to "33.3514749"
 Comparing "26.6" and "33.3514749".
 IF test evaluated as true.  Performing command
  
 CHARMM>     
  
 CHARMM>    ! Cross sectional protein area with whole atom.
 CHARMM>    scalar wmain = radius
  
 CHARMM>    scalar wmain mult 2.5   sele resname TIP3 end
 SELRPN>      0 atoms have been selected out of  15156
  
 CHARMM>    scalar wmain add  1.529 sele .not. resname TIP3 end
 SELRPN>  15156 atoms have been selected out of  15156
  
 CHARMM>    scalar wmain mult 0.85  sele .not. resname TIP3 end
 SELRPN>  15156 atoms have been selected out of  15156
  
 CHARMM>    calc zab = ( @a + @b ) / 2.0
 Parameter: A -> "26.4"
 Parameter: B -> "26.6"
Evaluating: (26.4+26.6)/2.0
 Parameter: ZAB <- "26.5"
  
 CHARMM>     
  
 CHARMM>    coor search -
 CHARMM>         xmin @x1  xmax @x2  xgrip @xncel -
 CHARMM>         ymin @y1  ymax @y2  ygrip @yncel -
 CHARMM>         zmin @a   zmax @b   zgrip 5
 Parameter: X1 -> "-43.6244258"
 Parameter: X2 -> "43.6252187"
 Parameter: XNCEL -> "436"
 Parameter: Y1 -> "-43.6309926"
 Parameter: Y2 -> "43.6230242"
 Parameter: YNCEL -> "436"
 Parameter: A -> "26.4"
 Parameter: B -> "26.6"

 A TOTAL OF   743234   VACUUM POINTS WERE FOUND
 A TOTAL OF   207246 OCCUPIED POINTS WERE FOUND
 A TOTAL OF        0 EXTERNAL POINTS WERE FOUND
 A TOTAL OF   743234 SELECTED POINTS WERE FOUND
 TOTAL OCCUPIED  VOLUME =     331.987908
 TOTAL SELECTED  VOLUME =    1190.588482
 TOTAL FREE      VOLUME =    1190.588482
 FRACTIONAL FREE VOLUME =      78.195649
  
 CHARMM>     
  
 CHARMM>    calc c = ?volume * @factor
 Parameter: FACTOR -> "5"
 RDCMND substituted energy or value "?VOLUME" to "331.987908"
Evaluating: 331.987908*5
 Parameter: C <- "1659.93954"
  
 CHARMM>     
  
 CHARMM>    if a .lt. -10 if a .gt. -20 if c .gt. @botarea set botarea = @c
 Parameter: BOTAREA -> "3928.19358"
 Parameter: C -> "1659.93954"
 Comparing "26.4" and "-10".
 IF test evaluated as false.  Skipping command
  
 CHARMM>    if a .gt.  10 if a .lt.  20 if c .gt. @toparea set toparea = @c
 Parameter: TOPAREA -> "4141.3107"
 Parameter: C -> "1659.93954"
 Comparing "26.4" and "10".
 IF test evaluated as true.  Performing command
 Comparing "26.4" and "20".
 IF test evaluated as false.  Skipping command
  
 CHARMM>     
  
 CHARMM>    write title unit 51
 RDTITL> * 26.6  1659.93954
 RDTITL> *
  
 CHARMM>     
  
 CHARMM>    incr a by @dcel
 Parameter: DCEL -> "0.2"
 Parameter: A <- "26.6"
  
 CHARMM>    incr b by @dcel
 Parameter: DCEL -> "0.2"
 Parameter: B <- "26.8"
  
 CHARMM>    if b le ?ZMAX goto DOAREA
 RDCMND substituted energy or value "?ZMAX" to "33.3514749"
 Comparing "26.8" and "33.3514749".
 IF test evaluated as true.  Performing command
  
 CHARMM>     
  
 CHARMM>    ! Cross sectional protein area with whole atom.
 CHARMM>    scalar wmain = radius
  
 CHARMM>    scalar wmain mult 2.5   sele resname TIP3 end
 SELRPN>      0 atoms have been selected out of  15156
  
 CHARMM>    scalar wmain add  1.529 sele .not. resname TIP3 end
 SELRPN>  15156 atoms have been selected out of  15156
  
 CHARMM>    scalar wmain mult 0.85  sele .not. resname TIP3 end
 SELRPN>  15156 atoms have been selected out of  15156
  
 CHARMM>    calc zab = ( @a + @b ) / 2.0
 Parameter: A -> "26.6"
 Parameter: B -> "26.8"
Evaluating: (26.6+26.8)/2.0
 Parameter: ZAB <- "26.7"
  
 CHARMM>     
  
 CHARMM>    coor search -
 CHARMM>         xmin @x1  xmax @x2  xgrip @xncel -
 CHARMM>         ymin @y1  ymax @y2  ygrip @yncel -
 CHARMM>         zmin @a   zmax @b   zgrip 5
 Parameter: X1 -> "-43.6244258"
 Parameter: X2 -> "43.6252187"
 Parameter: XNCEL -> "436"
 Parameter: Y1 -> "-43.6309926"
 Parameter: Y2 -> "43.6230242"
 Parameter: YNCEL -> "436"
 Parameter: A -> "26.6"
 Parameter: B -> "26.8"

 A TOTAL OF   745421   VACUUM POINTS WERE FOUND
 A TOTAL OF   205059 OCCUPIED POINTS WERE FOUND
 A TOTAL OF        0 EXTERNAL POINTS WERE FOUND
 A TOTAL OF   745421 SELECTED POINTS WERE FOUND
 TOTAL OCCUPIED  VOLUME =     328.484547
 TOTAL SELECTED  VOLUME =    1194.091843
 TOTAL FREE      VOLUME =    1194.091843
 FRACTIONAL FREE VOLUME =      78.425743
  
 CHARMM>     
  
 CHARMM>    calc c = ?volume * @factor
 Parameter: FACTOR -> "5"
 RDCMND substituted energy or value "?VOLUME" to "328.484547"
Evaluating: 328.484547*5
 Parameter: C <- "1642.42274"
  
 CHARMM>     
  
 CHARMM>    if a .lt. -10 if a .gt. -20 if c .gt. @botarea set botarea = @c
 Parameter: BOTAREA -> "3928.19358"
 Parameter: C -> "1642.42274"
 Comparing "26.6" and "-10".
 IF test evaluated as false.  Skipping command
  
 CHARMM>    if a .gt.  10 if a .lt.  20 if c .gt. @toparea set toparea = @c
 Parameter: TOPAREA -> "4141.3107"
 Parameter: C -> "1642.42274"
 Comparing "26.6" and "10".
 IF test evaluated as true.  Performing command
 Comparing "26.6" and "20".
 IF test evaluated as false.  Skipping command
  
 CHARMM>     
  
 CHARMM>    write title unit 51
 RDTITL> * 26.8  1642.42274
 RDTITL> *
  
 CHARMM>     
  
 CHARMM>    incr a by @dcel
 Parameter: DCEL -> "0.2"
 Parameter: A <- "26.8"
  
 CHARMM>    incr b by @dcel
 Parameter: DCEL -> "0.2"
 Parameter: B <- "27"
  
 CHARMM>    if b le ?ZMAX goto DOAREA
 RDCMND substituted energy or value "?ZMAX" to "33.3514749"
 Comparing "27" and "33.3514749".
 IF test evaluated as true.  Performing command
  
 CHARMM>     
  
 CHARMM>    ! Cross sectional protein area with whole atom.
 CHARMM>    scalar wmain = radius
  
 CHARMM>    scalar wmain mult 2.5   sele resname TIP3 end
 SELRPN>      0 atoms have been selected out of  15156
  
 CHARMM>    scalar wmain add  1.529 sele .not. resname TIP3 end
 SELRPN>  15156 atoms have been selected out of  15156
  
 CHARMM>    scalar wmain mult 0.85  sele .not. resname TIP3 end
 SELRPN>  15156 atoms have been selected out of  15156
  
 CHARMM>    calc zab = ( @a + @b ) / 2.0
 Parameter: A -> "26.8"
 Parameter: B -> "27"
Evaluating: (26.8+27)/2.0
 Parameter: ZAB <- "26.9"
  
 CHARMM>     
  
 CHARMM>    coor search -
 CHARMM>         xmin @x1  xmax @x2  xgrip @xncel -
 CHARMM>         ymin @y1  ymax @y2  ygrip @yncel -
 CHARMM>         zmin @a   zmax @b   zgrip 5
 Parameter: X1 -> "-43.6244258"
 Parameter: X2 -> "43.6252187"
 Parameter: XNCEL -> "436"
 Parameter: Y1 -> "-43.6309926"
 Parameter: Y2 -> "43.6230242"
 Parameter: YNCEL -> "436"
 Parameter: A -> "26.8"
 Parameter: B -> "27"

 A TOTAL OF   748175   VACUUM POINTS WERE FOUND
 A TOTAL OF   202305 OCCUPIED POINTS WERE FOUND
 A TOTAL OF        0 EXTERNAL POINTS WERE FOUND
 A TOTAL OF   748175 SELECTED POINTS WERE FOUND
 TOTAL OCCUPIED  VOLUME =     324.072907
 TOTAL SELECTED  VOLUME =    1198.503483
 TOTAL FREE      VOLUME =    1198.503483
 FRACTIONAL FREE VOLUME =      78.715491
  
 CHARMM>     
  
 CHARMM>    calc c = ?volume * @factor
 Parameter: FACTOR -> "5"
 RDCMND substituted energy or value "?VOLUME" to "324.072907"
Evaluating: 324.072907*5
 Parameter: C <- "1620.36453"
  
 CHARMM>     
  
 CHARMM>    if a .lt. -10 if a .gt. -20 if c .gt. @botarea set botarea = @c
 Parameter: BOTAREA -> "3928.19358"
 Parameter: C -> "1620.36453"
 Comparing "26.8" and "-10".
 IF test evaluated as false.  Skipping command
  
 CHARMM>    if a .gt.  10 if a .lt.  20 if c .gt. @toparea set toparea = @c
 Parameter: TOPAREA -> "4141.3107"
 Parameter: C -> "1620.36453"
 Comparing "26.8" and "10".
 IF test evaluated as true.  Performing command
 Comparing "26.8" and "20".
 IF test evaluated as false.  Skipping command
  
 CHARMM>     
  
 CHARMM>    write title unit 51
 RDTITL> * 27  1620.36453
 RDTITL> *
  
 CHARMM>     
  
 CHARMM>    incr a by @dcel
 Parameter: DCEL -> "0.2"
 Parameter: A <- "27"
  
 CHARMM>    incr b by @dcel
 Parameter: DCEL -> "0.2"
 Parameter: B <- "27.2"
  
 CHARMM>    if b le ?ZMAX goto DOAREA
 RDCMND substituted energy or value "?ZMAX" to "33.3514749"
 Comparing "27.2" and "33.3514749".
 IF test evaluated as true.  Performing command
  
 CHARMM>     
  
 CHARMM>    ! Cross sectional protein area with whole atom.
 CHARMM>    scalar wmain = radius
  
 CHARMM>    scalar wmain mult 2.5   sele resname TIP3 end
 SELRPN>      0 atoms have been selected out of  15156
  
 CHARMM>    scalar wmain add  1.529 sele .not. resname TIP3 end
 SELRPN>  15156 atoms have been selected out of  15156
  
 CHARMM>    scalar wmain mult 0.85  sele .not. resname TIP3 end
 SELRPN>  15156 atoms have been selected out of  15156
  
 CHARMM>    calc zab = ( @a + @b ) / 2.0
 Parameter: A -> "27"
 Parameter: B -> "27.2"
Evaluating: (27+27.2)/2.0
 Parameter: ZAB <- "27.1"
  
 CHARMM>     
  
 CHARMM>    coor search -
 CHARMM>         xmin @x1  xmax @x2  xgrip @xncel -
 CHARMM>         ymin @y1  ymax @y2  ygrip @yncel -
 CHARMM>         zmin @a   zmax @b   zgrip 5
 Parameter: X1 -> "-43.6244258"
 Parameter: X2 -> "43.6252187"
 Parameter: XNCEL -> "436"
 Parameter: Y1 -> "-43.6309926"
 Parameter: Y2 -> "43.6230242"
 Parameter: YNCEL -> "436"
 Parameter: A -> "27"
 Parameter: B -> "27.2"

 A TOTAL OF   751106   VACUUM POINTS WERE FOUND
 A TOTAL OF   199374 OCCUPIED POINTS WERE FOUND
 A TOTAL OF        0 EXTERNAL POINTS WERE FOUND
 A TOTAL OF   751106 SELECTED POINTS WERE FOUND
 TOTAL OCCUPIED  VOLUME =     319.377730
 TOTAL SELECTED  VOLUME =    1203.198659
 TOTAL FREE      VOLUME =    1203.198659
 FRACTIONAL FREE VOLUME =      79.023862
  
 CHARMM>     
  
 CHARMM>    calc c = ?volume * @factor
 Parameter: FACTOR -> "5"
 RDCMND substituted energy or value "?VOLUME" to "319.37773"
Evaluating: 319.37773*5
 Parameter: C <- "1596.88865"
  
 CHARMM>     
  
 CHARMM>    if a .lt. -10 if a .gt. -20 if c .gt. @botarea set botarea = @c
 Parameter: BOTAREA -> "3928.19358"
 Parameter: C -> "1596.88865"
 Comparing "27" and "-10".
 IF test evaluated as false.  Skipping command
  
 CHARMM>    if a .gt.  10 if a .lt.  20 if c .gt. @toparea set toparea = @c
 Parameter: TOPAREA -> "4141.3107"
 Parameter: C -> "1596.88865"
 Comparing "27" and "10".
 IF test evaluated as true.  Performing command
 Comparing "27" and "20".
 IF test evaluated as false.  Skipping command
  
 CHARMM>     
  
 CHARMM>    write title unit 51
 RDTITL> * 27.2  1596.88865
 RDTITL> *
  
 CHARMM>     
  
 CHARMM>    incr a by @dcel
 Parameter: DCEL -> "0.2"
 Parameter: A <- "27.2"
  
 CHARMM>    incr b by @dcel
 Parameter: DCEL -> "0.2"
 Parameter: B <- "27.4"
  
 CHARMM>    if b le ?ZMAX goto DOAREA
 RDCMND substituted energy or value "?ZMAX" to "33.3514749"
 Comparing "27.4" and "33.3514749".
 IF test evaluated as true.  Performing command
  
 CHARMM>     
  
 CHARMM>    ! Cross sectional protein area with whole atom.
 CHARMM>    scalar wmain = radius
  
 CHARMM>    scalar wmain mult 2.5   sele resname TIP3 end
 SELRPN>      0 atoms have been selected out of  15156
  
 CHARMM>    scalar wmain add  1.529 sele .not. resname TIP3 end
 SELRPN>  15156 atoms have been selected out of  15156
  
 CHARMM>    scalar wmain mult 0.85  sele .not. resname TIP3 end
 SELRPN>  15156 atoms have been selected out of  15156
  
 CHARMM>    calc zab = ( @a + @b ) / 2.0
 Parameter: A -> "27.2"
 Parameter: B -> "27.4"
Evaluating: (27.2+27.4)/2.0
 Parameter: ZAB <- "27.3"
  
 CHARMM>     
  
 CHARMM>    coor search -
 CHARMM>         xmin @x1  xmax @x2  xgrip @xncel -
 CHARMM>         ymin @y1  ymax @y2  ygrip @yncel -
 CHARMM>         zmin @a   zmax @b   zgrip 5
 Parameter: X1 -> "-43.6244258"
 Parameter: X2 -> "43.6252187"
 Parameter: XNCEL -> "436"
 Parameter: Y1 -> "-43.6309926"
 Parameter: Y2 -> "43.6230242"
 Parameter: YNCEL -> "436"
 Parameter: A -> "27.2"
 Parameter: B -> "27.4"

 A TOTAL OF   754189   VACUUM POINTS WERE FOUND
 A TOTAL OF   196291 OCCUPIED POINTS WERE FOUND
 A TOTAL OF        0 EXTERNAL POINTS WERE FOUND
 A TOTAL OF   754189 SELECTED POINTS WERE FOUND
 TOTAL OCCUPIED  VOLUME =     314.439065
 TOTAL SELECTED  VOLUME =    1208.137325
 TOTAL FREE      VOLUME =    1208.137325
 FRACTIONAL FREE VOLUME =      79.348224
  
 CHARMM>     
  
 CHARMM>    calc c = ?volume * @factor
 Parameter: FACTOR -> "5"
 RDCMND substituted energy or value "?VOLUME" to "314.439065"
Evaluating: 314.439065*5
 Parameter: C <- "1572.19533"
  
 CHARMM>     
  
 CHARMM>    if a .lt. -10 if a .gt. -20 if c .gt. @botarea set botarea = @c
 Parameter: BOTAREA -> "3928.19358"
 Parameter: C -> "1572.19533"
 Comparing "27.2" and "-10".
 IF test evaluated as false.  Skipping command
  
 CHARMM>    if a .gt.  10 if a .lt.  20 if c .gt. @toparea set toparea = @c
 Parameter: TOPAREA -> "4141.3107"
 Parameter: C -> "1572.19533"
 Comparing "27.2" and "10".
 IF test evaluated as true.  Performing command
 Comparing "27.2" and "20".
 IF test evaluated as false.  Skipping command
  
 CHARMM>     
  
 CHARMM>    write title unit 51
 RDTITL> * 27.4  1572.19533
 RDTITL> *
  
 CHARMM>     
  
 CHARMM>    incr a by @dcel
 Parameter: DCEL -> "0.2"
 Parameter: A <- "27.4"
  
 CHARMM>    incr b by @dcel
 Parameter: DCEL -> "0.2"
 Parameter: B <- "27.6"
  
 CHARMM>    if b le ?ZMAX goto DOAREA
 RDCMND substituted energy or value "?ZMAX" to "33.3514749"
 Comparing "27.6" and "33.3514749".
 IF test evaluated as true.  Performing command
  
 CHARMM>     
  
 CHARMM>    ! Cross sectional protein area with whole atom.
 CHARMM>    scalar wmain = radius
  
 CHARMM>    scalar wmain mult 2.5   sele resname TIP3 end
 SELRPN>      0 atoms have been selected out of  15156
  
 CHARMM>    scalar wmain add  1.529 sele .not. resname TIP3 end
 SELRPN>  15156 atoms have been selected out of  15156
  
 CHARMM>    scalar wmain mult 0.85  sele .not. resname TIP3 end
 SELRPN>  15156 atoms have been selected out of  15156
  
 CHARMM>    calc zab = ( @a + @b ) / 2.0
 Parameter: A -> "27.4"
 Parameter: B -> "27.6"
Evaluating: (27.4+27.6)/2.0
 Parameter: ZAB <- "27.5"
  
 CHARMM>     
  
 CHARMM>    coor search -
 CHARMM>         xmin @x1  xmax @x2  xgrip @xncel -
 CHARMM>         ymin @y1  ymax @y2  ygrip @yncel -
 CHARMM>         zmin @a   zmax @b   zgrip 5
 Parameter: X1 -> "-43.6244258"
 Parameter: X2 -> "43.6252187"
 Parameter: XNCEL -> "436"
 Parameter: Y1 -> "-43.6309926"
 Parameter: Y2 -> "43.6230242"
 Parameter: YNCEL -> "436"
 Parameter: A -> "27.4"
 Parameter: B -> "27.6"

 A TOTAL OF   757052   VACUUM POINTS WERE FOUND
 A TOTAL OF   193428 OCCUPIED POINTS WERE FOUND
 A TOTAL OF        0 EXTERNAL POINTS WERE FOUND
 A TOTAL OF   757052 SELECTED POINTS WERE FOUND
 TOTAL OCCUPIED  VOLUME =     309.852817
 TOTAL SELECTED  VOLUME =    1212.723572
 TOTAL FREE      VOLUME =    1212.723572
 FRACTIONAL FREE VOLUME =      79.649440
  
 CHARMM>     
  
 CHARMM>    calc c = ?volume * @factor
 Parameter: FACTOR -> "5"
 RDCMND substituted energy or value "?VOLUME" to "309.852817"
Evaluating: 309.852817*5
 Parameter: C <- "1549.26409"
  
 CHARMM>     
  
 CHARMM>    if a .lt. -10 if a .gt. -20 if c .gt. @botarea set botarea = @c
 Parameter: BOTAREA -> "3928.19358"
 Parameter: C -> "1549.26409"
 Comparing "27.4" and "-10".
 IF test evaluated as false.  Skipping command
  
 CHARMM>    if a .gt.  10 if a .lt.  20 if c .gt. @toparea set toparea = @c
 Parameter: TOPAREA -> "4141.3107"
 Parameter: C -> "1549.26409"
 Comparing "27.4" and "10".
 IF test evaluated as true.  Performing command
 Comparing "27.4" and "20".
 IF test evaluated as false.  Skipping command
  
 CHARMM>     
  
 CHARMM>    write title unit 51
 RDTITL> * 27.6  1549.26409
 RDTITL> *
  
 CHARMM>     
  
 CHARMM>    incr a by @dcel
 Parameter: DCEL -> "0.2"
 Parameter: A <- "27.6"
  
 CHARMM>    incr b by @dcel
 Parameter: DCEL -> "0.2"
 Parameter: B <- "27.8"
  
 CHARMM>    if b le ?ZMAX goto DOAREA
 RDCMND substituted energy or value "?ZMAX" to "33.3514749"
 Comparing "27.8" and "33.3514749".
 IF test evaluated as true.  Performing command
  
 CHARMM>     
  
 CHARMM>    ! Cross sectional protein area with whole atom.
 CHARMM>    scalar wmain = radius
  
 CHARMM>    scalar wmain mult 2.5   sele resname TIP3 end
 SELRPN>      0 atoms have been selected out of  15156
  
 CHARMM>    scalar wmain add  1.529 sele .not. resname TIP3 end
 SELRPN>  15156 atoms have been selected out of  15156
  
 CHARMM>    scalar wmain mult 0.85  sele .not. resname TIP3 end
 SELRPN>  15156 atoms have been selected out of  15156
  
 CHARMM>    calc zab = ( @a + @b ) / 2.0
 Parameter: A -> "27.6"
 Parameter: B -> "27.8"
Evaluating: (27.6+27.8)/2.0
 Parameter: ZAB <- "27.7"
  
 CHARMM>     
  
 CHARMM>    coor search -
 CHARMM>         xmin @x1  xmax @x2  xgrip @xncel -
 CHARMM>         ymin @y1  ymax @y2  ygrip @yncel -
 CHARMM>         zmin @a   zmax @b   zgrip 5
 Parameter: X1 -> "-43.6244258"
 Parameter: X2 -> "43.6252187"
 Parameter: XNCEL -> "436"
 Parameter: Y1 -> "-43.6309926"
 Parameter: Y2 -> "43.6230242"
 Parameter: YNCEL -> "436"
 Parameter: A -> "27.6"
 Parameter: B -> "27.8"

 A TOTAL OF   760968   VACUUM POINTS WERE FOUND
 A TOTAL OF   189512 OCCUPIED POINTS WERE FOUND
 A TOTAL OF        0 EXTERNAL POINTS WERE FOUND
 A TOTAL OF   760968 SELECTED POINTS WERE FOUND
 TOTAL OCCUPIED  VOLUME =     303.579767
 TOTAL SELECTED  VOLUME =    1218.996623
 TOTAL FREE      VOLUME =    1218.996623
 FRACTIONAL FREE VOLUME =      80.061443
  
 CHARMM>     
  
 CHARMM>    calc c = ?volume * @factor
 Parameter: FACTOR -> "5"
 RDCMND substituted energy or value "?VOLUME" to "303.579767"
Evaluating: 303.579767*5
 Parameter: C <- "1517.89883"
  
 CHARMM>     
  
 CHARMM>    if a .lt. -10 if a .gt. -20 if c .gt. @botarea set botarea = @c
 Parameter: BOTAREA -> "3928.19358"
 Parameter: C -> "1517.89883"
 Comparing "27.6" and "-10".
 IF test evaluated as false.  Skipping command
  
 CHARMM>    if a .gt.  10 if a .lt.  20 if c .gt. @toparea set toparea = @c
 Parameter: TOPAREA -> "4141.3107"
 Parameter: C -> "1517.89883"
 Comparing "27.6" and "10".
 IF test evaluated as true.  Performing command
 Comparing "27.6" and "20".
 IF test evaluated as false.  Skipping command
  
 CHARMM>     
  
 CHARMM>    write title unit 51
 RDTITL> * 27.8  1517.89883
 RDTITL> *
  
 CHARMM>     
  
 CHARMM>    incr a by @dcel
 Parameter: DCEL -> "0.2"
 Parameter: A <- "27.8"
  
 CHARMM>    incr b by @dcel
 Parameter: DCEL -> "0.2"
 Parameter: B <- "28"
  
 CHARMM>    if b le ?ZMAX goto DOAREA
 RDCMND substituted energy or value "?ZMAX" to "33.3514749"
 Comparing "28" and "33.3514749".
 IF test evaluated as true.  Performing command
  
 CHARMM>     
  
 CHARMM>    ! Cross sectional protein area with whole atom.
 CHARMM>    scalar wmain = radius
  
 CHARMM>    scalar wmain mult 2.5   sele resname TIP3 end
 SELRPN>      0 atoms have been selected out of  15156
  
 CHARMM>    scalar wmain add  1.529 sele .not. resname TIP3 end
 SELRPN>  15156 atoms have been selected out of  15156
  
 CHARMM>    scalar wmain mult 0.85  sele .not. resname TIP3 end
 SELRPN>  15156 atoms have been selected out of  15156
  
 CHARMM>    calc zab = ( @a + @b ) / 2.0
 Parameter: A -> "27.8"
 Parameter: B -> "28"
Evaluating: (27.8+28)/2.0
 Parameter: ZAB <- "27.9"
  
 CHARMM>     
  
 CHARMM>    coor search -
 CHARMM>         xmin @x1  xmax @x2  xgrip @xncel -
 CHARMM>         ymin @y1  ymax @y2  ygrip @yncel -
 CHARMM>         zmin @a   zmax @b   zgrip 5
 Parameter: X1 -> "-43.6244258"
 Parameter: X2 -> "43.6252187"
 Parameter: XNCEL -> "436"
 Parameter: Y1 -> "-43.6309926"
 Parameter: Y2 -> "43.6230242"
 Parameter: YNCEL -> "436"
 Parameter: A -> "27.8"
 Parameter: B -> "28"

 A TOTAL OF   765680   VACUUM POINTS WERE FOUND
 A TOTAL OF   184800 OCCUPIED POINTS WERE FOUND
 A TOTAL OF        0 EXTERNAL POINTS WERE FOUND
 A TOTAL OF   765680 SELECTED POINTS WERE FOUND
 TOTAL OCCUPIED  VOLUME =     296.031602
 TOTAL SELECTED  VOLUME =    1226.544788
 TOTAL FREE      VOLUME =    1226.544788
 FRACTIONAL FREE VOLUME =      80.557192
  
 CHARMM>     
  
 CHARMM>    calc c = ?volume * @factor
 Parameter: FACTOR -> "5"
 RDCMND substituted energy or value "?VOLUME" to "296.031602"
Evaluating: 296.031602*5
 Parameter: C <- "1480.15801"
  
 CHARMM>     
  
 CHARMM>    if a .lt. -10 if a .gt. -20 if c .gt. @botarea set botarea = @c
 Parameter: BOTAREA -> "3928.19358"
 Parameter: C -> "1480.15801"
 Comparing "27.8" and "-10".
 IF test evaluated as false.  Skipping command
  
 CHARMM>    if a .gt.  10 if a .lt.  20 if c .gt. @toparea set toparea = @c
 Parameter: TOPAREA -> "4141.3107"
 Parameter: C -> "1480.15801"
 Comparing "27.8" and "10".
 IF test evaluated as true.  Performing command
 Comparing "27.8" and "20".
 IF test evaluated as false.  Skipping command
  
 CHARMM>     
  
 CHARMM>    write title unit 51
 RDTITL> * 28  1480.15801
 RDTITL> *
  
 CHARMM>     
  
 CHARMM>    incr a by @dcel
 Parameter: DCEL -> "0.2"
 Parameter: A <- "28"
  
 CHARMM>    incr b by @dcel
 Parameter: DCEL -> "0.2"
 Parameter: B <- "28.2"
  
 CHARMM>    if b le ?ZMAX goto DOAREA
 RDCMND substituted energy or value "?ZMAX" to "33.3514749"
 Comparing "28.2" and "33.3514749".
 IF test evaluated as true.  Performing command
  
 CHARMM>     
  
 CHARMM>    ! Cross sectional protein area with whole atom.
 CHARMM>    scalar wmain = radius
  
 CHARMM>    scalar wmain mult 2.5   sele resname TIP3 end
 SELRPN>      0 atoms have been selected out of  15156
  
 CHARMM>    scalar wmain add  1.529 sele .not. resname TIP3 end
 SELRPN>  15156 atoms have been selected out of  15156
  
 CHARMM>    scalar wmain mult 0.85  sele .not. resname TIP3 end
 SELRPN>  15156 atoms have been selected out of  15156
  
 CHARMM>    calc zab = ( @a + @b ) / 2.0
 Parameter: A -> "28"
 Parameter: B -> "28.2"
Evaluating: (28+28.2)/2.0
 Parameter: ZAB <- "28.1"
  
 CHARMM>     
  
 CHARMM>    coor search -
 CHARMM>         xmin @x1  xmax @x2  xgrip @xncel -
 CHARMM>         ymin @y1  ymax @y2  ygrip @yncel -
 CHARMM>         zmin @a   zmax @b   zgrip 5
 Parameter: X1 -> "-43.6244258"
 Parameter: X2 -> "43.6252187"
 Parameter: XNCEL -> "436"
 Parameter: Y1 -> "-43.6309926"
 Parameter: Y2 -> "43.6230242"
 Parameter: YNCEL -> "436"
 Parameter: A -> "28"
 Parameter: B -> "28.2"

 A TOTAL OF   771027   VACUUM POINTS WERE FOUND
 A TOTAL OF   179453 OCCUPIED POINTS WERE FOUND
 A TOTAL OF        0 EXTERNAL POINTS WERE FOUND
 A TOTAL OF   771027 SELECTED POINTS WERE FOUND
 TOTAL OCCUPIED  VOLUME =     287.466228
 TOTAL SELECTED  VOLUME =    1235.110161
 TOTAL FREE      VOLUME =    1235.110161
 FRACTIONAL FREE VOLUME =      81.119750
  
 CHARMM>     
  
 CHARMM>    calc c = ?volume * @factor
 Parameter: FACTOR -> "5"
 RDCMND substituted energy or value "?VOLUME" to "287.466228"
Evaluating: 287.466228*5
 Parameter: C <- "1437.33114"
  
 CHARMM>     
  
 CHARMM>    if a .lt. -10 if a .gt. -20 if c .gt. @botarea set botarea = @c
 Parameter: BOTAREA -> "3928.19358"
 Parameter: C -> "1437.33114"
 Comparing "28" and "-10".
 IF test evaluated as false.  Skipping command
  
 CHARMM>    if a .gt.  10 if a .lt.  20 if c .gt. @toparea set toparea = @c
 Parameter: TOPAREA -> "4141.3107"
 Parameter: C -> "1437.33114"
 Comparing "28" and "10".
 IF test evaluated as true.  Performing command
 Comparing "28" and "20".
 IF test evaluated as false.  Skipping command
  
 CHARMM>     
  
 CHARMM>    write title unit 51
 RDTITL> * 28.2  1437.33114
 RDTITL> *
  
 CHARMM>     
  
 CHARMM>    incr a by @dcel
 Parameter: DCEL -> "0.2"
 Parameter: A <- "28.2"
  
 CHARMM>    incr b by @dcel
 Parameter: DCEL -> "0.2"
 Parameter: B <- "28.4"
  
 CHARMM>    if b le ?ZMAX goto DOAREA
 RDCMND substituted energy or value "?ZMAX" to "33.3514749"
 Comparing "28.4" and "33.3514749".
 IF test evaluated as true.  Performing command
  
 CHARMM>     
  
 CHARMM>    ! Cross sectional protein area with whole atom.
 CHARMM>    scalar wmain = radius
  
 CHARMM>    scalar wmain mult 2.5   sele resname TIP3 end
 SELRPN>      0 atoms have been selected out of  15156
  
 CHARMM>    scalar wmain add  1.529 sele .not. resname TIP3 end
 SELRPN>  15156 atoms have been selected out of  15156
  
 CHARMM>    scalar wmain mult 0.85  sele .not. resname TIP3 end
 SELRPN>  15156 atoms have been selected out of  15156
  
 CHARMM>    calc zab = ( @a + @b ) / 2.0
 Parameter: A -> "28.2"
 Parameter: B -> "28.4"
Evaluating: (28.2+28.4)/2.0
 Parameter: ZAB <- "28.3"
  
 CHARMM>     
  
 CHARMM>    coor search -
 CHARMM>         xmin @x1  xmax @x2  xgrip @xncel -
 CHARMM>         ymin @y1  ymax @y2  ygrip @yncel -
 CHARMM>         zmin @a   zmax @b   zgrip 5
 Parameter: X1 -> "-43.6244258"
 Parameter: X2 -> "43.6252187"
 Parameter: XNCEL -> "436"
 Parameter: Y1 -> "-43.6309926"
 Parameter: Y2 -> "43.6230242"
 Parameter: YNCEL -> "436"
 Parameter: A -> "28.2"
 Parameter: B -> "28.4"

 A TOTAL OF   775888   VACUUM POINTS WERE FOUND
 A TOTAL OF   174592 OCCUPIED POINTS WERE FOUND
 A TOTAL OF        0 EXTERNAL POINTS WERE FOUND
 A TOTAL OF   775888 SELECTED POINTS WERE FOUND
 TOTAL OCCUPIED  VOLUME =     279.679380
 TOTAL SELECTED  VOLUME =    1242.897010
 TOTAL FREE      VOLUME =    1242.897010
 FRACTIONAL FREE VOLUME =      81.631176
  
 CHARMM>     
  
 CHARMM>    calc c = ?volume * @factor
 Parameter: FACTOR -> "5"
 RDCMND substituted energy or value "?VOLUME" to "279.67938"
Evaluating: 279.67938*5
 Parameter: C <- "1398.3969"
  
 CHARMM>     
  
 CHARMM>    if a .lt. -10 if a .gt. -20 if c .gt. @botarea set botarea = @c
 Parameter: BOTAREA -> "3928.19358"
 Parameter: C -> "1398.3969"
 Comparing "28.2" and "-10".
 IF test evaluated as false.  Skipping command
  
 CHARMM>    if a .gt.  10 if a .lt.  20 if c .gt. @toparea set toparea = @c
 Parameter: TOPAREA -> "4141.3107"
 Parameter: C -> "1398.3969"
 Comparing "28.2" and "10".
 IF test evaluated as true.  Performing command
 Comparing "28.2" and "20".
 IF test evaluated as false.  Skipping command
  
 CHARMM>     
  
 CHARMM>    write title unit 51
 RDTITL> * 28.4  1398.3969
 RDTITL> *
  
 CHARMM>     
  
 CHARMM>    incr a by @dcel
 Parameter: DCEL -> "0.2"
 Parameter: A <- "28.4"
  
 CHARMM>    incr b by @dcel
 Parameter: DCEL -> "0.2"
 Parameter: B <- "28.6"
  
 CHARMM>    if b le ?ZMAX goto DOAREA
 RDCMND substituted energy or value "?ZMAX" to "33.3514749"
 Comparing "28.6" and "33.3514749".
 IF test evaluated as true.  Performing command
  
 CHARMM>     
  
 CHARMM>    ! Cross sectional protein area with whole atom.
 CHARMM>    scalar wmain = radius
  
 CHARMM>    scalar wmain mult 2.5   sele resname TIP3 end
 SELRPN>      0 atoms have been selected out of  15156
  
 CHARMM>    scalar wmain add  1.529 sele .not. resname TIP3 end
 SELRPN>  15156 atoms have been selected out of  15156
  
 CHARMM>    scalar wmain mult 0.85  sele .not. resname TIP3 end
 SELRPN>  15156 atoms have been selected out of  15156
  
 CHARMM>    calc zab = ( @a + @b ) / 2.0
 Parameter: A -> "28.4"
 Parameter: B -> "28.6"
Evaluating: (28.4+28.6)/2.0
 Parameter: ZAB <- "28.5"
  
 CHARMM>     
  
 CHARMM>    coor search -
 CHARMM>         xmin @x1  xmax @x2  xgrip @xncel -
 CHARMM>         ymin @y1  ymax @y2  ygrip @yncel -
 CHARMM>         zmin @a   zmax @b   zgrip 5
 Parameter: X1 -> "-43.6244258"
 Parameter: X2 -> "43.6252187"
 Parameter: XNCEL -> "436"
 Parameter: Y1 -> "-43.6309926"
 Parameter: Y2 -> "43.6230242"
 Parameter: YNCEL -> "436"
 Parameter: A -> "28.4"
 Parameter: B -> "28.6"

 A TOTAL OF   779275   VACUUM POINTS WERE FOUND
 A TOTAL OF   171205 OCCUPIED POINTS WERE FOUND
 A TOTAL OF        0 EXTERNAL POINTS WERE FOUND
 A TOTAL OF   779275 SELECTED POINTS WERE FOUND
 TOTAL OCCUPIED  VOLUME =     274.253736
 TOTAL SELECTED  VOLUME =    1248.322654
 TOTAL FREE      VOLUME =    1248.322654
 FRACTIONAL FREE VOLUME =      81.987522
  
 CHARMM>     
  
 CHARMM>    calc c = ?volume * @factor
 Parameter: FACTOR -> "5"
 RDCMND substituted energy or value "?VOLUME" to "274.253736"
Evaluating: 274.253736*5
 Parameter: C <- "1371.26868"
  
 CHARMM>     
  
 CHARMM>    if a .lt. -10 if a .gt. -20 if c .gt. @botarea set botarea = @c
 Parameter: BOTAREA -> "3928.19358"
 Parameter: C -> "1371.26868"
 Comparing "28.4" and "-10".
 IF test evaluated as false.  Skipping command
  
 CHARMM>    if a .gt.  10 if a .lt.  20 if c .gt. @toparea set toparea = @c
 Parameter: TOPAREA -> "4141.3107"
 Parameter: C -> "1371.26868"
 Comparing "28.4" and "10".
 IF test evaluated as true.  Performing command
 Comparing "28.4" and "20".
 IF test evaluated as false.  Skipping command
  
 CHARMM>     
  
 CHARMM>    write title unit 51
 RDTITL> * 28.6  1371.26868
 RDTITL> *
  
 CHARMM>     
  
 CHARMM>    incr a by @dcel
 Parameter: DCEL -> "0.2"
 Parameter: A <- "28.6"
  
 CHARMM>    incr b by @dcel
 Parameter: DCEL -> "0.2"
 Parameter: B <- "28.8"
  
 CHARMM>    if b le ?ZMAX goto DOAREA
 RDCMND substituted energy or value "?ZMAX" to "33.3514749"
 Comparing "28.8" and "33.3514749".
 IF test evaluated as true.  Performing command
  
 CHARMM>     
  
 CHARMM>    ! Cross sectional protein area with whole atom.
 CHARMM>    scalar wmain = radius
  
 CHARMM>    scalar wmain mult 2.5   sele resname TIP3 end
 SELRPN>      0 atoms have been selected out of  15156
  
 CHARMM>    scalar wmain add  1.529 sele .not. resname TIP3 end
 SELRPN>  15156 atoms have been selected out of  15156
  
 CHARMM>    scalar wmain mult 0.85  sele .not. resname TIP3 end
 SELRPN>  15156 atoms have been selected out of  15156
  
 CHARMM>    calc zab = ( @a + @b ) / 2.0
 Parameter: A -> "28.6"
 Parameter: B -> "28.8"
Evaluating: (28.6+28.8)/2.0
 Parameter: ZAB <- "28.7"
  
 CHARMM>     
  
 CHARMM>    coor search -
 CHARMM>         xmin @x1  xmax @x2  xgrip @xncel -
 CHARMM>         ymin @y1  ymax @y2  ygrip @yncel -
 CHARMM>         zmin @a   zmax @b   zgrip 5
 Parameter: X1 -> "-43.6244258"
 Parameter: X2 -> "43.6252187"
 Parameter: XNCEL -> "436"
 Parameter: Y1 -> "-43.6309926"
 Parameter: Y2 -> "43.6230242"
 Parameter: YNCEL -> "436"
 Parameter: A -> "28.6"
 Parameter: B -> "28.8"

 A TOTAL OF   782565   VACUUM POINTS WERE FOUND
 A TOTAL OF   167915 OCCUPIED POINTS WERE FOUND
 A TOTAL OF        0 EXTERNAL POINTS WERE FOUND
 A TOTAL OF   782565 SELECTED POINTS WERE FOUND
 TOTAL OCCUPIED  VOLUME =     268.983476
 TOTAL SELECTED  VOLUME =    1253.592913
 TOTAL FREE      VOLUME =    1253.592913
 FRACTIONAL FREE VOLUME =      82.333663
  
 CHARMM>     
  
 CHARMM>    calc c = ?volume * @factor
 Parameter: FACTOR -> "5"
 RDCMND substituted energy or value "?VOLUME" to "268.983476"
Evaluating: 268.983476*5
 Parameter: C <- "1344.91738"
  
 CHARMM>     
  
 CHARMM>    if a .lt. -10 if a .gt. -20 if c .gt. @botarea set botarea = @c
 Parameter: BOTAREA -> "3928.19358"
 Parameter: C -> "1344.91738"
 Comparing "28.6" and "-10".
 IF test evaluated as false.  Skipping command
  
 CHARMM>    if a .gt.  10 if a .lt.  20 if c .gt. @toparea set toparea = @c
 Parameter: TOPAREA -> "4141.3107"
 Parameter: C -> "1344.91738"
 Comparing "28.6" and "10".
 IF test evaluated as true.  Performing command
 Comparing "28.6" and "20".
 IF test evaluated as false.  Skipping command
  
 CHARMM>     
  
 CHARMM>    write title unit 51
 RDTITL> * 28.8  1344.91738
 RDTITL> *
  
 CHARMM>     
  
 CHARMM>    incr a by @dcel
 Parameter: DCEL -> "0.2"
 Parameter: A <- "28.8"
  
 CHARMM>    incr b by @dcel
 Parameter: DCEL -> "0.2"
 Parameter: B <- "29"
  
 CHARMM>    if b le ?ZMAX goto DOAREA
 RDCMND substituted energy or value "?ZMAX" to "33.3514749"
 Comparing "29" and "33.3514749".
 IF test evaluated as true.  Performing command
  
 CHARMM>     
  
 CHARMM>    ! Cross sectional protein area with whole atom.
 CHARMM>    scalar wmain = radius
  
 CHARMM>    scalar wmain mult 2.5   sele resname TIP3 end
 SELRPN>      0 atoms have been selected out of  15156
  
 CHARMM>    scalar wmain add  1.529 sele .not. resname TIP3 end
 SELRPN>  15156 atoms have been selected out of  15156
  
 CHARMM>    scalar wmain mult 0.85  sele .not. resname TIP3 end
 SELRPN>  15156 atoms have been selected out of  15156
  
 CHARMM>    calc zab = ( @a + @b ) / 2.0
 Parameter: A -> "28.8"
 Parameter: B -> "29"
Evaluating: (28.8+29)/2.0
 Parameter: ZAB <- "28.9"
  
 CHARMM>     
  
 CHARMM>    coor search -
 CHARMM>         xmin @x1  xmax @x2  xgrip @xncel -
 CHARMM>         ymin @y1  ymax @y2  ygrip @yncel -
 CHARMM>         zmin @a   zmax @b   zgrip 5
 Parameter: X1 -> "-43.6244258"
 Parameter: X2 -> "43.6252187"
 Parameter: XNCEL -> "436"
 Parameter: Y1 -> "-43.6309926"
 Parameter: Y2 -> "43.6230242"
 Parameter: YNCEL -> "436"
 Parameter: A -> "28.8"
 Parameter: B -> "29"

 A TOTAL OF   786783   VACUUM POINTS WERE FOUND
 A TOTAL OF   163697 OCCUPIED POINTS WERE FOUND
 A TOTAL OF        0 EXTERNAL POINTS WERE FOUND
 A TOTAL OF   786783 SELECTED POINTS WERE FOUND
 TOTAL OCCUPIED  VOLUME =     262.226651
 TOTAL SELECTED  VOLUME =    1260.349738
 TOTAL FREE      VOLUME =    1260.349738
 FRACTIONAL FREE VOLUME =      82.777439
  
 CHARMM>     
  
 CHARMM>    calc c = ?volume * @factor
 Parameter: FACTOR -> "5"
 RDCMND substituted energy or value "?VOLUME" to "262.226651"
Evaluating: 262.226651*5
 Parameter: C <- "1311.13325"
  
 CHARMM>     
  
 CHARMM>    if a .lt. -10 if a .gt. -20 if c .gt. @botarea set botarea = @c
 Parameter: BOTAREA -> "3928.19358"
 Parameter: C -> "1311.13325"
 Comparing "28.8" and "-10".
 IF test evaluated as false.  Skipping command
  
 CHARMM>    if a .gt.  10 if a .lt.  20 if c .gt. @toparea set toparea = @c
 Parameter: TOPAREA -> "4141.3107"
 Parameter: C -> "1311.13325"
 Comparing "28.8" and "10".
 IF test evaluated as true.  Performing command
 Comparing "28.8" and "20".
 IF test evaluated as false.  Skipping command
  
 CHARMM>     
  
 CHARMM>    write title unit 51
 RDTITL> * 29  1311.13325
 RDTITL> *
  
 CHARMM>     
  
 CHARMM>    incr a by @dcel
 Parameter: DCEL -> "0.2"
 Parameter: A <- "29"
  
 CHARMM>    incr b by @dcel
 Parameter: DCEL -> "0.2"
 Parameter: B <- "29.2"
  
 CHARMM>    if b le ?ZMAX goto DOAREA
 RDCMND substituted energy or value "?ZMAX" to "33.3514749"
 Comparing "29.2" and "33.3514749".
 IF test evaluated as true.  Performing command
  
 CHARMM>     
  
 CHARMM>    ! Cross sectional protein area with whole atom.
 CHARMM>    scalar wmain = radius
  
 CHARMM>    scalar wmain mult 2.5   sele resname TIP3 end
 SELRPN>      0 atoms have been selected out of  15156
  
 CHARMM>    scalar wmain add  1.529 sele .not. resname TIP3 end
 SELRPN>  15156 atoms have been selected out of  15156
  
 CHARMM>    scalar wmain mult 0.85  sele .not. resname TIP3 end
 SELRPN>  15156 atoms have been selected out of  15156
  
 CHARMM>    calc zab = ( @a + @b ) / 2.0
 Parameter: A -> "29"
 Parameter: B -> "29.2"
Evaluating: (29+29.2)/2.0
 Parameter: ZAB <- "29.1"
  
 CHARMM>     
  
 CHARMM>    coor search -
 CHARMM>         xmin @x1  xmax @x2  xgrip @xncel -
 CHARMM>         ymin @y1  ymax @y2  ygrip @yncel -
 CHARMM>         zmin @a   zmax @b   zgrip 5
 Parameter: X1 -> "-43.6244258"
 Parameter: X2 -> "43.6252187"
 Parameter: XNCEL -> "436"
 Parameter: Y1 -> "-43.6309926"
 Parameter: Y2 -> "43.6230242"
 Parameter: YNCEL -> "436"
 Parameter: A -> "29"
 Parameter: B -> "29.2"

 A TOTAL OF   791880   VACUUM POINTS WERE FOUND
 A TOTAL OF   158600 OCCUPIED POINTS WERE FOUND
 A TOTAL OF        0 EXTERNAL POINTS WERE FOUND
 A TOTAL OF   791880 SELECTED POINTS WERE FOUND
 TOTAL OCCUPIED  VOLUME =     254.061753
 TOTAL SELECTED  VOLUME =    1268.514636
 TOTAL FREE      VOLUME =    1268.514636
 FRACTIONAL FREE VOLUME =      83.313694
  
 CHARMM>     
  
 CHARMM>    calc c = ?volume * @factor
 Parameter: FACTOR -> "5"
 RDCMND substituted energy or value "?VOLUME" to "254.061753"
Evaluating: 254.061753*5
 Parameter: C <- "1270.30876"
  
 CHARMM>     
  
 CHARMM>    if a .lt. -10 if a .gt. -20 if c .gt. @botarea set botarea = @c
 Parameter: BOTAREA -> "3928.19358"
 Parameter: C -> "1270.30876"
 Comparing "29" and "-10".
 IF test evaluated as false.  Skipping command
  
 CHARMM>    if a .gt.  10 if a .lt.  20 if c .gt. @toparea set toparea = @c
 Parameter: TOPAREA -> "4141.3107"
 Parameter: C -> "1270.30876"
 Comparing "29" and "10".
 IF test evaluated as true.  Performing command
 Comparing "29" and "20".
 IF test evaluated as false.  Skipping command
  
 CHARMM>     
  
 CHARMM>    write title unit 51
 RDTITL> * 29.2  1270.30876
 RDTITL> *
  
 CHARMM>     
  
 CHARMM>    incr a by @dcel
 Parameter: DCEL -> "0.2"
 Parameter: A <- "29.2"
  
 CHARMM>    incr b by @dcel
 Parameter: DCEL -> "0.2"
 Parameter: B <- "29.4"
  
 CHARMM>    if b le ?ZMAX goto DOAREA
 RDCMND substituted energy or value "?ZMAX" to "33.3514749"
 Comparing "29.4" and "33.3514749".
 IF test evaluated as true.  Performing command
  
 CHARMM>     
  
 CHARMM>    ! Cross sectional protein area with whole atom.
 CHARMM>    scalar wmain = radius
  
 CHARMM>    scalar wmain mult 2.5   sele resname TIP3 end
 SELRPN>      0 atoms have been selected out of  15156
  
 CHARMM>    scalar wmain add  1.529 sele .not. resname TIP3 end
 SELRPN>  15156 atoms have been selected out of  15156
  
 CHARMM>    scalar wmain mult 0.85  sele .not. resname TIP3 end
 SELRPN>  15156 atoms have been selected out of  15156
  
 CHARMM>    calc zab = ( @a + @b ) / 2.0
 Parameter: A -> "29.2"
 Parameter: B -> "29.4"
Evaluating: (29.2+29.4)/2.0
 Parameter: ZAB <- "29.3"
  
 CHARMM>     
  
 CHARMM>    coor search -
 CHARMM>         xmin @x1  xmax @x2  xgrip @xncel -
 CHARMM>         ymin @y1  ymax @y2  ygrip @yncel -
 CHARMM>         zmin @a   zmax @b   zgrip 5
 Parameter: X1 -> "-43.6244258"
 Parameter: X2 -> "43.6252187"
 Parameter: XNCEL -> "436"
 Parameter: Y1 -> "-43.6309926"
 Parameter: Y2 -> "43.6230242"
 Parameter: YNCEL -> "436"
 Parameter: A -> "29.2"
 Parameter: B -> "29.4"

 A TOTAL OF   797527   VACUUM POINTS WERE FOUND
 A TOTAL OF   152953 OCCUPIED POINTS WERE FOUND
 A TOTAL OF        0 EXTERNAL POINTS WERE FOUND
 A TOTAL OF   797527 SELECTED POINTS WERE FOUND
 TOTAL OCCUPIED  VOLUME =     245.015809
 TOTAL SELECTED  VOLUME =    1277.560580
 TOTAL FREE      VOLUME =    1277.560580
 FRACTIONAL FREE VOLUME =      83.907815
  
 CHARMM>     
  
 CHARMM>    calc c = ?volume * @factor
 Parameter: FACTOR -> "5"
 RDCMND substituted energy or value "?VOLUME" to "245.015809"
Evaluating: 245.015809*5
 Parameter: C <- "1225.07904"
  
 CHARMM>     
  
 CHARMM>    if a .lt. -10 if a .gt. -20 if c .gt. @botarea set botarea = @c
 Parameter: BOTAREA -> "3928.19358"
 Parameter: C -> "1225.07904"
 Comparing "29.2" and "-10".
 IF test evaluated as false.  Skipping command
  
 CHARMM>    if a .gt.  10 if a .lt.  20 if c .gt. @toparea set toparea = @c
 Parameter: TOPAREA -> "4141.3107"
 Parameter: C -> "1225.07904"
 Comparing "29.2" and "10".
 IF test evaluated as true.  Performing command
 Comparing "29.2" and "20".
 IF test evaluated as false.  Skipping command
  
 CHARMM>     
  
 CHARMM>    write title unit 51
 RDTITL> * 29.4  1225.07904
 RDTITL> *
  
 CHARMM>     
  
 CHARMM>    incr a by @dcel
 Parameter: DCEL -> "0.2"
 Parameter: A <- "29.4"
  
 CHARMM>    incr b by @dcel
 Parameter: DCEL -> "0.2"
 Parameter: B <- "29.6"
  
 CHARMM>    if b le ?ZMAX goto DOAREA
 RDCMND substituted energy or value "?ZMAX" to "33.3514749"
 Comparing "29.6" and "33.3514749".
 IF test evaluated as true.  Performing command
  
 CHARMM>     
  
 CHARMM>    ! Cross sectional protein area with whole atom.
 CHARMM>    scalar wmain = radius
  
 CHARMM>    scalar wmain mult 2.5   sele resname TIP3 end
 SELRPN>      0 atoms have been selected out of  15156
  
 CHARMM>    scalar wmain add  1.529 sele .not. resname TIP3 end
 SELRPN>  15156 atoms have been selected out of  15156
  
 CHARMM>    scalar wmain mult 0.85  sele .not. resname TIP3 end
 SELRPN>  15156 atoms have been selected out of  15156
  
 CHARMM>    calc zab = ( @a + @b ) / 2.0
 Parameter: A -> "29.4"
 Parameter: B -> "29.6"
Evaluating: (29.4+29.6)/2.0
 Parameter: ZAB <- "29.5"
  
 CHARMM>     
  
 CHARMM>    coor search -
 CHARMM>         xmin @x1  xmax @x2  xgrip @xncel -
 CHARMM>         ymin @y1  ymax @y2  ygrip @yncel -
 CHARMM>         zmin @a   zmax @b   zgrip 5
 Parameter: X1 -> "-43.6244258"
 Parameter: X2 -> "43.6252187"
 Parameter: XNCEL -> "436"
 Parameter: Y1 -> "-43.6309926"
 Parameter: Y2 -> "43.6230242"
 Parameter: YNCEL -> "436"
 Parameter: A -> "29.4"
 Parameter: B -> "29.6"

 A TOTAL OF   802542   VACUUM POINTS WERE FOUND
 A TOTAL OF   147938 OCCUPIED POINTS WERE FOUND
 A TOTAL OF        0 EXTERNAL POINTS WERE FOUND
 A TOTAL OF   802542 SELECTED POINTS WERE FOUND
 TOTAL OCCUPIED  VOLUME =     236.982268
 TOTAL SELECTED  VOLUME =    1285.594122
 TOTAL FREE      VOLUME =    1285.594122
 FRACTIONAL FREE VOLUME =      84.435443
  
 CHARMM>     
  
 CHARMM>    calc c = ?volume * @factor
 Parameter: FACTOR -> "5"
 RDCMND substituted energy or value "?VOLUME" to "236.982268"
Evaluating: 236.982268*5
 Parameter: C <- "1184.91134"
  
 CHARMM>     
  
 CHARMM>    if a .lt. -10 if a .gt. -20 if c .gt. @botarea set botarea = @c
 Parameter: BOTAREA -> "3928.19358"
 Parameter: C -> "1184.91134"
 Comparing "29.4" and "-10".
 IF test evaluated as false.  Skipping command
  
 CHARMM>    if a .gt.  10 if a .lt.  20 if c .gt. @toparea set toparea = @c
 Parameter: TOPAREA -> "4141.3107"
 Parameter: C -> "1184.91134"
 Comparing "29.4" and "10".
 IF test evaluated as true.  Performing command
 Comparing "29.4" and "20".
 IF test evaluated as false.  Skipping command
  
 CHARMM>     
  
 CHARMM>    write title unit 51
 RDTITL> * 29.6  1184.91134
 RDTITL> *
  
 CHARMM>     
  
 CHARMM>    incr a by @dcel
 Parameter: DCEL -> "0.2"
 Parameter: A <- "29.6"
  
 CHARMM>    incr b by @dcel
 Parameter: DCEL -> "0.2"
 Parameter: B <- "29.8"
  
 CHARMM>    if b le ?ZMAX goto DOAREA
 RDCMND substituted energy or value "?ZMAX" to "33.3514749"
 Comparing "29.8" and "33.3514749".
 IF test evaluated as true.  Performing command
  
 CHARMM>     
  
 CHARMM>    ! Cross sectional protein area with whole atom.
 CHARMM>    scalar wmain = radius
  
 CHARMM>    scalar wmain mult 2.5   sele resname TIP3 end
 SELRPN>      0 atoms have been selected out of  15156
  
 CHARMM>    scalar wmain add  1.529 sele .not. resname TIP3 end
 SELRPN>  15156 atoms have been selected out of  15156
  
 CHARMM>    scalar wmain mult 0.85  sele .not. resname TIP3 end
 SELRPN>  15156 atoms have been selected out of  15156
  
 CHARMM>    calc zab = ( @a + @b ) / 2.0
 Parameter: A -> "29.6"
 Parameter: B -> "29.8"
Evaluating: (29.6+29.8)/2.0
 Parameter: ZAB <- "29.7"
  
 CHARMM>     
  
 CHARMM>    coor search -
 CHARMM>         xmin @x1  xmax @x2  xgrip @xncel -
 CHARMM>         ymin @y1  ymax @y2  ygrip @yncel -
 CHARMM>         zmin @a   zmax @b   zgrip 5
 Parameter: X1 -> "-43.6244258"
 Parameter: X2 -> "43.6252187"
 Parameter: XNCEL -> "436"
 Parameter: Y1 -> "-43.6309926"
 Parameter: Y2 -> "43.6230242"
 Parameter: YNCEL -> "436"
 Parameter: A -> "29.6"
 Parameter: B -> "29.8"

 A TOTAL OF   807433   VACUUM POINTS WERE FOUND
 A TOTAL OF   143047 OCCUPIED POINTS WERE FOUND
 A TOTAL OF        0 EXTERNAL POINTS WERE FOUND
 A TOTAL OF   807433 SELECTED POINTS WERE FOUND
 TOTAL OCCUPIED  VOLUME =     229.147362
 TOTAL SELECTED  VOLUME =    1293.429027
 TOTAL FREE      VOLUME =    1293.429027
 FRACTIONAL FREE VOLUME =      84.950025
  
 CHARMM>     
  
 CHARMM>    calc c = ?volume * @factor
 Parameter: FACTOR -> "5"
 RDCMND substituted energy or value "?VOLUME" to "229.147362"
Evaluating: 229.147362*5
 Parameter: C <- "1145.73681"
  
 CHARMM>     
  
 CHARMM>    if a .lt. -10 if a .gt. -20 if c .gt. @botarea set botarea = @c
 Parameter: BOTAREA -> "3928.19358"
 Parameter: C -> "1145.73681"
 Comparing "29.6" and "-10".
 IF test evaluated as false.  Skipping command
  
 CHARMM>    if a .gt.  10 if a .lt.  20 if c .gt. @toparea set toparea = @c
 Parameter: TOPAREA -> "4141.3107"
 Parameter: C -> "1145.73681"
 Comparing "29.6" and "10".
 IF test evaluated as true.  Performing command
 Comparing "29.6" and "20".
 IF test evaluated as false.  Skipping command
  
 CHARMM>     
  
 CHARMM>    write title unit 51
 RDTITL> * 29.8  1145.73681
 RDTITL> *
  
 CHARMM>     
  
 CHARMM>    incr a by @dcel
 Parameter: DCEL -> "0.2"
 Parameter: A <- "29.8"
  
 CHARMM>    incr b by @dcel
 Parameter: DCEL -> "0.2"
 Parameter: B <- "30"
  
 CHARMM>    if b le ?ZMAX goto DOAREA
 RDCMND substituted energy or value "?ZMAX" to "33.3514749"
 Comparing "30" and "33.3514749".
 IF test evaluated as true.  Performing command
  
 CHARMM>     
  
 CHARMM>    ! Cross sectional protein area with whole atom.
 CHARMM>    scalar wmain = radius
  
 CHARMM>    scalar wmain mult 2.5   sele resname TIP3 end
 SELRPN>      0 atoms have been selected out of  15156
  
 CHARMM>    scalar wmain add  1.529 sele .not. resname TIP3 end
 SELRPN>  15156 atoms have been selected out of  15156
  
 CHARMM>    scalar wmain mult 0.85  sele .not. resname TIP3 end
 SELRPN>  15156 atoms have been selected out of  15156
  
 CHARMM>    calc zab = ( @a + @b ) / 2.0
 Parameter: A -> "29.8"
 Parameter: B -> "30"
Evaluating: (29.8+30)/2.0
 Parameter: ZAB <- "29.9"
  
 CHARMM>     
  
 CHARMM>    coor search -
 CHARMM>         xmin @x1  xmax @x2  xgrip @xncel -
 CHARMM>         ymin @y1  ymax @y2  ygrip @yncel -
 CHARMM>         zmin @a   zmax @b   zgrip 5
 Parameter: X1 -> "-43.6244258"
 Parameter: X2 -> "43.6252187"
 Parameter: XNCEL -> "436"
 Parameter: Y1 -> "-43.6309926"
 Parameter: Y2 -> "43.6230242"
 Parameter: YNCEL -> "436"
 Parameter: A -> "29.8"
 Parameter: B -> "30"

 A TOTAL OF   811975   VACUUM POINTS WERE FOUND
 A TOTAL OF   138505 OCCUPIED POINTS WERE FOUND
 A TOTAL OF        0 EXTERNAL POINTS WERE FOUND
 A TOTAL OF   811975 SELECTED POINTS WERE FOUND
 TOTAL OCCUPIED  VOLUME =     221.871521
 TOTAL SELECTED  VOLUME =    1300.704869
 TOTAL FREE      VOLUME =    1300.704869
 FRACTIONAL FREE VOLUME =      85.427889
  
 CHARMM>     
  
 CHARMM>    calc c = ?volume * @factor
 Parameter: FACTOR -> "5"
 RDCMND substituted energy or value "?VOLUME" to "221.871521"
Evaluating: 221.871521*5
 Parameter: C <- "1109.3576"
  
 CHARMM>     
  
 CHARMM>    if a .lt. -10 if a .gt. -20 if c .gt. @botarea set botarea = @c
 Parameter: BOTAREA -> "3928.19358"
 Parameter: C -> "1109.3576"
 Comparing "29.8" and "-10".
 IF test evaluated as false.  Skipping command
  
 CHARMM>    if a .gt.  10 if a .lt.  20 if c .gt. @toparea set toparea = @c
 Parameter: TOPAREA -> "4141.3107"
 Parameter: C -> "1109.3576"
 Comparing "29.8" and "10".
 IF test evaluated as true.  Performing command
 Comparing "29.8" and "20".
 IF test evaluated as false.  Skipping command
  
 CHARMM>     
  
 CHARMM>    write title unit 51
 RDTITL> * 30  1109.3576
 RDTITL> *
  
 CHARMM>     
  
 CHARMM>    incr a by @dcel
 Parameter: DCEL -> "0.2"
 Parameter: A <- "30"
  
 CHARMM>    incr b by @dcel
 Parameter: DCEL -> "0.2"
 Parameter: B <- "30.2"
  
 CHARMM>    if b le ?ZMAX goto DOAREA
 RDCMND substituted energy or value "?ZMAX" to "33.3514749"
 Comparing "30.2" and "33.3514749".
 IF test evaluated as true.  Performing command
  
 CHARMM>     
  
 CHARMM>    ! Cross sectional protein area with whole atom.
 CHARMM>    scalar wmain = radius
  
 CHARMM>    scalar wmain mult 2.5   sele resname TIP3 end
 SELRPN>      0 atoms have been selected out of  15156
  
 CHARMM>    scalar wmain add  1.529 sele .not. resname TIP3 end
 SELRPN>  15156 atoms have been selected out of  15156
  
 CHARMM>    scalar wmain mult 0.85  sele .not. resname TIP3 end
 SELRPN>  15156 atoms have been selected out of  15156
  
 CHARMM>    calc zab = ( @a + @b ) / 2.0
 Parameter: A -> "30"
 Parameter: B -> "30.2"
Evaluating: (30+30.2)/2.0
 Parameter: ZAB <- "30.1"
  
 CHARMM>     
  
 CHARMM>    coor search -
 CHARMM>         xmin @x1  xmax @x2  xgrip @xncel -
 CHARMM>         ymin @y1  ymax @y2  ygrip @yncel -
 CHARMM>         zmin @a   zmax @b   zgrip 5
 Parameter: X1 -> "-43.6244258"
 Parameter: X2 -> "43.6252187"
 Parameter: XNCEL -> "436"
 Parameter: Y1 -> "-43.6309926"
 Parameter: Y2 -> "43.6230242"
 Parameter: YNCEL -> "436"
 Parameter: A -> "30"
 Parameter: B -> "30.2"

 A TOTAL OF   816048   VACUUM POINTS WERE FOUND
 A TOTAL OF   134432 OCCUPIED POINTS WERE FOUND
 A TOTAL OF        0 EXTERNAL POINTS WERE FOUND
 A TOTAL OF   816048 SELECTED POINTS WERE FOUND
 TOTAL OCCUPIED  VOLUME =     215.346971
 TOTAL SELECTED  VOLUME =    1307.229418
 TOTAL FREE      VOLUME =    1307.229418
 FRACTIONAL FREE VOLUME =      85.856409
  
 CHARMM>     
  
 CHARMM>    calc c = ?volume * @factor
 Parameter: FACTOR -> "5"
 RDCMND substituted energy or value "?VOLUME" to "215.346971"
Evaluating: 215.346971*5
 Parameter: C <- "1076.73485"
  
 CHARMM>     
  
 CHARMM>    if a .lt. -10 if a .gt. -20 if c .gt. @botarea set botarea = @c
 Parameter: BOTAREA -> "3928.19358"
 Parameter: C -> "1076.73485"
 Comparing "30" and "-10".
 IF test evaluated as false.  Skipping command
  
 CHARMM>    if a .gt.  10 if a .lt.  20 if c .gt. @toparea set toparea = @c
 Parameter: TOPAREA -> "4141.3107"
 Parameter: C -> "1076.73485"
 Comparing "30" and "10".
 IF test evaluated as true.  Performing command
 Comparing "30" and "20".
 IF test evaluated as false.  Skipping command
  
 CHARMM>     
  
 CHARMM>    write title unit 51
 RDTITL> * 30.2  1076.73485
 RDTITL> *
  
 CHARMM>     
  
 CHARMM>    incr a by @dcel
 Parameter: DCEL -> "0.2"
 Parameter: A <- "30.2"
  
 CHARMM>    incr b by @dcel
 Parameter: DCEL -> "0.2"
 Parameter: B <- "30.4"
  
 CHARMM>    if b le ?ZMAX goto DOAREA
 RDCMND substituted energy or value "?ZMAX" to "33.3514749"
 Comparing "30.4" and "33.3514749".
 IF test evaluated as true.  Performing command
  
 CHARMM>     
  
 CHARMM>    ! Cross sectional protein area with whole atom.
 CHARMM>    scalar wmain = radius
  
 CHARMM>    scalar wmain mult 2.5   sele resname TIP3 end
 SELRPN>      0 atoms have been selected out of  15156
  
 CHARMM>    scalar wmain add  1.529 sele .not. resname TIP3 end
 SELRPN>  15156 atoms have been selected out of  15156
  
 CHARMM>    scalar wmain mult 0.85  sele .not. resname TIP3 end
 SELRPN>  15156 atoms have been selected out of  15156
  
 CHARMM>    calc zab = ( @a + @b ) / 2.0
 Parameter: A -> "30.2"
 Parameter: B -> "30.4"
Evaluating: (30.2+30.4)/2.0
 Parameter: ZAB <- "30.3"
  
 CHARMM>     
  
 CHARMM>    coor search -
 CHARMM>         xmin @x1  xmax @x2  xgrip @xncel -
 CHARMM>         ymin @y1  ymax @y2  ygrip @yncel -
 CHARMM>         zmin @a   zmax @b   zgrip 5
 Parameter: X1 -> "-43.6244258"
 Parameter: X2 -> "43.6252187"
 Parameter: XNCEL -> "436"
 Parameter: Y1 -> "-43.6309926"
 Parameter: Y2 -> "43.6230242"
 Parameter: YNCEL -> "436"
 Parameter: A -> "30.2"
 Parameter: B -> "30.4"

 A TOTAL OF   820229   VACUUM POINTS WERE FOUND
 A TOTAL OF   130251 OCCUPIED POINTS WERE FOUND
 A TOTAL OF        0 EXTERNAL POINTS WERE FOUND
 A TOTAL OF   820229 SELECTED POINTS WERE FOUND
 TOTAL OCCUPIED  VOLUME =     208.649416
 TOTAL SELECTED  VOLUME =    1313.926973
 TOTAL FREE      VOLUME =    1313.926973
 FRACTIONAL FREE VOLUME =      86.296292
  
 CHARMM>     
  
 CHARMM>    calc c = ?volume * @factor
 Parameter: FACTOR -> "5"
 RDCMND substituted energy or value "?VOLUME" to "208.649416"
Evaluating: 208.649416*5
 Parameter: C <- "1043.24708"
  
 CHARMM>     
  
 CHARMM>    if a .lt. -10 if a .gt. -20 if c .gt. @botarea set botarea = @c
 Parameter: BOTAREA -> "3928.19358"
 Parameter: C -> "1043.24708"
 Comparing "30.2" and "-10".
 IF test evaluated as false.  Skipping command
  
 CHARMM>    if a .gt.  10 if a .lt.  20 if c .gt. @toparea set toparea = @c
 Parameter: TOPAREA -> "4141.3107"
 Parameter: C -> "1043.24708"
 Comparing "30.2" and "10".
 IF test evaluated as true.  Performing command
 Comparing "30.2" and "20".
 IF test evaluated as false.  Skipping command
  
 CHARMM>     
  
 CHARMM>    write title unit 51
 RDTITL> * 30.4  1043.24708
 RDTITL> *
  
 CHARMM>     
  
 CHARMM>    incr a by @dcel
 Parameter: DCEL -> "0.2"
 Parameter: A <- "30.4"
  
 CHARMM>    incr b by @dcel
 Parameter: DCEL -> "0.2"
 Parameter: B <- "30.6"
  
 CHARMM>    if b le ?ZMAX goto DOAREA
 RDCMND substituted energy or value "?ZMAX" to "33.3514749"
 Comparing "30.6" and "33.3514749".
 IF test evaluated as true.  Performing command
  
 CHARMM>     
  
 CHARMM>    ! Cross sectional protein area with whole atom.
 CHARMM>    scalar wmain = radius
  
 CHARMM>    scalar wmain mult 2.5   sele resname TIP3 end
 SELRPN>      0 atoms have been selected out of  15156
  
 CHARMM>    scalar wmain add  1.529 sele .not. resname TIP3 end
 SELRPN>  15156 atoms have been selected out of  15156
  
 CHARMM>    scalar wmain mult 0.85  sele .not. resname TIP3 end
 SELRPN>  15156 atoms have been selected out of  15156
  
 CHARMM>    calc zab = ( @a + @b ) / 2.0
 Parameter: A -> "30.4"
 Parameter: B -> "30.6"
Evaluating: (30.4+30.6)/2.0
 Parameter: ZAB <- "30.5"
  
 CHARMM>     
  
 CHARMM>    coor search -
 CHARMM>         xmin @x1  xmax @x2  xgrip @xncel -
 CHARMM>         ymin @y1  ymax @y2  ygrip @yncel -
 CHARMM>         zmin @a   zmax @b   zgrip 5
 Parameter: X1 -> "-43.6244258"
 Parameter: X2 -> "43.6252187"
 Parameter: XNCEL -> "436"
 Parameter: Y1 -> "-43.6309926"
 Parameter: Y2 -> "43.6230242"
 Parameter: YNCEL -> "436"
 Parameter: A -> "30.4"
 Parameter: B -> "30.6"

 A TOTAL OF   825848   VACUUM POINTS WERE FOUND
 A TOTAL OF   124632 OCCUPIED POINTS WERE FOUND
 A TOTAL OF        0 EXTERNAL POINTS WERE FOUND
 A TOTAL OF   825848 SELECTED POINTS WERE FOUND
 TOTAL OCCUPIED  VOLUME =     199.648326
 TOTAL SELECTED  VOLUME =    1322.928064
 TOTAL FREE      VOLUME =    1322.928064
 FRACTIONAL FREE VOLUME =      86.887467
  
 CHARMM>     
  
 CHARMM>    calc c = ?volume * @factor
 Parameter: FACTOR -> "5"
 RDCMND substituted energy or value "?VOLUME" to "199.648326"
Evaluating: 199.648326*5
 Parameter: C <- "998.24163"
  
 CHARMM>     
  
 CHARMM>    if a .lt. -10 if a .gt. -20 if c .gt. @botarea set botarea = @c
 Parameter: BOTAREA -> "3928.19358"
 Parameter: C -> "998.24163"
 Comparing "30.4" and "-10".
 IF test evaluated as false.  Skipping command
  
 CHARMM>    if a .gt.  10 if a .lt.  20 if c .gt. @toparea set toparea = @c
 Parameter: TOPAREA -> "4141.3107"
 Parameter: C -> "998.24163"
 Comparing "30.4" and "10".
 IF test evaluated as true.  Performing command
 Comparing "30.4" and "20".
 IF test evaluated as false.  Skipping command
  
 CHARMM>     
  
 CHARMM>    write title unit 51
 RDTITL> * 30.6  998.24163
 RDTITL> *
  
 CHARMM>     
  
 CHARMM>    incr a by @dcel
 Parameter: DCEL -> "0.2"
 Parameter: A <- "30.6"
  
 CHARMM>    incr b by @dcel
 Parameter: DCEL -> "0.2"
 Parameter: B <- "30.8"
  
 CHARMM>    if b le ?ZMAX goto DOAREA
 RDCMND substituted energy or value "?ZMAX" to "33.3514749"
 Comparing "30.8" and "33.3514749".
 IF test evaluated as true.  Performing command
  
 CHARMM>     
  
 CHARMM>    ! Cross sectional protein area with whole atom.
 CHARMM>    scalar wmain = radius
  
 CHARMM>    scalar wmain mult 2.5   sele resname TIP3 end
 SELRPN>      0 atoms have been selected out of  15156
  
 CHARMM>    scalar wmain add  1.529 sele .not. resname TIP3 end
 SELRPN>  15156 atoms have been selected out of  15156
  
 CHARMM>    scalar wmain mult 0.85  sele .not. resname TIP3 end
 SELRPN>  15156 atoms have been selected out of  15156
  
 CHARMM>    calc zab = ( @a + @b ) / 2.0
 Parameter: A -> "30.6"
 Parameter: B -> "30.8"
Evaluating: (30.6+30.8)/2.0
 Parameter: ZAB <- "30.7"
  
 CHARMM>     
  
 CHARMM>    coor search -
 CHARMM>         xmin @x1  xmax @x2  xgrip @xncel -
 CHARMM>         ymin @y1  ymax @y2  ygrip @yncel -
 CHARMM>         zmin @a   zmax @b   zgrip 5
 Parameter: X1 -> "-43.6244258"
 Parameter: X2 -> "43.6252187"
 Parameter: XNCEL -> "436"
 Parameter: Y1 -> "-43.6309926"
 Parameter: Y2 -> "43.6230242"
 Parameter: YNCEL -> "436"
 Parameter: A -> "30.6"
 Parameter: B -> "30.8"

 A TOTAL OF   832013   VACUUM POINTS WERE FOUND
 A TOTAL OF   118467 OCCUPIED POINTS WERE FOUND
 A TOTAL OF        0 EXTERNAL POINTS WERE FOUND
 A TOTAL OF   832013 SELECTED POINTS WERE FOUND
 TOTAL OCCUPIED  VOLUME =     189.772596
 TOTAL SELECTED  VOLUME =    1332.803793
 TOTAL FREE      VOLUME =    1332.803793
 FRACTIONAL FREE VOLUME =      87.536087
  
 CHARMM>     
  
 CHARMM>    calc c = ?volume * @factor
 Parameter: FACTOR -> "5"
 RDCMND substituted energy or value "?VOLUME" to "189.772596"
Evaluating: 189.772596*5
 Parameter: C <- "948.86298"
  
 CHARMM>     
  
 CHARMM>    if a .lt. -10 if a .gt. -20 if c .gt. @botarea set botarea = @c
 Parameter: BOTAREA -> "3928.19358"
 Parameter: C -> "948.86298"
 Comparing "30.6" and "-10".
 IF test evaluated as false.  Skipping command
  
 CHARMM>    if a .gt.  10 if a .lt.  20 if c .gt. @toparea set toparea = @c
 Parameter: TOPAREA -> "4141.3107"
 Parameter: C -> "948.86298"
 Comparing "30.6" and "10".
 IF test evaluated as true.  Performing command
 Comparing "30.6" and "20".
 IF test evaluated as false.  Skipping command
  
 CHARMM>     
  
 CHARMM>    write title unit 51
 RDTITL> * 30.8  948.86298
 RDTITL> *
  
 CHARMM>     
  
 CHARMM>    incr a by @dcel
 Parameter: DCEL -> "0.2"
 Parameter: A <- "30.8"
  
 CHARMM>    incr b by @dcel
 Parameter: DCEL -> "0.2"
 Parameter: B <- "31"
  
 CHARMM>    if b le ?ZMAX goto DOAREA
 RDCMND substituted energy or value "?ZMAX" to "33.3514749"
 Comparing "31" and "33.3514749".
 IF test evaluated as true.  Performing command
  
 CHARMM>     
  
 CHARMM>    ! Cross sectional protein area with whole atom.
 CHARMM>    scalar wmain = radius
  
 CHARMM>    scalar wmain mult 2.5   sele resname TIP3 end
 SELRPN>      0 atoms have been selected out of  15156
  
 CHARMM>    scalar wmain add  1.529 sele .not. resname TIP3 end
 SELRPN>  15156 atoms have been selected out of  15156
  
 CHARMM>    scalar wmain mult 0.85  sele .not. resname TIP3 end
 SELRPN>  15156 atoms have been selected out of  15156
  
 CHARMM>    calc zab = ( @a + @b ) / 2.0
 Parameter: A -> "30.8"
 Parameter: B -> "31"
Evaluating: (30.8+31)/2.0
 Parameter: ZAB <- "30.9"
  
 CHARMM>     
  
 CHARMM>    coor search -
 CHARMM>         xmin @x1  xmax @x2  xgrip @xncel -
 CHARMM>         ymin @y1  ymax @y2  ygrip @yncel -
 CHARMM>         zmin @a   zmax @b   zgrip 5
 Parameter: X1 -> "-43.6244258"
 Parameter: X2 -> "43.6252187"
 Parameter: XNCEL -> "436"
 Parameter: Y1 -> "-43.6309926"
 Parameter: Y2 -> "43.6230242"
 Parameter: YNCEL -> "436"
 Parameter: A -> "30.8"
 Parameter: B -> "31"

 A TOTAL OF   839098   VACUUM POINTS WERE FOUND
 A TOTAL OF   111382 OCCUPIED POINTS WERE FOUND
 A TOTAL OF        0 EXTERNAL POINTS WERE FOUND
 A TOTAL OF   839098 SELECTED POINTS WERE FOUND
 TOTAL OCCUPIED  VOLUME =     178.423116
 TOTAL SELECTED  VOLUME =    1344.153273
 TOTAL FREE      VOLUME =    1344.153273
 FRACTIONAL FREE VOLUME =      88.281500
  
 CHARMM>     
  
 CHARMM>    calc c = ?volume * @factor
 Parameter: FACTOR -> "5"
 RDCMND substituted energy or value "?VOLUME" to "178.423116"
Evaluating: 178.423116*5
 Parameter: C <- "892.11558"
  
 CHARMM>     
  
 CHARMM>    if a .lt. -10 if a .gt. -20 if c .gt. @botarea set botarea = @c
 Parameter: BOTAREA -> "3928.19358"
 Parameter: C -> "892.11558"
 Comparing "30.8" and "-10".
 IF test evaluated as false.  Skipping command
  
 CHARMM>    if a .gt.  10 if a .lt.  20 if c .gt. @toparea set toparea = @c
 Parameter: TOPAREA -> "4141.3107"
 Parameter: C -> "892.11558"
 Comparing "30.8" and "10".
 IF test evaluated as true.  Performing command
 Comparing "30.8" and "20".
 IF test evaluated as false.  Skipping command
  
 CHARMM>     
  
 CHARMM>    write title unit 51
 RDTITL> * 31  892.11558
 RDTITL> *
  
 CHARMM>     
  
 CHARMM>    incr a by @dcel
 Parameter: DCEL -> "0.2"
 Parameter: A <- "31"
  
 CHARMM>    incr b by @dcel
 Parameter: DCEL -> "0.2"
 Parameter: B <- "31.2"
  
 CHARMM>    if b le ?ZMAX goto DOAREA
 RDCMND substituted energy or value "?ZMAX" to "33.3514749"
 Comparing "31.2" and "33.3514749".
 IF test evaluated as true.  Performing command
  
 CHARMM>     
  
 CHARMM>    ! Cross sectional protein area with whole atom.
 CHARMM>    scalar wmain = radius
  
 CHARMM>    scalar wmain mult 2.5   sele resname TIP3 end
 SELRPN>      0 atoms have been selected out of  15156
  
 CHARMM>    scalar wmain add  1.529 sele .not. resname TIP3 end
 SELRPN>  15156 atoms have been selected out of  15156
  
 CHARMM>    scalar wmain mult 0.85  sele .not. resname TIP3 end
 SELRPN>  15156 atoms have been selected out of  15156
  
 CHARMM>    calc zab = ( @a + @b ) / 2.0
 Parameter: A -> "31"
 Parameter: B -> "31.2"
Evaluating: (31+31.2)/2.0
 Parameter: ZAB <- "31.1"
  
 CHARMM>     
  
 CHARMM>    coor search -
 CHARMM>         xmin @x1  xmax @x2  xgrip @xncel -
 CHARMM>         ymin @y1  ymax @y2  ygrip @yncel -
 CHARMM>         zmin @a   zmax @b   zgrip 5
 Parameter: X1 -> "-43.6244258"
 Parameter: X2 -> "43.6252187"
 Parameter: XNCEL -> "436"
 Parameter: Y1 -> "-43.6309926"
 Parameter: Y2 -> "43.6230242"
 Parameter: YNCEL -> "436"
 Parameter: A -> "31"
 Parameter: B -> "31.2"

 A TOTAL OF   844446   VACUUM POINTS WERE FOUND
 A TOTAL OF   106034 OCCUPIED POINTS WERE FOUND
 A TOTAL OF        0 EXTERNAL POINTS WERE FOUND
 A TOTAL OF   844446 SELECTED POINTS WERE FOUND
 TOTAL OCCUPIED  VOLUME =     169.856141
 TOTAL SELECTED  VOLUME =    1352.720248
 TOTAL FREE      VOLUME =    1352.720248
 FRACTIONAL FREE VOLUME =      88.844163
  
 CHARMM>     
  
 CHARMM>    calc c = ?volume * @factor
 Parameter: FACTOR -> "5"
 RDCMND substituted energy or value "?VOLUME" to "169.856141"
Evaluating: 169.856141*5
 Parameter: C <- "849.280705"
  
 CHARMM>     
  
 CHARMM>    if a .lt. -10 if a .gt. -20 if c .gt. @botarea set botarea = @c
 Parameter: BOTAREA -> "3928.19358"
 Parameter: C -> "849.280705"
 Comparing "31" and "-10".
 IF test evaluated as false.  Skipping command
  
 CHARMM>    if a .gt.  10 if a .lt.  20 if c .gt. @toparea set toparea = @c
 Parameter: TOPAREA -> "4141.3107"
 Parameter: C -> "849.280705"
 Comparing "31" and "10".
 IF test evaluated as true.  Performing command
 Comparing "31" and "20".
 IF test evaluated as false.  Skipping command
  
 CHARMM>     
  
 CHARMM>    write title unit 51
 RDTITL> * 31.2  849.280705
 RDTITL> *
  
 CHARMM>     
  
 CHARMM>    incr a by @dcel
 Parameter: DCEL -> "0.2"
 Parameter: A <- "31.2"
  
 CHARMM>    incr b by @dcel
 Parameter: DCEL -> "0.2"
 Parameter: B <- "31.4"
  
 CHARMM>    if b le ?ZMAX goto DOAREA
 RDCMND substituted energy or value "?ZMAX" to "33.3514749"
 Comparing "31.4" and "33.3514749".
 IF test evaluated as true.  Performing command
  
 CHARMM>     
  
 CHARMM>    ! Cross sectional protein area with whole atom.
 CHARMM>    scalar wmain = radius
  
 CHARMM>    scalar wmain mult 2.5   sele resname TIP3 end
 SELRPN>      0 atoms have been selected out of  15156
  
 CHARMM>    scalar wmain add  1.529 sele .not. resname TIP3 end
 SELRPN>  15156 atoms have been selected out of  15156
  
 CHARMM>    scalar wmain mult 0.85  sele .not. resname TIP3 end
 SELRPN>  15156 atoms have been selected out of  15156
  
 CHARMM>    calc zab = ( @a + @b ) / 2.0
 Parameter: A -> "31.2"
 Parameter: B -> "31.4"
Evaluating: (31.2+31.4)/2.0
 Parameter: ZAB <- "31.3"
  
 CHARMM>     
  
 CHARMM>    coor search -
 CHARMM>         xmin @x1  xmax @x2  xgrip @xncel -
 CHARMM>         ymin @y1  ymax @y2  ygrip @yncel -
 CHARMM>         zmin @a   zmax @b   zgrip 5
 Parameter: X1 -> "-43.6244258"
 Parameter: X2 -> "43.6252187"
 Parameter: XNCEL -> "436"
 Parameter: Y1 -> "-43.6309926"
 Parameter: Y2 -> "43.6230242"
 Parameter: YNCEL -> "436"
 Parameter: A -> "31.2"
 Parameter: B -> "31.4"

 A TOTAL OF   849927   VACUUM POINTS WERE FOUND
 A TOTAL OF   100553 OCCUPIED POINTS WERE FOUND
 A TOTAL OF        0 EXTERNAL POINTS WERE FOUND
 A TOTAL OF   849927 SELECTED POINTS WERE FOUND
 TOTAL OCCUPIED  VOLUME =     161.076113
 TOTAL SELECTED  VOLUME =    1361.500277
 TOTAL FREE      VOLUME =    1361.500277
 FRACTIONAL FREE VOLUME =      89.420819
  
 CHARMM>     
  
 CHARMM>    calc c = ?volume * @factor
 Parameter: FACTOR -> "5"
 RDCMND substituted energy or value "?VOLUME" to "161.076113"
Evaluating: 161.076113*5
 Parameter: C <- "805.380565"
  
 CHARMM>     
  
 CHARMM>    if a .lt. -10 if a .gt. -20 if c .gt. @botarea set botarea = @c
 Parameter: BOTAREA -> "3928.19358"
 Parameter: C -> "805.380565"
 Comparing "31.2" and "-10".
 IF test evaluated as false.  Skipping command
  
 CHARMM>    if a .gt.  10 if a .lt.  20 if c .gt. @toparea set toparea = @c
 Parameter: TOPAREA -> "4141.3107"
 Parameter: C -> "805.380565"
 Comparing "31.2" and "10".
 IF test evaluated as true.  Performing command
 Comparing "31.2" and "20".
 IF test evaluated as false.  Skipping command
  
 CHARMM>     
  
 CHARMM>    write title unit 51
 RDTITL> * 31.4  805.380565
 RDTITL> *
  
 CHARMM>     
  
 CHARMM>    incr a by @dcel
 Parameter: DCEL -> "0.2"
 Parameter: A <- "31.4"
  
 CHARMM>    incr b by @dcel
 Parameter: DCEL -> "0.2"
 Parameter: B <- "31.6"
  
 CHARMM>    if b le ?ZMAX goto DOAREA
 RDCMND substituted energy or value "?ZMAX" to "33.3514749"
 Comparing "31.6" and "33.3514749".
 IF test evaluated as true.  Performing command
  
 CHARMM>     
  
 CHARMM>    ! Cross sectional protein area with whole atom.
 CHARMM>    scalar wmain = radius
  
 CHARMM>    scalar wmain mult 2.5   sele resname TIP3 end
 SELRPN>      0 atoms have been selected out of  15156
  
 CHARMM>    scalar wmain add  1.529 sele .not. resname TIP3 end
 SELRPN>  15156 atoms have been selected out of  15156
  
 CHARMM>    scalar wmain mult 0.85  sele .not. resname TIP3 end
 SELRPN>  15156 atoms have been selected out of  15156
  
 CHARMM>    calc zab = ( @a + @b ) / 2.0
 Parameter: A -> "31.4"
 Parameter: B -> "31.6"
Evaluating: (31.4+31.6)/2.0
 Parameter: ZAB <- "31.5"
  
 CHARMM>     
  
 CHARMM>    coor search -
 CHARMM>         xmin @x1  xmax @x2  xgrip @xncel -
 CHARMM>         ymin @y1  ymax @y2  ygrip @yncel -
 CHARMM>         zmin @a   zmax @b   zgrip 5
 Parameter: X1 -> "-43.6244258"
 Parameter: X2 -> "43.6252187"
 Parameter: XNCEL -> "436"
 Parameter: Y1 -> "-43.6309926"
 Parameter: Y2 -> "43.6230242"
 Parameter: YNCEL -> "436"
 Parameter: A -> "31.4"
 Parameter: B -> "31.6"

 A TOTAL OF   856465   VACUUM POINTS WERE FOUND
 A TOTAL OF    94015 OCCUPIED POINTS WERE FOUND
 A TOTAL OF        0 EXTERNAL POINTS WERE FOUND
 A TOTAL OF   856465 SELECTED POINTS WERE FOUND
 TOTAL OCCUPIED  VOLUME =     150.602874
 TOTAL SELECTED  VOLUME =    1371.973516
 TOTAL FREE      VOLUME =    1371.973516
 FRACTIONAL FREE VOLUME =      90.108682
  
 CHARMM>     
  
 CHARMM>    calc c = ?volume * @factor
 Parameter: FACTOR -> "5"
 RDCMND substituted energy or value "?VOLUME" to "150.602874"
Evaluating: 150.602874*5
 Parameter: C <- "753.01437"
  
 CHARMM>     
  
 CHARMM>    if a .lt. -10 if a .gt. -20 if c .gt. @botarea set botarea = @c
 Parameter: BOTAREA -> "3928.19358"
 Parameter: C -> "753.01437"
 Comparing "31.4" and "-10".
 IF test evaluated as false.  Skipping command
  
 CHARMM>    if a .gt.  10 if a .lt.  20 if c .gt. @toparea set toparea = @c
 Parameter: TOPAREA -> "4141.3107"
 Parameter: C -> "753.01437"
 Comparing "31.4" and "10".
 IF test evaluated as true.  Performing command
 Comparing "31.4" and "20".
 IF test evaluated as false.  Skipping command
  
 CHARMM>     
  
 CHARMM>    write title unit 51
 RDTITL> * 31.6  753.01437
 RDTITL> *
  
 CHARMM>     
  
 CHARMM>    incr a by @dcel
 Parameter: DCEL -> "0.2"
 Parameter: A <- "31.6"
  
 CHARMM>    incr b by @dcel
 Parameter: DCEL -> "0.2"
 Parameter: B <- "31.8"
  
 CHARMM>    if b le ?ZMAX goto DOAREA
 RDCMND substituted energy or value "?ZMAX" to "33.3514749"
 Comparing "31.8" and "33.3514749".
 IF test evaluated as true.  Performing command
  
 CHARMM>     
  
 CHARMM>    ! Cross sectional protein area with whole atom.
 CHARMM>    scalar wmain = radius
  
 CHARMM>    scalar wmain mult 2.5   sele resname TIP3 end
 SELRPN>      0 atoms have been selected out of  15156
  
 CHARMM>    scalar wmain add  1.529 sele .not. resname TIP3 end
 SELRPN>  15156 atoms have been selected out of  15156
  
 CHARMM>    scalar wmain mult 0.85  sele .not. resname TIP3 end
 SELRPN>  15156 atoms have been selected out of  15156
  
 CHARMM>    calc zab = ( @a + @b ) / 2.0
 Parameter: A -> "31.6"
 Parameter: B -> "31.8"
Evaluating: (31.6+31.8)/2.0
 Parameter: ZAB <- "31.7"
  
 CHARMM>     
  
 CHARMM>    coor search -
 CHARMM>         xmin @x1  xmax @x2  xgrip @xncel -
 CHARMM>         ymin @y1  ymax @y2  ygrip @yncel -
 CHARMM>         zmin @a   zmax @b   zgrip 5
 Parameter: X1 -> "-43.6244258"
 Parameter: X2 -> "43.6252187"
 Parameter: XNCEL -> "436"
 Parameter: Y1 -> "-43.6309926"
 Parameter: Y2 -> "43.6230242"
 Parameter: YNCEL -> "436"
 Parameter: A -> "31.6"
 Parameter: B -> "31.8"

 A TOTAL OF   863685   VACUUM POINTS WERE FOUND
 A TOTAL OF    86795 OCCUPIED POINTS WERE FOUND
 A TOTAL OF        0 EXTERNAL POINTS WERE FOUND
 A TOTAL OF   863685 SELECTED POINTS WERE FOUND
 TOTAL OCCUPIED  VOLUME =     139.037137
 TOTAL SELECTED  VOLUME =    1383.539253
 TOTAL FREE      VOLUME =    1383.539253
 FRACTIONAL FREE VOLUME =      90.868298
  
 CHARMM>     
  
 CHARMM>    calc c = ?volume * @factor
 Parameter: FACTOR -> "5"
 RDCMND substituted energy or value "?VOLUME" to "139.037137"
Evaluating: 139.037137*5
 Parameter: C <- "695.185685"
  
 CHARMM>     
  
 CHARMM>    if a .lt. -10 if a .gt. -20 if c .gt. @botarea set botarea = @c
 Parameter: BOTAREA -> "3928.19358"
 Parameter: C -> "695.185685"
 Comparing "31.6" and "-10".
 IF test evaluated as false.  Skipping command
  
 CHARMM>    if a .gt.  10 if a .lt.  20 if c .gt. @toparea set toparea = @c
 Parameter: TOPAREA -> "4141.3107"
 Parameter: C -> "695.185685"
 Comparing "31.6" and "10".
 IF test evaluated as true.  Performing command
 Comparing "31.6" and "20".
 IF test evaluated as false.  Skipping command
  
 CHARMM>     
  
 CHARMM>    write title unit 51
 RDTITL> * 31.8  695.185685
 RDTITL> *
  
 CHARMM>     
  
 CHARMM>    incr a by @dcel
 Parameter: DCEL -> "0.2"
 Parameter: A <- "31.8"
  
 CHARMM>    incr b by @dcel
 Parameter: DCEL -> "0.2"
 Parameter: B <- "32"
  
 CHARMM>    if b le ?ZMAX goto DOAREA
 RDCMND substituted energy or value "?ZMAX" to "33.3514749"
 Comparing "32" and "33.3514749".
 IF test evaluated as true.  Performing command
  
 CHARMM>     
  
 CHARMM>    ! Cross sectional protein area with whole atom.
 CHARMM>    scalar wmain = radius
  
 CHARMM>    scalar wmain mult 2.5   sele resname TIP3 end
 SELRPN>      0 atoms have been selected out of  15156
  
 CHARMM>    scalar wmain add  1.529 sele .not. resname TIP3 end
 SELRPN>  15156 atoms have been selected out of  15156
  
 CHARMM>    scalar wmain mult 0.85  sele .not. resname TIP3 end
 SELRPN>  15156 atoms have been selected out of  15156
  
 CHARMM>    calc zab = ( @a + @b ) / 2.0
 Parameter: A -> "31.8"
 Parameter: B -> "32"
Evaluating: (31.8+32)/2.0
 Parameter: ZAB <- "31.9"
  
 CHARMM>     
  
 CHARMM>    coor search -
 CHARMM>         xmin @x1  xmax @x2  xgrip @xncel -
 CHARMM>         ymin @y1  ymax @y2  ygrip @yncel -
 CHARMM>         zmin @a   zmax @b   zgrip 5
 Parameter: X1 -> "-43.6244258"
 Parameter: X2 -> "43.6252187"
 Parameter: XNCEL -> "436"
 Parameter: Y1 -> "-43.6309926"
 Parameter: Y2 -> "43.6230242"
 Parameter: YNCEL -> "436"
 Parameter: A -> "31.8"
 Parameter: B -> "32"

 A TOTAL OF   870287   VACUUM POINTS WERE FOUND
 A TOTAL OF    80193 OCCUPIED POINTS WERE FOUND
 A TOTAL OF        0 EXTERNAL POINTS WERE FOUND
 A TOTAL OF   870287 SELECTED POINTS WERE FOUND
 TOTAL OCCUPIED  VOLUME =     128.461376
 TOTAL SELECTED  VOLUME =    1394.115014
 TOTAL FREE      VOLUME =    1394.115014
 FRACTIONAL FREE VOLUME =      91.562895
  
 CHARMM>     
  
 CHARMM>    calc c = ?volume * @factor
 Parameter: FACTOR -> "5"
 RDCMND substituted energy or value "?VOLUME" to "128.461376"
Evaluating: 128.461376*5
 Parameter: C <- "642.30688"
  
 CHARMM>     
  
 CHARMM>    if a .lt. -10 if a .gt. -20 if c .gt. @botarea set botarea = @c
 Parameter: BOTAREA -> "3928.19358"
 Parameter: C -> "642.30688"
 Comparing "31.8" and "-10".
 IF test evaluated as false.  Skipping command
  
 CHARMM>    if a .gt.  10 if a .lt.  20 if c .gt. @toparea set toparea = @c
 Parameter: TOPAREA -> "4141.3107"
 Parameter: C -> "642.30688"
 Comparing "31.8" and "10".
 IF test evaluated as true.  Performing command
 Comparing "31.8" and "20".
 IF test evaluated as false.  Skipping command
  
 CHARMM>     
  
 CHARMM>    write title unit 51
 RDTITL> * 32  642.30688
 RDTITL> *
  
 CHARMM>     
  
 CHARMM>    incr a by @dcel
 Parameter: DCEL -> "0.2"
 Parameter: A <- "32"
  
 CHARMM>    incr b by @dcel
 Parameter: DCEL -> "0.2"
 Parameter: B <- "32.2"
  
 CHARMM>    if b le ?ZMAX goto DOAREA
 RDCMND substituted energy or value "?ZMAX" to "33.3514749"
 Comparing "32.2" and "33.3514749".
 IF test evaluated as true.  Performing command
  
 CHARMM>     
  
 CHARMM>    ! Cross sectional protein area with whole atom.
 CHARMM>    scalar wmain = radius
  
 CHARMM>    scalar wmain mult 2.5   sele resname TIP3 end
 SELRPN>      0 atoms have been selected out of  15156
  
 CHARMM>    scalar wmain add  1.529 sele .not. resname TIP3 end
 SELRPN>  15156 atoms have been selected out of  15156
  
 CHARMM>    scalar wmain mult 0.85  sele .not. resname TIP3 end
 SELRPN>  15156 atoms have been selected out of  15156
  
 CHARMM>    calc zab = ( @a + @b ) / 2.0
 Parameter: A -> "32"
 Parameter: B -> "32.2"
Evaluating: (32+32.2)/2.0
 Parameter: ZAB <- "32.1"
  
 CHARMM>     
  
 CHARMM>    coor search -
 CHARMM>         xmin @x1  xmax @x2  xgrip @xncel -
 CHARMM>         ymin @y1  ymax @y2  ygrip @yncel -
 CHARMM>         zmin @a   zmax @b   zgrip 5
 Parameter: X1 -> "-43.6244258"
 Parameter: X2 -> "43.6252187"
 Parameter: XNCEL -> "436"
 Parameter: Y1 -> "-43.6309926"
 Parameter: Y2 -> "43.6230242"
 Parameter: YNCEL -> "436"
 Parameter: A -> "32"
 Parameter: B -> "32.2"

 A TOTAL OF   876076   VACUUM POINTS WERE FOUND
 A TOTAL OF    74404 OCCUPIED POINTS WERE FOUND
 A TOTAL OF        0 EXTERNAL POINTS WERE FOUND
 A TOTAL OF   876076 SELECTED POINTS WERE FOUND
 TOTAL OCCUPIED  VOLUME =     119.187962
 TOTAL SELECTED  VOLUME =    1403.388428
 TOTAL FREE      VOLUME =    1403.388428
 FRACTIONAL FREE VOLUME =      92.171955
  
 CHARMM>     
  
 CHARMM>    calc c = ?volume * @factor
 Parameter: FACTOR -> "5"
 RDCMND substituted energy or value "?VOLUME" to "119.187962"
Evaluating: 119.187962*5
 Parameter: C <- "595.93981"
  
 CHARMM>     
  
 CHARMM>    if a .lt. -10 if a .gt. -20 if c .gt. @botarea set botarea = @c
 Parameter: BOTAREA -> "3928.19358"
 Parameter: C -> "595.93981"
 Comparing "32" and "-10".
 IF test evaluated as false.  Skipping command
  
 CHARMM>    if a .gt.  10 if a .lt.  20 if c .gt. @toparea set toparea = @c
 Parameter: TOPAREA -> "4141.3107"
 Parameter: C -> "595.93981"
 Comparing "32" and "10".
 IF test evaluated as true.  Performing command
 Comparing "32" and "20".
 IF test evaluated as false.  Skipping command
  
 CHARMM>     
  
 CHARMM>    write title unit 51
 RDTITL> * 32.2  595.93981
 RDTITL> *
  
 CHARMM>     
  
 CHARMM>    incr a by @dcel
 Parameter: DCEL -> "0.2"
 Parameter: A <- "32.2"
  
 CHARMM>    incr b by @dcel
 Parameter: DCEL -> "0.2"
 Parameter: B <- "32.4"
  
 CHARMM>    if b le ?ZMAX goto DOAREA
 RDCMND substituted energy or value "?ZMAX" to "33.3514749"
 Comparing "32.4" and "33.3514749".
 IF test evaluated as true.  Performing command
  
 CHARMM>     
  
 CHARMM>    ! Cross sectional protein area with whole atom.
 CHARMM>    scalar wmain = radius
  
 CHARMM>    scalar wmain mult 2.5   sele resname TIP3 end
 SELRPN>      0 atoms have been selected out of  15156
  
 CHARMM>    scalar wmain add  1.529 sele .not. resname TIP3 end
 SELRPN>  15156 atoms have been selected out of  15156
  
 CHARMM>    scalar wmain mult 0.85  sele .not. resname TIP3 end
 SELRPN>  15156 atoms have been selected out of  15156
  
 CHARMM>    calc zab = ( @a + @b ) / 2.0
 Parameter: A -> "32.2"
 Parameter: B -> "32.4"
Evaluating: (32.2+32.4)/2.0
 Parameter: ZAB <- "32.3"
  
 CHARMM>     
  
 CHARMM>    coor search -
 CHARMM>         xmin @x1  xmax @x2  xgrip @xncel -
 CHARMM>         ymin @y1  ymax @y2  ygrip @yncel -
 CHARMM>         zmin @a   zmax @b   zgrip 5
 Parameter: X1 -> "-43.6244258"
 Parameter: X2 -> "43.6252187"
 Parameter: XNCEL -> "436"
 Parameter: Y1 -> "-43.6309926"
 Parameter: Y2 -> "43.6230242"
 Parameter: YNCEL -> "436"
 Parameter: A -> "32.2"
 Parameter: B -> "32.4"

 A TOTAL OF   882517   VACUUM POINTS WERE FOUND
 A TOTAL OF    67963 OCCUPIED POINTS WERE FOUND
 A TOTAL OF        0 EXTERNAL POINTS WERE FOUND
 A TOTAL OF   882517 SELECTED POINTS WERE FOUND
 TOTAL OCCUPIED  VOLUME =     108.870107
 TOTAL SELECTED  VOLUME =    1413.706283
 TOTAL FREE      VOLUME =    1413.706283
 FRACTIONAL FREE VOLUME =      92.849613
  
 CHARMM>     
  
 CHARMM>    calc c = ?volume * @factor
 Parameter: FACTOR -> "5"
 RDCMND substituted energy or value "?VOLUME" to "108.870107"
Evaluating: 108.870107*5
 Parameter: C <- "544.350535"
  
 CHARMM>     
  
 CHARMM>    if a .lt. -10 if a .gt. -20 if c .gt. @botarea set botarea = @c
 Parameter: BOTAREA -> "3928.19358"
 Parameter: C -> "544.350535"
 Comparing "32.2" and "-10".
 IF test evaluated as false.  Skipping command
  
 CHARMM>    if a .gt.  10 if a .lt.  20 if c .gt. @toparea set toparea = @c
 Parameter: TOPAREA -> "4141.3107"
 Parameter: C -> "544.350535"
 Comparing "32.2" and "10".
 IF test evaluated as true.  Performing command
 Comparing "32.2" and "20".
 IF test evaluated as false.  Skipping command
  
 CHARMM>     
  
 CHARMM>    write title unit 51
 RDTITL> * 32.4  544.350535
 RDTITL> *
  
 CHARMM>     
  
 CHARMM>    incr a by @dcel
 Parameter: DCEL -> "0.2"
 Parameter: A <- "32.4"
  
 CHARMM>    incr b by @dcel
 Parameter: DCEL -> "0.2"
 Parameter: B <- "32.6"
  
 CHARMM>    if b le ?ZMAX goto DOAREA
 RDCMND substituted energy or value "?ZMAX" to "33.3514749"
 Comparing "32.6" and "33.3514749".
 IF test evaluated as true.  Performing command
  
 CHARMM>     
  
 CHARMM>    ! Cross sectional protein area with whole atom.
 CHARMM>    scalar wmain = radius
  
 CHARMM>    scalar wmain mult 2.5   sele resname TIP3 end
 SELRPN>      0 atoms have been selected out of  15156
  
 CHARMM>    scalar wmain add  1.529 sele .not. resname TIP3 end
 SELRPN>  15156 atoms have been selected out of  15156
  
 CHARMM>    scalar wmain mult 0.85  sele .not. resname TIP3 end
 SELRPN>  15156 atoms have been selected out of  15156
  
 CHARMM>    calc zab = ( @a + @b ) / 2.0
 Parameter: A -> "32.4"
 Parameter: B -> "32.6"
Evaluating: (32.4+32.6)/2.0
 Parameter: ZAB <- "32.5"
  
 CHARMM>     
  
 CHARMM>    coor search -
 CHARMM>         xmin @x1  xmax @x2  xgrip @xncel -
 CHARMM>         ymin @y1  ymax @y2  ygrip @yncel -
 CHARMM>         zmin @a   zmax @b   zgrip 5
 Parameter: X1 -> "-43.6244258"
 Parameter: X2 -> "43.6252187"
 Parameter: XNCEL -> "436"
 Parameter: Y1 -> "-43.6309926"
 Parameter: Y2 -> "43.6230242"
 Parameter: YNCEL -> "436"
 Parameter: A -> "32.4"
 Parameter: B -> "32.6"

 A TOTAL OF   888982   VACUUM POINTS WERE FOUND
 A TOTAL OF    61498 OCCUPIED POINTS WERE FOUND
 A TOTAL OF        0 EXTERNAL POINTS WERE FOUND
 A TOTAL OF   888982 SELECTED POINTS WERE FOUND
 TOTAL OCCUPIED  VOLUME =      98.513806
 TOTAL SELECTED  VOLUME =    1424.062583
 TOTAL FREE      VOLUME =    1424.062583
 FRACTIONAL FREE VOLUME =      93.529795
  
 CHARMM>     
  
 CHARMM>    calc c = ?volume * @factor
 Parameter: FACTOR -> "5"
 RDCMND substituted energy or value "?VOLUME" to "98.5138065"
Evaluating: 98.5138065*5
 Parameter: C <- "492.569032"
  
 CHARMM>     
  
 CHARMM>    if a .lt. -10 if a .gt. -20 if c .gt. @botarea set botarea = @c
 Parameter: BOTAREA -> "3928.19358"
 Parameter: C -> "492.569032"
 Comparing "32.4" and "-10".
 IF test evaluated as false.  Skipping command
  
 CHARMM>    if a .gt.  10 if a .lt.  20 if c .gt. @toparea set toparea = @c
 Parameter: TOPAREA -> "4141.3107"
 Parameter: C -> "492.569032"
 Comparing "32.4" and "10".
 IF test evaluated as true.  Performing command
 Comparing "32.4" and "20".
 IF test evaluated as false.  Skipping command
  
 CHARMM>     
  
 CHARMM>    write title unit 51
 RDTITL> * 32.6  492.569032
 RDTITL> *
  
 CHARMM>     
  
 CHARMM>    incr a by @dcel
 Parameter: DCEL -> "0.2"
 Parameter: A <- "32.6"
  
 CHARMM>    incr b by @dcel
 Parameter: DCEL -> "0.2"
 Parameter: B <- "32.8"
  
 CHARMM>    if b le ?ZMAX goto DOAREA
 RDCMND substituted energy or value "?ZMAX" to "33.3514749"
 Comparing "32.8" and "33.3514749".
 IF test evaluated as true.  Performing command
  
 CHARMM>     
  
 CHARMM>    ! Cross sectional protein area with whole atom.
 CHARMM>    scalar wmain = radius
  
 CHARMM>    scalar wmain mult 2.5   sele resname TIP3 end
 SELRPN>      0 atoms have been selected out of  15156
  
 CHARMM>    scalar wmain add  1.529 sele .not. resname TIP3 end
 SELRPN>  15156 atoms have been selected out of  15156
  
 CHARMM>    scalar wmain mult 0.85  sele .not. resname TIP3 end
 SELRPN>  15156 atoms have been selected out of  15156
  
 CHARMM>    calc zab = ( @a + @b ) / 2.0
 Parameter: A -> "32.6"
 Parameter: B -> "32.8"
Evaluating: (32.6+32.8)/2.0
 Parameter: ZAB <- "32.7"
  
 CHARMM>     
  
 CHARMM>    coor search -
 CHARMM>         xmin @x1  xmax @x2  xgrip @xncel -
 CHARMM>         ymin @y1  ymax @y2  ygrip @yncel -
 CHARMM>         zmin @a   zmax @b   zgrip 5
 Parameter: X1 -> "-43.6244258"
 Parameter: X2 -> "43.6252187"
 Parameter: XNCEL -> "436"
 Parameter: Y1 -> "-43.6309926"
 Parameter: Y2 -> "43.6230242"
 Parameter: YNCEL -> "436"
 Parameter: A -> "32.6"
 Parameter: B -> "32.8"

 A TOTAL OF   895913   VACUUM POINTS WERE FOUND
 A TOTAL OF    54567 OCCUPIED POINTS WERE FOUND
 A TOTAL OF        0 EXTERNAL POINTS WERE FOUND
 A TOTAL OF   895913 SELECTED POINTS WERE FOUND
 TOTAL OCCUPIED  VOLUME =      87.411020
 TOTAL SELECTED  VOLUME =    1435.165370
 TOTAL FREE      VOLUME =    1435.165370
 FRACTIONAL FREE VOLUME =      94.259006
  
 CHARMM>     
  
 CHARMM>    calc c = ?volume * @factor
 Parameter: FACTOR -> "5"
 RDCMND substituted energy or value "?VOLUME" to "87.4110195"
Evaluating: 87.4110195*5
 Parameter: C <- "437.055097"
  
 CHARMM>     
  
 CHARMM>    if a .lt. -10 if a .gt. -20 if c .gt. @botarea set botarea = @c
 Parameter: BOTAREA -> "3928.19358"
 Parameter: C -> "437.055097"
 Comparing "32.6" and "-10".
 IF test evaluated as false.  Skipping command
  
 CHARMM>    if a .gt.  10 if a .lt.  20 if c .gt. @toparea set toparea = @c
 Parameter: TOPAREA -> "4141.3107"
 Parameter: C -> "437.055097"
 Comparing "32.6" and "10".
 IF test evaluated as true.  Performing command
 Comparing "32.6" and "20".
 IF test evaluated as false.  Skipping command
  
 CHARMM>     
  
 CHARMM>    write title unit 51
 RDTITL> * 32.8  437.055097
 RDTITL> *
  
 CHARMM>     
  
 CHARMM>    incr a by @dcel
 Parameter: DCEL -> "0.2"
 Parameter: A <- "32.8"
  
 CHARMM>    incr b by @dcel
 Parameter: DCEL -> "0.2"
 Parameter: B <- "33"
  
 CHARMM>    if b le ?ZMAX goto DOAREA
 RDCMND substituted energy or value "?ZMAX" to "33.3514749"
 Comparing "33" and "33.3514749".
 IF test evaluated as true.  Performing command
  
 CHARMM>     
  
 CHARMM>    ! Cross sectional protein area with whole atom.
 CHARMM>    scalar wmain = radius
  
 CHARMM>    scalar wmain mult 2.5   sele resname TIP3 end
 SELRPN>      0 atoms have been selected out of  15156
  
 CHARMM>    scalar wmain add  1.529 sele .not. resname TIP3 end
 SELRPN>  15156 atoms have been selected out of  15156
  
 CHARMM>    scalar wmain mult 0.85  sele .not. resname TIP3 end
 SELRPN>  15156 atoms have been selected out of  15156
  
 CHARMM>    calc zab = ( @a + @b ) / 2.0
 Parameter: A -> "32.8"
 Parameter: B -> "33"
Evaluating: (32.8+33)/2.0
 Parameter: ZAB <- "32.9"
  
 CHARMM>     
  
 CHARMM>    coor search -
 CHARMM>         xmin @x1  xmax @x2  xgrip @xncel -
 CHARMM>         ymin @y1  ymax @y2  ygrip @yncel -
 CHARMM>         zmin @a   zmax @b   zgrip 5
 Parameter: X1 -> "-43.6244258"
 Parameter: X2 -> "43.6252187"
 Parameter: XNCEL -> "436"
 Parameter: Y1 -> "-43.6309926"
 Parameter: Y2 -> "43.6230242"
 Parameter: YNCEL -> "436"
 Parameter: A -> "32.8"
 Parameter: B -> "33"

 A TOTAL OF   902226   VACUUM POINTS WERE FOUND
 A TOTAL OF    48254 OCCUPIED POINTS WERE FOUND
 A TOTAL OF        0 EXTERNAL POINTS WERE FOUND
 A TOTAL OF   902226 SELECTED POINTS WERE FOUND
 TOTAL OCCUPIED  VOLUME =      77.298208
 TOTAL SELECTED  VOLUME =    1445.278181
 TOTAL FREE      VOLUME =    1445.278181
 FRACTIONAL FREE VOLUME =      94.923197
  
 CHARMM>     
  
 CHARMM>    calc c = ?volume * @factor
 Parameter: FACTOR -> "5"
 RDCMND substituted energy or value "?VOLUME" to "77.2982084"
Evaluating: 77.2982084*5
 Parameter: C <- "386.491042"
  
 CHARMM>     
  
 CHARMM>    if a .lt. -10 if a .gt. -20 if c .gt. @botarea set botarea = @c
 Parameter: BOTAREA -> "3928.19358"
 Parameter: C -> "386.491042"
 Comparing "32.8" and "-10".
 IF test evaluated as false.  Skipping command
  
 CHARMM>    if a .gt.  10 if a .lt.  20 if c .gt. @toparea set toparea = @c
 Parameter: TOPAREA -> "4141.3107"
 Parameter: C -> "386.491042"
 Comparing "32.8" and "10".
 IF test evaluated as true.  Performing command
 Comparing "32.8" and "20".
 IF test evaluated as false.  Skipping command
  
 CHARMM>     
  
 CHARMM>    write title unit 51
 RDTITL> * 33  386.491042
 RDTITL> *
  
 CHARMM>     
  
 CHARMM>    incr a by @dcel
 Parameter: DCEL -> "0.2"
 Parameter: A <- "33"
  
 CHARMM>    incr b by @dcel
 Parameter: DCEL -> "0.2"
 Parameter: B <- "33.2"
  
 CHARMM>    if b le ?ZMAX goto DOAREA
 RDCMND substituted energy or value "?ZMAX" to "33.3514749"
 Comparing "33.2" and "33.3514749".
 IF test evaluated as true.  Performing command
  
 CHARMM>     
  
 CHARMM>    ! Cross sectional protein area with whole atom.
 CHARMM>    scalar wmain = radius
  
 CHARMM>    scalar wmain mult 2.5   sele resname TIP3 end
 SELRPN>      0 atoms have been selected out of  15156
  
 CHARMM>    scalar wmain add  1.529 sele .not. resname TIP3 end
 SELRPN>  15156 atoms have been selected out of  15156
  
 CHARMM>    scalar wmain mult 0.85  sele .not. resname TIP3 end
 SELRPN>  15156 atoms have been selected out of  15156
  
 CHARMM>    calc zab = ( @a + @b ) / 2.0
 Parameter: A -> "33"
 Parameter: B -> "33.2"
Evaluating: (33+33.2)/2.0
 Parameter: ZAB <- "33.1"
  
 CHARMM>     
  
 CHARMM>    coor search -
 CHARMM>         xmin @x1  xmax @x2  xgrip @xncel -
 CHARMM>         ymin @y1  ymax @y2  ygrip @yncel -
 CHARMM>         zmin @a   zmax @b   zgrip 5
 Parameter: X1 -> "-43.6244258"
 Parameter: X2 -> "43.6252187"
 Parameter: XNCEL -> "436"
 Parameter: Y1 -> "-43.6309926"
 Parameter: Y2 -> "43.6230242"
 Parameter: YNCEL -> "436"
 Parameter: A -> "33"
 Parameter: B -> "33.2"

 A TOTAL OF   908968   VACUUM POINTS WERE FOUND
 A TOTAL OF    41512 OCCUPIED POINTS WERE FOUND
 A TOTAL OF        0 EXTERNAL POINTS WERE FOUND
 A TOTAL OF   908968 SELECTED POINTS WERE FOUND
 TOTAL OCCUPIED  VOLUME =      66.498181
 TOTAL SELECTED  VOLUME =    1456.078208
 TOTAL FREE      VOLUME =    1456.078208
 FRACTIONAL FREE VOLUME =      95.632523
  
 CHARMM>     
  
 CHARMM>    calc c = ?volume * @factor
 Parameter: FACTOR -> "5"
 RDCMND substituted energy or value "?VOLUME" to "66.498181"
Evaluating: 66.498181*5
 Parameter: C <- "332.490905"
  
 CHARMM>     
  
 CHARMM>    if a .lt. -10 if a .gt. -20 if c .gt. @botarea set botarea = @c
 Parameter: BOTAREA -> "3928.19358"
 Parameter: C -> "332.490905"
 Comparing "33" and "-10".
 IF test evaluated as false.  Skipping command
  
 CHARMM>    if a .gt.  10 if a .lt.  20 if c .gt. @toparea set toparea = @c
 Parameter: TOPAREA -> "4141.3107"
 Parameter: C -> "332.490905"
 Comparing "33" and "10".
 IF test evaluated as true.  Performing command
 Comparing "33" and "20".
 IF test evaluated as false.  Skipping command
  
 CHARMM>     
  
 CHARMM>    write title unit 51
 RDTITL> * 33.2  332.490905
 RDTITL> *
  
 CHARMM>     
  
 CHARMM>    incr a by @dcel
 Parameter: DCEL -> "0.2"
 Parameter: A <- "33.2"
  
 CHARMM>    incr b by @dcel
 Parameter: DCEL -> "0.2"
 Parameter: B <- "33.4"
  
 CHARMM>    if b le ?ZMAX goto DOAREA
 RDCMND substituted energy or value "?ZMAX" to "33.3514749"
 Comparing "33.4" and "33.3514749".
 IF test evaluated as false.  Skipping command
  
 CHARMM>     
  
 CHARMM>    if toparea .eq. -1 calc toparea = 0
 Comparing "4141.3107" and "-1".
 IF test evaluated as false.  Skipping command
  
 CHARMM>    if botarea .eq. -1 calc botarea = 0
 Comparing "3928.19358" and "-1".
 IF test evaluated as false.  Skipping command
  
 CHARMM>     
  
 CHARMM>    ! Protein size
 CHARMM>    coor stat sele .not. hydrogen end
 SELRPN>   7576 atoms have been selected out of  15156
 STATISTICS FOR      7576 SELECTED ATOMS:
    XMIN =  -38.624426 XMAX =   38.625219 XAVE =    0.000025
    YMIN =  -38.630993 YMAX =   38.623024 YAVE =   -0.000340
    ZMIN =  -22.011105 ZMAX =   33.351475 ZAVE =    4.454815
    WMIN =    0.000000 WMAX =    0.054102 WAVE =    0.000137
  
 CHARMM>    calc xmax = ?xmax
 RDCMND substituted energy or value "?XMAX" to "38.6252187"
Evaluating: 38.6252187
 Parameter: XMAX <- "38.6252187"
  
 CHARMM>    calc xmin = ?xmin
 RDCMND substituted energy or value "?XMIN" to "-38.6244258"
Evaluating: -38.6244258
 Parameter: XMIN <- "-38.6244258"
  
 CHARMM>    calc ymax = ?ymax
 RDCMND substituted energy or value "?YMAX" to "38.6230242"
Evaluating: 38.6230242
 Parameter: YMAX <- "38.6230242"
  
 CHARMM>    calc ymin = ?ymin
 RDCMND substituted energy or value "?YMIN" to "-38.6309926"
Evaluating: -38.6309926
 Parameter: YMIN <- "-38.6309926"
  
 CHARMM>    calc zmax = ?zmax
 RDCMND substituted energy or value "?ZMAX" to "33.3514749"
Evaluating: 33.3514749
 Parameter: ZMAX <- "33.3514749"
  
 CHARMM>    calc zmin = ?zmin
 RDCMND substituted energy or value "?ZMIN" to "-22.0111052"
Evaluating: -22.0111052
 Parameter: ZMIN <- "-22.0111052"
  
 CHARMM>     
  
 CHARMM>     
  
 CHARMM>    open write card  unit 51 name step2_protein_area.str
 OPNLGU> Unit already open. The old file will be closed first.
 VCLOSE: Closing unit   51 with status "KEEP"
 VOPEN> Attempting to open::step2_protein_area.str::
 OPNLGU> Unit 51 opened for WRITE access to step2_protein_area.str
  
 CHARMM>    write title unit 51
 RDTITL> * CALC TOPAREA = 4141.3107
 RDTITL> * CALC BOTAREA = 3928.19358
 RDTITL> * CALC XMAX = 38.6252187
 RDTITL> * CALC XMIN = -38.6244258
 RDTITL> * CALC YMAX = 38.6230242
 RDTITL> * CALC YMIN = -38.6309926
 RDTITL> * CALC ZMAX = 33.3514749
 RDTITL> * CALC ZMIN = -22.0111052
 RDTITL> *
  
 CHARMM>     
  
 CHARMM>     
  
 VCLOSE: Closing unit   99 with status "KEEP"

                    RETURNING TO INPUT STREAM     5
  
 CHARMM>     
  
 CHARMM>    open write card unit 10 name step2_orient.pdb
 OPNLGU> Unit already open. The old file will be closed first.
 VCLOSE: Closing unit   10 with status "KEEP"
 VOPEN> Attempting to open::step2_orient.pdb::
 OPNLGU> Unit 10 opened for WRITE access to step2_orient.pdb
  
 CHARMM>    write coor pdb  unit 10 sele .not. segid PWAT end
 RDTITL>  
 RDTITL> No title read.
  Write CHARMM-pdb format
 SELRPN>  15156 atoms have been selected out of  15156
  
 CHARMM>     
  
 CHARMM>    open write card unit 10 name step2_orient.crd
 OPNLGU> Unit already open. The old file will be closed first.
 VCLOSE: Closing unit   10 with status "KEEP"
 VOPEN> Attempting to open::step2_orient.crd::
 OPNLGU> Unit 10 opened for WRITE access to step2_orient.crd
  
 CHARMM>    write coor card unit 10 sele .not. segid PWAT end
 RDTITL>  
 RDTITL> No title read.
 SELRPN>  15156 atoms have been selected out of  15156
 VCLOSE: Closing unit   10 with status "KEEP"
  
 CHARMM>     
  
 CHARMM>    stop
 VCLOSE: Closing unit   20 with status "KEEP"
 VCLOSE: Closing unit   51 with status "KEEP"
$$$$$$  New timer profile $$$$$
 Total time                     11.94 Other:            0.00

                    NORMAL TERMINATION BY NORMAL STOP
                    MOST SEVERE WARNING WAS AT LEVEL  1

                    $$$$$ JOB ACCOUNTING INFORMATION $$$$$
                     ELAPSED TIME:    11.94  SECONDS 
                         CPU TIME:    11.94  SECONDS 
