1
                 Chemistry at HARvard Macromolecular Mechanics
           (CHARMM) - Developmental Version 47a2   February 15, 2021            
                                Revision unknown                                
       Copyright(c) 1984-2020  President and Fellows of Harvard College
                              All Rights Reserved
             Current operating system: Linux-6.1.0-45-amd64(x86_64)             
                 Created on  6/1/26 at  0:47:04 by user: charmm-gui  

            Maximum number of ATOMS:    360720, and RESidues:      120240
 RDTITL> * GENERATED BY CHARMM-GUI (HTTP://WWW.CHARMM-GUI.ORG) V3.7 ON JUN, 01. 2026. JOBID=8028885842
 RDTITL> * TEST AND FIX CHOLESTEROL RING PENERTRATION
 RDTITL> *
  
 CHARMM>     
  
 CHARMM>    DIMENS CHSIZE 5000000 MAXRES 3000000
Size      Original         New
MAXA        360720     5000000
MAXB        360720     5000000
MAXT        721440    10000000
MAXP       1082160    15000000
MAXIMP      180360     2500000
MAXNB        90180     1250000
MAXPAD      360720     5000000
MAXRES      120240     3000000
MAXSEG       45090      625000
MAXATC        1400
MAXCB         3000
MAXCT        50000
MAXCP        50000
MAXCI         1200
MAXCH         6400
MAXCN       502503
MAXCRT      120240     1666666
  
 CHARMM>     
  
 CHARMM>    ! Read topology and parameter files
 CHARMM>    stream toppar.str
 VOPEN> Attempting to open::toppar.str::
 OPNLGU> Unit 99 opened for READONLY access to toppar.str

                    INPUT STREAM SWITCHING TO UNIT    99
 RDTITL> * GENERATED BY CHARMM-GUI (HTTP://WWW.CHARMM-GUI.ORG) V3.7 ON JUN, 01. 2026. JOBID=8028885842
 RDTITL> * STREAM FILE FOR TOPOLOGY AND PARAMETER READING
 RDTITL> *
 Parameter: IN1 <- "" <empty>
  
 CHARMM>     
  
 CHARMM>    ! protein topology and parameter
 CHARMM>    open read card unit 10 name toppar/top_all36_prot.rtf
 VOPEN> Attempting to open::toppar/top_all36_prot.rtf::
 OPNLGU> Unit 10 opened for READONLY access to toppar/top_all36_prot.rtf
  
 CHARMM>    read  rtf card unit 10
 MAINIO> Residue topology file being read from unit  10.
 TITLE> *>>>>>>>>CHARMM36 ALL-HYDROGEN TOPOLOGY FILE FOR PROTEINS <<<<<<
 TITLE> *>>>>> INCLUDES PHI, PSI CROSS TERM MAP (CMAP) CORRECTION <<<<<<<
 TITLE> *>>>>>>>>>>>>>>>>>>>>>>>>>> MAY 2011 <<<<<<<<<<<<<<<<<<<<<<<<<<<<
 TITLE> * ALL COMMENTS TO THE CHARMM WEB SITE: WWW.CHARMM.ORG
 TITLE> *             PARAMETER SET DISCUSSION FORUM
 TITLE> *
  
 CHARMM>     
  
 CHARMM>    open read card unit 20 name toppar/par_all36m_prot.prm
 VOPEN> Attempting to open::toppar/par_all36m_prot.prm::
 OPNLGU> Unit 20 opened for READONLY access to toppar/par_all36m_prot.prm
  
 CHARMM>    read para card unit 20 flex

          PARAMETER FILE BEING READ FROM UNIT 20
 TITLE> *>>>> CHARMM36 ALL-HYDROGEN PARAMETER FILE FOR PROTEINS <<<<<<<<<<
 TITLE> *>>>>> INCLUDES PHI, PSI CROSS TERM MAP (CMAP) CORRECTION <<<<<<<<
 TITLE> *>>>>>>>>>>>>>>>>>>>>>>>>>> JAN. 2016 <<<<<<<<<<<<<<<<<<<<<<<<<<<<
 TITLE> * ALL COMMENTS TO THE CHARMM WEB SITE: WWW.CHARMM.ORG
 TITLE> *             PARAMETER SET DISCUSSION FORUM
 TITLE> *
 PARMIO> NONBOND, HBOND lists and IMAGE atoms cleared.
  
 CHARMM>     
  
 CHARMM>    ! nucleic acids
 CHARMM>    open read card unit 10 name toppar/top_all36_na.rtf
 OPNLGU> Unit already open. The old file will be closed first.
 VCLOSE: Closing unit   10 with status "KEEP"
 VOPEN> Attempting to open::toppar/top_all36_na.rtf::
 OPNLGU> Unit 10 opened for READONLY access to toppar/top_all36_na.rtf
  
 CHARMM>    read  rtf card unit 10 append
 MAINIO> Residue topology file being read from unit  10.
 TITLE> *  \\\\ CHARMM36 ALL-HYDROGEN NUCLEIC ACID TOPOLOGY FILE ////
 TITLE> *   ALEXANDER D. MACKERELL JR. AND COWORKERS
 TITLE> *                      APRIL 2011
 TITLE> * ALL COMMENTS TO THE CHARMM WEB SITE: WWW.CHARMM.ORG
 TITLE> *           PARAMETER SET DISCUSSION FORUM
 TITLE> *
  
 CHARMM>     
  
 CHARMM>    open read card unit 20 name toppar/par_all36_na.prm
 OPNLGU> Unit already open. The old file will be closed first.
 VCLOSE: Closing unit   20 with status "KEEP"
 VOPEN> Attempting to open::toppar/par_all36_na.prm::
 OPNLGU> Unit 20 opened for READONLY access to toppar/par_all36_na.prm
  
 CHARMM>    read para card unit 20 append flex

          PARAMETER FILE BEING READ FROM UNIT 20
 TITLE> * \\\\ CHARMM36 ALL-HYDROGEN NUCLEIC ACID PARAMETER FILE ////
 TITLE> *         ALEXANDER D. MACKERELL JR. AND COWORKERS
 TITLE> *                        APRIL 2011
 TITLE> * ALL COMMENTS TO THE CHARMM WEB SITE: WWW.CHARMM.ORG PARAMETER
 TITLE> *                     SET DISCUSSION FORUM
 TITLE> *
 PARMIO> NONBOND, HBOND lists and IMAGE atoms cleared.
  
 CHARMM>     
  
 CHARMM>    ! carbohydrates
 CHARMM>    open read card unit 10 name toppar/top_all36_carb.rtf
 OPNLGU> Unit already open. The old file will be closed first.
 VCLOSE: Closing unit   10 with status "KEEP"
 VOPEN> Attempting to open::toppar/top_all36_carb.rtf::
 OPNLGU> Unit 10 opened for READONLY access to toppar/top_all36_carb.rtf
  
 CHARMM>    read  rtf card unit 10 append
 MAINIO> Residue topology file being read from unit  10.
 TITLE> * $ID: TOP_ALLXX_SUGAR.INP,V 1.106 2014/08/19 19:07:43 ALEX EXP $
 TITLE> *>>>>>>>>>>>> ALL-HYDROGEN TOPOLOGIES USED IN THE <<<<<<<<<<<<<<<<
 TITLE> *>>>>> DEVELOPMENT OF THE CHARMM CARBOHYDRATE  FORCE FIELD<<<<<<<<
 TITLE> *>>>>>>>>>>>>>>>>>>>>>>>>> JUNE 2009 <<<<<<<<<<<<<<<<<<<<<<<<<<<<<
 TITLE> *>>>>>>>> DIRECT COMMENTS TO ALEXANDER D. MACKERELL JR. <<<<<<<<<<
 TITLE> *>>>>>>>>>> VIA THE CHARMM WEB SITE: WWW.CHARMM.ORG <<<<<<<<<<<<<<
 TITLE> *>>>>>>>>>>>>>>> PARAMETER SET DISCUSSION FORUM <<<<<<<<<<<<<<<<<<
 TITLE> *
  
 CHARMM>     
  
 CHARMM>    open read card unit 20 name toppar/par_all36_carb.prm
 OPNLGU> Unit already open. The old file will be closed first.
 VCLOSE: Closing unit   20 with status "KEEP"
 VOPEN> Attempting to open::toppar/par_all36_carb.prm::
 OPNLGU> Unit 20 opened for READONLY access to toppar/par_all36_carb.prm
  
 CHARMM>    read para card unit 20 append flex

          PARAMETER FILE BEING READ FROM UNIT 20
 TITLE> * $ID: PAR_ALLXX_SUGAR.INP,V 1.132 2014/08/19 19:03:21 ALEX EXP $
 TITLE> *>>>>>>>>>>>> ALL-HYDROGEN PARAMETERS USED IN THE <<<<<<<<<<<<<<<<
 TITLE> *>>>>> DEVELOPMENT OF THE CHARMM CARBOHYDRATE  FORCE FIELD<<<<<<<<
 TITLE> *>>>>>>>>>>>>>>>>>>>>>>>>> JUNE 2009 <<<<<<<<<<<<<<<<<<<<<<<<<<<<<
 TITLE> *>>>>>>>> DIRECT COMMENTS TO ALEXANDER D. MACKERELL JR. <<<<<<<<<<
 TITLE> *>>>>>>>>>> VIA THE CHARMM WEB SITE: WWW.CHARMM.ORG <<<<<<<<<<<<<<
 TITLE> *>>>>>>>>>>>>>>> PARAMETER SET DISCUSSION FORUM <<<<<<<<<<<<<<<<<<
 TITLE> *
 PARMIO> NONBOND, HBOND lists and IMAGE atoms cleared.
  
 CHARMM>     
  
 CHARMM>    ! lipids
 CHARMM>    open read card unit 10 name toppar/top_all36_lipid.rtf
 OPNLGU> Unit already open. The old file will be closed first.
 VCLOSE: Closing unit   10 with status "KEEP"
 VOPEN> Attempting to open::toppar/top_all36_lipid.rtf::
 OPNLGU> Unit 10 opened for READONLY access to toppar/top_all36_lipid.rtf
  
 CHARMM>    read  rtf card unit 10 append
 MAINIO> Residue topology file being read from unit  10.
 TITLE> *  \\\\\\\ CHARMM36 ALL-HYDROGEN LIPID TOPOLOGY FILE ///////
 TITLE> *  ALL COMMENTS AND QUESTIONS SHOULD BE SUBMITTED TO THE
 TITLE> *  PARAMETER FORUM AT THE CHARMM WEBSITE: WWW.CHARMM.ORG
 TITLE> *
  
 CHARMM>     
  
 CHARMM>    open read card unit 20 name toppar/par_all36_lipid.prm
 OPNLGU> Unit already open. The old file will be closed first.
 VCLOSE: Closing unit   20 with status "KEEP"
 VOPEN> Attempting to open::toppar/par_all36_lipid.prm::
 OPNLGU> Unit 20 opened for READONLY access to toppar/par_all36_lipid.prm
  
 CHARMM>    read para card unit 20 append flex

          PARAMETER FILE BEING READ FROM UNIT 20
 TITLE> *  \\\\\\\ CHARMM36 ALL-HYDROGEN LIPID PARAMETER FILE ///////
 TITLE> *  ALL COMMENTS AND QUESTIONS SHOULD BE SUBMITTED TO THE
 TITLE> *  PARAMETER FORUM AT THE CHARMM WEBSITE: WWW.CHARMM.ORG
 TITLE> *
 PARMIO> NONBOND, HBOND lists and IMAGE atoms cleared.
  
 CHARMM>     
  
 CHARMM>    ! CGENFF
 CHARMM>    open read card unit 10 name toppar/top_all36_cgenff.rtf
 OPNLGU> Unit already open. The old file will be closed first.
 VCLOSE: Closing unit   10 with status "KEEP"
 VOPEN> Attempting to open::toppar/top_all36_cgenff.rtf::
 OPNLGU> Unit 10 opened for READONLY access to toppar/top_all36_cgenff.rtf
  
 CHARMM>    read  rtf card unit 10 append
 MAINIO> Residue topology file being read from unit  10.
 TITLE> *  --------------------------------------------------------------------------  *
 TITLE> *          CGENFF: TOPOLOGY FOR THE CHARMM GENERAL FORCE FIELD V. 4.6          *
 TITLE> *                    FOR SMALL MOLECULE DRUG DESIGN                            *
 TITLE> *  --------------------------------------------------------------------------  *
 TITLE> *

 DRUDES PARTICLES WILL BE GENERATED AUTOMATICALLY FOR ALL ATOMS WITH NON-ZERO ALPHA
 Thole-type dipole screening, Slater-Delta shape {S(u) = 1 - (1+u/2)*exp(-u)}, default radius =  1.300000
  
 CHARMM>     
  
 CHARMM>    open read card unit 20 name toppar/par_all36_cgenff.prm
 OPNLGU> Unit already open. The old file will be closed first.
 VCLOSE: Closing unit   20 with status "KEEP"
 VOPEN> Attempting to open::toppar/par_all36_cgenff.prm::
 OPNLGU> Unit 20 opened for READONLY access to toppar/par_all36_cgenff.prm
  
 CHARMM>    read para card unit 20 append flex

          PARAMETER FILE BEING READ FROM UNIT 20
 TITLE> *  --------------------------------------------------------------------------  *
 TITLE> *         CGENFF: PARAMETERS FOR THE CHARMM GENERAL FORCE FIELD V. 4.6         *
 TITLE> *                    FOR SMALL MOLECULE DRUG DESIGN                            *
 TITLE> *  --------------------------------------------------------------------------  *
 TITLE> *  2017/8: IF PROTEIN, NUCLEIC ACID AND CARBOHYDRATE TOPOLOGY AND PARAMETER FILES
 TITLE> *  ARE NOT READ PRIOR TO THE CGENFF FILES "WARNING: ATOMS IN NBFIX ' errors will
 TITLE> *  BE ENCOUNTERED.  THESE CAN BE PASSED BY SETTING BOMLEV ( -2) PRIOR TO READING
 TITLE> *  THIS FILE. IN ADDITION, WHEN GENERATING AROMATIC HALOGENS (CL, BR, I) WITH
 TITLE> *  PRE C41B/C42A VERSIONS OF CHARMM "MISSING PARAMETER" ERRORS WILL BE
 TITLE> *  ENCOUNTERED THAT ALSO REQUIRE SETTING BOMLEV ( -2).
 TITLE> *
 PARMIO> NONBOND, HBOND lists and IMAGE atoms cleared.
  
 CHARMM>     
  
 CHARMM>    ! Phosphates and Sulfates
 CHARMM>    stream toppar/toppar_all36_moreions.str
 VOPEN> Attempting to open::toppar/toppar_all36_moreions.str::
 OPNLGU> Unit 98 opened for READONLY access to toppar/toppar_all36_moreions.str

                    INPUT STREAM SWITCHING TO UNIT    98
 RDTITL> * ADDITIONAL IONS GENERATED USING CGENFF
 RDTITL> *
 Parameter: IN1 <- "" <empty>
  
 CHARMM>     
  
 CHARMM>    set nat ?NATC
 RDCMND substituted energy or value "?NATC" to "345"
 Parameter: NAT <- "345"
  
 CHARMM>    set app
 Parameter: APP <- "" <empty>
  
 CHARMM>     
  
 CHARMM>    if "@NAT" ne "?NATC" if @nat ne 0 set app append
 Parameter: NAT -> "345"
 Parameter: NAT -> "345"
 RDCMND: can not substitute energy "?NATC""
 Comparing ""345"" and ""?NATC"".
 IF test evaluated as true.  Performing command
 Comparing "345" and "0".
 IF test evaluated as true.  Performing command
 Parameter: APP <- "APPEND"
  
 CHARMM>     
  
 CHARMM>    read rtf card @app
 Parameter: APP -> "APPEND"
 MAINIO> Residue topology file being read from unit  98.
 RDTITL> * TOPOLOGIES GENERATED BY
 RDTITL> * CHARMM GENERAL FORCE FIELD (CGENFF) PROGRAM VERSION 2.4.0
 RDTITL> *
  
 CHARMM>     
  
 CHARMM>    read para card flex @app
 Parameter: APP -> "APPEND"

          PARAMETER FILE BEING READ FROM UNIT 98
 RDTITL> * PARAMETERS GENERATED BY ANALOGY BY
 RDTITL> * CHARMM GENERAL FORCE FIELD (CGENFF) PROGRAM VERSION 2.4.0
 RDTITL> *
 PARMIO> NONBOND, HBOND lists and IMAGE atoms cleared.
  
 CHARMM>     
  
 VCLOSE: Closing unit   98 with status "KEEP"

                    RETURNING TO INPUT STREAM    99
  
 CHARMM>     
  
 CHARMM>    ! Interface FF
 CHARMM>    open read card unit 10 name toppar/top_interface.rtf
 OPNLGU> Unit already open. The old file will be closed first.
 VCLOSE: Closing unit   10 with status "KEEP"
 VOPEN> Attempting to open::toppar/top_interface.rtf::
 OPNLGU> Unit 10 opened for READONLY access to toppar/top_interface.rtf
  
 CHARMM>    read  rtf card unit 10 append
 MAINIO> Residue topology file being read from unit  10.
 TITLE> * INTERFACE FF
 TITLE> * TOPOLOGY FOR NANOMATERIALS
 TITLE> *
*** WARNING **** residue TSHO already exists (old one deleted)

      ***** LEVEL  1 WARNING FROM <RTFRDR> *****
      ***** Residue already exists.
      ******************************************
      BOMLEV (  0) IS NOT REACHED. WRNLEV IS  5

          PRES TSHO17      -1.050
*** WARNING **** residue TSHO already exists (old one deleted)

      ***** LEVEL  1 WARNING FROM <RTFRDR> *****
      ***** Residue already exists.
      ******************************************
      BOMLEV (  0) IS NOT REACHED. WRNLEV IS  5

          PRES TSHO21      -1.050
 There were   2 warning(s) from RTFRDR.
  
 CHARMM>     
  
 CHARMM>    open read card unit 10 name toppar/par_interface.prm
 OPNLGU> Unit already open. The old file will be closed first.
 VCLOSE: Closing unit   10 with status "KEEP"
 VOPEN> Attempting to open::toppar/par_interface.prm::
 OPNLGU> Unit 10 opened for READONLY access to toppar/par_interface.prm
  
 CHARMM>    read para card unit 10 append flex

          PARAMETER FILE BEING READ FROM UNIT 10
 TITLE> * INTERFACE FF
 TITLE> * TOPOLOGY AND PARAMETER FOR CALY MINERALS, CEMENT MINERALS
 TITLE> *
 PARRDR> Error: Repeated DIHE parameter ( 10947): HGR6  ICG1  ICG1  ICGE is replaced
 PARMIO> NONBOND, HBOND lists and IMAGE atoms cleared.
  
 CHARMM>     
  
 CHARMM>    stream toppar/toppar_all36_nano_lig.str
 VOPEN> Attempting to open::toppar/toppar_all36_nano_lig.str::
 OPNLGU> Unit 98 opened for READONLY access to toppar/toppar_all36_nano_lig.str

                    INPUT STREAM SWITCHING TO UNIT    98
 RDTITL> READ RTF CARD APPEND
 RDTITL> No title read.
 Parameter: IN1 <- "" <empty>
  
 CHARMM>    read rtf card append
 MAINIO> Residue topology file being read from unit  98.
 RDTITL> * TOPOLOGY FOR NANO-LIGAND
 RDTITL> *
  
 CHARMM>     
  
 CHARMM>    read param card flex append

          PARAMETER FILE BEING READ FROM UNIT 98
 RDTITL> * SYNTHETIC POLYMER PARAMETER
 RDTITL> *
 PARMIO> NONBOND, HBOND lists and IMAGE atoms cleared.
  
 CHARMM>    RETURN
 VCLOSE: Closing unit   98 with status "KEEP"

                    RETURNING TO INPUT STREAM    99
  
 CHARMM>    stream toppar/toppar_all36_nano_lig_patch.str
 VOPEN> Attempting to open::toppar/toppar_all36_nano_lig_patch.str::
 OPNLGU> Unit 98 opened for READONLY access to toppar/toppar_all36_nano_lig_patch.str

                    INPUT STREAM SWITCHING TO UNIT    98
 RDTITL> READ RTF CARD APPEND
 RDTITL> No title read.
 Parameter: IN1 <- "" <empty>
  
 CHARMM>    read rtf card append
 MAINIO> Residue topology file being read from unit  98.
 RDTITL> * TOPOLOGY FOR SYNTHETIC_POLYMER
 RDTITL> *
  
 CHARMM>    RETURN
 VCLOSE: Closing unit   98 with status "KEEP"

                    RETURNING TO INPUT STREAM    99
  
 CHARMM>     
  
 CHARMM>    ! Additional topologies and parameters for synthetic polymer
 CHARMM>    stream toppar/toppar_all36_synthetic_polymer.str
 VOPEN> Attempting to open::toppar/toppar_all36_synthetic_polymer.str::
 OPNLGU> Unit 98 opened for READONLY access to toppar/toppar_all36_synthetic_polymer.str

                    INPUT STREAM SWITCHING TO UNIT    98
 RDTITL> READ RTF CARD APPEND
 RDTITL> No title read.
 Parameter: IN1 <- "" <empty>
  
 CHARMM>    read rtf card append
 MAINIO> Residue topology file being read from unit  98.
 RDTITL> * TOPOLOGY FOR SYNTHETIC_POLYMER
 RDTITL> *
  
 CHARMM>     
  
 CHARMM>    read param card flex append

          PARAMETER FILE BEING READ FROM UNIT 98
 RDTITL> * SYNTHETIC POLYMER PARAMETER
 RDTITL> *
 PARMIO> NONBOND, HBOND lists and IMAGE atoms cleared.
  
 CHARMM>    RETURN
 VCLOSE: Closing unit   98 with status "KEEP"

                    RETURNING TO INPUT STREAM    99
  
 CHARMM>    stream toppar/toppar_all36_synthetic_polymer_patch.str
 VOPEN> Attempting to open::toppar/toppar_all36_synthetic_polymer_patch.str::
 OPNLGU> Unit 98 opened for READONLY access to toppar/toppar_all36_synthetic_polymer_patch.str

                    INPUT STREAM SWITCHING TO UNIT    98
 RDTITL> READ RTF CARD APPEND
 RDTITL> No title read.
 Parameter: IN1 <- "" <empty>
  
 CHARMM>    read rtf card append
 MAINIO> Residue topology file being read from unit  98.
 RDTITL> * TOPOLOGY FOR SYNTHETIC_POLYMER
 RDTITL> *
  
 CHARMM>     
  
 CHARMM>    return
 VCLOSE: Closing unit   98 with status "KEEP"

                    RETURNING TO INPUT STREAM    99
  
 CHARMM>    stream toppar/toppar_all36_polymer_solvent.str
 VOPEN> Attempting to open::toppar/toppar_all36_polymer_solvent.str::
 OPNLGU> Unit 98 opened for READONLY access to toppar/toppar_all36_polymer_solvent.str

                    INPUT STREAM SWITCHING TO UNIT    98
 RDTITL> READ RTF CARD APPEND
 RDTITL> No title read.
 Parameter: IN1 <- "" <empty>
  
 CHARMM>    read rtf card append
 MAINIO> Residue topology file being read from unit  98.
 RDTITL> * TOPOLOGY FOR SYNTHETIC_POLYMER
 RDTITL> *
  
 CHARMM>    read param card flex append

          PARAMETER FILE BEING READ FROM UNIT 98
 RDTITL> * SYNTHETIC POLYMER PARAMETER
 RDTITL> *
 PARMIO> NONBOND, HBOND lists and IMAGE atoms cleared.
  
 CHARMM>     
  
 CHARMM>    RETURN
 VCLOSE: Closing unit   98 with status "KEEP"

                    RETURNING TO INPUT STREAM    99
  
 CHARMM>     
  
 CHARMM>    ! Additional topologies and parameters for water and ions
 CHARMM>    stream toppar/toppar_water_ions.str
 VOPEN> Attempting to open::toppar/toppar_water_ions.str::
 OPNLGU> Unit 98 opened for READONLY access to toppar/toppar_water_ions.str

                    INPUT STREAM SWITCHING TO UNIT    98
 RDTITL> * TOPLOGY AND PARAMETER INFORMATION FOR WATER AND IONS.
 RDTITL> *
 Parameter: IN1 <- "" <empty>
  
 CHARMM>     
  
 CHARMM>    !Testcase
 CHARMM>    !test_water_ions.inp
 CHARMM>     
  
 CHARMM>    ! IMPORTANT NOTE: this file contains NBFixes between carboxylates and sodium,
 CHARMM>    ! which will only apply if the main files containing carboxylate atom types
 CHARMM>    ! have been read in first!
 CHARMM>     
  
 CHARMM>    !references
 CHARMM>    !
 CHARMM>    !TIP3P water model
 CHARMM>    !
 CHARMM>    !W.L. Jorgensen; J.Chandrasekhar; J.D. Madura; R.W. Impey;
 CHARMM>    !M.L. Klein; "Comparison of simple potential functions for
 CHARMM>    !simulating liquid water", J. Chem. Phys. 79 926-935 (1983).
 CHARMM>    !
 CHARMM>    !IONS
 CHARMM>    !
 CHARMM>    !Ions from Roux and coworkers
 CHARMM>    !
 CHARMM>    !Beglov, D. and Roux, B., Finite Representation of an Infinite
 CHARMM>    !Bulk System: Solvent Boundary Potential for Computer Simulations,
 CHARMM>    !Journal of Chemical Physics, 1994, 100: 9050-9063
 CHARMM>    !
 CHARMM>    !ZINC
 CHARMM>    !
 CHARMM>    !Stote, R.H. and Karplus, M. Zinc Binding in Proteins and
 CHARMM>    !Solution: A Simple but Accurate Nonbonded Representation, PROTEINS:
 CHARMM>    !Structure, Function, and Genetics 23:12-31 (1995)
 CHARMM>     
  
 CHARMM>    !test "append" to determine if previous toppar files have been read and
 CHARMM>    !add append to "read rtf card" if true
 CHARMM>    set nat ?NATC
 RDCMND substituted energy or value "?NATC" to "468"
 Parameter: NAT <- "468"
  
 CHARMM>    set app
 Parameter: APP <- "" <empty>
  
 CHARMM>    !We're exploiting what is arguably a bug in the parser. On the left hand side,
 CHARMM>    !the quotes have priority, so NAT is correctly substituted. On the right hand
 CHARMM>    !side, the ? has priority and NATC" (sic) is not a valid substitution...
 CHARMM>    if "@NAT" ne "?NATC" if @nat ne 0 set app append
 Parameter: NAT -> "468"
 Parameter: NAT -> "468"
 RDCMND: can not substitute energy "?NATC""
 Comparing ""468"" and ""?NATC"".
 IF test evaluated as true.  Performing command
 Comparing "468" and "0".
 IF test evaluated as true.  Performing command
 Parameter: APP <- "APPEND"
  
 CHARMM>     
  
 CHARMM>    read rtf card @app
 Parameter: APP -> "APPEND"
 MAINIO> Residue topology file being read from unit  98.
 RDTITL> * TOPOLOGY FOR WATER AND IONS
 RDTITL> *
  
 CHARMM>     
  
 CHARMM>    read para card flex @app
 Parameter: APP -> "APPEND"

          PARAMETER FILE BEING READ FROM UNIT 98
 RDTITL> * PARAMETERS FOR WATER AND IONS
 RDTITL> *
 PARMIO> NONBOND, HBOND lists and IMAGE atoms cleared.
  
 CHARMM>     
  
 CHARMM>    ! The following section contains NBFixes for sodium interacting with
 CHARMM>    ! carboxylate oxygens of various CHARMM force fields. It will generate
 CHARMM>    ! level -1 warnings whenever any of these force fields have not been
 CHARMM>    ! read prior to the current stream file. Since we don't want to force
 CHARMM>    ! the user to always read all the force fields, we're suppressing the
 CHARMM>    ! warnings. The only side effect is that you will have "most severe
 CHARMM>    ! warning was at level 0" at the end of your output. Also note that
 CHARMM>    ! the user is responsible for reading the current file last if they
 CHARMM>    ! want the NBFixes to apply. A more elegant solution would require new
 CHARMM>    ! features to be added to CHARMM.
 CHARMM>    ! parallel fix, to avoid duplicated messages in the log
 CHARMM>    set para
 Parameter: PARA <- "" <empty>
  
 CHARMM>    if ?NUMNODE gt 1 set para node 0
 RDCMND substituted energy or value "?NUMNODE" to "1"
 Comparing "1" and "1".
 IF test evaluated as false.  Skipping command
  
 CHARMM>     
  
 CHARMM>    set wrn ?WRNLEV
 RDCMND substituted energy or value "?WRNLEV" to "5"
 Parameter: WRN <- "5"
  
 CHARMM>    ! Some versions of CHARMM don't seem to initialize wrnlev...
 CHARMM>    if "@WRN" eq "?WRNLEV" set wrn 5
 Parameter: WRN -> "5"
 RDCMND: can not substitute energy "?WRNLEV""
 Comparing ""5"" and ""?WRNLEV"".
 IF test evaluated as false.  Skipping command
  
 CHARMM>    set bom ?bomlev
 RDCMND substituted energy or value "?BOMLEV" to "0"
 Parameter: BOM <- "0"
  
 CHARMM>    WRNLEV -1 @PARA
 Parameter: PARA -> "" <empty>
  
 CHARMM>    BOMLEV -1 @PARA
 Parameter: PARA -> "" <empty>
  
 CHARMM>    read para card flex append

          PARAMETER FILE BEING READ FROM UNIT 98
 RDTITL> * NBFIX BETWEEN CARBOXYLATE AND SODIUM
 RDTITL> *
 PARMIO> NONBOND, HBOND lists and IMAGE atoms cleared.
  
 CHARMM>    BOMLEV @bom @PARA
 Parameter: BOM -> "0"
 Parameter: PARA -> "" <empty>
  
 CHARMM>    WRNLEV @wrn @PARA
 Parameter: WRN -> "5"
 Parameter: PARA -> "" <empty>
  
 CHARMM>     
  
 CHARMM>    return
 VCLOSE: Closing unit   98 with status "KEEP"

                    RETURNING TO INPUT STREAM    99
  
 CHARMM>    stream toppar/toppar_dum_noble_gases.str
 VOPEN> Attempting to open::toppar/toppar_dum_noble_gases.str::
 OPNLGU> Unit 98 opened for READONLY access to toppar/toppar_dum_noble_gases.str

                    INPUT STREAM SWITCHING TO UNIT    98
 RDTITL> * TOPLOGY AND PARAMETER INFORMATION FOR HELIUM, NEON AND A DUMMY ATOM.
 RDTITL> *
 Parameter: IN1 <- "" <empty>
  
 CHARMM>     
  
 CHARMM>    !Testcase
 CHARMM>    !test_dum_nobel_gases.inp
 CHARMM>     
  
 CHARMM>    !test "append" to determine if previous	toppar files have been read and
 CHARMM>    !add append to "read rtf card" if true
 CHARMM>    set nat ?NATC
 RDCMND substituted energy or value "?NATC" to "485"
 Parameter: NAT <- "485"
  
 CHARMM>    set app
 Parameter: APP <- "" <empty>
  
 CHARMM>    !We're exploiting what is arguably a bug in the parser. On the left hand side,
 CHARMM>    !the quotes have proirity, so NAT is correctly substituted. On the right hand
 CHARMM>    !side, the ? has priority and NATC" (sic) is not a valid substitution...
 CHARMM>    if "@NAT" ne "?NATC" if @nat ne 0 set app append
 Parameter: NAT -> "485"
 Parameter: NAT -> "485"
 RDCMND: can not substitute energy "?NATC""
 Comparing ""485"" and ""?NATC"".
 IF test evaluated as true.  Performing command
 Comparing "485" and "0".
 IF test evaluated as true.  Performing command
 Parameter: APP <- "APPEND"
  
 CHARMM>     
  
 CHARMM>    read rtf card @app
 Parameter: APP -> "APPEND"
 MAINIO> Residue topology file being read from unit  98.
 RDTITL> * TOPOLOGY FOR HELIUM, NEON AND A DUMMY ATOM.
 RDTITL> *
  
 CHARMM>     
  
 CHARMM>    read para card flex @app
 Parameter: APP -> "APPEND"

          PARAMETER FILE BEING READ FROM UNIT 98
 RDTITL> * PARAMETERS FOR HELIUM, NEON AND A DUMMY ATOM.
 RDTITL> *
 PARMIO> NONBOND, HBOND lists and IMAGE atoms cleared.
  
 CHARMM>     
  
 CHARMM>    return
 VCLOSE: Closing unit   98 with status "KEEP"

                    RETURNING TO INPUT STREAM    99
  
 CHARMM>    stream toppar/toppar_ions_won.str
 VOPEN> Attempting to open::toppar/toppar_ions_won.str::
 OPNLGU> Unit 98 opened for READONLY access to toppar/toppar_ions_won.str

                    INPUT STREAM SWITCHING TO UNIT    98
 RDTITL> * TOP_IONS_WON.STR: GENERAL MODEL FOR MONO-, DI-, AND TRIVALENT CATIONS
 RDTITL> *
 Parameter: IN1 <- "" <empty>
  
 CHARMM>     
  
 CHARMM>    !This is a comprehensive set of ions developed using stochastic boundary
 CHARMM>    !conditions. It is strongly recommended that ion parameters in
 CHARMM>    !toppar_water_ions.str be used if available, as they are more highly
 CHARMM>    !optimized.  Accordingly, those ions have been commented in this
 CHARMM>    !file.
 CHARMM>    !
 CHARMM>    !reference
 CHARMM>    !Won, Y., "Force Field for Monovalent, Divalent, and Trivalent Cations
 CHARMM>    !Developed under the Solvent Boundary Potential," Journal of Physical
 CHARMM>    !Chemistry A., 116: 11763-11767, 2012.
 CHARMM>     
  
 CHARMM>     
  
 CHARMM>    !test "append" to determine if previous toppar files have been read and
 CHARMM>    !add append to "read rtf card" if true
 CHARMM>    set nat ?NATC
 RDCMND substituted energy or value "?NATC" to "488"
 Parameter: NAT <- "488"
  
 CHARMM>    set app
 Parameter: APP <- "" <empty>
  
 CHARMM>    !We're exploiting what is arguably a bug in the parser. On the left hand side,
 CHARMM>    !the quotes have priority, so NAT is correctly substituted. On the right hand
 CHARMM>    !side, the ? has priority and NATC" (sic) is not a valid substitution...
 CHARMM>    if "@NAT" ne "?NATC" if @nat ne 0 set app append
 Parameter: NAT -> "488"
 Parameter: NAT -> "488"
 RDCMND: can not substitute energy "?NATC""
 Comparing ""488"" and ""?NATC"".
 IF test evaluated as true.  Performing command
 Comparing "488" and "0".
 IF test evaluated as true.  Performing command
 Parameter: APP <- "APPEND"
  
 CHARMM>     
  
 CHARMM>    read rtf card @app
 Parameter: APP -> "APPEND"
 MAINIO> Residue topology file being read from unit  98.
 RDTITL> * TOPOLOGY FOR WATER AND IONS
 RDTITL> *
  
 CHARMM>     
  
 CHARMM>    read para card flex @app
 Parameter: APP -> "APPEND"

          PARAMETER FILE BEING READ FROM UNIT 98
 RDTITL> * PAR_CATION.PRM FOR MONO-, DI-, AND TRIVALENT CATIONS
 RDTITL> *
 PARMIO> NONBOND, HBOND lists and IMAGE atoms cleared.
  
 VCLOSE: Closing unit   98 with status "KEEP"

                    RETURNING TO INPUT STREAM    99
  
 CHARMM>    stream toppar/cam.str
 VOPEN> Attempting to open::toppar/cam.str::
 OPNLGU> Unit 98 opened for READONLY access to toppar/cam.str

                    INPUT STREAM SWITCHING TO UNIT    98
 RDTITL> READ RTF CARD APPEND
 RDTITL> No title read.
 Parameter: IN1 <- "" <empty>
  
 CHARMM>    read rtf card append
 MAINIO> Residue topology file being read from unit  98.
 RDTITL> * TOPOLOGY GENERATED BY PARMED
 RDTITL> *

      ***** LEVEL  1 WARNING FROM <rtfrdr> *****
      ***** No AUTOgen defaults specified in appended RTF. Potential conflict with prior RTF autogen options. Check.
      ******************************************
      BOMLEV (  0) IS NOT REACHED. WRNLEV IS  5

  
 CHARMM>     
  
 CHARMM>    read para card flex append

          PARAMETER FILE BEING READ FROM UNIT 98
 RDTITL> * PARAMETERS GENERATED BY PARMED
 RDTITL> *
 PARMIO> NONBOND, HBOND lists and IMAGE atoms cleared.
  
 CHARMM>     
  
 CHARMM>    ! The following section contains NBFixes for CAM interacting with
 CHARMM>    ! water.
 CHARMM>    set para
 Parameter: PARA <- "" <empty>
  
 CHARMM>    if ?NUMNODE gt 1 set para node 0
 RDCMND substituted energy or value "?NUMNODE" to "1"
 Comparing "1" and "1".
 IF test evaluated as false.  Skipping command
  
 CHARMM>     
  
 CHARMM>    set wrn ?WRNLEV
 RDCMND substituted energy or value "?WRNLEV" to "5"
 Parameter: WRN <- "5"
  
 CHARMM>    ! Some versions of CHARMM don't seem to initialize wrnlev...
 CHARMM>    if "@WRN" eq "?WRNLEV" set wrn 5
 Parameter: WRN -> "5"
 RDCMND: can not substitute energy "?WRNLEV""
 Comparing ""5"" and ""?WRNLEV"".
 IF test evaluated as false.  Skipping command
  
 CHARMM>    set bom ?bomlev
 RDCMND substituted energy or value "?BOMLEV" to "0"
 Parameter: BOM <- "0"
  
 CHARMM>    WRNLEV -1 @PARA
 Parameter: PARA -> "" <empty>
  
 CHARMM>    BOMLEV -1 @PARA
 Parameter: PARA -> "" <empty>
  
 CHARMM>     
  
 CHARMM>    read para card flex append

          PARAMETER FILE BEING READ FROM UNIT 98
 RDTITL> * NBFIX BETWEEN CAM AND WATER
 RDTITL> *
 PARMIO> NONBOND, HBOND lists and IMAGE atoms cleared.
  
 CHARMM>    BOMLEV @bom @PARA
 Parameter: BOM -> "0"
 Parameter: PARA -> "" <empty>
  
 CHARMM>    WRNLEV @wrn @PARA
 Parameter: WRN -> "5"
 Parameter: PARA -> "" <empty>
  
 CHARMM>     
  
 CHARMM>    return
 VCLOSE: Closing unit   98 with status "KEEP"

                    RETURNING TO INPUT STREAM    99
  
 CHARMM>     
  
 CHARMM>    ! Additional topologies and parameters for protein
 CHARMM>    stream toppar/toppar_all36_prot_arg0.str
 VOPEN> Attempting to open::toppar/toppar_all36_prot_arg0.str::
 OPNLGU> Unit 98 opened for READONLY access to toppar/toppar_all36_prot_arg0.str

                    INPUT STREAM SWITCHING TO UNIT    98
 RDTITL> *>>>>>> ALL-HYDROGEN TOPOLOGY FOR NEUTRAL ARG <<<<<<<<<<<<<<<<<<<<
 RDTITL> *>>>>>>>>>>>>>>>>>>>>>>> 2007 <<<<<<<<<<<<<<<<<<<<<<<<<<<<<<<<<<<<
 RDTITL> *>>>>>>>> DIRECT COMMENTS TO ALEXANDER D. MACKERELL JR. <<<<<<<<<<
 RDTITL> *>>>>>>>>>>>>>>> PARAMETER FORUM, WWW.CHARMM.ORG <<<<<<<<<<<<<<<<<
 RDTITL> *
 Parameter: IN1 <- "" <empty>
  
 CHARMM>     
  
 CHARMM>    ! Atom names include "R" (for Arg) as the second letter. The
 CHARMM>    ! only other atom types in the additive FF with this second
 CHARMM>    ! letter are histidine [HN]R[123] in the protein FF and CRL[12]
 CHARMM>    ! in toppar_all36_lipid_cholesterol.str , so no more conflicts.
 CHARMM>     
  
 CHARMM>    !Parent files that have to be read prior to streaming this file
 CHARMM>    !top_all36_prot.rtf
 CHARMM>    !par_all36_prot.rtf
 CHARMM>    !
 CHARMM>    !Testcase
 CHARMM>    !test_all36_prot_arg0.inp
 CHARMM>     
  
 CHARMM>    !Li, L., Vorobyov, I.V., MacKerell, Jr., A.D., Allen, T.W., "Is
 CHARMM>    !arginine charged in a membrane?" Biophysical Journal, 94: L11-L13,
 CHARMM>    !2008, PMCID: PMC2157258
 CHARMM>     
  
 CHARMM>    read rtf card append
 MAINIO> Residue topology file being read from unit  98.
 RDTITL> * TOPOLOGY FOR PROTEIN RELATED MODEL COMPOUNDS
 RDTITL> *
*** WARNING **** residue MGU1 already exists (old one deleted)

      ***** LEVEL  1 WARNING FROM <RTFRDR> *****
      ***** Residue already exists.
      ******************************************
      BOMLEV (  0) IS NOT REACHED. WRNLEV IS  5

          RESI MGU1          0.00
*** WARNING **** residue MGU2 already exists (old one deleted)

      ***** LEVEL  1 WARNING FROM <RTFRDR> *****
      ***** Residue already exists.
      ******************************************
      BOMLEV (  0) IS NOT REACHED. WRNLEV IS  5

          RESI MGU2          0.00
 There were   2 warning(s) from RTFRDR.
  
 CHARMM>     
  
 CHARMM>    read param card flex append

          PARAMETER FILE BEING READ FROM UNIT 98
 RDTITL>  
 RDTITL> No title read.
 PARMIO> NONBOND, HBOND lists and IMAGE atoms cleared.
  
 CHARMM>     
  
 CHARMM>    return
 VCLOSE: Closing unit   98 with status "KEEP"

                    RETURNING TO INPUT STREAM    99
  
 CHARMM>    stream toppar/toppar_all36_prot_c36m_d_aminoacids.str
 VOPEN> Attempting to open::toppar/toppar_all36_prot_c36m_d_aminoacids.str::
 OPNLGU> Unit 98 opened for READONLY access to toppar/toppar_all36_prot_c36m_d_aminoacids.str

                    INPUT STREAM SWITCHING TO UNIT    98
 RDTITL> *>>>>>>CHARMM36 ALL-HYDROGEN TOPPAR FILE FOR D-PROTEINS <<<<<<<
 RDTITL> *>>>>>>>>>>>>>>>>>>>>>>>>>> JAN. 2016 <<<<<<<<<<<<<<<<<<<<<<<<<<<<
 RDTITL> * ALL COMMENTS TO THE CHARMM WEB SITE: WWW.CHARMM.ORG
 RDTITL> *             PARAMETER SET DISCUSSION FORUM
 RDTITL> *
 Parameter: IN1 <- "" <empty>
  
 CHARMM>     
  
 CHARMM>    !update 2016/2. use directly inverted CMAPs
 CHARMM>     
  
 CHARMM>    !toppar stream file for D-amino acids. Includes new residue
 CHARMM>    !names, inverted CMAP and additional parameters.
 CHARMM>     
  
 CHARMM>    !Parent files that have to be read prior to streaming this file
 CHARMM>    !top_all36_prot.rtf
 CHARMM>    !par_all36m_prot.prm
 CHARMM>    !
 CHARMM>    !Testcase
 CHARMM>    !test_all36_d_amino_acid.inp
 CHARMM>     
  
 CHARMM>    !test "append" to determine if previous toppar files have been read and
 CHARMM>    !add append to "read rtf card" if true
 CHARMM>    set nat ?NATC
 RDCMND substituted energy or value "?NATC" to "554"
 Parameter: NAT <- "554"
  
 CHARMM>    set app
 Parameter: APP <- "" <empty>
  
 CHARMM>    !We're exploiting what is arguably a bug in the parser. On the left hand side,
 CHARMM>    !the quotes have priority, so NAT is correctly substituted. On the right hand
 CHARMM>    !side, the ? has priority and NATC" (sic) is not a valid substitution...
 CHARMM>    if "@NAT" ne "?NATC" if @nat ne 0 set app append
 Parameter: NAT -> "554"
 Parameter: NAT -> "554"
 RDCMND: can not substitute energy "?NATC""
 Comparing ""554"" and ""?NATC"".
 IF test evaluated as true.  Performing command
 Comparing "554" and "0".
 IF test evaluated as true.  Performing command
 Parameter: APP <- "APPEND"
  
 CHARMM>     
  
 CHARMM>    read rtf card @app
 Parameter: APP -> "APPEND"
 MAINIO> Residue topology file being read from unit  98.
 RDTITL> * TOPOLOGY FOR D- AMINOACIDS
 RDTITL> *
  
 CHARMM>     
  
 CHARMM>    read para card flex @app
 Parameter: APP -> "APPEND"

          PARAMETER FILE BEING READ FROM UNIT 98
 RDTITL> * PARAMETERS FOR D- AMINOACIDS
 RDTITL> *
 PARMIO> NONBOND, HBOND lists and IMAGE atoms cleared.
  
 VCLOSE: Closing unit   98 with status "KEEP"

                    RETURNING TO INPUT STREAM    99
  
 CHARMM>    stream toppar/toppar_all36_prot_fluoro_alkanes.str
 VOPEN> Attempting to open::toppar/toppar_all36_prot_fluoro_alkanes.str::
 OPNLGU> Unit 98 opened for READONLY access to toppar/toppar_all36_prot_fluoro_alkanes.str

                    INPUT STREAM SWITCHING TO UNIT    98
 RDTITL> * TOPOLOGY AND PARAMETERS FOR FLUORINATED ALKANES.
 RDTITL> *
 Parameter: IN1 <- "" <empty>
  
 CHARMM>     
  
 CHARMM>    !These parameters are maintained for historic reasons.  The CGenFF
 CHARMM>    !halogen parameters are a significant improvement over these
 CHARMM>    !parameters.
 CHARMM>     
  
 CHARMM>    !Parent files that have to be read prior to streaming this file
 CHARMM>    !top_all36_prot.rtf
 CHARMM>    !par_all36_prot.prm
 CHARMM>     
  
 CHARMM>    !Testcase
 CHARMM>    !test_all36_prot_fluoro_alkanes.inp
 CHARMM>     
  
 CHARMM>    !Reference
 CHARMM>    !Chen, I.-J., Yin, D. and MacKerell, Jr., A.D., "Combined Ab
 CHARMM>    !initio/Empirical Approach for Optimization of Lennard-Jones Parameters
 CHARMM>    !for Polar-Neutral Compounds," Journal of Computational Chemistry,
 CHARMM>    !2002, 23:199-213.
 CHARMM>    !
 CHARMM>    !Note that these parameters are higly optimized to reproduce the
 CHARMM>    !corresponding condensed phase properties and have not been incorporated
 CHARMM>    !into the CHARMM22 or CHARMM27 biomolecular force fields
 CHARMM>     
  
 CHARMM>    read rtf card append
 MAINIO> Residue topology file being read from unit  98.
 RDTITL> * TOPOLOGY FOR FLUOROALKANES
 RDTITL> *
*** WARNING **** residue ETHA already exists (old one deleted)

      ***** LEVEL  1 WARNING FROM <RTFRDR> *****
      ***** Residue already exists.
      ******************************************
      BOMLEV (  0) IS NOT REACHED. WRNLEV IS  5

          RESI ETHA  0.0
*** WARNING **** residue FETH already exists (old one deleted)

      ***** LEVEL  1 WARNING FROM <RTFRDR> *****
      ***** Residue already exists.
      ******************************************
      BOMLEV (  0) IS NOT REACHED. WRNLEV IS  5

          RESI FETH  0.0
*** WARNING **** residue DFET already exists (old one deleted)

      ***** LEVEL  1 WARNING FROM <RTFRDR> *****
      ***** Residue already exists.
      ******************************************
      BOMLEV (  0) IS NOT REACHED. WRNLEV IS  5

          RESI DFET 0.0
*** WARNING **** residue TFET already exists (old one deleted)

      ***** LEVEL  1 WARNING FROM <RTFRDR> *****
      ***** Residue already exists.
      ******************************************
      BOMLEV (  0) IS NOT REACHED. WRNLEV IS  5

          RESI TFET  0.0
*** WARNING **** residue TFE  already exists (old one deleted)

      ***** LEVEL  1 WARNING FROM <RTFRDR> *****
      ***** Residue already exists.
      ******************************************
      BOMLEV (  0) IS NOT REACHED. WRNLEV IS  5

          RESI TFE   0.0
 There were   5 warning(s) from RTFRDR.
  
 CHARMM>     
  
 CHARMM>    read para card flex append

          PARAMETER FILE BEING READ FROM UNIT 98
 RDTITL> * FLUOROALKANE PARAMETERS
 RDTITL> *
 PARMIO> NONBOND, HBOND lists and IMAGE atoms cleared.
  
 CHARMM>     
  
 CHARMM>    return
 VCLOSE: Closing unit   98 with status "KEEP"

                    RETURNING TO INPUT STREAM    99
  
 CHARMM>    stream toppar/toppar_all36_prot_heme.str
 VOPEN> Attempting to open::toppar/toppar_all36_prot_heme.str::
 OPNLGU> Unit 98 opened for READONLY access to toppar/toppar_all36_prot_heme.str

                    INPUT STREAM SWITCHING TO UNIT    98
 RDTITL> * TOPOLOGY AND PARAMETER STREAM FILE FOR HEME AND RELATED
 RDTITL> * LIGANDS AND PATCHES.
 RDTITL> *
 Parameter: IN1 <- "" <empty>
  
 CHARMM>     
  
 CHARMM>    !updated 2016/2, allow for use of AUTOGENERATE ANGLE DIHEDRAl PATCH
 CHARMM>     
  
 CHARMM>    !Parent files that have to be read prior to streaming this file
 CHARMM>    !top_all36_prot.rtf
 CHARMM>    !par_all36_prot.prm
 CHARMM>     
  
 CHARMM>    !Testcase
 CHARMM>    !test_all36_prot_heme.inp
 CHARMM>     
  
 CHARMM>    read rtf card append
 MAINIO> Residue topology file being read from unit  98.
 RDTITL> * TOPOLOGY FOR HEME AND RELATED COMPOUNDS AND PATCHES
 RDTITL> *
*** WARNING **** residue CO2  already exists (old one deleted)

      ***** LEVEL  1 WARNING FROM <RTFRDR> *****
      ***** Residue already exists.
      ******************************************
      BOMLEV (  0) IS NOT REACHED. WRNLEV IS  5

          RESI CO2             0.00
 There were   1 warning(s) from RTFRDR.
  
 CHARMM>     
  
 CHARMM>    read para card flex append

          PARAMETER FILE BEING READ FROM UNIT 98
 RDTITL> * ADDITIONAL PARAMETERS FOR HEME
 RDTITL> *
 PARMIO> NONBOND, HBOND lists and IMAGE atoms cleared.
  
 CHARMM>     
  
 CHARMM>    return
 VCLOSE: Closing unit   98 with status "KEEP"

                    RETURNING TO INPUT STREAM    99
  
 CHARMM>    stream toppar/toppar_all36_prot_heme_pcy.str
 VOPEN> Attempting to open::toppar/toppar_all36_prot_heme_pcy.str::
 OPNLGU> Unit 98 opened for READONLY access to toppar/toppar_all36_prot_heme_pcy.str

                    INPUT STREAM SWITCHING TO UNIT    98
 RDTITL> * TOPOLOGY AND PARAMETER STREAM FILE FOR HEME AND RELATED
 RDTITL> * LIGANDS AND PATCHES, WRITTEN BY SANGJUN PARK
 RDTITL> *
 Parameter: IN1 <- "" <empty>
  
 CHARMM>     
  
 CHARMM>    read rtf card append
 MAINIO> Residue topology file being read from unit  98.
 RDTITL> * TOPOLOGY FOR HEME AND RELATED COMPOUNDS AND PATCHES
 RDTITL> *
 **** WARNING from RTFRDR **** The total charge of the residue, PCY1,  -0.0700000,
 does not equal the expected charge,   0.0000000.
          PRES PCY2         0.00
 **** WARNING from RTFRDR **** The total charge of the residue, PCY2,  -0.0700000,
 does not equal the expected charge,   0.0000000.
 There were   2 warning(s) from RTFRDR.
  
 CHARMM>     
  
 CHARMM>    read para card flex append

          PARAMETER FILE BEING READ FROM UNIT 98
 RDTITL> * ADDITIONAL PARAMETERS FOR HEME
 RDTITL> *
 PARMIO> NONBOND, HBOND lists and IMAGE atoms cleared.
  
 CHARMM>     
  
 CHARMM>    return
 VCLOSE: Closing unit   98 with status "KEEP"

                    RETURNING TO INPUT STREAM    99
  
 CHARMM>    stream toppar/toppar_all36_prot_na_combined.str
 VOPEN> Attempting to open::toppar/toppar_all36_prot_na_combined.str::
 OPNLGU> Unit 98 opened for READONLY access to toppar/toppar_all36_prot_na_combined.str

                    INPUT STREAM SWITCHING TO UNIT    98
 RDTITL> * TOPOLOGY AND PARAMETER STREAM FILE FOR PATCHES TO CREATE
 RDTITL> * MODEL COMPOUNDS AND PATCHES THAT REQUIRE BOTH PROTEIN AND
 RDTITL> * NUCLEIC ACID TOPOLOGY AND PARAMETER INFORMATION
 RDTITL> *
 Parameter: IN1 <- "" <empty>
  
 CHARMM>     
  
 CHARMM>    !Parent files that have to be read prior to streaming this file
 CHARMM>    !top_all36_prot.rtf
 CHARMM>    !par_all36_prot.prm
 CHARMM>    !top_all36_na.rtf
 CHARMM>    !par_all36_na.prm
 CHARMM>    !stream/toppar_all36_prot_fluoro_alkanes.str ! atom types an parameters for fluorinated compounds
 CHARMM>     
  
 CHARMM>    !Testcase
 CHARMM>    !test_all36_prot_na_combined.inp
 CHARMM>     
  
 CHARMM>    !all patches must be followed by AUTOGENERATE ANGLES DIHEDRALS
 CHARMM>     
  
 CHARMM>    !PHOSPHOTYROSINE
 CHARMM>    !
 CHARMM>    !Feng, M.-H., Philippopoulos, M., MacKerell, Jr., A.D. and Lim, C.
 CHARMM>    !Structural Characterization of the Phosphotyrosine Binding Region of a
 CHARMM>    !High-Affinity aSH2 Domain-Phosphopeptide Complex by Molecular Dynamics
 CHARMM>    !Simulation and Chemical Shift Calculations. Journal of the American
 CHARMM>    !Chemical Society, 1996, 118: 11265-11277.
 CHARMM>     
  
 CHARMM>    read rtf card append
 MAINIO> Residue topology file being read from unit  98.
 RDTITL> * TOPOLOGY FOR PHOSPHORYLATED AMINO ACIDS
 RDTITL> *
*** WARNING **** residue THFI already exists (old one deleted)

      ***** LEVEL  1 WARNING FROM <RTFRDR> *****
      ***** Residue already exists.
      ******************************************
      BOMLEV (  0) IS NOT REACHED. WRNLEV IS  5

          RESI THFI       0.00
*** WARNING **** residue THMI already exists (old one deleted)

      ***** LEVEL  1 WARNING FROM <RTFRDR> *****
      ***** Residue already exists.
      ******************************************
      BOMLEV (  0) IS NOT REACHED. WRNLEV IS  5

          RESI THMI       0.00
*** WARNING **** residue THFA already exists (old one deleted)

      ***** LEVEL  1 WARNING FROM <RTFRDR> *****
      ***** Residue already exists.
      ******************************************
      BOMLEV (  0) IS NOT REACHED. WRNLEV IS  5

          RESI THFA        0.00
*** WARNING **** residue THAO already exists (old one deleted)

      ***** LEVEL  1 WARNING FROM <RTFRDR> *****
      ***** Residue already exists.
      ******************************************
      BOMLEV (  0) IS NOT REACHED. WRNLEV IS  5

          RESI THAO         0.00
*** WARNING **** residue RNUS already exists (old one deleted)

      ***** LEVEL  1 WARNING FROM <RTFRDR> *****
      ***** Residue already exists.
      ******************************************
      BOMLEV (  0) IS NOT REACHED. WRNLEV IS  5

          RESI RNUS         0.00
*** WARNING **** residue NUCL already exists (old one deleted)

      ***** LEVEL  1 WARNING FROM <RTFRDR> *****
      ***** Residue already exists.
      ******************************************
      BOMLEV (  0) IS NOT REACHED. WRNLEV IS  5

          RESI NUCL        -1.00
*** WARNING **** residue PPH1 already exists (old one deleted)

      ***** LEVEL  1 WARNING FROM <RTFRDR> *****
      ***** Residue already exists.
      ******************************************
      BOMLEV (  0) IS NOT REACHED. WRNLEV IS  5

          RESI PPH1      -1.00
*** WARNING **** residue BMPH already exists (old one deleted)

      ***** LEVEL  1 WARNING FROM <RTFRDR> *****
      ***** Residue already exists.
      ******************************************
      BOMLEV (  0) IS NOT REACHED. WRNLEV IS  5

          RESI BMPH      -1.00
*** WARNING **** residue BMPD already exists (old one deleted)

      ***** LEVEL  1 WARNING FROM <RTFRDR> *****
      ***** Residue already exists.
      ******************************************
      BOMLEV (  0) IS NOT REACHED. WRNLEV IS  5

          RESI BMPD      -2.00
*** WARNING **** residue BDFP already exists (old one deleted)

      ***** LEVEL  1 WARNING FROM <RTFRDR> *****
      ***** Residue already exists.
      ******************************************
      BOMLEV (  0) IS NOT REACHED. WRNLEV IS  5

          RESI BDFP      -1.00
*** WARNING **** residue BDFD already exists (old one deleted)

      ***** LEVEL  1 WARNING FROM <RTFRDR> *****
      ***** Residue already exists.
      ******************************************
      BOMLEV (  0) IS NOT REACHED. WRNLEV IS  5

          RESI BDFD -2.00
*** WARNING **** residue EP_2 already exists (old one deleted)

      ***** LEVEL  1 WARNING FROM <RTFRDR> *****
      ***** Residue already exists.
      ******************************************
      BOMLEV (  0) IS NOT REACHED. WRNLEV IS  5

          RESI EP_2        -2.00
*** WARNING **** residue IP_2 already exists (old one deleted)

      ***** LEVEL  1 WARNING FROM <RTFRDR> *****
      ***** Residue already exists.
      ******************************************
      BOMLEV (  0) IS NOT REACHED. WRNLEV IS  5

          RESI IP_2        -2.00
 There were  13 warning(s) from RTFRDR.
  
 CHARMM>     
  
 CHARMM>    read para card flex append

          PARAMETER FILE BEING READ FROM UNIT 98
 RDTITL> * ADDITIONAL PARAMETERS FOR PHOSPHORYLATED AMINO ACIDS
 RDTITL> *
 PARMIO> NONBOND, HBOND lists and IMAGE atoms cleared.
  
 VCLOSE: Closing unit   98 with status "KEEP"

                    RETURNING TO INPUT STREAM    99
  
 CHARMM>    stream toppar/toppar_all36_prot_retinol.str
 VOPEN> Attempting to open::toppar/toppar_all36_prot_retinol.str::
 OPNLGU> Unit 98 opened for READONLY access to toppar/toppar_all36_prot_retinol.str

                    INPUT STREAM SWITCHING TO UNIT    98
 RDTITL> * TOPPAR STREAM FILE FOR RETINOL AND RETINAL PARAMETERS
 RDTITL> * A. LOCCISANO, A.M.W., J. EVANSECK AND A.D. MACKERELL, JR.
 RDTITL> * APRIL, 2005
 RDTITL> *
 Parameter: IN1 <- "" <empty>
  
 CHARMM>     
  
 CHARMM>    !use with c36 protein force fields
 CHARMM>    !top_all36_prot.rtf
 CHARMM>    !par_all36_prot.prm
 CHARMM>     
  
 CHARMM>    read rtf card append
 MAINIO> Residue topology file being read from unit  98.
 RDTITL> * RETINAL/RETINOL AND RELATED MODEL COMPOUNDS
 RDTITL> *
*** WARNING **** residue BTE2 already exists (old one deleted)

      ***** LEVEL  1 WARNING FROM <RTFRDR> *****
      ***** Residue already exists.
      ******************************************
      BOMLEV (  0) IS NOT REACHED. WRNLEV IS  5

          RESI BTE2       0.00
*** WARNING **** residue 13DB already exists (old one deleted)

      ***** LEVEL  1 WARNING FROM <RTFRDR> *****
      ***** Residue already exists.
      ******************************************
      BOMLEV (  0) IS NOT REACHED. WRNLEV IS  5

          RESI 13DB       0.00
*** WARNING **** residue 13DP already exists (old one deleted)

      ***** LEVEL  1 WARNING FROM <RTFRDR> *****
      ***** Residue already exists.
      ******************************************
      BOMLEV (  0) IS NOT REACHED. WRNLEV IS  5

          RESI 13DP       0.00
*** WARNING **** residue DMB1 already exists (old one deleted)

      ***** LEVEL  1 WARNING FROM <RTFRDR> *****
      ***** Residue already exists.
      ******************************************
      BOMLEV (  0) IS NOT REACHED. WRNLEV IS  5

          RESI DMB1       0.00
*** WARNING **** residue DMP1 already exists (old one deleted)

      ***** LEVEL  1 WARNING FROM <RTFRDR> *****
      ***** Residue already exists.
      ******************************************
      BOMLEV (  0) IS NOT REACHED. WRNLEV IS  5

          RESI DMP1       0.00
*** WARNING **** residue DMP2 already exists (old one deleted)

      ***** LEVEL  1 WARNING FROM <RTFRDR> *****
      ***** Residue already exists.
      ******************************************
      BOMLEV (  0) IS NOT REACHED. WRNLEV IS  5

          RESI DMP2       0.00
*** WARNING **** residue CROT already exists (old one deleted)

      ***** LEVEL  1 WARNING FROM <RTFRDR> *****
      ***** Residue already exists.
      ******************************************
      BOMLEV (  0) IS NOT REACHED. WRNLEV IS  5

          RESI CROT       0.00
*** WARNING **** residue PACP already exists (old one deleted)

      ***** LEVEL  1 WARNING FROM <RTFRDR> *****
      ***** Residue already exists.
      ******************************************
      BOMLEV (  0) IS NOT REACHED. WRNLEV IS  5

          RESI PACP       0.00
*** WARNING **** residue MECH already exists (old one deleted)

      ***** LEVEL  1 WARNING FROM <RTFRDR> *****
      ***** Residue already exists.
      ******************************************
      BOMLEV (  0) IS NOT REACHED. WRNLEV IS  5

          RESI MECH       0.00
*** WARNING **** residue TMCH already exists (old one deleted)

      ***** LEVEL  1 WARNING FROM <RTFRDR> *****
      ***** Residue already exists.
      ******************************************
      BOMLEV (  0) IS NOT REACHED. WRNLEV IS  5

          RESI TMCH       0.00
*** WARNING **** residue FRET already exists (old one deleted)

      ***** LEVEL  1 WARNING FROM <RTFRDR> *****
      ***** Residue already exists.
      ******************************************
      BOMLEV (  0) IS NOT REACHED. WRNLEV IS  5

          RESI FRET       0.00
*** WARNING **** residue RTOL already exists (old one deleted)

      ***** LEVEL  1 WARNING FROM <RTFRDR> *****
      ***** Residue already exists.
      ******************************************
      BOMLEV (  0) IS NOT REACHED. WRNLEV IS  5

          RESI RTOL       0.00
*** WARNING **** residue RTAL already exists (old one deleted)

      ***** LEVEL  1 WARNING FROM <RTFRDR> *****
      ***** Residue already exists.
      ******************************************
      BOMLEV (  0) IS NOT REACHED. WRNLEV IS  5

          RESI RTAL       0.00
*** WARNING **** residue RTAC already exists (old one deleted)

      ***** LEVEL  1 WARNING FROM <RTFRDR> *****
      ***** Residue already exists.
      ******************************************
      BOMLEV (  0) IS NOT REACHED. WRNLEV IS  5

          RESI RTAC      -1.00
*** WARNING **** residue PRAC already exists (old one deleted)

      ***** LEVEL  1 WARNING FROM <RTFRDR> *****
      ***** Residue already exists.
      ******************************************
      BOMLEV (  0) IS NOT REACHED. WRNLEV IS  5

          RESI PRAC      -1.00
*** WARNING **** residue PROL already exists (old one deleted)

      ***** LEVEL  1 WARNING FROM <RTFRDR> *****
      ***** Residue already exists.
      ******************************************
      BOMLEV (  0) IS NOT REACHED. WRNLEV IS  5

          RESI PROL       0.00
*** WARNING **** residue PRAL already exists (old one deleted)

      ***** LEVEL  1 WARNING FROM <RTFRDR> *****
      ***** Residue already exists.
      ******************************************
      BOMLEV (  0) IS NOT REACHED. WRNLEV IS  5

          RESI PRAL       0.00
*** WARNING **** residue SCH1 already exists (old one deleted)

      ***** LEVEL  1 WARNING FROM <RTFRDR> *****
      ***** Residue already exists.
      ******************************************
      BOMLEV (  0) IS NOT REACHED. WRNLEV IS  5

          RESI SCH1       0.00
*** WARNING **** residue SCH2 already exists (old one deleted)

      ***** LEVEL  1 WARNING FROM <RTFRDR> *****
      ***** Residue already exists.
      ******************************************
      BOMLEV (  0) IS NOT REACHED. WRNLEV IS  5

          RESI SCH2       1.00
*** WARNING **** residue SCH3 already exists (old one deleted)

      ***** LEVEL  1 WARNING FROM <RTFRDR> *****
      ***** Residue already exists.
      ******************************************
      BOMLEV (  0) IS NOT REACHED. WRNLEV IS  5

          RESI SCH3       1.00
 There were  20 warning(s) from RTFRDR.
  
 CHARMM>     
  
 CHARMM>    read para card flex append

          PARAMETER FILE BEING READ FROM UNIT 98
 RDTITL> * RETINAL/RETINOL AND RELATED PARAMETERS
 RDTITL> *
 PARMIO> NONBOND, HBOND lists and IMAGE atoms cleared.
  
 CHARMM>     
  
 VCLOSE: Closing unit   98 with status "KEEP"

                    RETURNING TO INPUT STREAM    99
  
 CHARMM>    stream toppar/toppar_all36_prot_model.str
 VOPEN> Attempting to open::toppar/toppar_all36_prot_model.str::
 OPNLGU> Unit 98 opened for READONLY access to toppar/toppar_all36_prot_model.str

                    INPUT STREAM SWITCHING TO UNIT    98
 RDTITL> *>> ALL-HYDROGEN TOPOLOGY FOR SMALL MODEL COMPOUNDS USED IN THE <<
 RDTITL> *>> DEVELOPMENT OF THE CHARMM22 PROTEIN ALL-HYDROGEN PARAMETERS <<
 RDTITL> *>>>>>>>>>>>>>>>>>>>>>>> JULY 1997 <<<<<<<<<<<<<<<<<<<<<<<<<<<<<<<
 RDTITL> *>>>>>>>> DIRECT COMMENTS TO ALEXANDER D. MACKERELL JR. <<<<<<<<<<
 RDTITL> *>>>>>>>>>>>>>>> PARAMETER FORUM, WWW.CHARMM.ORG <<<<<<<<<<<<<<<<<
 RDTITL> *CONVERTED TO STREAM FORMAT, DECEMBER 2003
 RDTITL> *CONVERTED TO CHARMM36 PROTEIN ATOM TYPES, MAY 2011
 RDTITL> *
 Parameter: IN1 <- "" <empty>
  
 CHARMM>     
  
 CHARMM>    !Parent files that have to be read prior to streaming this file
 CHARMM>    !top_all36_prot.rtf
 CHARMM>    !par_all36_prot.prm
 CHARMM>    !
 CHARMM>    !Testcase
 CHARMM>    !test_all36_prot_model.inp
 CHARMM>     
  
 CHARMM>    !changes after 9/98
 CHARMM>    !
 CHARMM>    !change alkene HA1 and HA2 to HE1 and HE2
 CHARMM>    !
 CHARMM>    !improper atom ordering corrected
 CHARMM>    !
 CHARMM>    !version b5i to be consistent with protein toppar files
 CHARMM>    !
 CHARMM>    !Heme vinyl groups upgraded based on new butene parameters
 CHARMM>    !
 CHARMM>     
  
 CHARMM>    ! references
 CHARMM>    !
 CHARMM>    !PROTEINS
 CHARMM>    !
 CHARMM>    !MacKerell, Jr., A. D.; Bashford, D.; Bellott, M.; Dunbrack Jr., R.L.;
 CHARMM>    !Evanseck, J.D.; Field, M.J.; Fischer, S.; Gao, J.; Guo, H.; Ha, S.;
 CHARMM>    !Joseph-McCarthy, D.; Kuchnir, L.; Kuczera, K.; Lau, F.T.K.; Mattos,
 CHARMM>    !C.; Michnick, S.; Ngo, T.; Nguyen, D.T.; Prodhom, B.; Reiher, III,
 CHARMM>    !W.E.; Roux, B.; Schlenkrich, M.; Smith, J.C.; Stote, R.; Straub, J.;
 CHARMM>    !Watanabe, M.; Wiorkiewicz-Kuczera, J.; Yin, D.; Karplus, M.  All-atom
 CHARMM>    !empirical potential for molecular modeling and dynamics Studies of
 CHARMM>    !proteins.  Journal of Physical Chemistry B, 1998, 102, 3586-3616.
 CHARMM>     
  
 CHARMM>    read rtf card append
 MAINIO> Residue topology file being read from unit  98.
 RDTITL> * TOPOLOGY FOR PROTEIN RELATED MODEL COMPOUNDS
 RDTITL> *
*** WARNING **** residue ACET already exists (old one deleted)

      ***** LEVEL  1 WARNING FROM <RTFRDR> *****
      ***** Residue already exists.
      ******************************************
      BOMLEV (  0) IS NOT REACHED. WRNLEV IS  5

          RESI ACET       -1.00
*** WARNING **** residue PROA already exists (old one deleted)

      ***** LEVEL  1 WARNING FROM <RTFRDR> *****
      ***** Residue already exists.
      ******************************************
      BOMLEV (  0) IS NOT REACHED. WRNLEV IS  5

          RESI PROA       -1.00
*** WARNING **** residue GUAN already exists (old one deleted)

      ***** LEVEL  1 WARNING FROM <RTFRDR> *****
      ***** Residue already exists.
      ******************************************
      BOMLEV (  0) IS NOT REACHED. WRNLEV IS  5

          RESI GUAN        1.00
*** WARNING **** residue MGUA already exists (old one deleted)

      ***** LEVEL  1 WARNING FROM <RTFRDR> *****
      ***** Residue already exists.
      ******************************************
      BOMLEV (  0) IS NOT REACHED. WRNLEV IS  5

          RESI MGUA        1.00
*** WARNING **** residue GLYN already exists (old one deleted)

      ***** LEVEL  1 WARNING FROM <RTFRDR> *****
      ***** Residue already exists.
      ******************************************
      BOMLEV (  0) IS NOT REACHED. WRNLEV IS  5

          RESI GLYN         0.00
*** WARNING **** residue MAMM already exists (old one deleted)

      ***** LEVEL  1 WARNING FROM <RTFRDR> *****
      ***** Residue already exists.
      ******************************************
      BOMLEV (  0) IS NOT REACHED. WRNLEV IS  5

          RESI MAMM        1.00
*** WARNING **** residue EAMM already exists (old one deleted)

      ***** LEVEL  1 WARNING FROM <RTFRDR> *****
      ***** Residue already exists.
      ******************************************
      BOMLEV (  0) IS NOT REACHED. WRNLEV IS  5

          RESI EAMM        1.00
*** WARNING **** residue ACEH already exists (old one deleted)

      ***** LEVEL  1 WARNING FROM <RTFRDR> *****
      ***** Residue already exists.
      ******************************************
      BOMLEV (  0) IS NOT REACHED. WRNLEV IS  5

          RESI ACEH        0.00
*** WARNING **** residue MEOH already exists (old one deleted)

      ***** LEVEL  1 WARNING FROM <RTFRDR> *****
      ***** Residue already exists.
      ******************************************
      BOMLEV (  0) IS NOT REACHED. WRNLEV IS  5

          RESI MEOH        0.00
*** WARNING **** residue METO already exists (old one deleted)

      ***** LEVEL  1 WARNING FROM <RTFRDR> *****
      ***** Residue already exists.
      ******************************************
      BOMLEV (  0) IS NOT REACHED. WRNLEV IS  5

          RESI METO       -1.00
*** WARNING **** residue ETOH already exists (old one deleted)

      ***** LEVEL  1 WARNING FROM <RTFRDR> *****
      ***** Residue already exists.
      ******************************************
      BOMLEV (  0) IS NOT REACHED. WRNLEV IS  5

          RESI ETOH        0.00
*** WARNING **** residue ETO  already exists (old one deleted)

      ***** LEVEL  1 WARNING FROM <RTFRDR> *****
      ***** Residue already exists.
      ******************************************
      BOMLEV (  0) IS NOT REACHED. WRNLEV IS  5

          RESI ETO        -1.00
*** WARNING **** residue PRO2 already exists (old one deleted)

      ***** LEVEL  1 WARNING FROM <RTFRDR> *****
      ***** Residue already exists.
      ******************************************
      BOMLEV (  0) IS NOT REACHED. WRNLEV IS  5

          RESI PRO2        0.00
*** WARNING **** residue FORM already exists (old one deleted)

      ***** LEVEL  1 WARNING FROM <RTFRDR> *****
      ***** Residue already exists.
      ******************************************
      BOMLEV (  0) IS NOT REACHED. WRNLEV IS  5

          RESI FORM        0.00
*** WARNING **** residue ACEM already exists (old one deleted)

      ***** LEVEL  1 WARNING FROM <RTFRDR> *****
      ***** Residue already exists.
      ******************************************
      BOMLEV (  0) IS NOT REACHED. WRNLEV IS  5

          RESI ACEM        0.00
*** WARNING **** residue NMA  already exists (old one deleted)

      ***** LEVEL  1 WARNING FROM <RTFRDR> *****
      ***** Residue already exists.
      ******************************************
      BOMLEV (  0) IS NOT REACHED. WRNLEV IS  5

          RESI NMA         0.00
*** WARNING **** residue MESH already exists (old one deleted)

      ***** LEVEL  1 WARNING FROM <RTFRDR> *****
      ***** Residue already exists.
      ******************************************
      BOMLEV (  0) IS NOT REACHED. WRNLEV IS  5

          RESI MESH        0.00
*** WARNING **** residue MES1 already exists (old one deleted)

      ***** LEVEL  1 WARNING FROM <RTFRDR> *****
      ***** Residue already exists.
      ******************************************
      BOMLEV (  0) IS NOT REACHED. WRNLEV IS  5

          RESI MES1       -1.00
*** WARNING **** residue ETSH already exists (old one deleted)

      ***** LEVEL  1 WARNING FROM <RTFRDR> *****
      ***** Residue already exists.
      ******************************************
      BOMLEV (  0) IS NOT REACHED. WRNLEV IS  5

          RESI ETSH        0.00
*** WARNING **** residue ES1  already exists (old one deleted)

      ***** LEVEL  1 WARNING FROM <RTFRDR> *****
      ***** Residue already exists.
      ******************************************
      BOMLEV (  0) IS NOT REACHED. WRNLEV IS  5

          RESI ES1        -1.00
*** WARNING **** residue DMDS already exists (old one deleted)

      ***** LEVEL  1 WARNING FROM <RTFRDR> *****
      ***** Residue already exists.
      ******************************************
      BOMLEV (  0) IS NOT REACHED. WRNLEV IS  5

          RESI DMDS        0.00
*** WARNING **** residue DEDS already exists (old one deleted)

      ***** LEVEL  1 WARNING FROM <RTFRDR> *****
      ***** Residue already exists.
      ******************************************
      BOMLEV (  0) IS NOT REACHED. WRNLEV IS  5

          RESI DEDS        0.00
*** WARNING **** residue EMS  already exists (old one deleted)

      ***** LEVEL  1 WARNING FROM <RTFRDR> *****
      ***** Residue already exists.
      ******************************************
      BOMLEV (  0) IS NOT REACHED. WRNLEV IS  5

          RESI EMS         0.00
*** WARNING **** residue IMIA already exists (old one deleted)

      ***** LEVEL  1 WARNING FROM <RTFRDR> *****
      ***** Residue already exists.
      ******************************************
      BOMLEV (  0) IS NOT REACHED. WRNLEV IS  5

          RESI IMIA        0.00
*** WARNING **** residue MIMI already exists (old one deleted)

      ***** LEVEL  1 WARNING FROM <RTFRDR> *****
      ***** Residue already exists.
      ******************************************
      BOMLEV (  0) IS NOT REACHED. WRNLEV IS  5

          RESI MIMI        0.00
*** WARNING **** residue EIMI already exists (old one deleted)

      ***** LEVEL  1 WARNING FROM <RTFRDR> *****
      ***** Residue already exists.
      ******************************************
      BOMLEV (  0) IS NOT REACHED. WRNLEV IS  5

          RESI EIMI        0.00
*** WARNING **** residue IMIM already exists (old one deleted)

      ***** LEVEL  1 WARNING FROM <RTFRDR> *****
      ***** Residue already exists.
      ******************************************
      BOMLEV (  0) IS NOT REACHED. WRNLEV IS  5

          RESI IMIM        1.00
*** WARNING **** residue EIMM already exists (old one deleted)

      ***** LEVEL  1 WARNING FROM <RTFRDR> *****
      ***** Residue already exists.
      ******************************************
      BOMLEV (  0) IS NOT REACHED. WRNLEV IS  5

          RESI EIMM        1.00
*** WARNING **** residue BENZ already exists (old one deleted)

      ***** LEVEL  1 WARNING FROM <RTFRDR> *****
      ***** Residue already exists.
      ******************************************
      BOMLEV (  0) IS NOT REACHED. WRNLEV IS  5

          RESI BENZ        0.00
*** WARNING **** residue EBEN already exists (old one deleted)

      ***** LEVEL  1 WARNING FROM <RTFRDR> *****
      ***** Residue already exists.
      ******************************************
      BOMLEV (  0) IS NOT REACHED. WRNLEV IS  5

          RESI EBEN         0.00
*** WARNING **** residue PHEN already exists (old one deleted)

      ***** LEVEL  1 WARNING FROM <RTFRDR> *****
      ***** Residue already exists.
      ******************************************
      BOMLEV (  0) IS NOT REACHED. WRNLEV IS  5

          RESI PHEN        0.00
*** WARNING **** residue EPHE already exists (old one deleted)

      ***** LEVEL  1 WARNING FROM <RTFRDR> *****
      ***** Residue already exists.
      ******************************************
      BOMLEV (  0) IS NOT REACHED. WRNLEV IS  5

          RESI EPHE        0.00
*** WARNING **** residue PHEO already exists (old one deleted)

      ***** LEVEL  1 WARNING FROM <RTFRDR> *****
      ***** Residue already exists.
      ******************************************
      BOMLEV (  0) IS NOT REACHED. WRNLEV IS  5

          RESI PHEO       -1.00
*** WARNING **** residue INDO already exists (old one deleted)

      ***** LEVEL  1 WARNING FROM <RTFRDR> *****
      ***** Residue already exists.
      ******************************************
      BOMLEV (  0) IS NOT REACHED. WRNLEV IS  5

          RESI INDO        0.00
*** WARNING **** residue EIND already exists (old one deleted)

      ***** LEVEL  1 WARNING FROM <RTFRDR> *****
      ***** Residue already exists.
      ******************************************
      BOMLEV (  0) IS NOT REACHED. WRNLEV IS  5

          RESI EIND        0.00
*** WARNING **** residue PDIP already exists (old one deleted)

      ***** LEVEL  1 WARNING FROM <RTFRDR> *****
      ***** Residue already exists.
      ******************************************
      BOMLEV (  0) IS NOT REACHED. WRNLEV IS  5

          RESI PDIP        0.00
*** WARNING **** residue ETHA already exists (old one deleted)

      ***** LEVEL  1 WARNING FROM <RTFRDR> *****
      ***** Residue already exists.
      ******************************************
      BOMLEV (  0) IS NOT REACHED. WRNLEV IS  5

          RESI ETHA        0.00
*** WARNING **** residue PRPA already exists (old one deleted)

      ***** LEVEL  1 WARNING FROM <RTFRDR> *****
      ***** Residue already exists.
      ******************************************
      BOMLEV (  0) IS NOT REACHED. WRNLEV IS  5

          RESI PRPA        0.00
*** WARNING **** residue IBUT already exists (old one deleted)

      ***** LEVEL  1 WARNING FROM <RTFRDR> *****
      ***** Residue already exists.
      ******************************************
      BOMLEV (  0) IS NOT REACHED. WRNLEV IS  5

          RESI IBUT        0.00
*** WARNING **** residue OCOH already exists (old one deleted)

      ***** LEVEL  1 WARNING FROM <RTFRDR> *****
      ***** Residue already exists.
      ******************************************
      BOMLEV (  0) IS NOT REACHED. WRNLEV IS  5

          RESI OCOH    0.0
*** WARNING **** residue CO3  already exists (old one deleted)

      ***** LEVEL  1 WARNING FROM <RTFRDR> *****
      ***** Residue already exists.
      ******************************************
      BOMLEV (  0) IS NOT REACHED. WRNLEV IS  5

          RESI CO3  -2.0
*** WARNING **** residue C3   already exists (old one deleted)

      ***** LEVEL  1 WARNING FROM <RTFRDR> *****
      ***** Residue already exists.
      ******************************************
      BOMLEV (  0) IS NOT REACHED. WRNLEV IS  5

          RESI C3    0.00
 There were  42 warning(s) from RTFRDR.
  
 CHARMM>     
  
 CHARMM>    read para card flex append

          PARAMETER FILE BEING READ FROM UNIT 98
 RDTITL>  
 RDTITL> No title read.
 PARMIO> NONBOND, HBOND lists and IMAGE atoms cleared.
  
 CHARMM>     
  
 CHARMM>    return
 VCLOSE: Closing unit   98 with status "KEEP"

                    RETURNING TO INPUT STREAM    99
  
 CHARMM>    stream toppar/toppar_all36_prot_modify_res.str
 VOPEN> Attempting to open::toppar/toppar_all36_prot_modify_res.str::
 OPNLGU> Unit 98 opened for READONLY access to toppar/toppar_all36_prot_modify_res.str

                    INPUT STREAM SWITCHING TO UNIT    98
 RDTITL> * TOPPAR FILE FOR VARIOUS MODIFIED RESIDUES AND PATCHES, INCLUDING
 RDTITL> * PATCHES TO COVALENTLY LINK RESIDUES TO IONS TO WORK WITH THE
 RDTITL> * ADDITIVE C36 PROTEIN FORCE FIELD
 RDTITL> * REQUIRES CGENFF PARAMETER FILE
 RDTITL> *
 Parameter: IN1 <- "" <empty>
  
 CHARMM>     
  
 CHARMM>    !Acetyllysine (ALY)
 CHARMM>    !Norleucine (NLE) and
 CHARMM>    ! residues and patches for Zn-protein interactions modeled using
 CHARMM>    ! bond and angles between the protein and Zn.
 CHARMM>     
  
 CHARMM>    !non-standard amino acids: 2021
 CHARMM>    !Croitoru, A., Park, S.-J., Kumar, A., Lee, J., Im, Wonpil; MacKerell,
 CHARMM>    !A.D., Jr., and Aleksandrov, A. Additive CHARMM36 Force Field for
 CHARMM>    !Nonstandard Amino Acids, Journal of Chemical Theory and Computation,
 CHARMM>    !17:3554-3570, doi: 10.1021/acs.jctc.1c00254.
 CHARMM>     
  
 CHARMM>    read rtf card append
 MAINIO> Residue topology file being read from unit  98.
 RDTITL> * TOPPAR FILE PROTEIN MODIFICATIONS
 RDTITL> *
*** WARNING **** residue CGU  already exists (old one deleted)

      ***** LEVEL  1 WARNING FROM <RTFRDR> *****
      ***** Residue already exists.
      ******************************************
      BOMLEV (  0) IS NOT REACHED. WRNLEV IS  5

          RESI CGU              -2.000
*** WARNING **** residue CME  already exists (old one deleted)

      ***** LEVEL  1 WARNING FROM <RTFRDR> *****
      ***** Residue already exists.
      ******************************************
      BOMLEV (  0) IS NOT REACHED. WRNLEV IS  5

          RESI CME               0.000
*** WARNING **** residue HIC  already exists (old one deleted)

      ***** LEVEL  1 WARNING FROM <RTFRDR> *****
      ***** Residue already exists.
      ******************************************
      BOMLEV (  0) IS NOT REACHED. WRNLEV IS  5

          RESI HIC               0.000
*** WARNING **** residue HICP already exists (old one deleted)

      ***** LEVEL  1 WARNING FROM <RTFRDR> *****
      ***** Residue already exists.
      ******************************************
      BOMLEV (  0) IS NOT REACHED. WRNLEV IS  5

          RESI HICP              1.000
*** WARNING **** residue CGUP already exists (old one deleted)

      ***** LEVEL  1 WARNING FROM <RTFRDR> *****
      ***** Residue already exists.
      ******************************************
      BOMLEV (  0) IS NOT REACHED. WRNLEV IS  5

          RESI CGUP             -1.000
 There were   5 warning(s) from RTFRDR.
  
 CHARMM>     
  
 CHARMM>    read para card append flex

          PARAMETER FILE BEING READ FROM UNIT 98
 RDTITL>  
 RDTITL> No title read.
 PARMIO> NONBOND, HBOND lists and IMAGE atoms cleared.
  
 CHARMM>     
  
 CHARMM>    return
 VCLOSE: Closing unit   98 with status "KEEP"

                    RETURNING TO INPUT STREAM    99
  
 CHARMM>     
  
 CHARMM>    ! Additional topologies and parameters for nucleic acids
 CHARMM>    stream toppar/toppar_all36_na_nad_ppi.str
 VOPEN> Attempting to open::toppar/toppar_all36_na_nad_ppi.str::
 OPNLGU> Unit 98 opened for READONLY access to toppar/toppar_all36_na_nad_ppi.str

                    INPUT STREAM SWITCHING TO UNIT    98
 RDTITL> * CHARMM36 ALL-HYDROGEN NUCLEIC ACID FORCE TOPPAR STREAM FILE
 RDTITL> * NAD+, NADH, ADP, ATP, PPI AND RELATED ANALOGS
 RDTITL> * A.D. MACKERELL, JR., JULY 2001
 RDTITL> * STREAM FOLLOWING RTF AND PARAM READ OF
 RDTITL> *
 Parameter: IN1 <- "" <empty>
  
 CHARMM>     
  
 CHARMM>    !Update, 2015/1, nomenclature for NAD+ etc. consistent with PDB
 CHARMM>     
  
 CHARMM>    !Parent files that have to be read prior to streaming this file
 CHARMM>    !top_all36_na.rtf
 CHARMM>    !par_all36_na.prm
 CHARMM>     
  
 CHARMM>    !Testcase
 CHARMM>    !test_all36_na_nad_ppi.inp
 CHARMM>     
  
 CHARMM>    !Reference
 CHARMM>    !Pavelites, J.J., Bash, P.A., Gao, J., and MacKerell, Jr.,
 CHARMM>    !A.D. A Molecular Mechanics Force Field for NAD+, NADH and the
 CHARMM>    !Pyrophosphate Groups of Nucleotides, Journal of Computational
 CHARMM>    !Chemistry, 1997, 18: 221-239.
 CHARMM>     
  
 CHARMM>    read rtf card append
 MAINIO> Residue topology file being read from unit  98.
 RDTITL> * NAD, PPI TOPOLOGY
 RDTITL> *
*** WARNING **** residue NIC  already exists (old one deleted)

      ***** LEVEL  1 WARNING FROM <RTFRDR> *****
      ***** Residue already exists.
      ******************************************
      BOMLEV (  0) IS NOT REACHED. WRNLEV IS  5

          RESI NIC         1.00
*** WARNING **** residue NICH already exists (old one deleted)

      ***** LEVEL  1 WARNING FROM <RTFRDR> *****
      ***** Residue already exists.
      ******************************************
      BOMLEV (  0) IS NOT REACHED. WRNLEV IS  5

          RESI NICH         0.00
*** WARNING **** residue PPI1 already exists (old one deleted)

      ***** LEVEL  1 WARNING FROM <RTFRDR> *****
      ***** Residue already exists.
      ******************************************
      BOMLEV (  0) IS NOT REACHED. WRNLEV IS  5

          RESI PPI1        -3.00
*** WARNING **** residue PPI2 already exists (old one deleted)

      ***** LEVEL  1 WARNING FROM <RTFRDR> *****
      ***** Residue already exists.
      ******************************************
      BOMLEV (  0) IS NOT REACHED. WRNLEV IS  5

          RESI PPI2        -2.00
*** WARNING **** residue AMP  already exists (old one deleted)

      ***** LEVEL  1 WARNING FROM <RTFRDR> *****
      ***** Residue already exists.
      ******************************************
      BOMLEV (  0) IS NOT REACHED. WRNLEV IS  5

          RESI AMP         -2.00
*** WARNING **** residue ADP  already exists (old one deleted)

      ***** LEVEL  1 WARNING FROM <RTFRDR> *****
      ***** Residue already exists.
      ******************************************
      BOMLEV (  0) IS NOT REACHED. WRNLEV IS  5

          RESI ADP         -3.00
*** WARNING **** residue ATP  already exists (old one deleted)

      ***** LEVEL  1 WARNING FROM <RTFRDR> *****
      ***** Residue already exists.
      ******************************************
      BOMLEV (  0) IS NOT REACHED. WRNLEV IS  5

          RESI ATP         -4.00
*** WARNING **** residue 5DP  already exists (old one deleted)

      ***** LEVEL  1 WARNING FROM <RTFRDR> *****
      ***** Residue already exists.
      ******************************************
      BOMLEV (  0) IS NOT REACHED. WRNLEV IS  5

          PRES 5DP         -3.00
*** WARNING **** residue NAD  already exists (old one deleted)

      ***** LEVEL  1 WARNING FROM <RTFRDR> *****
      ***** Residue already exists.
      ******************************************
      BOMLEV (  0) IS NOT REACHED. WRNLEV IS  5

          RESI NAD         -1.00
*** WARNING **** residue NADH already exists (old one deleted)

      ***** LEVEL  1 WARNING FROM <RTFRDR> *****
      ***** Residue already exists.
      ******************************************
      BOMLEV (  0) IS NOT REACHED. WRNLEV IS  5

          RESI NADH        -2.00
*** WARNING **** residue NADP already exists (old one deleted)

      ***** LEVEL  1 WARNING FROM <RTFRDR> *****
      ***** Residue already exists.
      ******************************************
      BOMLEV (  0) IS NOT REACHED. WRNLEV IS  5

          RESI NADP        -2.00
*** WARNING **** residue NDPH already exists (old one deleted)

      ***** LEVEL  1 WARNING FROM <RTFRDR> *****
      ***** Residue already exists.
      ******************************************
      BOMLEV (  0) IS NOT REACHED. WRNLEV IS  5

          RESI NDPH        -3.00
 There were  12 warning(s) from RTFRDR.
  
 CHARMM>     
  
 CHARMM>    read para card flex append

          PARAMETER FILE BEING READ FROM UNIT 98
 RDTITL> * NAD, PPI PARAMETERS
 RDTITL> *
 PARMIO> NONBOND, HBOND lists and IMAGE atoms cleared.
  
 CHARMM>     
  
 CHARMM>     
  
 VCLOSE: Closing unit   98 with status "KEEP"

                    RETURNING TO INPUT STREAM    99
  
 CHARMM>    stream toppar/toppar_all36_na_rna_modified.str
 VOPEN> Attempting to open::toppar/toppar_all36_na_rna_modified.str::
 OPNLGU> Unit 98 opened for READONLY access to toppar/toppar_all36_na_rna_modified.str

                    INPUT STREAM SWITCHING TO UNIT    98
 RDTITL> * ADDITIVE CHARMM FORCE FIELD FOR MODIFIED RIBONUCLEIC ACIDS, INCLUDING
 RDTITL> * THOSE FOUNDS IN TRNA. YOU XU, KAROLINSKA INSTITUTET, 2015.
 RDTITL> * |
 RDTITL> * WARNING: PARAMETERS AND ATOM TYPE ASSIGNMENTS IN THIS FILE ARE SPECIFIC
 RDTITL> * FOR THESE COMPOUNDS AND SHOULD UNDER NO CIRCUMSTANCES BE APPLIED TO
 RDTITL> * OTHER ORGANIC MOLECULES
 RDTITL> *
 Parameter: IN1 <- "" <empty>
  
 CHARMM>     
  
 CHARMM>    ! Xu, Y., Vanommeslaeghe, K., Aleksandrov, A., MacKerell, A.D.,
 CHARMM>    ! Jr. Nilsson, L., “Additive CHARMM force field for naturally
 CHARMM>    ! occurring modified ribonucleotides,” Journal of Computational
 CHARMM>    !  Chemistry, DOI: 10.1002/jcc.24307, 2016
 CHARMM>     
  
 CHARMM>    ! Should be used with parent files CGenFF: top_all36_cgenff.inp and par_all36_cgenff.inp
 CHARMM>    !                                    NA36: top_all36_na.inp and par_all36_na.inp
 CHARMM>    !                              and Carb36: top_all36_carb.inp and par_all36_carb.inp
 CHARMM>    !
 CHARMM>     
  
 CHARMM>    read rtf card append
 MAINIO> Residue topology file being read from unit  98.
 RDTITL> * TOPOLOGIES OF MODIFIED NUCLEOTIDES
 RDTITL> *
*** WARNING **** residue BUG  already exists (old one deleted)

      ***** LEVEL  1 WARNING FROM <RTFRDR> *****
      ***** Residue already exists.
      ******************************************
      BOMLEV (  0) IS NOT REACHED. WRNLEV IS  5

          RESI BUG           -1.00
 There were   1 warning(s) from RTFRDR.
  
 CHARMM>     
  
 CHARMM>    read param card flex append

          PARAMETER FILE BEING READ FROM UNIT 98
 RDTITL> * ADDITIVE CHARMM PARAMETERS FOR MODIFIED NUCLEIC ACIDS, BETA VERSION
 RDTITL> * YOU XU, KAROLINSKA INSTITUTET, 2015.
 RDTITL> *
 PARMIO> NONBOND, HBOND lists and IMAGE atoms cleared.
  
 CHARMM>    RETURN
 VCLOSE: Closing unit   98 with status "KEEP"

                    RETURNING TO INPUT STREAM    99
  
 CHARMM>     
  
 CHARMM>    ! Additional topologies and parameters for lipids
 CHARMM>    stream toppar/toppar_all36_lipid_sphingo.str
 VOPEN> Attempting to open::toppar/toppar_all36_lipid_sphingo.str::
 OPNLGU> Unit 98 opened for READONLY access to toppar/toppar_all36_lipid_sphingo.str

                    INPUT STREAM SWITCHING TO UNIT    98
 RDTITL> * TOPPAR STREAM FOR CERAMIDES AND SPINGOMYELINS; REQUIRES FLEX FORMAT FILES
 RDTITL> * TOP_ALL36_LIPID.RTF AND PAR_ALL36_LIPID.PRM
 RDTITL> *
 Parameter: IN1 <- "" <empty>
  
 CHARMM>     
  
 CHARMM>    ! REFERENCES
 CHARMM>    !
 CHARMM>    ! PSM and SSM Lipids
 CHARMM>    !
 CHARMM>    ! Venable, R. M.; Sodt, A. J.; Rogaski, B.; Rui, H.; Hatcher, E.; MacKerell, A. D.;
 CHARMM>    ! Pastor, R. W.; Klauda, J. B., CHARMM All-Atom Additive Force Field for Sphingomyelin:
 CHARMM>    ! Elucidation of Hydrogen Bonding and of Positive Curvature. Biophys. J. 2014, 107 (1), 134-145
 CHARMM>    !
 CHARMM>    ! Ceramide
 CHARMM>    !
 CHARMM>    ! Submited by Sam Tonddast-Navaei of U. Cincinnati. Advised by Russell Devane
 CHARMM>    ! Tested by Eric Wang of U. Maryland. Advised by Jeffery Klauda
 CHARMM>    !
 CHARMM>    !
 CHARMM>    ! CerAP/Cer6, CerNP/Cer3, and CerEOS/Cer1
 CHARMM>    !
 CHARMM>    ! Wang, E.; Klauda, J. B., Structure and Permeability of Ceramide Bilayers and Multilayers.
 CHARMM>    ! J. Phys. Chem. B., 2019, 123, 11, 2525-2535
 CHARMM>    ! Wang, E.; Klauda, J. B., Molecular Structure of the Long Periodicity Phase in the Stratum Corneum.
 CHARMM>    ! J. Amer. Chem. Soc., 2019. 141, 42, 16930-16943
 CHARMM>     
  
 CHARMM>    set nat ?NATC
 RDCMND substituted energy or value "?NATC" to "585"
 Parameter: NAT <- "585"
  
 CHARMM>    set app
 Parameter: APP <- "" <empty>
  
 CHARMM>    !We're exploiting what is arguably a bug in the parser. On the left hand side,
 CHARMM>    !the quotes have proirity, so NAT is correctly substituted. On the right hand
 CHARMM>    !side, the ? has priority and NATC" (sic) is not a valid substitution...
 CHARMM>    if "@NAT" ne "?NATC" if @nat ne 0 set app append
 Parameter: NAT -> "585"
 Parameter: NAT -> "585"
 RDCMND: can not substitute energy "?NATC""
 Comparing ""585"" and ""?NATC"".
 IF test evaluated as true.  Performing command
 Comparing "585" and "0".
 IF test evaluated as true.  Performing command
 Parameter: APP <- "APPEND"
  
 CHARMM>     
  
 CHARMM>    read rtf card @app
 Parameter: APP -> "APPEND"
 MAINIO> Residue topology file being read from unit  98.
 RDTITL> * CER/SM RESIDUES
 RDTITL> *
  
 CHARMM>     
  
 CHARMM>    read para card flex @app
 Parameter: APP -> "APPEND"

          PARAMETER FILE BEING READ FROM UNIT 98
 RDTITL> * NEW PARAMETERS
 RDTITL> *
 PARRDR> Error: Repeated DIHE parameter ( 14778): NHL   C     CTO1  HAL1 is replaced
 PARRDR> Error: Repeated DIHE parameter ( 14799): O     C     CTO1  HAL1 is replaced
 PARMIO> NONBOND, HBOND lists and IMAGE atoms cleared.
  
 CHARMM>     
  
 CHARMM>    return
 VCLOSE: Closing unit   98 with status "KEEP"

                    RETURNING TO INPUT STREAM    99
  
 CHARMM>    stream toppar/toppar_all36_lipid_archaeal.str
 VOPEN> Attempting to open::toppar/toppar_all36_lipid_archaeal.str::
 OPNLGU> Unit 98 opened for READONLY access to toppar/toppar_all36_lipid_archaeal.str

                    INPUT STREAM SWITCHING TO UNIT    98
 RDTITL> * TOPPAR STREAM FILE FOR ARCHAEAL LIPIDS.
 RDTITL> *
 Parameter: IN1 <- "" <empty>
  
 CHARMM>     
  
 CHARMM>    ! This is an on-going file of archaeal lipids
 CHARMM>    ! I am adding meanquinone-7 now
 CHARMM>     
  
 CHARMM>    read rtf card append
 MAINIO> Residue topology file being read from unit  98.
 RDTITL> * ARCHAEAL LIPIDS
 RDTITL> *
  
 CHARMM>     
  
 CHARMM>    read param card flex append

          PARAMETER FILE BEING READ FROM UNIT 98
 RDTITL> * PARAMETERS GENERATED BY ANALOGY BY CGENFF
 RDTITL> *
 PARMIO> NONBOND, HBOND lists and IMAGE atoms cleared.
  
 CHARMM>     
  
 CHARMM>    RETURN
 VCLOSE: Closing unit   98 with status "KEEP"

                    RETURNING TO INPUT STREAM    99
  
 CHARMM>    stream toppar/toppar_all36_lipid_bacterial.str
 VOPEN> Attempting to open::toppar/toppar_all36_lipid_bacterial.str::
 OPNLGU> Unit 98 opened for READONLY access to toppar/toppar_all36_lipid_bacterial.str

                    INPUT STREAM SWITCHING TO UNIT    98
 RDTITL> * TOPPAR STREAM FILE FOR BRANCHED AND CYCLIC CHAINED LIPIDS.  FOLLOWING READING OF
 RDTITL> * TOP_ALL36_LIPID.RTF
 RDTITL> * AND
 RDTITL> * PAR_ALL36_LIPID.RTF
 RDTITL> *
 Parameter: IN1 <- "" <empty>
  
 CHARMM>     
  
 CHARMM>    ! REFERENCES
 CHARMM>    !
 CHARMM>    ! Branched Lipids
 CHARMM>    !
 CHARMM>    ! Lim, J.B. & Klauda, J.B. Branching at the Iso- and Anteiso- Positions in Complex Chlamydia
 CHARMM>    ! Membranes: A Molecular Dynamics Study. Biochimica et Biophysica Acta (BBA) - Biomembranes
 CHARMM>    ! 1808:323-331 (2011).
 CHARMM>    !
 CHARMM>    ! Cyclic-replacement of double bond
 CHARMM>    !
 CHARMM>    ! Pandit, K.R. & Klauda, J.B. Membrane models of E. coli containing cyclic moieties in
 CHARMM>    ! the aliphatic lipid chain. Biochimica et Biophysica Acta (BBA) - Biomembranes
 CHARMM>    ! 1818:1205-1210 (2012).
 CHARMM>    !
 CHARMM>     
  
 CHARMM>    set nat ?NATC
 RDCMND substituted energy or value "?NATC" to "590"
 Parameter: NAT <- "590"
  
 CHARMM>    set app
 Parameter: APP <- "" <empty>
  
 CHARMM>    !We're exploiting what is arguably a bug in the parser. On the left hand side,
 CHARMM>    !the quotes have proirity, so NAT is correctly substituted. On the right hand
 CHARMM>    !side, the ? has priority and NATC" (sic) is not a valid substitution...
 CHARMM>    if "@NAT" ne "?NATC" if @nat ne 0 set app append
 Parameter: NAT -> "590"
 Parameter: NAT -> "590"
 RDCMND: can not substitute energy "?NATC""
 Comparing ""590"" and ""?NATC"".
 IF test evaluated as true.  Performing command
 Comparing "590" and "0".
 IF test evaluated as true.  Performing command
 Parameter: APP <- "APPEND"
  
 CHARMM>     
  
 CHARMM>    read rtf card @app
 Parameter: APP -> "APPEND"
 MAINIO> Residue topology file being read from unit  98.
 RDTITL> * CHOLESTEROL RESIDUES
 RDTITL> *
  
 CHARMM>     
  
 CHARMM>    read para card flex @app
 Parameter: APP -> "APPEND"

          PARAMETER FILE BEING READ FROM UNIT 98
 RDTITL> * NEW PARAMETERS
 RDTITL> *
 PARMIO> NONBOND, HBOND lists and IMAGE atoms cleared.
  
 CHARMM>     
  
 CHARMM>    return
 VCLOSE: Closing unit   98 with status "KEEP"

                    RETURNING TO INPUT STREAM    99
  
 CHARMM>    stream toppar/toppar_all36_lipid_cardiolipin.str
 VOPEN> Attempting to open::toppar/toppar_all36_lipid_cardiolipin.str::
 OPNLGU> Unit 98 opened for READONLY access to toppar/toppar_all36_lipid_cardiolipin.str

                    INPUT STREAM SWITCHING TO UNIT    98
 RDTITL> READ RTF CARD APPEND FLEX
 RDTITL> No title read.
 Parameter: IN1 <- "" <empty>
  
 CHARMM>    read rtf card append flex
 MAINIO> Residue topology file being read from unit  98.
 RDTITL>  
 RDTITL> No title read.
 WARNING from DECODI -- Zero length string being converted to 0
 RTFRDR> WARNING: Version number is NOT specified.
  
 CHARMM>     
  
 CHARMM>    return
 VCLOSE: Closing unit   98 with status "KEEP"

                    RETURNING TO INPUT STREAM    99
  
 CHARMM>    stream toppar/toppar_all36_lipid_cholesterol.str
 VOPEN> Attempting to open::toppar/toppar_all36_lipid_cholesterol.str::
 OPNLGU> Unit 98 opened for READONLY access to toppar/toppar_all36_lipid_cholesterol.str

                    INPUT STREAM SWITCHING TO UNIT    98
 RDTITL> * TOPPAR STREAM FILE FOR CHOLESTEROL.  STREAM FOLLOWING READING OF
 RDTITL> * TOP_ALL36_LIPID.RTF
 RDTITL> * PAR_ALL36_LIPID.RTF
 RDTITL> * TOP_ALL36_CGENFF.RTF
 RDTITL> * AND PAR_ALL36_CGENFF.PRM
 RDTITL> *
 Parameter: IN1 <- "" <empty>
  
 CHARMM>     
  
 CHARMM>    !topology and parameters are included for two cholesterol models. the
 CHARMM>    !model may be selected by setting variable chol_model to 1 or 2, as
 CHARMM>    !specified below
 CHARMM>    !
 CHARMM>     
  
 CHARMM>    set chol_model 1 !2 for original Suits et al. model
 Parameter: CHOL_MODEL <- "1"
  
 CHARMM>     
  
 CHARMM>    !
 CHARMM>    !1) Revised model of Lim et al.  This contains a number of NBFIXes that
 CHARMM>    !makes it unsuitable for ANTON (set chol_model 1)
 CHARMM>    !
 CHARMM>    !2) Original model of Suits et al., which is used on ANTON as well as
 CHARMM>    !being suitable for other systems (set chol_model 2 (or anything but 1....))
 CHARMM>    !
 CHARMM>    !references
 CHARMM>    !
 CHARMM>    !Lim, J.B., Rogaski, B. and Klauda, J.B.. "Update of the Cholesterol Force Field
 CHARMM>    !Parameters in CHARMM" 116: 203-210 (2012).
 CHARMM>    !
 CHARMM>    !Suits, F., Pitman, M., MacKerell, A.D., Jr., Feller, S.E. "Molecular Level
 CHARMM>    !Organization of Saturated and Polyunsaturated Fatty Acids in a
 CHARMM>    !Phosphatidylcholine Bilayer Containing Cholesterol" Biochemistry,
 CHARMM>    !43(49):15318-28, 2004
 CHARMM>    !
 CHARMM>     
  
 CHARMM>    !test "append"
 CHARMM>    set nat ?NATC
 RDCMND substituted energy or value "?NATC" to "590"
 Parameter: NAT <- "590"
  
 CHARMM>    set app
 Parameter: APP <- "" <empty>
  
 CHARMM>    !We're exploiting what is arguably a bug in the parser. On the left hand side,
 CHARMM>    !the quotes have priority, so NAT is correctly substituted. On the right hand
 CHARMM>    !side, the ? has priority and NATC" (sic) is not a valid substitution...
 CHARMM>    if "@NAT" ne "?NATC" if @nat ne 0 set app append
 Parameter: NAT -> "590"
 Parameter: NAT -> "590"
 RDCMND: can not substitute energy "?NATC""
 Comparing ""590"" and ""?NATC"".
 IF test evaluated as true.  Performing command
 Comparing "590" and "0".
 IF test evaluated as true.  Performing command
 Parameter: APP <- "APPEND"
  
 CHARMM>     
  
 CHARMM>    if chol_model eq 1 then
 Comparing "1" and "1".
 IF test evaluated as true.  Performing command
  
 CHARMM>     
  
 CHARMM>    ! reference
 CHARMM>    ! Lim, J.B., Rogaski, B. and Klauda, J.B.. "Update of the Cholesterol Force Field
 CHARMM>    ! Parameters in CHARMM" 116: 203-210 (2012).
 CHARMM>    !
 CHARMM>     
  
 CHARMM>    read rtf card @app
 Parameter: APP -> "APPEND"
 MAINIO> Residue topology file being read from unit  98.
 RDTITL> * TOPOLOGY FOR CHOLESTEROL
 RDTITL> *
  
 CHARMM>     
  
 CHARMM>    read param card flex @app
 Parameter: APP -> "APPEND"

          PARAMETER FILE BEING READ FROM UNIT 98
 RDTITL> * CHOLESTEROL PARAMETERS
 RDTITL> *
 PARRDR> Error: Repeated DIHE parameter ( 15138): OG31  CG30  CG3C  CG3C is replaced
 PARRDR> Error: Repeated DIHE parameter ( 15139): OG31  CG30  CG3C  CG3R is replaced
 PARRDR> Error: Repeated DIHE parameter ( 15140): OG31  CG30  CG3C  HGA1 is replaced
 PARRDR> Error: Repeated DIHE parameter ( 15138): OG31  CG30  CG3C  CG3C is replaced
 PARRDR> Error: Repeated DIHE parameter ( 15139): OG31  CG30  CG3C  CG3R is replaced
 PARRDR> Error: Repeated DIHE parameter ( 15140): OG31  CG30  CG3C  HGA1 is replaced
 PARMIO> NONBOND, HBOND lists and IMAGE atoms cleared.
  
 CHARMM>     
  
 CHARMM>    return
 VCLOSE: Closing unit   98 with status "KEEP"

                    RETURNING TO INPUT STREAM    99
  
 CHARMM>    stream toppar/toppar_all36_lipid_dag.str
 VOPEN> Attempting to open::toppar/toppar_all36_lipid_dag.str::
 OPNLGU> Unit 98 opened for READONLY access to toppar/toppar_all36_lipid_dag.str

                    INPUT STREAM SWITCHING TO UNIT    98
 RDTITL> READ RTF CARD APPEND
 RDTITL> No title read.
 Parameter: IN1 <- "" <empty>
  
 CHARMM>    read rtf card append
 MAINIO> Residue topology file being read from unit  98.
 RDTITL> * TOPOLOGY FOR LIPIDA FROM DAG
 RDTITL> *
  
 VCLOSE: Closing unit   98 with status "KEEP"

                    RETURNING TO INPUT STREAM    99
  
 CHARMM>    stream toppar/toppar_all36_lipid_inositol.str
 VOPEN> Attempting to open::toppar/toppar_all36_lipid_inositol.str::
 OPNLGU> Unit 98 opened for READONLY access to toppar/toppar_all36_lipid_inositol.str

                    INPUT STREAM SWITCHING TO UNIT    98
 RDTITL> READ RTF CARD APPEND
 RDTITL> No title read.
 Parameter: IN1 <- "" <empty>
  
 CHARMM>    read rtf card append
 MAINIO> Residue topology file being read from unit  98.
 RDTITL> * TOPOLOGY FOR INOSITOL-BASED LIPIDS
 RDTITL> *
  
 CHARMM>     
  
 CHARMM>    RETURN
 VCLOSE: Closing unit   98 with status "KEEP"

                    RETURNING TO INPUT STREAM    99
  
 CHARMM>    stream toppar/toppar_all36_lipid_lnp.str
 VOPEN> Attempting to open::toppar/toppar_all36_lipid_lnp.str::
 OPNLGU> Unit 98 opened for READONLY access to toppar/toppar_all36_lipid_lnp.str

                    INPUT STREAM SWITCHING TO UNIT    98
 RDTITL> READ RTF CARD APPEND
 RDTITL> No title read.
 Parameter: IN1 <- "" <empty>
  
 CHARMM>    read rtf card append
 MAINIO> Residue topology file being read from unit  98.
 RDTITL> * LNP
 RDTITL> *

      ***** LEVEL  1 WARNING FROM <DECODF> *****
      ***** Zero length string
      ******************************************
      BOMLEV (  0) IS NOT REACHED. WRNLEV IS  5

 WARNING from DECODF -- Zero length string being converted to 0.
 **** WARNING from RTFRDR **** The total charge of the residue, DAGP,  -0.0100000,
 does not equal the expected charge,   0.0000000.

      ***** LEVEL  1 WARNING FROM <DECODF> *****
      ***** Zero length string
      ******************************************
      BOMLEV (  0) IS NOT REACHED. WRNLEV IS  5

 WARNING from DECODF -- Zero length string being converted to 0.
          PRES DPEPEG
 **** WARNING from RTFRDR **** The total charge of the residue, DPEP,  -0.0100000,
 does not equal the expected charge,   0.0000000.
 There were   2 warning(s) from RTFRDR.
  
 CHARMM>     
  
 CHARMM>    read param card flex append

          PARAMETER FILE BEING READ FROM UNIT 98
 RDTITL> * LNP
 RDTITL> *
 PARMIO> NONBOND, HBOND lists and IMAGE atoms cleared.
  
 CHARMM>     
  
 CHARMM>    RETURN
 VCLOSE: Closing unit   98 with status "KEEP"

                    RETURNING TO INPUT STREAM    99
  
 CHARMM>    stream toppar/toppar_all36_lipid_lps.str
 VOPEN> Attempting to open::toppar/toppar_all36_lipid_lps.str::
 OPNLGU> Unit 98 opened for READONLY access to toppar/toppar_all36_lipid_lps.str

                    INPUT STREAM SWITCHING TO UNIT    98
 RDTITL> READ RTF CARD APPEND
 RDTITL> No title read.
 Parameter: IN1 <- "" <empty>
  
 CHARMM>    read rtf card append
 MAINIO> Residue topology file being read from unit  98.
 RDTITL> * TOPOLOGY FOR LIPIDA FROM LPS
 RDTITL> *
 WARNING from DECODI -- Zero length string being converted to 0
 RTFRDR> WARNING: Version number is NOT specified.
  
 CHARMM>     
  
 CHARMM>     
  
 CHARMM>    read param card append flex

          PARAMETER FILE BEING READ FROM UNIT 98
 RDTITL> *    NEW PARAMETES
 RDTITL> *
 PARMIO> NONBOND, HBOND lists and IMAGE atoms cleared.
  
 CHARMM>     
  
 VCLOSE: Closing unit   98 with status "KEEP"

                    RETURNING TO INPUT STREAM    99
  
 CHARMM>    stream toppar/toppar_all36_lipid_mycobacterial.str
 VOPEN> Attempting to open::toppar/toppar_all36_lipid_mycobacterial.str::
 OPNLGU> Unit 98 opened for READONLY access to toppar/toppar_all36_lipid_mycobacterial.str

                    INPUT STREAM SWITCHING TO UNIT    98
 RDTITL> * TOPPAR STREAM FILE FOR BRANCHED AND CYCLIC CHAINED LIPIDS.  FOLLOWING READING OF
 RDTITL> * TOP_ALL36_LIPID.RTF, PAR_ALL36_LIPID.PRM
 RDTITL> * AND
 RDTITL> * TOPPAR_ALL36_LIPID_BACTERIAL.STR
 RDTITL> *
 Parameter: IN1 <- "" <empty>
  
 CHARMM>     
  
 CHARMM>    read rtf card append
 MAINIO> Residue topology file being read from unit  98.
 RDTITL> * CHOLESTEROL RESIDUES
 RDTITL> *
 **** WARNING from RTFRDR **** The total charge of the residue, PGL1,  -0.1100000,
 does not equal the expected charge,   0.0000000.
          PRES PGL2           0.00
 **** WARNING from RTFRDR **** The total charge of the residue, PGL2,  -0.4600000,
 does not equal the expected charge,   0.0000000.
          PRES PDIM1         0.00
*** WARNING **** residue PHEN already exists (old one deleted)

      ***** LEVEL  1 WARNING FROM <RTFRDR> *****
      ***** Residue already exists.
      ******************************************
      BOMLEV (  0) IS NOT REACHED. WRNLEV IS  5

          RESI PHEN          0.00
*** WARNING **** residue AGLC already exists (old one deleted)

      ***** LEVEL  1 WARNING FROM <RTFRDR> *****
      ***** Residue already exists.
      ******************************************
      BOMLEV (  0) IS NOT REACHED. WRNLEV IS  5

          RESI AGLC           0.000
 There were   4 warning(s) from RTFRDR.
  
 CHARMM>     
  
 CHARMM>    read para card flex @app
 Parameter: APP -> "APPEND"

          PARAMETER FILE BEING READ FROM UNIT 98
 RDTITL> * NEW PARAMETERS
 RDTITL> *
 PARRDR> Error: Repeated ANGLE parameter (  5031): CEL1  CEL1  CTL1 is replaced
 PARRDR> Error: Repeated DIHE parameter ( 15388): CTL2  CG2O  CTL1  CTL3 is replaced
 PARRDR> Error: Repeated DIHE parameter ( 15389): CTL2  CG2O  CTL1  CTL3 is replaced
 PARRDR> Error: Repeated DIHE parameter ( 15388): CTL2  CG2O  CTL1  CTL3 is replaced
 PARRDR> Error: Repeated DIHE parameter ( 15389): CTL2  CG2O  CTL1  CTL3 is replaced
 PARMIO> NONBOND, HBOND lists and IMAGE atoms cleared.
  
 CHARMM>     
  
 CHARMM>    RETURN
 VCLOSE: Closing unit   98 with status "KEEP"

                    RETURNING TO INPUT STREAM    99
  
 CHARMM>    stream toppar/toppar_all36_lipid_miscellaneous.str
 VOPEN> Attempting to open::toppar/toppar_all36_lipid_miscellaneous.str::
 OPNLGU> Unit 98 opened for READONLY access to toppar/toppar_all36_lipid_miscellaneous.str

                    INPUT STREAM SWITCHING TO UNIT    98
 RDTITL> READ RTF CARD APPEND FLEX
 RDTITL> No title read.
 Parameter: IN1 <- "" <empty>
  
 CHARMM>    read rtf card append flex
 MAINIO> Residue topology file being read from unit  98.
 RDTITL> * TOPOLOGY FOR MISCELLANEOUS LIPIDS
 RDTITL> *
  
 CHARMM>     
  
 CHARMM>    read param card flex append

          PARAMETER FILE BEING READ FROM UNIT 98
 RDTITL> * PARAMETER FOR ACYL PYROPHOSPHATE: ADDED 2019_7
 RDTITL> *
 PARMIO> NONBOND, HBOND lists and IMAGE atoms cleared.
  
 CHARMM>    return
 VCLOSE: Closing unit   98 with status "KEEP"

                    RETURNING TO INPUT STREAM    99
  
 CHARMM>    stream toppar/toppar_all36_lipid_model.str
 VOPEN> Attempting to open::toppar/toppar_all36_lipid_model.str::
 OPNLGU> Unit 98 opened for READONLY access to toppar/toppar_all36_lipid_model.str

                    INPUT STREAM SWITCHING TO UNIT    98
 RDTITL> * CHARMM36 ALL-HYDROGEN LIPID FORCE FIELD TOPPAR STREAM FILE
 RDTITL> * COLLECTION OF RESIDUES AND PATCHES FOR MODEL COMPOUNDS USED
 RDTITL> * IN THE OPTIMIZATION THE LIPID FORCE FIELD.
 RDTITL> *
 Parameter: IN1 <- "" <empty>
  
 CHARMM>     
  
 CHARMM>    !Parent files that have to be read prior to streaming this file
 CHARMM>    !top_all36_lipid.rtf
 CHARMM>    !par_all36_lipid.prm
 CHARMM>     
  
 CHARMM>    !Testcase
 CHARMM>    !test_all36_lipid_model.inp
 CHARMM>     
  
 CHARMM>    read rtf card append
 MAINIO> Residue topology file being read from unit  98.
 RDTITL> * C36 LIPID MODEL COMPOUNDS
 RDTITL> *
*** WARNING **** residue MAS  already exists (old one deleted)

      ***** LEVEL  1 WARNING FROM <RTFRDR> *****
      ***** Residue already exists.
      ******************************************
      BOMLEV (  0) IS NOT REACHED. WRNLEV IS  5

          RESI MAS          0.00
*** WARNING **** residue ETAC already exists (old one deleted)

      ***** LEVEL  1 WARNING FROM <RTFRDR> *****
      ***** Residue already exists.
      ******************************************
      BOMLEV (  0) IS NOT REACHED. WRNLEV IS  5

          RESI ETAC         0.00
*** WARNING **** residue MPRO already exists (old one deleted)

      ***** LEVEL  1 WARNING FROM <RTFRDR> *****
      ***** Residue already exists.
      ******************************************
      BOMLEV (  0) IS NOT REACHED. WRNLEV IS  5

          RESI MPRO         0.00
*** WARNING **** residue MP_1 already exists (old one deleted)

      ***** LEVEL  1 WARNING FROM <RTFRDR> *****
      ***** Residue already exists.
      ******************************************
      BOMLEV (  0) IS NOT REACHED. WRNLEV IS  5

          RESI MP_1        -1.00
*** WARNING **** residue MP_2 already exists (old one deleted)

      ***** LEVEL  1 WARNING FROM <RTFRDR> *****
      ***** Residue already exists.
      ******************************************
      BOMLEV (  0) IS NOT REACHED. WRNLEV IS  5

          RESI MP_2        -2.00
*** WARNING **** residue MSO4 already exists (old one deleted)

      ***** LEVEL  1 WARNING FROM <RTFRDR> *****
      ***** Residue already exists.
      ******************************************
      BOMLEV (  0) IS NOT REACHED. WRNLEV IS  5

          RESI MSO4        -1.00
*** WARNING **** residue BUTA already exists (old one deleted)

      ***** LEVEL  1 WARNING FROM <RTFRDR> *****
      ***** Residue already exists.
      ******************************************
      BOMLEV (  0) IS NOT REACHED. WRNLEV IS  5

          RESI BUTA         0.00
*** WARNING **** residue PENT already exists (old one deleted)

      ***** LEVEL  1 WARNING FROM <RTFRDR> *****
      ***** Residue already exists.
      ******************************************
      BOMLEV (  0) IS NOT REACHED. WRNLEV IS  5

          RESI PENT         0.00
*** WARNING **** residue HEXA already exists (old one deleted)

      ***** LEVEL  1 WARNING FROM <RTFRDR> *****
      ***** Residue already exists.
      ******************************************
      BOMLEV (  0) IS NOT REACHED. WRNLEV IS  5

          RESI HEXA         0.00
*** WARNING **** residue ETHE already exists (old one deleted)

      ***** LEVEL  1 WARNING FROM <RTFRDR> *****
      ***** Residue already exists.
      ******************************************
      BOMLEV (  0) IS NOT REACHED. WRNLEV IS  5

          RESI ETHE       0.00
*** WARNING **** residue PRPE already exists (old one deleted)

      ***** LEVEL  1 WARNING FROM <RTFRDR> *****
      ***** Residue already exists.
      ******************************************
      BOMLEV (  0) IS NOT REACHED. WRNLEV IS  5

          RESI PRPE       0.00
*** WARNING **** residue BTE1 already exists (old one deleted)

      ***** LEVEL  1 WARNING FROM <RTFRDR> *****
      ***** Residue already exists.
      ******************************************
      BOMLEV (  0) IS NOT REACHED. WRNLEV IS  5

          RESI BTE1       0.00
*** WARNING **** residue BTE2 already exists (old one deleted)

      ***** LEVEL  1 WARNING FROM <RTFRDR> *****
      ***** Residue already exists.
      ******************************************
      BOMLEV (  0) IS NOT REACHED. WRNLEV IS  5

          RESI BTE2       0.00
*** WARNING **** residue DIPE already exists (old one deleted)

      ***** LEVEL  1 WARNING FROM <RTFRDR> *****
      ***** Residue already exists.
      ******************************************
      BOMLEV (  0) IS NOT REACHED. WRNLEV IS  5

          RESI DIPE       0.00
*** WARNING **** residue DIHE already exists (old one deleted)

      ***** LEVEL  1 WARNING FROM <RTFRDR> *****
      ***** Residue already exists.
      ******************************************
      BOMLEV (  0) IS NOT REACHED. WRNLEV IS  5

          RESI DIHE       0.00
*** WARNING **** residue NC4  already exists (old one deleted)

      ***** LEVEL  1 WARNING FROM <RTFRDR> *****
      ***** Residue already exists.
      ******************************************
      BOMLEV (  0) IS NOT REACHED. WRNLEV IS  5

          RESI NC4          1.00
*** WARNING **** residue NC5  already exists (old one deleted)

      ***** LEVEL  1 WARNING FROM <RTFRDR> *****
      ***** Residue already exists.
      ******************************************
      BOMLEV (  0) IS NOT REACHED. WRNLEV IS  5

          RESI NC5          1.00
*** WARNING **** residue CHOL already exists (old one deleted)

      ***** LEVEL  1 WARNING FROM <RTFRDR> *****
      ***** Residue already exists.
      ******************************************
      BOMLEV (  0) IS NOT REACHED. WRNLEV IS  5

          RESI CHOL         1.00
*** WARNING **** residue ACHO already exists (old one deleted)

      ***** LEVEL  1 WARNING FROM <RTFRDR> *****
      ***** Residue already exists.
      ******************************************
      BOMLEV (  0) IS NOT REACHED. WRNLEV IS  5

          RESI ACHO         1.00
*** WARNING **** residue PC   already exists (old one deleted)

      ***** LEVEL  1 WARNING FROM <RTFRDR> *****
      ***** Residue already exists.
      ******************************************
      BOMLEV (  0) IS NOT REACHED. WRNLEV IS  5

          RESI PC           0.00
*** WARNING **** residue GPC  already exists (old one deleted)

      ***** LEVEL  1 WARNING FROM <RTFRDR> *****
      ***** Residue already exists.
      ******************************************
      BOMLEV (  0) IS NOT REACHED. WRNLEV IS  5

          RESI GPC          0.00
*** WARNING **** residue TEA  already exists (old one deleted)

      ***** LEVEL  1 WARNING FROM <RTFRDR> *****
      ***** Residue already exists.
      ******************************************
      BOMLEV (  0) IS NOT REACHED. WRNLEV IS  5

          RESI TEA          1.00
*** WARNING **** residue ETAM already exists (old one deleted)

      ***** LEVEL  1 WARNING FROM <RTFRDR> *****
      ***** Residue already exists.
      ******************************************
      BOMLEV (  0) IS NOT REACHED. WRNLEV IS  5

          RESI ETAM       1.00
*** WARNING **** residue GLYC already exists (old one deleted)

      ***** LEVEL  1 WARNING FROM <RTFRDR> *****
      ***** Residue already exists.
      ******************************************
      BOMLEV (  0) IS NOT REACHED. WRNLEV IS  5

          RESI GLYC         0.00
*** WARNING **** residue MBUT already exists (old one deleted)

      ***** LEVEL  1 WARNING FROM <RTFRDR> *****
      ***** Residue already exists.
      ******************************************
      BOMLEV (  0) IS NOT REACHED. WRNLEV IS  5

          RESI MBUT         0.00
 There were  25 warning(s) from RTFRDR.
  
 CHARMM>     
  
 CHARMM>    return
 VCLOSE: Closing unit   98 with status "KEEP"

                    RETURNING TO INPUT STREAM    99
  
 CHARMM>    stream toppar/toppar_all36_lipid_prot.str
 VOPEN> Attempting to open::toppar/toppar_all36_lipid_prot.str::
 OPNLGU> Unit 98 opened for READONLY access to toppar/toppar_all36_lipid_prot.str

                    INPUT STREAM SWITCHING TO UNIT    98
 RDTITL> * TOPOLOGY AND PARAMETERS FOR LIPID TAIL LINKERS TO CYSTEINE AND GLYCINE,
 RDTITL> * FOR EXAMPLE, PALMITOYLATION, MARISTOYLATION, FERNASYLATION, GERANYLATION
 RDTITL> *
 Parameter: IN1 <- "" <empty>
  
 CHARMM>     
  
 CHARMM>    read rtf card append
 MAINIO> Residue topology file being read from unit  98.
 RDTITL> * LIPID-MODIFIED PROTEIN RESIDUES
 RDTITL> *
  
 CHARMM>     
  
 CHARMM>    read para card append flex

          PARAMETER FILE BEING READ FROM UNIT 98
 RDTITL> * CYSTEIN-PALMITATE PARAMETERS
 RDTITL> *
 PARMIO> NONBOND, HBOND lists and IMAGE atoms cleared.
  
 CHARMM>     
  
 CHARMM>    return
 VCLOSE: Closing unit   98 with status "KEEP"

                    RETURNING TO INPUT STREAM    99
  
 CHARMM>    stream toppar/toppar_all36_lipid_tag.str
 VOPEN> Attempting to open::toppar/toppar_all36_lipid_tag.str::
 OPNLGU> Unit 98 opened for READONLY access to toppar/toppar_all36_lipid_tag.str

                    INPUT STREAM SWITCHING TO UNIT    98
 RDTITL> READ RTF CARD APPEND
 RDTITL> No title read.
 Parameter: IN1 <- "" <empty>
  
 CHARMM>    read rtf card append
 MAINIO> Residue topology file being read from unit  98.
 RDTITL> * TOPOLOGY FOR TRIACYLGLYCEROLS [STEPHEN GEE FROM LEHIGH UNIVERSITY]
 RDTITL> *
  
 VCLOSE: Closing unit   98 with status "KEEP"

                    RETURNING TO INPUT STREAM    99
  
 CHARMM>    stream toppar/toppar_all36_lipid_yeast.str
 VOPEN> Attempting to open::toppar/toppar_all36_lipid_yeast.str::
 OPNLGU> Unit 98 opened for READONLY access to toppar/toppar_all36_lipid_yeast.str

                    INPUT STREAM SWITCHING TO UNIT    98
 RDTITL> * TOPPAR STREAM FILE FOR BRANCHED AND CYCLIC CHAINED LIPIDS.  FOLLOWING READING OF
 RDTITL> * TOP_ALL36_LIPID.RTF
 RDTITL> * AND
 RDTITL> * PAR_ALL36_LIPID.RTF
 RDTITL> *
 Parameter: IN1 <- "" <empty>
  
 CHARMM>     
  
 CHARMM>    set nat ?NATC
 RDCMND substituted energy or value "?NATC" to "590"
 Parameter: NAT <- "590"
  
 CHARMM>    set app
 Parameter: APP <- "" <empty>
  
 CHARMM>    !We're exploiting what is arguably a bug in the parser. On the left hand side,
 CHARMM>    !the quotes have proirity, so NAT is correctly substituted. On the right hand
 CHARMM>    !side, the ? has priority and NATC" (sic) is not a valid substitution...
 CHARMM>    if "@NAT" ne "?NATC" if @nat ne 0 set app append
 Parameter: NAT -> "590"
 Parameter: NAT -> "590"
 RDCMND: can not substitute energy "?NATC""
 Comparing ""590"" and ""?NATC"".
 IF test evaluated as true.  Performing command
 Comparing "590" and "0".
 IF test evaluated as true.  Performing command
 Parameter: APP <- "APPEND"
  
 CHARMM>     
  
 CHARMM>    read rtf card @app
 Parameter: APP -> "APPEND"
 MAINIO> Residue topology file being read from unit  98.
 RDTITL> * CHOLESTEROL RESIDUES
 RDTITL> *
  
 CHARMM>     
  
 CHARMM>    read para card flex @app
 Parameter: APP -> "APPEND"

          PARAMETER FILE BEING READ FROM UNIT 98
 RDTITL> * NEW PARAMETERS
 RDTITL> *
 PARMIO> NONBOND, HBOND lists and IMAGE atoms cleared.
  
 CHARMM>     
  
 CHARMM>    return
 VCLOSE: Closing unit   98 with status "KEEP"

                    RETURNING TO INPUT STREAM    99
  
 CHARMM>    stream toppar/toppar_all36_lipid_hmmm.str
 VOPEN> Attempting to open::toppar/toppar_all36_lipid_hmmm.str::
 OPNLGU> Unit 98 opened for READONLY access to toppar/toppar_all36_lipid_hmmm.str

                    INPUT STREAM SWITCHING TO UNIT    98
 RDTITL> READ RTF CARD APPEND FLEX
 RDTITL> No title read.
 Parameter: IN1 <- "" <empty>
  
 CHARMM>    read rtf card append flex
 MAINIO> Residue topology file being read from unit  98.
 RDTITL> * TOPOLOGY FOR TERMINAL PATCHES FOR HMMM TRUNCATED LIPIDS
 RDTITL> *

      ***** LEVEL  1 WARNING FROM <DECODF> *****
      ***** Zero length string
      ******************************************
      BOMLEV (  0) IS NOT REACHED. WRNLEV IS  5

 WARNING from DECODF -- Zero length string being converted to 0.

      ***** LEVEL  1 WARNING FROM <DECODF> *****
      ***** Zero length string
      ******************************************
      BOMLEV (  0) IS NOT REACHED. WRNLEV IS  5

 WARNING from DECODF -- Zero length string being converted to 0.

      ***** LEVEL  1 WARNING FROM <DECODF> *****
      ***** Zero length string
      ******************************************
      BOMLEV (  0) IS NOT REACHED. WRNLEV IS  5

 WARNING from DECODF -- Zero length string being converted to 0.

      ***** LEVEL  1 WARNING FROM <DECODF> *****
      ***** Zero length string
      ******************************************
      BOMLEV (  0) IS NOT REACHED. WRNLEV IS  5

 WARNING from DECODF -- Zero length string being converted to 0.

      ***** LEVEL  1 WARNING FROM <DECODF> *****
      ***** Zero length string
      ******************************************
      BOMLEV (  0) IS NOT REACHED. WRNLEV IS  5

 WARNING from DECODF -- Zero length string being converted to 0.

      ***** LEVEL  1 WARNING FROM <DECODF> *****
      ***** Zero length string
      ******************************************
      BOMLEV (  0) IS NOT REACHED. WRNLEV IS  5

 WARNING from DECODF -- Zero length string being converted to 0.

      ***** LEVEL  1 WARNING FROM <DECODF> *****
      ***** Zero length string
      ******************************************
      BOMLEV (  0) IS NOT REACHED. WRNLEV IS  5

 WARNING from DECODF -- Zero length string being converted to 0.

      ***** LEVEL  1 WARNING FROM <DECODF> *****
      ***** Zero length string
      ******************************************
      BOMLEV (  0) IS NOT REACHED. WRNLEV IS  5

 WARNING from DECODF -- Zero length string being converted to 0.
  
 CHARMM>     
  
 CHARMM>    read para card flex @app
 Parameter: APP -> "APPEND"

          PARAMETER FILE BEING READ FROM UNIT 98
 RDTITL> * NEW PARAMETERS
 RDTITL> *
 PARMIO> NONBOND, HBOND lists and IMAGE atoms cleared.
  
 CHARMM>     
  
 CHARMM>    return
 VCLOSE: Closing unit   98 with status "KEEP"

                    RETURNING TO INPUT STREAM    99
  
 CHARMM>    stream toppar/toppar_all36_lipid_detergent.str
 VOPEN> Attempting to open::toppar/toppar_all36_lipid_detergent.str::
 OPNLGU> Unit 98 opened for READONLY access to toppar/toppar_all36_lipid_detergent.str

                    INPUT STREAM SWITCHING TO UNIT    98
 RDTITL> * TOPPAR STREAM FILE FOR DETERGENTS AND FATTY ACIDS.
 RDTITL> * STREAM FOLLOWING READING OF
 RDTITL> * TOP_ALL36_LIPID.RTF
 RDTITL> * AND
 RDTITL> * PAR_ALL36_LIPID.RTF
 RDTITL> *
 Parameter: IN1 <- "" <empty>
  
 CHARMM>     
  
 CHARMM>    !Additional residues added by Im lab, Aug. 2017
 CHARMM>     
  
 CHARMM>    !Fatty acids added Jan. 2016
 CHARMM>     
  
 CHARMM>    read rtf card append
 MAINIO> Residue topology file being read from unit  98.
 RDTITL> * DETERGENT AND FATTY ACID RESIDUES
 RDTITL> *
  
 CHARMM>     
  
 CHARMM>    read para card append flex

          PARAMETER FILE BEING READ FROM UNIT 98
 RDTITL> * SB3-12 AND SB3-14 PARAMETERS
 RDTITL> *
 PARMIO> NONBOND, HBOND lists and IMAGE atoms cleared.
  
 CHARMM>     
  
 CHARMM>    return
 VCLOSE: Closing unit   98 with status "KEEP"

                    RETURNING TO INPUT STREAM    99
  
 CHARMM>    stream toppar/toppar_all36_lipid_ether.str
 VOPEN> Attempting to open::toppar/toppar_all36_lipid_ether.str::
 OPNLGU> Unit 98 opened for READONLY access to toppar/toppar_all36_lipid_ether.str

                    INPUT STREAM SWITCHING TO UNIT    98
 RDTITL> * CHARMM36 ALL-HYDROGEN ETHER LIPID FORCE FIELD INCLUDING PLASMALOGENS ALISON
 RDTITL> * N. LEONARD (A. L.), 7/18 WITH RICHARD PASTOR AND JEFFERY KLAUDA, JPCB 122(26)
 RDTITL> * PP. 6744 - 6754.  ANA WEST, 1/20 WITH VALERIA ZONI, WALTER TEAGUE JR., ALISON
 RDTITL> * LEONARD, STEFANO VANNI, KLAUS GAWRISCH, STEPHANIE TRISTAM-NAGLE, JONATHAN
 RDTITL> * SACHS, AND JEFFERY KLAUDA, JPCB 124(5) PP. 828 - 839.
 RDTITL> *
 Parameter: IN1 <- "" <empty>
  
 CHARMM>     
  
 CHARMM>    !Parent files that have to be read prior to streaming this file
 CHARMM>    !top_all36_lipid.rtf
 CHARMM>    !par_all36_lipid.prm
 CHARMM>    !top_all36_cgenff.rtf
 CHARMM>    !par_all36_cgenff.prm
 CHARMM>     
  
 CHARMM>    read rtf card append
 MAINIO> Residue topology file being read from unit  98.
 RDTITL> * C36 ETHER MODEL COMPOUNDS
 RDTITL> *

      ***** LEVEL  1 WARNING FROM <DECODF> *****
      ***** Zero length string
      ******************************************
      BOMLEV (  0) IS NOT REACHED. WRNLEV IS  5

 WARNING from DECODF -- Zero length string being converted to 0.

      ***** LEVEL  1 WARNING FROM <DECODF> *****
      ***** Zero length string
      ******************************************
      BOMLEV (  0) IS NOT REACHED. WRNLEV IS  5

 WARNING from DECODF -- Zero length string being converted to 0.

      ***** LEVEL  1 WARNING FROM <DECODF> *****
      ***** Zero length string
      ******************************************
      BOMLEV (  0) IS NOT REACHED. WRNLEV IS  5

 WARNING from DECODF -- Zero length string being converted to 0.
  
 CHARMM>     
  
 CHARMM>    read para card flex append

          PARAMETER FILE BEING READ FROM UNIT 98
 RDTITL> * PARAMETERS
 RDTITL> *
 PARMIO> NONBOND, HBOND lists and IMAGE atoms cleared.
  
 CHARMM>     
  
 CHARMM>    return
 VCLOSE: Closing unit   98 with status "KEEP"

                    RETURNING TO INPUT STREAM    99
  
 CHARMM>    stream toppar/toppar_all36_lipid_oxidized.str
 VOPEN> Attempting to open::toppar/toppar_all36_lipid_oxidized.str::
 OPNLGU> Unit 98 opened for READONLY access to toppar/toppar_all36_lipid_oxidized.str

                    INPUT STREAM SWITCHING TO UNIT    98
 RDTITL> READ RTF CARD APPEND
 RDTITL> No title read.
 Parameter: IN1 <- "" <empty>
  
 CHARMM>    read rtf card append
 MAINIO> Residue topology file being read from unit  98.
 RDTITL> * TOPOLOGY FOR OXIDIZED PHOSPHOLIPID
 RDTITL> *

      ***** LEVEL  1 WARNING FROM <rtfrdr> *****
      ***** No AUTOgen defaults specified in appended RTF. Potential conflict with prior RTF autogen options. Check.
      ******************************************
      BOMLEV (  0) IS NOT REACHED. WRNLEV IS  5

  
 CHARMM>     
  
 CHARMM>    read param card flex append

          PARAMETER FILE BEING READ FROM UNIT 98
 RDTITL> * ADDITIONAL PARAMETERS FOR OXIDIZED PHOSPHOLIPIDS
 RDTITL> *
 PARMIO> NONBOND, HBOND lists and IMAGE atoms cleared.
  
 CHARMM>     
  
 CHARMM>    RETURN
 VCLOSE: Closing unit   98 with status "KEEP"

                    RETURNING TO INPUT STREAM    99
  
 CHARMM>     
  
 CHARMM>    ! Additional topologies and parameters for carbohydrates
 CHARMM>    stream toppar/toppar_all36_carb_glycolipid.str
 VOPEN> Attempting to open::toppar/toppar_all36_carb_glycolipid.str::
 OPNLGU> Unit 98 opened for READONLY access to toppar/toppar_all36_carb_glycolipid.str

                    INPUT STREAM SWITCHING TO UNIT    98
 RDTITL> READ RTF CARD APPEND
 RDTITL> No title read.
 Parameter: IN1 <- "" <empty>
  
 CHARMM>    read rtf card append
 MAINIO> Residue topology file being read from unit  98.
 RDTITL> * TOPOLOGY FOR GLYCOLIPIDS
 RDTITL> *
  
 CHARMM>     
  
 CHARMM>    read param card flex append

          PARAMETER FILE BEING READ FROM UNIT 98
 RDTITL> * PIP RELATED PARAMETERS
 RDTITL> *
 PARRDR> Error: Repeated DIHE parameter ( 15475): CG2R  CG2R  CG2R  OC30 is replaced
 PARRDR> Error: Repeated DIHE parameter ( 15474): HGR6  CG2R  CG2R  OC30 is replaced
 PARMIO> NONBOND, HBOND lists and IMAGE atoms cleared.
  
 CHARMM>     
  
 CHARMM>    RETURN
 VCLOSE: Closing unit   98 with status "KEEP"

                    RETURNING TO INPUT STREAM    99
  
 CHARMM>    stream toppar/toppar_all36_carb_glycopeptide.str
 VOPEN> Attempting to open::toppar/toppar_all36_carb_glycopeptide.str::
 OPNLGU> Unit 98 opened for READONLY access to toppar/toppar_all36_carb_glycopeptide.str

                    INPUT STREAM SWITCHING TO UNIT    98
 RDTITL> READ RTF CARD APPEND
 RDTITL> No title read.
 Parameter: IN1 <- "" <empty>
  
 CHARMM>    read rtf card append
 MAINIO> Residue topology file being read from unit  98.
 RDTITL> * TOPOLOGY FOR GLYCOPEPTIDE LINKAGES
 RDTITL> *
  
 CHARMM>     
  
 CHARMM>    read param card flex append

          PARAMETER FILE BEING READ FROM UNIT 98
 RDTITL> *    NEW PARAMETES
 RDTITL> *
 PARMIO> NONBOND, HBOND lists and IMAGE atoms cleared.
  
 CHARMM>     
  
 CHARMM>     
  
 CHARMM>    RETURN
 VCLOSE: Closing unit   98 with status "KEEP"

                    RETURNING TO INPUT STREAM    99
  
 CHARMM>    stream toppar/toppar_all36_carb_imlab.str
 VOPEN> Attempting to open::toppar/toppar_all36_carb_imlab.str::
 OPNLGU> Unit 98 opened for READONLY access to toppar/toppar_all36_carb_imlab.str

                    INPUT STREAM SWITCHING TO UNIT    98
 RDTITL> READ RTF CARD APPEND
 RDTITL> No title read.
 Parameter: IN1 <- "" <empty>
  
 CHARMM>    read rtf card append
 MAINIO> Residue topology file being read from unit  98.
 RDTITL> * GLYCAN CHEMICAL MODIFICATION PATCHES
 RDTITL> *
  
 CHARMM>     
  
 CHARMM>    read param card flex append

          PARAMETER FILE BEING READ FROM UNIT 98
 RDTITL> * GLYCAN CHEMICAL MODIFICATION PATCHES
 RDTITL> *
 PARMIO> NONBOND, HBOND lists and IMAGE atoms cleared.
  
 CHARMM>     
  
 CHARMM>    RETURN
 VCLOSE: Closing unit   98 with status "KEEP"

                    RETURNING TO INPUT STREAM    99
  
 CHARMM>     
  
 CHARMM>    ! Additional topologies and parameters for spin/fluorophore labels
 CHARMM>    stream toppar/toppar_all36_label_spin.str
 VOPEN> Attempting to open::toppar/toppar_all36_label_spin.str::
 OPNLGU> Unit 98 opened for READONLY access to toppar/toppar_all36_label_spin.str

                    INPUT STREAM SWITCHING TO UNIT    98
 RDTITL> *>>>>> TOPOLOGY FOR NITROXYDE SPIN LABELS <<<<<<<
 RDTITL> * SHAHIDUL M. ISLAM, UNIVERSITY OF CHICAGO
 RDTITL> *
 Parameter: IN1 <- "" <empty>
  
 CHARMM>     
  
 CHARMM>    ! please reference the following:
 CHARMM>    !Sezer, D., Freed J. H., and Roux, B. “Parametrization, Molecular Dynamics Simulation, and Calculation of Electron Spin
 CHARMM>    !Resonance Spectra of a Nitroxide Spin Label on a Polyalanine alpha-Helix” J. Phys. Chem. B 2008, 112, 5755-5767
 CHARMM>     
  
 CHARMM>    !Islam, S. M., and Roux, B. “Parameterization and molecular dynamics simulations of a
 CHARMM>    !conformationally constrained double linked spin label constrained by EPR/DEER data”
 CHARMM>    !(planed submission to J journal)
 CHARMM>     
  
 CHARMM>    !test "append" to determine if previous toppar files have been read and
 CHARMM>    !add append to "read rtf card" if true
 CHARMM>    set nat ?NATC
 RDCMND substituted energy or value "?NATC" to "590"
 Parameter: NAT <- "590"
  
 CHARMM>    set app
 Parameter: APP <- "" <empty>
  
 CHARMM>    !We're exploiting what is arguably a bug in the parser. On the left hand side,
 CHARMM>    !the quotes have proirity, so NAT is correctly substituted. On the right hand
 CHARMM>    !side, the ? has priority and NATC" (sic) is not a valid substitution...
 CHARMM>    if "@NAT" ne "?NATC" if @nat ne 0 set app append
 Parameter: NAT -> "590"
 Parameter: NAT -> "590"
 RDCMND: can not substitute energy "?NATC""
 Comparing ""590"" and ""?NATC"".
 IF test evaluated as true.  Performing command
 Comparing "590" and "0".
 IF test evaluated as true.  Performing command
 Parameter: APP <- "APPEND"
  
 CHARMM>     
  
 CHARMM>     
  
 CHARMM>    read rtf card @app
 Parameter: APP -> "APPEND"
 MAINIO> Residue topology file being read from unit  98.
 RDTITL> * TOPOLOGY FOR SPIN LABEL
 RDTITL> *
  
 CHARMM>     
  
 CHARMM>     
  
 CHARMM>    read para card flex @app
 Parameter: APP -> "APPEND"

          PARAMETER FILE BEING READ FROM UNIT 98
 RDTITL> * PARAMETERS FOR SPIN LABEL
 RDTITL> *
 PARMIO> NONBOND, HBOND lists and IMAGE atoms cleared.
  
 CHARMM>     
  
 CHARMM>    return
 VCLOSE: Closing unit   98 with status "KEEP"

                    RETURNING TO INPUT STREAM    99
  
 CHARMM>    stream toppar/toppar_all36_label_fluorophore.str
 VOPEN> Attempting to open::toppar/toppar_all36_label_fluorophore.str::
 OPNLGU> Unit 98 opened for READONLY access to toppar/toppar_all36_label_fluorophore.str

                    INPUT STREAM SWITCHING TO UNIT    98
 RDTITL> READ RTF CARD APPEND
 RDTITL> No title read.
 Parameter: IN1 <- "" <empty>
  
 CHARMM>    read rtf card append
 MAINIO> Residue topology file being read from unit  98.
 RDTITL> * TOPOLOGY FILES
 RDTITL> *
  
 CHARMM>     
  
 CHARMM>    read param card flex append

          PARAMETER FILE BEING READ FROM UNIT 98
 RDTITL> * MINI FORCE FIELD PARAMETER FILE.
 RDTITL> *
 PARMIO> NONBOND, HBOND lists and IMAGE atoms cleared.
  
 CHARMM>     
  
 VCLOSE: Closing unit   98 with status "KEEP"

                    RETURNING TO INPUT STREAM    99
  
 CHARMM>     
  
 CHARMM>     
  
 CHARMM>     
  
 VCLOSE: Closing unit   99 with status "KEEP"

                    RETURNING TO INPUT STREAM     5
  
 CHARMM>     
  
 CHARMM>    ! Read the system information
 CHARMM>    stream step3_size.str
 VOPEN> Attempting to open::step3_size.str::
 OPNLGU> Unit 99 opened for READONLY access to step3_size.str

                    INPUT STREAM SWITCHING TO UNIT    99
 RDTITL> SET BOXTYPE  = RECT
 RDTITL> No title read.
 Parameter: IN1 <- "" <empty>
  
 CHARMM>     SET BOXTYPE  = RECT
 Parameter: BOXTYPE <- "RECT"
  
 CHARMM>     SET XTLTYPE  = TETRAGONAL
 Parameter: XTLTYPE <- "TETRAGONAL"
  
 CHARMM>     SET A        = 117.465304
 Parameter: A <- "117.465304"
  
 CHARMM>     SET B        = 117.465304
 Parameter: B <- "117.465304"
  
 CHARMM>     SET C        = 100.36258
 Parameter: C <- "100.36258"
  
 CHARMM>     SET ALPHA    = 90.0
 Parameter: ALPHA <- "90.0"
  
 CHARMM>     SET BETA     = 90.0
 Parameter: BETA <- "90.0"
  
 CHARMM>     SET GAMMA    = 90.0
 Parameter: GAMMA <- "90.0"
  
 CHARMM>     SET ZCEN     = 5.67018485
 Parameter: ZCEN <- "5.67018485"
  
 CHARMM>     SET NLIPTOP  = 154
 Parameter: NLIPTOP <- "154"
  
 CHARMM>     SET NLIPBOT  = 158
 Parameter: NLIPBOT <- "158"
  
 CHARMM>     SET WBOXZ    = 22.5
 Parameter: WBOXZ <- "22.5"
  
 CHARMM>     SET WATBOXZ  = 35.8514749
 Parameter: WATBOXZ <- "35.8514749"
  
 CHARMM>     SET NCHARGE  = -4
 Parameter: NCHARGE <- "-4"
  
 VCLOSE: Closing unit   99 with status "KEEP"

                    RETURNING TO INPUT STREAM     5
  
 CHARMM>    stream step4_components.str
 VOPEN> Attempting to open::step4_components.str::
 OPNLGU> Unit 99 opened for READONLY access to step4_components.str

                    INPUT STREAM SWITCHING TO UNIT    99
 RDTITL> SET NWATER = 121
 RDTITL> No title read.
 Parameter: IN1 <- "" <empty>
  
 CHARMM>     SET NWATER = 121
 Parameter: NWATER <- "121"
  
 VCLOSE: Closing unit   99 with status "KEEP"

                    RETURNING TO INPUT STREAM     5
  
 CHARMM>     
  
 CHARMM>    ! Read Lipids
 CHARMM>    open read unit 10 card name step4_lipid_lipid.psf
 OPNLGU> Unit already open. The old file will be closed first.
 VCLOSE: Closing unit   10 with status "KEEP"
 VOPEN> Attempting to open::step4_lipid_lipid.psf::
 OPNLGU> Unit 10 opened for READONLY access to step4_lipid_lipid.psf
  
 CHARMM>    read psf  unit 10 card append
 MAINIO> Protein structure file being appended from unit  10.
 psf_read_formatted: Reading PSF in the expanded format.
 TITLE>  * GENERATED BY CHARMM-GUI (HTTP://WWW.CHARMM-GUI.ORG) V3.7 ON JUN, 01. 2026. JOB
 TITLE>  * GET A DIFFERENT CONFORMATION FOR LIPIDS PENETRATING PROTEIN / CHOL
 TITLE>  *  DATE:     6/ 1/26      0:46:59      CREATED BY USER: charmm-gui
 TITLE>  *
 PSFSUM> PSF modified: NONBOND lists and IMAGE atoms cleared.
 PSFSUM> Summary of the structure file counters :
         Number of segments      =        1   Number of residues   =      312
         Number of atoms         =    38028   Number of groups     =    10104
         Number of bonds         =    37968   Number of angles     =    73635
         Number of dihedrals     =   104961   Number of impropers  =      498
         Number of cross-terms   =        0   Number of autogens   =        0
         Number of HB acceptors  =        0   Number of HB donors  =        0
         Number of NB exclusions =        0   Total charge =   -0.00000
  
 CHARMM>     
  
 CHARMM>    open read unit 10 card name step4_lipid_lipid.crd
 OPNLGU> Unit already open. The old file will be closed first.
 VCLOSE: Closing unit   10 with status "KEEP"
 VOPEN> Attempting to open::step4_lipid_lipid.crd::
 OPNLGU> Unit 10 opened for READONLY access to step4_lipid_lipid.crd
  
 CHARMM>    read coor unit 10 card append
          SPATIAL COORDINATES BEING READ FROM UNIT 10
 TITLE> * GENERATED BY CHARMM-GUI (HTTP://WWW.CHARMM-GUI.ORG) V3.7 ON JUN, 01. 2026. JOB
 TITLE> * GET A DIFFERENT CONFORMATION FOR LIPIDS PENETRATING PROTEIN / CHOL
 TITLE> *  DATE:     6/ 1/26      0:46:59      CREATED BY USER: CHARMM-GUI
 TITLE> *
  
 CHARMM>     
  
 CHARMM>    !
 CHARMM>    ! Image Setup
 CHARMM>    !
 CHARMM>     
  
 CHARMM>    open read unit 10 card name crystal_image.str
 OPNLGU> Unit already open. The old file will be closed first.
 VCLOSE: Closing unit   10 with status "KEEP"
 VOPEN> Attempting to open::crystal_image.str::
 OPNLGU> Unit 10 opened for READONLY access to crystal_image.str
  
 CHARMM>    CRYSTAL DEFINE @XTLtype @A @B @C @alpha @beta @gamma
 Parameter: XTLTYPE -> "TETRAGONAL"
 Parameter: A -> "117.465304"
 Parameter: B -> "117.465304"
 Parameter: C -> "100.36258"
 Parameter: ALPHA -> "90.0"
 Parameter: BETA -> "90.0"
 Parameter: GAMMA -> "90.0"
 Crystal Parameters : Crystal Type = TETR
           A     =  117.46530 B    =  117.46530 C     =  100.36258
           Alpha =   90.00000 Beta =   90.00000 Gamma =   90.00000
  
 CHARMM>    CRYSTAL READ UNIT 10 CARD
 CRYSTAL FILE BEING READ FROM UNIT    10
 TITLE> * GENERATED BY CHARMM-GUI (HTTP://WWW.CHARMM-GUI.ORG) V3.7 ON JUN, 01. 2026. JOBID=8028885842
 TITLE> * STREAM FILE FOR CRYSTAL SYMMETRY OPERATION
 TITLE> *
 TITLE>  * GENERATED BY CHARMM-GUI (HTTP://WWW.CHARMM-GUI.ORG) V3.7 ON JUN, 01. 2026. JOB
 TITLE>  * STREAM FILE FOR CRYSTAL SYMMETRY OPERATION
 TITLE>  *
                     THERE ARE NO ROTATIONS FOR THIS TRANSFORMATION SET
    26 Transformations have been processed.

  
 CHARMM>     
  
 CHARMM>    !Image centering by residue
 CHARMM>    IMAGE BYRESID XCEN 0.0 YCEN 0.0 ZCEN @zcen sele resname TIP3 .or. segid MEMB end
 Parameter: ZCEN -> "5.67018485"
 SELRPN>  38028 atoms have been selected out of  38028
 IMAGE CENTERING ON FOR SOME ATOMS
  
 CHARMM>     
  
 CHARMM>    !
 CHARMM>    ! Nonbonded Options
 CHARMM>    !
 CHARMM>     
  
 CHARMM>    nbonds atom vatom vfswitch bycb -
 CHARMM>           ctonnb 6.0 ctofnb 7.0 cutnb 10.0 cutim 10.0 -
 CHARMM>           inbfrq -1 imgfrq -1 wmin 1.0 cdie eps 1.0

 SELECTED IMAGES ATOMS BEING CENTERED ABOUT  0.000000  0.000000  5.670185
 RESIDUE   21 OPERATED ON BY TRANSFORMATION Z0N1Z0R1
 RESIDUE  100 OPERATED ON BY TRANSFORMATION N1Z0Z0R1
 RESIDUE  133 OPERATED ON BY TRANSFORMATION Z0N1Z0R1
 RESIDUE  183 OPERATED ON BY TRANSFORMATION Z0N1Z0R1
 RESIDUE  276 OPERATED ON BY TRANSFORMATION N1Z0Z0R1
 RESIDUE  288 OPERATED ON BY TRANSFORMATION Z0P1Z0R1
 RESIDUE  291 OPERATED ON BY TRANSFORMATION Z0P1Z0R1
 RESIDUE  304 OPERATED ON BY TRANSFORMATION Z0P1Z0R1
 RESIDUE  309 OPERATED ON BY TRANSFORMATION Z0P1Z0R1

 <MKIMAT2>: updating the image atom lists and remapping
 Transformation   Atoms  Groups  Residues  Min-Distance
    1  N1N1N1R1 has       0       0       0       55.49
    2  N1Z0N1R1 has       0       0       0       53.68
    3  N1P1N1R1 has       0       0       0       54.19
    4  Z0N1N1R1 has       0       0       0       54.30
    5  Z0Z0N1R1 has       0       0       0       53.63
    6  Z0P1N1R1 has       0       0       0       54.14
    7  N1N1Z0R1 has     375     104       7        0.00
    8  N1Z0Z0R1 has    5020    1301      57        0.00
    9  N1P1Z0R1 has     288      66       3        0.00
   10  Z0N1Z0R1 has    5535    1430      59        0.00
   12  N1N1P1R1 has       0       0       0       55.29
   13  N1Z0P1R1 has       0       0       0       53.79
   14  N1P1P1R1 has       0       0       0       53.83
 Total of49246 atoms and13005 groups and  438 residues were included


 NONBOND OPTION FLAGS: 
     ELEC     VDW      ATOMs    CDIElec  FSHIft   VATOm    VFSWIt  
     BYCB     NOEXtnd  NOEWald 
 CUTNB  = 10.000 CTEXNB =999.000 CTONNB =  6.000 CTOFNB =  7.000
 CGONNB =  0.000 CGOFNB = 10.000
 WMIN   =  1.000 WRNMXD =  0.500 E14FAC =  1.000 EPS    =  1.000
 NBXMOD =      5
 There are        0 atom  pairs and        0 atom  exclusions.
 There are        0 group pairs and        0 group exclusions.
 <MAKINB> with mode   5 found 111603 exclusions and 104079 interactions(1-4)
 <MAKGRP> found  29409 group exclusions.
 <MAKGRP> found      0 image group exclusions.
 Generating nonbond list with Exclusion mode = 5
 == PRIMARY == SPACE FOR        0 ATOM PAIRS AND        0 GROUP PAIRS
 == IMAGES === SPACE FOR        0 ATOM PAIRS AND        0 GROUP PAIRS
  
 =========================================
              TRIAL run of list...........
 =========================================
Using Image CUBE search
Using Image CUBE search
  NBNDGCM found:
     5712823  atom pairs
      610631  image atom pairs
           0  self atom pairs
  
 CHARMM>    energy

 SELECTED IMAGES ATOMS BEING CENTERED ABOUT  0.000000  0.000000  5.670185

 <MKIMAT2>: updating the image atom lists and remapping
 Transformation   Atoms  Groups  Residues  Min-Distance
    1  N1N1N1R1 has       0       0       0       55.49
    2  N1Z0N1R1 has       0       0       0       53.68
    3  N1P1N1R1 has       0       0       0       54.19
    4  Z0N1N1R1 has       0       0       0       54.30
    5  Z0Z0N1R1 has       0       0       0       53.63
    6  Z0P1N1R1 has       0       0       0       54.14
    7  N1N1Z0R1 has     375     104       7        0.00
    8  N1Z0Z0R1 has    5020    1301      57        0.00
    9  N1P1Z0R1 has     288      66       3        0.00
   10  Z0N1Z0R1 has    5535    1430      59        0.00
   12  N1N1P1R1 has       0       0       0       55.29
   13  N1Z0P1R1 has       0       0       0       53.79
   14  N1P1P1R1 has       0       0       0       53.83
 Total of49246 atoms and13005 groups and  438 residues were included

 <MAKGRP> found      0 image group exclusions.

 NONBOND OPTION FLAGS: 
     ELEC     VDW      ATOMs    CDIElec  FSHIft   VATOm    VFSWIt  
     BYCB     NOEXtnd  NOEWald 
 CUTNB  = 10.000 CTEXNB =999.000 CTONNB =  6.000 CTOFNB =  7.000
 CGONNB =  0.000 CGOFNB = 10.000
 WMIN   =  1.000 WRNMXD =  0.500 E14FAC =  1.000 EPS    =  1.000
 NBXMOD =      5
 There are  5712823 atom  pairs and   215682 atom  exclusions.
 There are        0 group pairs and    29409 group exclusions.
 Generating nonbond list with Exclusion mode = 5
 == PRIMARY == SPACE FOR  7426669 ATOM PAIRS AND        0 GROUP PAIRS
 == IMAGES === SPACE FOR   793820 ATOM PAIRS AND        0 GROUP PAIRS
Using Image CUBE search
  NBNDGCM found:
     5712823  atom pairs
      610631  image atom pairs
           0  self atom pairs
ENER ENR:  Eval#     ENERgy      Delta-E         GRMS
ENER INTERN:          BONDs       ANGLes       UREY-b    DIHEdrals    IMPRopers
ENER EXTERN:        VDWaals         ELEC       HBONds          ASP         USER
ENER IMAGES:        IMNBvdw       IMELec       IMHBnd       RXNField    EXTElec
 ----------       ---------    ---------    ---------    ---------    ---------
ENER>        0  0.12753E+19  0.00000E+00  0.52889E+18
ENER INTERN>     4536.39675  17721.49782   6517.03179  14289.95079    133.88620
ENER EXTERN>    0.12753E+19 -0.12155E+04  0.00000E+00  0.00000E+00  0.00000E+00
ENER IMAGES>    0.86878E+12 -0.48722E+02  0.00000E+00  0.00000E+00  0.00000E+00
 ----------       ---------    ---------    ---------    ---------    ---------
  
 CHARMM>     
  
 CHARMM>    !
 CHARMM>    ! Minimization
 CHARMM>    !
 CHARMM>     
  
 CHARMM>    mini sd   nstep 250

 SELECTED IMAGES ATOMS BEING CENTERED ABOUT  0.000000  0.000000  5.670185

 <MKIMAT2>: updating the image atom lists and remapping
 Transformation   Atoms  Groups  Residues  Min-Distance
    1  N1N1N1R1 has       0       0       0       55.49
    2  N1Z0N1R1 has       0       0       0       53.68
    3  N1P1N1R1 has       0       0       0       54.19
    4  Z0N1N1R1 has       0       0       0       54.30
    5  Z0Z0N1R1 has       0       0       0       53.63
    6  Z0P1N1R1 has       0       0       0       54.14
    7  N1N1Z0R1 has     375     104       7        0.00
    8  N1Z0Z0R1 has    5020    1301      57        0.00
    9  N1P1Z0R1 has     288      66       3        0.00
   10  Z0N1Z0R1 has    5535    1430      59        0.00
   12  N1N1P1R1 has       0       0       0       55.29
   13  N1Z0P1R1 has       0       0       0       53.79
   14  N1P1P1R1 has       0       0       0       53.83
 Total of49246 atoms and13005 groups and  438 residues were included

 <MAKGRP> found      0 image group exclusions.

 NONBOND OPTION FLAGS: 
     ELEC     VDW      ATOMs    CDIElec  FSHIft   VATOm    VFSWIt  
     BYCB     NOEXtnd  NOEWald 
 CUTNB  = 10.000 CTEXNB =999.000 CTONNB =  6.000 CTOFNB =  7.000
 CGONNB =  0.000 CGOFNB = 10.000
 WMIN   =  1.000 WRNMXD =  0.500 E14FAC =  1.000 EPS    =  1.000
 NBXMOD =      5
 There are  5712823 atom  pairs and   215682 atom  exclusions.
 There are        0 group pairs and    29409 group exclusions.
 Generating nonbond list with Exclusion mode = 5
 == PRIMARY == SPACE FOR  7426669 ATOM PAIRS AND        0 GROUP PAIRS
 == IMAGES === SPACE FOR   793820 ATOM PAIRS AND        0 GROUP PAIRS
Using Image CUBE search
  NBNDGCM found:
     5712823  atom pairs
      610631  image atom pairs
           0  self atom pairs


 STEEPD> An energy minimization has been requested.

 NSTEP  =          250   NPRINT =           10
 STEP   =    0.0200000   TOLFUN =    0.0000000
 TOLGRD =    0.0000000   TOLSTP =    0.0000000

MINI MIN: Cycle      ENERgy      Delta-E         GRMS    Step-size
MINI INTERN:          BONDs       ANGLes       UREY-b    DIHEdrals    IMPRopers
MINI EXTERN:        VDWaals         ELEC       HBONds          ASP         USER
MINI IMAGES:        IMNBvdw       IMELec       IMHBnd       RXNField    EXTElec
 ----------       ---------    ---------    ---------    ---------    ---------
MINI>        0  0.12753E+19  0.00000E+00  0.52889E+18  0.20000E-01
MINI INTERN>     4536.39675  17721.49782   6517.03179  14289.95079    133.88620
MINI EXTERN>    0.12753E+19 -0.12155E+04  0.00000E+00  0.00000E+00  0.00000E+00
MINI IMAGES>    0.86878E+12 -0.48722E+02  0.00000E+00  0.00000E+00  0.00000E+00
 ----------       ---------    ---------    ---------    ---------    ---------
 UPDECI: Image update at step         1

 <MKIMAT2>: updating the image atom lists and remapping
 Transformation   Atoms  Groups  Residues  Min-Distance
    1  N1N1N1R1 has       0       0       0       55.49
    2  N1Z0N1R1 has       0       0       0       53.68
    3  N1P1N1R1 has       0       0       0       54.19
    4  Z0N1N1R1 has       0       0       0       54.30
    5  Z0Z0N1R1 has       0       0       0       53.63
    6  Z0P1N1R1 has       0       0       0       54.14
    7  N1N1Z0R1 has     375     104       7        0.00
    8  N1Z0Z0R1 has    5020    1301      57        0.00
    9  N1P1Z0R1 has     288      66       3        0.00
   10  Z0N1Z0R1 has    5535    1430      59        0.00
   12  N1N1P1R1 has       0       0       0       55.29
   13  N1Z0P1R1 has       0       0       0       53.79
   14  N1P1P1R1 has       0       0       0       53.83
 Total of49246 atoms and13005 groups and  438 residues were included

 <MAKGRP> found      0 image group exclusions.
 UPDECI: Nonbond update at step         1
 Generating nonbond list with Exclusion mode = 5
 == PRIMARY == SPACE FOR  7426669 ATOM PAIRS AND        0 GROUP PAIRS
 == IMAGES === SPACE FOR   793820 ATOM PAIRS AND        0 GROUP PAIRS
Using Image CUBE search
  NBNDGCM found:
     5712817  atom pairs
      610640  image atom pairs
           0  self atom pairs
 UPDECI: Image update at step         2

 <MKIMAT2>: updating the image atom lists and remapping
 Transformation   Atoms  Groups  Residues  Min-Distance
    1  N1N1N1R1 has       0       0       0       55.49
    2  N1Z0N1R1 has       0       0       0       53.68
    3  N1P1N1R1 has       0       0       0       54.19
    4  Z0N1N1R1 has       0       0       0       54.30
    5  Z0Z0N1R1 has       0       0       0       53.63
    6  Z0P1N1R1 has       0       0       0       54.14
    7  N1N1Z0R1 has     375     104       7        0.00
    8  N1Z0Z0R1 has    5020    1301      57        0.00
    9  N1P1Z0R1 has     288      66       3        0.00
   10  Z0N1Z0R1 has    5535    1430      59        0.00
   12  N1N1P1R1 has       0       0       0       55.29
   13  N1Z0P1R1 has       0       0       0       53.79
   14  N1P1P1R1 has       0       0       0       53.83
 Total of49246 atoms and13005 groups and  438 residues were included

 <MAKGRP> found      0 image group exclusions.
 UPDECI: Nonbond update at step         2
 Generating nonbond list with Exclusion mode = 5
 == PRIMARY == SPACE FOR  7426669 ATOM PAIRS AND        0 GROUP PAIRS
 == IMAGES === SPACE FOR   793820 ATOM PAIRS AND        0 GROUP PAIRS
Using Image CUBE search
  NBNDGCM found:
     5712795  atom pairs
      610641  image atom pairs
           0  self atom pairs
 UPDECI: Image update at step         3

 <MKIMAT2>: updating the image atom lists and remapping
 Transformation   Atoms  Groups  Residues  Min-Distance
    1  N1N1N1R1 has       0       0       0       55.49
    2  N1Z0N1R1 has       0       0       0       53.68
    3  N1P1N1R1 has       0       0       0       54.19
    4  Z0N1N1R1 has       0       0       0       54.30
    5  Z0Z0N1R1 has       0       0       0       53.63
    6  Z0P1N1R1 has       0       0       0       54.14
    7  N1N1Z0R1 has     375     104       7        0.00
    8  N1Z0Z0R1 has    5020    1301      57        0.00
    9  N1P1Z0R1 has     288      66       3        0.00
   10  Z0N1Z0R1 has    5535    1430      59        0.00
   12  N1N1P1R1 has       0       0       0       55.29
   13  N1Z0P1R1 has       0       0       0       53.79
   14  N1P1P1R1 has       0       0       0       53.83
 Total of49246 atoms and13005 groups and  438 residues were included

 <MAKGRP> found      0 image group exclusions.
 UPDECI: Nonbond update at step         3
 Generating nonbond list with Exclusion mode = 5
 == PRIMARY == SPACE FOR  7426669 ATOM PAIRS AND        0 GROUP PAIRS
 == IMAGES === SPACE FOR   793820 ATOM PAIRS AND        0 GROUP PAIRS
Using Image CUBE search
  NBNDGCM found:
     5712772  atom pairs
      610655  image atom pairs
           0  self atom pairs
 UPDECI: Image update at step         4

 <MKIMAT2>: updating the image atom lists and remapping
 Transformation   Atoms  Groups  Residues  Min-Distance
    1  N1N1N1R1 has       0       0       0       55.49
    2  N1Z0N1R1 has       0       0       0       53.68
    3  N1P1N1R1 has       0       0       0       54.19
    4  Z0N1N1R1 has       0       0       0       54.30
    5  Z0Z0N1R1 has       0       0       0       53.63
    6  Z0P1N1R1 has       0       0       0       54.14
    7  N1N1Z0R1 has     375     104       7        0.00
    8  N1Z0Z0R1 has    5020    1301      57        0.00
    9  N1P1Z0R1 has     288      66       3        0.00
   10  Z0N1Z0R1 has    5535    1430      59        0.00
   12  N1N1P1R1 has       0       0       0       55.29
   13  N1Z0P1R1 has       0       0       0       53.79
   14  N1P1P1R1 has       0       0       0       53.83
 Total of49246 atoms and13005 groups and  438 residues were included

 <MAKGRP> found      0 image group exclusions.
 UPDECI: Nonbond update at step         4
 Generating nonbond list with Exclusion mode = 5
 == PRIMARY == SPACE FOR  7426669 ATOM PAIRS AND        0 GROUP PAIRS
 == IMAGES === SPACE FOR   793820 ATOM PAIRS AND        0 GROUP PAIRS
Using Image CUBE search
  NBNDGCM found:
     5712833  atom pairs
      610598  image atom pairs
           0  self atom pairs
 UPDECI: Image update at step         5

 <MKIMAT2>: updating the image atom lists and remapping
 Transformation   Atoms  Groups  Residues  Min-Distance
    1  N1N1N1R1 has       0       0       0       55.49
    2  N1Z0N1R1 has       0       0       0       53.68
    3  N1P1N1R1 has       0       0       0       54.19
    4  Z0N1N1R1 has       0       0       0       54.30
    5  Z0Z0N1R1 has       0       0       0       53.63
    6  Z0P1N1R1 has       0       0       0       54.14
    7  N1N1Z0R1 has     375     104       7        0.00
    8  N1Z0Z0R1 has    5020    1301      57        0.00
    9  N1P1Z0R1 has     288      66       3        0.00
   10  Z0N1Z0R1 has    5535    1430      59        0.00
   12  N1N1P1R1 has       0       0       0       55.29
   13  N1Z0P1R1 has       0       0       0       53.79
   14  N1P1P1R1 has       0       0       0       53.83
 Total of49246 atoms and13005 groups and  438 residues were included

 <MAKGRP> found      0 image group exclusions.
 UPDECI: Nonbond update at step         5
 Generating nonbond list with Exclusion mode = 5
 == PRIMARY == SPACE FOR  7426669 ATOM PAIRS AND        0 GROUP PAIRS
 == IMAGES === SPACE FOR   793820 ATOM PAIRS AND        0 GROUP PAIRS
Using Image CUBE search
  NBNDGCM found:
     5712813  atom pairs
      610621  image atom pairs
           0  self atom pairs
 UPDECI: Image update at step         6

 <MKIMAT2>: updating the image atom lists and remapping
 Transformation   Atoms  Groups  Residues  Min-Distance
    1  N1N1N1R1 has       0       0       0       55.49
    2  N1Z0N1R1 has       0       0       0       53.68
    3  N1P1N1R1 has       0       0       0       54.19
    4  Z0N1N1R1 has       0       0       0       54.30
    5  Z0Z0N1R1 has       0       0       0       53.63
    6  Z0P1N1R1 has       0       0       0       54.14
    7  N1N1Z0R1 has     375     104       7        0.00
    8  N1Z0Z0R1 has    5020    1301      57        0.00
    9  N1P1Z0R1 has     288      66       3        0.00
   10  Z0N1Z0R1 has    5535    1430      59        0.00
   12  N1N1P1R1 has       0       0       0       55.29
   13  N1Z0P1R1 has       0       0       0       53.79
   14  N1P1P1R1 has       0       0       0       53.83
 Total of49246 atoms and13005 groups and  438 residues were included

 <MAKGRP> found      0 image group exclusions.
 UPDECI: Nonbond update at step         6
 Generating nonbond list with Exclusion mode = 5
 == PRIMARY == SPACE FOR  7426669 ATOM PAIRS AND        0 GROUP PAIRS
 == IMAGES === SPACE FOR   793820 ATOM PAIRS AND        0 GROUP PAIRS
Using Image CUBE search
  NBNDGCM found:
     5712828  atom pairs
      610614  image atom pairs
           0  self atom pairs
 UPDECI: Image update at step         8

 <MKIMAT2>: updating the image atom lists and remapping
 Transformation   Atoms  Groups  Residues  Min-Distance
    1  N1N1N1R1 has       0       0       0       55.49
    2  N1Z0N1R1 has       0       0       0       53.68
    3  N1P1N1R1 has       0       0       0       54.19
    4  Z0N1N1R1 has       0       0       0       54.30
    5  Z0Z0N1R1 has       0       0       0       53.63
    6  Z0P1N1R1 has       0       0       0       54.14
    7  N1N1Z0R1 has     375     104       7        0.00
    8  N1Z0Z0R1 has    5023    1302      57        0.00
    9  N1P1Z0R1 has     288      66       3        0.00
   10  Z0N1Z0R1 has    5535    1430      59        0.00
   12  N1N1P1R1 has       0       0       0       55.29
   13  N1Z0P1R1 has       0       0       0       53.79
   14  N1P1P1R1 has       0       0       0       53.83
 Total of49249 atoms and13006 groups and  438 residues were included

 <MAKGRP> found      0 image group exclusions.
 UPDECI: Nonbond update at step         8
 Generating nonbond list with Exclusion mode = 5
 == PRIMARY == SPACE FOR  7426669 ATOM PAIRS AND        0 GROUP PAIRS
 == IMAGES === SPACE FOR   793820 ATOM PAIRS AND        0 GROUP PAIRS
Using Image CUBE search
  NBNDGCM found:
     5712739  atom pairs
      610666  image atom pairs
           0  self atom pairs
 UPDECI: Image update at step         9

 <MKIMAT2>: updating the image atom lists and remapping
 Transformation   Atoms  Groups  Residues  Min-Distance
    1  N1N1N1R1 has       0       0       0       55.49
    2  N1Z0N1R1 has       0       0       0       53.68
    3  N1P1N1R1 has       0       0       0       54.19
    4  Z0N1N1R1 has       0       0       0       54.30
    5  Z0Z0N1R1 has       0       0       0       53.63
    6  Z0P1N1R1 has       0       0       0       54.14
    7  N1N1Z0R1 has     375     104       7        0.00
    8  N1Z0Z0R1 has    5023    1302      57        0.00
    9  N1P1Z0R1 has     288      66       3        0.00
   10  Z0N1Z0R1 has    5535    1430      59        0.00
   12  N1N1P1R1 has       0       0       0       55.29
   13  N1Z0P1R1 has       0       0       0       53.79
   14  N1P1P1R1 has       0       0       0       53.83
 Total of49249 atoms and13006 groups and  438 residues were included

 <MAKGRP> found      0 image group exclusions.
 UPDECI: Nonbond update at step         9
 Generating nonbond list with Exclusion mode = 5
 == PRIMARY == SPACE FOR  7426669 ATOM PAIRS AND        0 GROUP PAIRS
 == IMAGES === SPACE FOR   793820 ATOM PAIRS AND        0 GROUP PAIRS
Using Image CUBE search
  NBNDGCM found:
     5712757  atom pairs
      610663  image atom pairs
           0  self atom pairs
 UPDECI: Image update at step        10

 <MKIMAT2>: updating the image atom lists and remapping
 Transformation   Atoms  Groups  Residues  Min-Distance
    1  N1N1N1R1 has       0       0       0       55.49
    2  N1Z0N1R1 has       0       0       0       53.68
    3  N1P1N1R1 has       0       0       0       54.19
    4  Z0N1N1R1 has       0       0       0       54.30
    5  Z0Z0N1R1 has       0       0       0       53.63
    6  Z0P1N1R1 has       0       0       0       54.14
    7  N1N1Z0R1 has     375     104       7        0.00
    8  N1Z0Z0R1 has    5023    1302      57        0.00
    9  N1P1Z0R1 has     288      66       3        0.00
   10  Z0N1Z0R1 has    5535    1430      59        0.00
   12  N1N1P1R1 has       0       0       0       55.29
   13  N1Z0P1R1 has       0       0       0       53.79
   14  N1P1P1R1 has       0       0       0       53.83
 Total of49249 atoms and13006 groups and  438 residues were included

 <MAKGRP> found      0 image group exclusions.
 UPDECI: Nonbond update at step        10
 Generating nonbond list with Exclusion mode = 5
 == PRIMARY == SPACE FOR  7426669 ATOM PAIRS AND        0 GROUP PAIRS
 == IMAGES === SPACE FOR   793820 ATOM PAIRS AND        0 GROUP PAIRS
Using Image CUBE search
  NBNDGCM found:
     5712733  atom pairs
      610664  image atom pairs
           0  self atom pairs
MINI>       10  0.25333E+10  0.12753E+19  0.79704E+07  0.89580E-02
MINI INTERN>    41029.91245  23983.79108   9983.09318  14447.22674    205.13907
MINI EXTERN>   2272273834.1      -1378.1          0.0          0.0          0.0
MINI IMAGES>   260972217.35        17.26         0.00         0.00         0.00
 ----------       ---------    ---------    ---------    ---------    ---------
 UPDECI: Image update at step        12

 <MKIMAT2>: updating the image atom lists and remapping
 Transformation   Atoms  Groups  Residues  Min-Distance
    1  N1N1N1R1 has       0       0       0       55.49
    2  N1Z0N1R1 has       0       0       0       53.68
    3  N1P1N1R1 has       0       0       0       54.19
    4  Z0N1N1R1 has       0       0       0       54.30
    5  Z0Z0N1R1 has       0       0       0       53.63
    6  Z0P1N1R1 has       0       0       0       54.14
    7  N1N1Z0R1 has     375     104       7        0.00
    8  N1Z0Z0R1 has    5023    1302      57        0.00
    9  N1P1Z0R1 has     288      66       3        0.00
   10  Z0N1Z0R1 has    5535    1430      59        0.00
   12  N1N1P1R1 has       0       0       0       55.29
   13  N1Z0P1R1 has       0       0       0       53.79
   14  N1P1P1R1 has       0       0       0       53.83
 Total of49249 atoms and13006 groups and  438 residues were included

 <MAKGRP> found      0 image group exclusions.
 UPDECI: Nonbond update at step        12
 Generating nonbond list with Exclusion mode = 5
 == PRIMARY == SPACE FOR  7426669 ATOM PAIRS AND        0 GROUP PAIRS
 == IMAGES === SPACE FOR   793820 ATOM PAIRS AND        0 GROUP PAIRS
Using Image CUBE search
  NBNDGCM found:
     5712679  atom pairs
      610656  image atom pairs
           0  self atom pairs
 UPDECI: Image update at step        13

 <MKIMAT2>: updating the image atom lists and remapping
 Transformation   Atoms  Groups  Residues  Min-Distance
    1  N1N1N1R1 has       0       0       0       55.49
    2  N1Z0N1R1 has       0       0       0       53.68
    3  N1P1N1R1 has       0       0       0       54.19
    4  Z0N1N1R1 has       0       0       0       54.30
    5  Z0Z0N1R1 has       0       0       0       53.63
    6  Z0P1N1R1 has       0       0       0       54.14
    7  N1N1Z0R1 has     375     104       7        0.00
    8  N1Z0Z0R1 has    5023    1302      57        0.00
    9  N1P1Z0R1 has     288      66       3        0.00
   10  Z0N1Z0R1 has    5535    1430      59        0.00
   12  N1N1P1R1 has       0       0       0       55.29
   13  N1Z0P1R1 has       0       0       0       53.79
   14  N1P1P1R1 has       0       0       0       53.83
 Total of49249 atoms and13006 groups and  438 residues were included

 <MAKGRP> found      0 image group exclusions.
 UPDECI: Nonbond update at step        13
 Generating nonbond list with Exclusion mode = 5
 == PRIMARY == SPACE FOR  7426669 ATOM PAIRS AND        0 GROUP PAIRS
 == IMAGES === SPACE FOR   793820 ATOM PAIRS AND        0 GROUP PAIRS
Using Image CUBE search
  NBNDGCM found:
     5712609  atom pairs
      610696  image atom pairs
           0  self atom pairs
 EPHI: WARNING. bent improper torsion angle is 

far from minimum for;
    IPHI=  498  with deltaPHI= -88.0671 MIN=   0.0000 ATOMS:37934379333793637935
 UPDECI: Image update at step        14

 <MKIMAT2>: updating the image atom lists and remapping
 Transformation   Atoms  Groups  Residues  Min-Distance
    1  N1N1N1R1 has       0       0       0       55.49
    2  N1Z0N1R1 has       0       0       0       53.68
    3  N1P1N1R1 has       0       0       0       54.19
    4  Z0N1N1R1 has       0       0       0       54.30
    5  Z0Z0N1R1 has       0       0       0       53.63
    6  Z0P1N1R1 has       0       0       0       54.14
    7  N1N1Z0R1 has     375     104       7        0.00
    8  N1Z0Z0R1 has    5023    1302      57        0.00
    9  N1P1Z0R1 has     288      66       3        0.00
   10  Z0N1Z0R1 has    5535    1430      59        0.00
   12  N1N1P1R1 has       0       0       0       55.29
   13  N1Z0P1R1 has       0       0       0       53.79
   14  N1P1P1R1 has       0       0       0       53.83
 Total of49249 atoms and13006 groups and  438 residues were included

 <MAKGRP> found      0 image group exclusions.
 UPDECI: Nonbond update at step        14
 Generating nonbond list with Exclusion mode = 5
 == PRIMARY == SPACE FOR  7426669 ATOM PAIRS AND        0 GROUP PAIRS
 == IMAGES === SPACE FOR   793820 ATOM PAIRS AND        0 GROUP PAIRS
Using Image CUBE search
  NBNDGCM found:
     5712620  atom pairs
      610694  image atom pairs
           0  self atom pairs
 EPHI: WARNING. bent improper torsion angle is 

far from minimum for;
    IPHI=  498  with deltaPHI= -88.0672 MIN=   0.0000 ATOMS:37934379333793637935
 EPHI: WARNING. bent improper torsion angle is 

far from minimum for;
    IPHI=  498  with deltaPHI= -88.0672 MIN=   0.0000 ATOMS:37934379333793637935
 EPHI: WARNING. bent improper torsion angle is 

far from minimum for;
    IPHI=  498  with deltaPHI= -88.6418 MIN=   0.0000 ATOMS:37934379333793637935
 EPHI: WARNING. bent improper torsion angle is 

far from minimum for;
    IPHI=  498  with deltaPHI= -89.3625 MIN=   0.0000 ATOMS:37934379333793637935
 EPHI: WARNING. bent improper torsion angle is 

far from minimum for;
    IPHI=  498  with deltaPHI= -90.0077 MIN=   0.0000 ATOMS:37934379333793637935
 EPHI: WARNING. bent improper torsion angle is 

far from minimum for;
    IPHI=  498  with deltaPHI= -90.5916 MIN=   0.0000 ATOMS:37934379333793637935
 EPHI: WARNING. bent improper torsion angle is 

far from minimum for;
    IPHI=  498  with deltaPHI= -91.0438 MIN=   0.0000 ATOMS:37934379333793637935
MINI>       20   11784522.3 2521549817.4      37049.5          0.0
MINI INTERN>   136805.69993  39623.76790  17431.91007  15039.69942    743.56636
MINI EXTERN>   10660355.545    -1230.635        0.000        0.000        0.000
MINI IMAGES>   915778.26350    -25.50600      0.00000      0.00000      0.00000
 ----------       ---------    ---------    ---------    ---------    ---------
 UPDECI: Image update at step        21

 <MKIMAT2>: updating the image atom lists and remapping
 Transformation   Atoms  Groups  Residues  Min-Distance
    1  N1N1N1R1 has       0       0       0       55.50
    2  N1Z0N1R1 has       0       0       0       53.68
    3  N1P1N1R1 has       0       0       0       54.19
    4  Z0N1N1R1 has       0       0       0       54.31
    5  Z0Z0N1R1 has       0       0       0       53.63
    6  Z0P1N1R1 has       0       0       0       54.14
    7  N1N1Z0R1 has     372     103       7        0.00
    8  N1Z0Z0R1 has    5026    1303      57        0.00
    9  N1P1Z0R1 has     288      66       3        0.00
   10  Z0N1Z0R1 has    5532    1429      59        0.00
   12  N1N1P1R1 has       0       0       0       55.29
   13  N1Z0P1R1 has       0       0       0       53.79
   14  N1P1P1R1 has       0       0       0       53.83
 Total of49246 atoms and13005 groups and  438 residues were included

 <MAKGRP> found      0 image group exclusions.
 UPDECI: Nonbond update at step        21
 Generating nonbond list with Exclusion mode = 5
 == PRIMARY == SPACE FOR  7426669 ATOM PAIRS AND        0 GROUP PAIRS
 == IMAGES === SPACE FOR   793820 ATOM PAIRS AND        0 GROUP PAIRS
Using Image CUBE search
  NBNDGCM found:
     5712516  atom pairs
      610360  image atom pairs
           0  self atom pairs
 EPHI: WARNING. bent improper torsion angle is 

far from minimum for;
    IPHI=  498  with deltaPHI= -91.0827 MIN=   0.0000 ATOMS:37934379333793637935
 EPHI: WARNING. bent improper torsion angle is 

far from minimum for;
    IPHI=  498  with deltaPHI= -91.0827 MIN=   0.0000 ATOMS:37934379333793637935
 UPDECI: Image update at step        23

 <MKIMAT2>: updating the image atom lists and remapping
 Transformation   Atoms  Groups  Residues  Min-Distance
    1  N1N1N1R1 has       0       0       0       55.50
    2  N1Z0N1R1 has       0       0       0       53.68
    3  N1P1N1R1 has       0       0       0       54.19
    4  Z0N1N1R1 has       0       0       0       54.31
    5  Z0Z0N1R1 has       0       0       0       53.63
    6  Z0P1N1R1 has       0       0       0       54.14
    7  N1N1Z0R1 has     372     103       7        0.00
    8  N1Z0Z0R1 has    5026    1303      57        0.00
    9  N1P1Z0R1 has     288      66       3        0.00
   10  Z0N1Z0R1 has    5532    1429      59        0.00
   12  N1N1P1R1 has       0       0       0       55.29
   13  N1Z0P1R1 has       0       0       0       53.79
   14  N1P1P1R1 has       0       0       0       53.83
 Total of49246 atoms and13005 groups and  438 residues were included

 <MAKGRP> found      0 image group exclusions.
 UPDECI: Nonbond update at step        23
 Generating nonbond list with Exclusion mode = 5
 == PRIMARY == SPACE FOR  7426669 ATOM PAIRS AND        0 GROUP PAIRS
 == IMAGES === SPACE FOR   793820 ATOM PAIRS AND        0 GROUP PAIRS
Using Image CUBE search
  NBNDGCM found:
     5712361  atom pairs
      610299  image atom pairs
           0  self atom pairs
 EPHIFASTER: WARNING.  dihedral70792 is almost linear.
 derivatives may be affected for atoms:25166251652517325174
 EPHIFASTER: WARNING.  dihedral70812 is almost linear.
 derivatives may be affected for atoms:25169251652517325174
 EPHIFASTER: WARNING.  dihedral70828 is almost linear.
 derivatives may be affected for atoms:25174251732516525177
 EPHI: WARNING. bent improper torsion angle is 

far from minimum for;
    IPHI=  498  with deltaPHI= -91.1664 MIN=   0.0000 ATOMS:37934379333793637935
 EPHI: WARNING. bent improper torsion angle is 

far from minimum for;
    IPHI=  498  with deltaPHI= -91.1042 MIN=   0.0000 ATOMS:37934379333793637935
 EPHI: WARNING. bent improper torsion angle is 

far from minimum for;
    IPHI=  498  with deltaPHI= -90.7386 MIN=   0.0000 ATOMS:37934379333793637935
 EPHI: WARNING. bent improper torsion angle is 

far from minimum for;
    IPHI=  498  with deltaPHI= -89.9441 MIN=   0.0000 ATOMS:37934379333793637935
 UPDECI: Image update at step        27

 <MKIMAT2>: updating the image atom lists and remapping
 Transformation   Atoms  Groups  Residues  Min-Distance
    1  N1N1N1R1 has       0       0       0       55.50
    2  N1Z0N1R1 has       0       0       0       53.68
    3  N1P1N1R1 has       0       0       0       54.19
    4  Z0N1N1R1 has       0       0       0       54.32
    5  Z0Z0N1R1 has       0       0       0       53.63
    6  Z0P1N1R1 has       0       0       0       54.14
    7  N1N1Z0R1 has     364     102       7        0.00
    8  N1Z0Z0R1 has    5032    1305      57        0.00
    9  N1P1Z0R1 has     288      66       3        0.00
   10  Z0N1Z0R1 has    5526    1427      59        0.00
   12  N1N1P1R1 has       0       0       0       55.29
   13  N1Z0P1R1 has       0       0       0       53.79
   14  N1P1P1R1 has       0       0       0       53.83
 Total of49238 atoms and13004 groups and  438 residues were included

 <MAKGRP> found      0 image group exclusions.
 UPDECI: Nonbond update at step        27
 Generating nonbond list with Exclusion mode = 5
 == PRIMARY == SPACE FOR  7426669 ATOM PAIRS AND        0 GROUP PAIRS
 == IMAGES === SPACE FOR   793820 ATOM PAIRS AND        0 GROUP PAIRS
Using Image CUBE search
  NBNDGCM found:
     5712290  atom pairs
      609969  image atom pairs
           0  self atom pairs
 EPHI: WARNING. bent improper torsion angle is 

far from minimum for;
    IPHI=  498  with deltaPHI= -89.8661 MIN=   0.0000 ATOMS:37934379333793637935
 UPDECI: Image update at step        28

 <MKIMAT2>: updating the image atom lists and remapping
 Transformation   Atoms  Groups  Residues  Min-Distance
    1  N1N1N1R1 has       0       0       0       55.50
    2  N1Z0N1R1 has       0       0       0       53.68
    3  N1P1N1R1 has       0       0       0       54.19
    4  Z0N1N1R1 has       0       0       0       54.32
    5  Z0Z0N1R1 has       0       0       0       53.63
    6  Z0P1N1R1 has       0       0       0       54.14
    7  N1N1Z0R1 has     364     102       7        0.00
    8  N1Z0Z0R1 has    5032    1305      57        0.00
    9  N1P1Z0R1 has     288      66       3        0.00
   10  Z0N1Z0R1 has    5526    1427      59        0.00
   12  N1N1P1R1 has       0       0       0       55.29
   13  N1Z0P1R1 has       0       0       0       53.79
   14  N1P1P1R1 has       0       0       0       53.83
 Total of49238 atoms and13004 groups and  438 residues were included

 <MAKGRP> found      0 image group exclusions.
 UPDECI: Nonbond update at step        28
 Generating nonbond list with Exclusion mode = 5
 == PRIMARY == SPACE FOR  7426669 ATOM PAIRS AND        0 GROUP PAIRS
 == IMAGES === SPACE FOR   793820 ATOM PAIRS AND        0 GROUP PAIRS
Using Image CUBE search
  NBNDGCM found:
     5712175  atom pairs
      609956  image atom pairs
           0  self atom pairs
 EPHI: WARNING. bent improper torsion angle is 

far from minimum for;
    IPHI=  498  with deltaPHI= -89.7523 MIN=   0.0000 ATOMS:37934379333793637935
 UPDECI: Image update at step        29

 <MKIMAT2>: updating the image atom lists and remapping
 Transformation   Atoms  Groups  Residues  Min-Distance
    1  N1N1N1R1 has       0       0       0       55.50
    2  N1Z0N1R1 has       0       0       0       53.68
    3  N1P1N1R1 has       0       0       0       54.19
    4  Z0N1N1R1 has       0       0       0       54.32
    5  Z0Z0N1R1 has       0       0       0       53.63
    6  Z0P1N1R1 has       0       0       0       54.14
    7  N1N1Z0R1 has     361     101       7        0.00
    8  N1Z0Z0R1 has    5030    1304      57        0.00
    9  N1P1Z0R1 has     291      67       3        0.00
   10  Z0N1Z0R1 has    5523    1426      59        0.00
   12  N1N1P1R1 has       0       0       0       55.29
   13  N1Z0P1R1 has       0       0       0       53.79
   14  N1P1P1R1 has       0       0       0       53.83
 Total of49233 atoms and13002 groups and  438 residues were included

 <MAKGRP> found      0 image group exclusions.
 UPDECI: Nonbond update at step        29
 Generating nonbond list with Exclusion mode = 5
 == PRIMARY == SPACE FOR  7426669 ATOM PAIRS AND        0 GROUP PAIRS
 == IMAGES === SPACE FOR   793820 ATOM PAIRS AND        0 GROUP PAIRS
Using Image CUBE search
  NBNDGCM found:
     5712159  atom pairs
      609815  image atom pairs
           0  self atom pairs
 EPHI: WARNING. bent improper torsion angle is 

far from minimum for;
    IPHI=  498  with deltaPHI= -87.4827 MIN=   0.0000 ATOMS:37934379333793637935
 UPDECI: Image update at step        30

 <MKIMAT2>: updating the image atom lists and remapping
 Transformation   Atoms  Groups  Residues  Min-Distance
    1  N1N1N1R1 has       0       0       0       55.50
    2  N1Z0N1R1 has       0       0       0       53.68
    3  N1P1N1R1 has       0       0       0       54.19
    4  Z0N1N1R1 has       0       0       0       54.32
    5  Z0Z0N1R1 has       0       0       0       53.63
    6  Z0P1N1R1 has       0       0       0       54.14
    7  N1N1Z0R1 has     361     101       7        0.00
    8  N1Z0Z0R1 has    5030    1304      57        0.00
    9  N1P1Z0R1 has     291      67       3        0.00
   10  Z0N1Z0R1 has    5523    1426      59        0.00
   12  N1N1P1R1 has       0       0       0       55.29
   13  N1Z0P1R1 has       0       0       0       53.79
   14  N1P1P1R1 has       0       0       0       53.83
 Total of49233 atoms and13002 groups and  438 residues were included

 <MAKGRP> found      0 image group exclusions.
 UPDECI: Nonbond update at step        30
 Generating nonbond list with Exclusion mode = 5
 == PRIMARY == SPACE FOR  7426669 ATOM PAIRS AND        0 GROUP PAIRS
 == IMAGES === SPACE FOR   793820 ATOM PAIRS AND        0 GROUP PAIRS
Using Image CUBE search
  NBNDGCM found:
     5712153  atom pairs
      609815  image atom pairs
           0  self atom pairs
 EPHI: WARNING. bent improper torsion angle is 

far from minimum for;
    IPHI=  498  with deltaPHI= -87.4824 MIN=   0.0000 ATOMS:37934379333793637935
MINI>       30  0.54789E+12 -0.54788E+12  0.13245E+12  0.10351E-01
MINI INTERN>   329265.48999  64548.64865  39993.34625  16042.87808   1218.39367
MINI EXTERN>    0.54789E+12 -0.10973E+04  0.00000E+00  0.00000E+00  0.00000E+00
MINI IMAGES>    62764.08584    -10.59847      0.00000      0.00000      0.00000
 ----------       ---------    ---------    ---------    ---------    ---------
 EPHI: WARNING. bent improper torsion angle is 

far from minimum for;
    IPHI=  498  with deltaPHI= -87.4824 MIN=   0.0000 ATOMS:37934379333793637935
 EPHI: WARNING. bent improper torsion angle is 

far from minimum for;
    IPHI=  498  with deltaPHI= -87.4507 MIN=   0.0000 ATOMS:37934379333793637935
 UPDECI: Image update at step        33

 <MKIMAT2>: updating the image atom lists and remapping
 Transformation   Atoms  Groups  Residues  Min-Distance
    1  N1N1N1R1 has       0       0       0       55.50
    2  N1Z0N1R1 has       0       0       0       53.68
    3  N1P1N1R1 has       0       0       0       54.19
    4  Z0N1N1R1 has       0       0       0       54.32
    5  Z0Z0N1R1 has       0       0       0       53.63
    6  Z0P1N1R1 has       0       0       0       54.14
    7  N1N1Z0R1 has     361     101       7        0.00
    8  N1Z0Z0R1 has    5030    1304      57        0.00
    9  N1P1Z0R1 has     291      67       3        0.00
   10  Z0N1Z0R1 has    5523    1426      59        0.00
   12  N1N1P1R1 has       0       0       0       55.29
   13  N1Z0P1R1 has       0       0       0       53.79
   14  N1P1P1R1 has       0       0       0       53.83
 Total of49233 atoms and13002 groups and  438 residues were included

 <MAKGRP> found      0 image group exclusions.
 UPDECI: Nonbond update at step        33
 Generating nonbond list with Exclusion mode = 5
 == PRIMARY == SPACE FOR  7426669 ATOM PAIRS AND        0 GROUP PAIRS
 == IMAGES === SPACE FOR   793820 ATOM PAIRS AND        0 GROUP PAIRS
Using Image CUBE search
  NBNDGCM found:
     5712147  atom pairs
      609813  image atom pairs
           0  self atom pairs
 EPHI: WARNING. bent improper torsion angle is 

far from minimum for;
    IPHI=  498  with deltaPHI= -87.4507 MIN=   0.0000 ATOMS:37934379333793637935
 EPHI: WARNING. bent improper torsion angle is 

far from minimum for;
    IPHI=  498  with deltaPHI= -87.4500 MIN=   0.0000 ATOMS:37934379333793637935
 EPHI: WARNING. bent improper torsion angle is 

far from minimum for;
    IPHI=  498  with deltaPHI= -87.4500 MIN=   0.0000 ATOMS:37934379333793637935
 EPHI: WARNING. bent improper torsion angle is 

far from minimum for;
    IPHI=  498  with deltaPHI= -87.1397 MIN=   0.0000 ATOMS:37934379333793637935
 EPHI: WARNING. bent improper torsion angle is 

far from minimum for;
    IPHI=  498  with deltaPHI= -86.7149 MIN=   0.0000 ATOMS:37934379333793637935
 EPHI: WARNING. bent improper torsion angle is 

far from minimum for;
    IPHI=  498  with deltaPHI= -86.2960 MIN=   0.0000 ATOMS:37934379333793637935
 EPHI: WARNING. bent improper torsion angle is 

far from minimum for;
    IPHI=  498  with deltaPHI= -85.9695 MIN=   0.0000 ATOMS:37934379333793637935
 EPHI: WARNING. bent improper torsion angle is 

far from minimum for;
    IPHI=  498  with deltaPHI= -85.7851 MIN=   0.0000 ATOMS:37934379333793637935
MINI>       40  0.91467E+06  0.54789E+12  0.12520E+03  0.46363E-02
MINI INTERN>   309404.63152  65326.77192  43181.80088  16142.87612   1181.93523
MINI EXTERN>   441814.37748  -1092.08504      0.00000      0.00000      0.00000
MINI IMAGES>    38719.62143     -6.80926      0.00000      0.00000      0.00000
 ----------       ---------    ---------    ---------    ---------    ---------
 EPHI: WARNING. bent improper torsion angle is 

far from minimum for;
    IPHI=  498  with deltaPHI= -85.6816 MIN=   0.0000 ATOMS:37934379333793637935
 UPDECI: Image update at step        42

 <MKIMAT2>: updating the image atom lists and remapping
 Transformation   Atoms  Groups  Residues  Min-Distance
    1  N1N1N1R1 has       0       0       0       55.51
    2  N1Z0N1R1 has       0       0       0       53.69
    3  N1P1N1R1 has       0       0       0       54.20
    4  Z0N1N1R1 has       0       0       0       54.34
    5  Z0Z0N1R1 has       0       0       0       53.64
    6  Z0P1N1R1 has       0       0       0       54.14
    7  N1N1Z0R1 has     361     101       7        0.00
    8  N1Z0Z0R1 has    5030    1304      57        0.00
    9  N1P1Z0R1 has     288      66       3        0.00
   10  Z0N1Z0R1 has    5511    1422      59        0.00
   12  N1N1P1R1 has       0       0       0       55.29
   13  N1Z0P1R1 has       0       0       0       53.79
   14  N1P1P1R1 has       0       0       0       53.83
 Total of49218 atoms and12997 groups and  438 residues were included

 <MAKGRP> found      0 image group exclusions.
 UPDECI: Nonbond update at step        42
 Generating nonbond list with Exclusion mode = 5
 == PRIMARY == SPACE FOR  7426669 ATOM PAIRS AND        0 GROUP PAIRS
 == IMAGES === SPACE FOR   793820 ATOM PAIRS AND        0 GROUP PAIRS
Using Image CUBE search
  NBNDGCM found:
     5712056  atom pairs
      609486  image atom pairs
           0  self atom pairs
 EPHI: WARNING. bent improper torsion angle is 

far from minimum for;
    IPHI=  498  with deltaPHI= -85.3805 MIN=   0.0000 ATOMS:37934379333793637935
 EPHI: WARNING. bent improper torsion angle is 

far from minimum for;
    IPHI=  498  with deltaPHI= -84.4782 MIN=   0.0000 ATOMS:37934379333793637935
 UPDECI: Image update at step        47

 <MKIMAT2>: updating the image atom lists and remapping
 Transformation   Atoms  Groups  Residues  Min-Distance
    1  N1N1N1R1 has       0       0       0       55.52
    2  N1Z0N1R1 has       0       0       0       53.69
    3  N1P1N1R1 has       0       0       0       54.21
    4  Z0N1N1R1 has       0       0       0       54.35
    5  Z0Z0N1R1 has       0       0       0       53.65
    6  Z0P1N1R1 has       0       0       0       54.14
    7  N1N1Z0R1 has     345     100       6        0.00
    8  N1Z0Z0R1 has    5015    1299      57        0.00
    9  N1P1Z0R1 has     288      66       3        0.00
   10  Z0N1Z0R1 has    5489    1415      59        0.00
   12  N1N1P1R1 has       0       0       0       55.30
   13  N1Z0P1R1 has       0       0       0       53.80
   14  N1P1P1R1 has       0       0       0       53.84
 Total of49165 atoms and12984 groups and  437 residues were included

 <MAKGRP> found      0 image group exclusions.
 UPDECI: Nonbond update at step        47
 Generating nonbond list with Exclusion mode = 5
 == PRIMARY == SPACE FOR  7426669 ATOM PAIRS AND        0 GROUP PAIRS
 == IMAGES === SPACE FOR   793820 ATOM PAIRS AND        0 GROUP PAIRS
Using Image CUBE search
  NBNDGCM found:
     5711429  atom pairs
      608911  image atom pairs
           0  self atom pairs
 UPDECI: Image update at step        48

 <MKIMAT2>: updating the image atom lists and remapping
 Transformation   Atoms  Groups  Residues  Min-Distance
    1  N1N1N1R1 has       0       0       0       55.53
    2  N1Z0N1R1 has       0       0       0       53.69
    3  N1P1N1R1 has       0       0       0       54.22
    4  Z0N1N1R1 has       0       0       0       54.35
    5  Z0Z0N1R1 has       0       0       0       53.66
    6  Z0P1N1R1 has       0       0       0       54.14
    7  N1N1Z0R1 has     345     100       6        0.00
    8  N1Z0Z0R1 has    5012    1298      57        0.00
    9  N1P1Z0R1 has     288      66       3        0.00
   10  Z0N1Z0R1 has    5489    1415      59        0.00
   12  N1N1P1R1 has       0       0       0       55.31
   13  N1Z0P1R1 has       0       0       0       53.80
   14  N1P1P1R1 has       0       0       0       53.84
 Total of49162 atoms and12983 groups and  437 residues were included

 <MAKGRP> found      0 image group exclusions.
 UPDECI: Nonbond update at step        48
 Generating nonbond list with Exclusion mode = 5
 == PRIMARY == SPACE FOR  7426669 ATOM PAIRS AND        0 GROUP PAIRS
 == IMAGES === SPACE FOR   793820 ATOM PAIRS AND        0 GROUP PAIRS
Using Image CUBE search
  NBNDGCM found:
     5711340  atom pairs
      608675  image atom pairs
           0  self atom pairs
 UPDECI: Image update at step        49

 <MKIMAT2>: updating the image atom lists and remapping
 Transformation   Atoms  Groups  Residues  Min-Distance
    1  N1N1N1R1 has       0       0       0       55.53
    2  N1Z0N1R1 has       0       0       0       53.69
    3  N1P1N1R1 has       0       0       0       54.22
    4  Z0N1N1R1 has       0       0       0       54.35
    5  Z0Z0N1R1 has       0       0       0       53.66
    6  Z0P1N1R1 has       0       0       0       54.14
    7  N1N1Z0R1 has     345     100       6        0.00
    8  N1Z0Z0R1 has    5012    1298      57        0.00
    9  N1P1Z0R1 has     288      66       3        0.00
   10  Z0N1Z0R1 has    5489    1415      59        0.00
   12  N1N1P1R1 has       0       0       0       55.31
   13  N1Z0P1R1 has       0       0       0       53.80
   14  N1P1P1R1 has       0       0       0       53.84
 Total of49162 atoms and12983 groups and  437 residues were included

 <MAKGRP> found      0 image group exclusions.
 UPDECI: Nonbond update at step        49
 Generating nonbond list with Exclusion mode = 5
 == PRIMARY == SPACE FOR  7426669 ATOM PAIRS AND        0 GROUP PAIRS
 == IMAGES === SPACE FOR   793820 ATOM PAIRS AND        0 GROUP PAIRS
Using Image CUBE search
  NBNDGCM found:
     5711359  atom pairs
      608708  image atom pairs
           0  self atom pairs
 UPDECI: Image update at step        50

 <MKIMAT2>: updating the image atom lists and remapping
 Transformation   Atoms  Groups  Residues  Min-Distance
    1  N1N1N1R1 has       0       0       0       55.53
    2  N1Z0N1R1 has       0       0       0       53.69
    3  N1P1N1R1 has       0       0       0       54.22
    4  Z0N1N1R1 has       0       0       0       54.35
    5  Z0Z0N1R1 has       0       0       0       53.66
    6  Z0P1N1R1 has       0       0       0       54.14
    7  N1N1Z0R1 has     345     100       6        0.00
    8  N1Z0Z0R1 has    5012    1298      57        0.00
    9  N1P1Z0R1 has     288      66       3        0.00
   10  Z0N1Z0R1 has    5489    1415      59        0.00
   12  N1N1P1R1 has       0       0       0       55.31
   13  N1Z0P1R1 has       0       0       0       53.80
   14  N1P1P1R1 has       0       0       0       53.84
 Total of49162 atoms and12983 groups and  437 residues were included

 <MAKGRP> found      0 image group exclusions.
 UPDECI: Nonbond update at step        50
 Generating nonbond list with Exclusion mode = 5
 == PRIMARY == SPACE FOR  7426669 ATOM PAIRS AND        0 GROUP PAIRS
 == IMAGES === SPACE FOR   793820 ATOM PAIRS AND        0 GROUP PAIRS
Using Image CUBE search
  NBNDGCM found:
     5711370  atom pairs
      608688  image atom pairs
           0  self atom pairs
MINI>       50 4078974.1302-3164301.0099  190577.9587       0.0120
MINI INTERN>   140263.79846  63091.36284  42357.51803  16318.78905    726.70992
MINI EXTERN>   3806177.0132   -1186.0212       0.0000       0.0000       0.0000
MINI IMAGES>    11221.12123      3.83869      0.00000      0.00000      0.00000
 ----------       ---------    ---------    ---------    ---------    ---------
 UPDECI: Image update at step        52

 <MKIMAT2>: updating the image atom lists and remapping
 Transformation   Atoms  Groups  Residues  Min-Distance
    1  N1N1N1R1 has       0       0       0       55.53
    2  N1Z0N1R1 has       0       0       0       53.69
    3  N1P1N1R1 has       0       0       0       54.22
    4  Z0N1N1R1 has       0       0       0       54.35
    5  Z0Z0N1R1 has       0       0       0       53.66
    6  Z0P1N1R1 has       0       0       0       54.14
    7  N1N1Z0R1 has     345     100       6        0.00
    8  N1Z0Z0R1 has    5012    1298      57        0.00
    9  N1P1Z0R1 has     288      66       3        0.00
   10  Z0N1Z0R1 has    5489    1415      59        0.00
   12  N1N1P1R1 has       0       0       0       55.31
   13  N1Z0P1R1 has       0       0       0       53.80
   14  N1P1P1R1 has       0       0       0       53.84
 Total of49162 atoms and12983 groups and  437 residues were included

 <MAKGRP> found      0 image group exclusions.
 UPDECI: Nonbond update at step        52
 Generating nonbond list with Exclusion mode = 5
 == PRIMARY == SPACE FOR  7426669 ATOM PAIRS AND        0 GROUP PAIRS
 == IMAGES === SPACE FOR   793820 ATOM PAIRS AND        0 GROUP PAIRS
Using Image CUBE search
  NBNDGCM found:
     5711355  atom pairs
      608694  image atom pairs
           0  self atom pairs
 UPDECI: Image update at step        53

 <MKIMAT2>: updating the image atom lists and remapping
 Transformation   Atoms  Groups  Residues  Min-Distance
    1  N1N1N1R1 has       0       0       0       55.53
    2  N1Z0N1R1 has       0       0       0       53.69
    3  N1P1N1R1 has       0       0       0       54.22
    4  Z0N1N1R1 has       0       0       0       54.35
    5  Z0Z0N1R1 has       0       0       0       53.66
    6  Z0P1N1R1 has       0       0       0       54.14
    7  N1N1Z0R1 has     345     100       6        0.00
    8  N1Z0Z0R1 has    5012    1298      57        0.00
    9  N1P1Z0R1 has     288      66       3        0.00
   10  Z0N1Z0R1 has    5489    1415      59        0.00
   12  N1N1P1R1 has       0       0       0       55.31
   13  N1Z0P1R1 has       0       0       0       53.80
   14  N1P1P1R1 has       0       0       0       53.84
 Total of49162 atoms and12983 groups and  437 residues were included

 <MAKGRP> found      0 image group exclusions.
 UPDECI: Nonbond update at step        53
 Generating nonbond list with Exclusion mode = 5
 == PRIMARY == SPACE FOR  7426669 ATOM PAIRS AND        0 GROUP PAIRS
 == IMAGES === SPACE FOR   793820 ATOM PAIRS AND        0 GROUP PAIRS
Using Image CUBE search
  NBNDGCM found:
     5711325  atom pairs
      608696  image atom pairs
           0  self atom pairs
 UPDECI: Image update at step        55

 <MKIMAT2>: updating the image atom lists and remapping
 Transformation   Atoms  Groups  Residues  Min-Distance
    1  N1N1N1R1 has       0       0       0       55.53
    2  N1Z0N1R1 has       0       0       0       53.69
    3  N1P1N1R1 has       0       0       0       54.22
    4  Z0N1N1R1 has       0       0       0       54.35
    5  Z0Z0N1R1 has       0       0       0       53.66
    6  Z0P1N1R1 has       0       0       0       54.14
    7  N1N1Z0R1 has     345     100       6        0.00
    8  N1Z0Z0R1 has    5012    1298      57        0.00
    9  N1P1Z0R1 has     288      66       3        0.00
   10  Z0N1Z0R1 has    5489    1415      59        0.00
   12  N1N1P1R1 has       0       0       0       55.31
   13  N1Z0P1R1 has       0       0       0       53.80
   14  N1P1P1R1 has       0       0       0       53.84
 Total of49162 atoms and12983 groups and  437 residues were included

 <MAKGRP> found      0 image group exclusions.
 UPDECI: Nonbond update at step        55
 Generating nonbond list with Exclusion mode = 5
 == PRIMARY == SPACE FOR  7426669 ATOM PAIRS AND        0 GROUP PAIRS
 == IMAGES === SPACE FOR   793820 ATOM PAIRS AND        0 GROUP PAIRS
Using Image CUBE search
  NBNDGCM found:
     5711314  atom pairs
      608699  image atom pairs
           0  self atom pairs
MINI>       60  434625.3129 3644348.8173    1301.6938       0.0054
MINI INTERN>   132626.81155  63081.07240  41381.51443  16315.16982    686.94506
MINI EXTERN>   171369.34869  -1226.53599      0.00000      0.00000      0.00000
MINI IMAGES>    10387.22545      3.76148      0.00000      0.00000      0.00000
 ----------       ---------    ---------    ---------    ---------    ---------
 UPDECI: Image update at step        65

 <MKIMAT2>: updating the image atom lists and remapping
 Transformation   Atoms  Groups  Residues  Min-Distance
    1  N1N1N1R1 has       0       0       0       55.53
    2  N1Z0N1R1 has       0       0       0       53.69
    3  N1P1N1R1 has       0       0       0       54.23
    4  Z0N1N1R1 has       0       0       0       54.35
    5  Z0Z0N1R1 has       0       0       0       53.67
    6  Z0P1N1R1 has       0       0       0       54.14
    7  N1N1Z0R1 has     345     100       6        0.00
    8  N1Z0Z0R1 has    5009    1297      56        0.00
    9  N1P1Z0R1 has     288      66       3        0.00
   10  Z0N1Z0R1 has    5494    1417      59        0.00
   12  N1N1P1R1 has       0       0       0       55.32
   13  N1Z0P1R1 has       0       0       0       53.81
   14  N1P1P1R1 has       0       0       0       53.84
 Total of49164 atoms and12984 groups and  436 residues were included

 <MAKGRP> found      0 image group exclusions.
 UPDECI: Nonbond update at step        65
 Generating nonbond list with Exclusion mode = 5
 == PRIMARY == SPACE FOR  7426669 ATOM PAIRS AND        0 GROUP PAIRS
 == IMAGES === SPACE FOR   793820 ATOM PAIRS AND        0 GROUP PAIRS
Using Image CUBE search
  NBNDGCM found:
     5711018  atom pairs
      608510  image atom pairs
           0  self atom pairs
 UPDECI: Image update at step        66

 <MKIMAT2>: updating the image atom lists and remapping
 Transformation   Atoms  Groups  Residues  Min-Distance
    1  N1N1N1R1 has       0       0       0       55.53
    2  N1Z0N1R1 has       0       0       0       53.69
    3  N1P1N1R1 has       0       0       0       54.23
    4  Z0N1N1R1 has       0       0       0       54.35
    5  Z0Z0N1R1 has       0       0       0       53.67
    6  Z0P1N1R1 has       0       0       0       54.14
    7  N1N1Z0R1 has     345     100       6        0.00
    8  N1Z0Z0R1 has    5009    1297      56        0.00
    9  N1P1Z0R1 has     288      66       3        0.00
   10  Z0N1Z0R1 has    5494    1417      59        0.00
   12  N1N1P1R1 has       0       0       0       55.32
   13  N1Z0P1R1 has       0       0       0       53.81
   14  N1P1P1R1 has       0       0       0       53.84
 Total of49164 atoms and12984 groups and  436 residues were included

 <MAKGRP> found      0 image group exclusions.
 UPDECI: Nonbond update at step        66
 Generating nonbond list with Exclusion mode = 5
 == PRIMARY == SPACE FOR  7426669 ATOM PAIRS AND        0 GROUP PAIRS
 == IMAGES === SPACE FOR   793820 ATOM PAIRS AND        0 GROUP PAIRS
Using Image CUBE search
  NBNDGCM found:
     5711035  atom pairs
      608494  image atom pairs
           0  self atom pairs
MINI>       70 310338.89064 124286.42225     90.67520      0.00576
MINI INTERN>    77745.40396  62108.36462  36892.17883  16262.51518    576.63305
MINI EXTERN>   109547.87531  -1294.23776      0.00000      0.00000      0.00000
MINI IMAGES>     8496.55328      3.60416      0.00000      0.00000      0.00000
 ----------       ---------    ---------    ---------    ---------    ---------
 UPDECI: Image update at step        71

 <MKIMAT2>: updating the image atom lists and remapping
 Transformation   Atoms  Groups  Residues  Min-Distance
    1  N1N1N1R1 has       0       0       0       55.53
    2  N1Z0N1R1 has       0       0       0       53.70
    3  N1P1N1R1 has       0       0       0       54.24
    4  Z0N1N1R1 has       0       0       0       54.35
    5  Z0Z0N1R1 has       0       0       0       53.67
    6  Z0P1N1R1 has       0       0       0       54.14
    7  N1N1Z0R1 has     345     100       6        0.00
    8  N1Z0Z0R1 has    5014    1296      56        0.00
    9  N1P1Z0R1 has     288      66       3        0.00
   10  Z0N1Z0R1 has    5490    1416      59        0.00
   12  N1N1P1R1 has       0       0       0       55.32
   13  N1Z0P1R1 has       0       0       0       53.81
   14  N1P1P1R1 has       0       0       0       53.85
 Total of49165 atoms and12982 groups and  436 residues were included

 <MAKGRP> found      0 image group exclusions.
 UPDECI: Nonbond update at step        71
 Generating nonbond list with Exclusion mode = 5
 == PRIMARY == SPACE FOR  7426669 ATOM PAIRS AND        0 GROUP PAIRS
 == IMAGES === SPACE FOR   793820 ATOM PAIRS AND        0 GROUP PAIRS
Using Image CUBE search
  NBNDGCM found:
     5710677  atom pairs
      608348  image atom pairs
           0  self atom pairs
 UPDECI: Image update at step        78

 <MKIMAT2>: updating the image atom lists and remapping
 Transformation   Atoms  Groups  Residues  Min-Distance
    1  N1N1N1R1 has       0       0       0       55.53
    2  N1Z0N1R1 has       0       0       0       53.70
    3  N1P1N1R1 has       0       0       0       54.26
    4  Z0N1N1R1 has       0       0       0       54.35
    5  Z0Z0N1R1 has       0       0       0       53.69
    6  Z0P1N1R1 has       0       0       0       54.14
    7  N1N1Z0R1 has     345     100       6        0.00
    8  N1Z0Z0R1 has    4994    1289      56        0.00
    9  N1P1Z0R1 has     288      66       3        0.00
   10  Z0N1Z0R1 has    5472    1410      59        0.00
   12  N1N1P1R1 has       0       0       0       55.34
   13  N1Z0P1R1 has       0       0       0       53.82
   14  N1P1P1R1 has       0       0       0       53.85
 Total of49127 atoms and12969 groups and  436 residues were included

 <MAKGRP> found      0 image group exclusions.
 UPDECI: Nonbond update at step        78
 Generating nonbond list with Exclusion mode = 5
 == PRIMARY == SPACE FOR  7426669 ATOM PAIRS AND        0 GROUP PAIRS
 == IMAGES === SPACE FOR   793820 ATOM PAIRS AND        0 GROUP PAIRS
Using Image CUBE search
  NBNDGCM found:
     5709315  atom pairs
      608010  image atom pairs
           0  self atom pairs
 UPDECI: Image update at step        80

 <MKIMAT2>: updating the image atom lists and remapping
 Transformation   Atoms  Groups  Residues  Min-Distance
    1  N1N1N1R1 has       0       0       0       55.53
    2  N1Z0N1R1 has       0       0       0       53.70
    3  N1P1N1R1 has       0       0       0       54.26
    4  Z0N1N1R1 has       0       0       0       54.35
    5  Z0Z0N1R1 has       0       0       0       53.69
    6  Z0P1N1R1 has       0       0       0       54.14
    7  N1N1Z0R1 has     345     100       6        0.00
    8  N1Z0Z0R1 has    4994    1289      56        0.00
    9  N1P1Z0R1 has     288      66       3        0.00
   10  Z0N1Z0R1 has    5472    1410      59        0.00
   12  N1N1P1R1 has       0       0       0       55.34
   13  N1Z0P1R1 has       0       0       0       53.82
   14  N1P1P1R1 has       0       0       0       53.85
 Total of49127 atoms and12969 groups and  436 residues were included

 <MAKGRP> found      0 image group exclusions.
 UPDECI: Nonbond update at step        80
 Generating nonbond list with Exclusion mode = 5
 == PRIMARY == SPACE FOR  7426669 ATOM PAIRS AND        0 GROUP PAIRS
 == IMAGES === SPACE FOR   793820 ATOM PAIRS AND        0 GROUP PAIRS
Using Image CUBE search
  NBNDGCM found:
     5709336  atom pairs
      608016  image atom pairs
           0  self atom pairs
MINI>       80 251225.98888  59112.90175   1068.81824      0.00619
MINI INTERN>    43430.79365  59796.30496  30107.54789  16159.66577    412.27094
MINI EXTERN>    96950.48480  -1459.97354      0.00000      0.00000      0.00000
MINI IMAGES>     5826.87574      2.01867      0.00000      0.00000      0.00000
 ----------       ---------    ---------    ---------    ---------    ---------
 UPDECI: Image update at step        81

 <MKIMAT2>: updating the image atom lists and remapping
 Transformation   Atoms  Groups  Residues  Min-Distance
    1  N1N1N1R1 has       0       0       0       55.53
    2  N1Z0N1R1 has       0       0       0       53.70
    3  N1P1N1R1 has       0       0       0       54.26
    4  Z0N1N1R1 has       0       0       0       54.35
    5  Z0Z0N1R1 has       0       0       0       53.69
    6  Z0P1N1R1 has       0       0       0       54.14
    7  N1N1Z0R1 has     345     100       6        0.00
    8  N1Z0Z0R1 has    4994    1289      56        0.00
    9  N1P1Z0R1 has     288      66       3        0.00
   10  Z0N1Z0R1 has    5472    1410      59        0.00
   12  N1N1P1R1 has       0       0       0       55.34
   13  N1Z0P1R1 has       0       0       0       53.82
   14  N1P1P1R1 has       0       0       0       53.85
 Total of49127 atoms and12969 groups and  436 residues were included

 <MAKGRP> found      0 image group exclusions.
 UPDECI: Nonbond update at step        81
 Generating nonbond list with Exclusion mode = 5
 == PRIMARY == SPACE FOR  7426669 ATOM PAIRS AND        0 GROUP PAIRS
 == IMAGES === SPACE FOR   793820 ATOM PAIRS AND        0 GROUP PAIRS
Using Image CUBE search
  NBNDGCM found:
     5709292  atom pairs
      608029  image atom pairs
           0  self atom pairs
 UPDECI: Image update at step        83

 <MKIMAT2>: updating the image atom lists and remapping
 Transformation   Atoms  Groups  Residues  Min-Distance
    1  N1N1N1R1 has       0       0       0       55.53
    2  N1Z0N1R1 has       0       0       0       53.70
    3  N1P1N1R1 has       0       0       0       54.27
    4  Z0N1N1R1 has       0       0       0       54.35
    5  Z0Z0N1R1 has       0       0       0       53.70
    6  Z0P1N1R1 has       0       0       0       54.14
    7  N1N1Z0R1 has     345     100       6        0.00
    8  N1Z0Z0R1 has    4997    1290      56        0.00
    9  N1P1Z0R1 has     288      66       3        0.00
   10  Z0N1Z0R1 has    5465    1408      58        0.00
   12  N1N1P1R1 has       0       0       0       55.35
   13  N1Z0P1R1 has       0       0       0       53.82
   14  N1P1P1R1 has       0       0       0       53.86
 Total of49123 atoms and12968 groups and  435 residues were included

 <MAKGRP> found      0 image group exclusions.
 UPDECI: Nonbond update at step        83
 Generating nonbond list with Exclusion mode = 5
 == PRIMARY == SPACE FOR  7426669 ATOM PAIRS AND        0 GROUP PAIRS
 == IMAGES === SPACE FOR   793820 ATOM PAIRS AND        0 GROUP PAIRS
Using Image CUBE search
  NBNDGCM found:
     5708819  atom pairs
      607869  image atom pairs
           0  self atom pairs
 UPDECI: Image update at step        84

 <MKIMAT2>: updating the image atom lists and remapping
 Transformation   Atoms  Groups  Residues  Min-Distance
    1  N1N1N1R1 has       0       0       0       55.53
    2  N1Z0N1R1 has       0       0       0       53.70
    3  N1P1N1R1 has       0       0       0       54.27
    4  Z0N1N1R1 has       0       0       0       54.35
    5  Z0Z0N1R1 has       0       0       0       53.70
    6  Z0P1N1R1 has       0       0       0       54.14
    7  N1N1Z0R1 has     345     100       6        0.00
    8  N1Z0Z0R1 has    4997    1290      56        0.00
    9  N1P1Z0R1 has     288      66       3        0.00
   10  Z0N1Z0R1 has    5465    1408      58        0.00
   12  N1N1P1R1 has       0       0       0       55.35
   13  N1Z0P1R1 has       0       0       0       53.82
   14  N1P1P1R1 has       0       0       0       53.86
 Total of49123 atoms and12968 groups and  435 residues were included

 <MAKGRP> found      0 image group exclusions.
 UPDECI: Nonbond update at step        84
 Generating nonbond list with Exclusion mode = 5
 == PRIMARY == SPACE FOR  7426669 ATOM PAIRS AND        0 GROUP PAIRS
 == IMAGES === SPACE FOR   793820 ATOM PAIRS AND        0 GROUP PAIRS
Using Image CUBE search
  NBNDGCM found:
     5708802  atom pairs
      607811  image atom pairs
           0  self atom pairs
 UPDECI: Image update at step        85

 <MKIMAT2>: updating the image atom lists and remapping
 Transformation   Atoms  Groups  Residues  Min-Distance
    1  N1N1N1R1 has       0       0       0       55.53
    2  N1Z0N1R1 has       0       0       0       53.70
    3  N1P1N1R1 has       0       0       0       54.27
    4  Z0N1N1R1 has       0       0       0       54.35
    5  Z0Z0N1R1 has       0       0       0       53.70
    6  Z0P1N1R1 has       0       0       0       54.14
    7  N1N1Z0R1 has     345     100       6        0.00
    8  N1Z0Z0R1 has    4997    1290      56        0.00
    9  N1P1Z0R1 has     288      66       3        0.00
   10  Z0N1Z0R1 has    5465    1408      58        0.00
   12  N1N1P1R1 has       0       0       0       55.35
   13  N1Z0P1R1 has       0       0       0       53.82
   14  N1P1P1R1 has       0       0       0       53.86
 Total of49123 atoms and12968 groups and  435 residues were included

 <MAKGRP> found      0 image group exclusions.
 UPDECI: Nonbond update at step        85
 Generating nonbond list with Exclusion mode = 5
 == PRIMARY == SPACE FOR  7426669 ATOM PAIRS AND        0 GROUP PAIRS
 == IMAGES === SPACE FOR   793820 ATOM PAIRS AND        0 GROUP PAIRS
Using Image CUBE search
  NBNDGCM found:
     5708782  atom pairs
      607813  image atom pairs
           0  self atom pairs
 UPDECI: Image update at step        86

 <MKIMAT2>: updating the image atom lists and remapping
 Transformation   Atoms  Groups  Residues  Min-Distance
    1  N1N1N1R1 has       0       0       0       55.53
    2  N1Z0N1R1 has       0       0       0       53.70
    3  N1P1N1R1 has       0       0       0       54.27
    4  Z0N1N1R1 has       0       0       0       54.35
    5  Z0Z0N1R1 has       0       0       0       53.70
    6  Z0P1N1R1 has       0       0       0       54.14
    7  N1N1Z0R1 has     345     100       6        0.00
    8  N1Z0Z0R1 has    4997    1290      56        0.00
    9  N1P1Z0R1 has     288      66       3        0.00
   10  Z0N1Z0R1 has    5465    1408      58        0.00
   12  N1N1P1R1 has       0       0       0       55.35
   13  N1Z0P1R1 has       0       0       0       53.82
   14  N1P1P1R1 has       0       0       0       53.86
 Total of49123 atoms and12968 groups and  435 residues were included

 <MAKGRP> found      0 image group exclusions.
 UPDECI: Nonbond update at step        86
 Generating nonbond list with Exclusion mode = 5
 == PRIMARY == SPACE FOR  7426669 ATOM PAIRS AND        0 GROUP PAIRS
 == IMAGES === SPACE FOR   793820 ATOM PAIRS AND        0 GROUP PAIRS
Using Image CUBE search
  NBNDGCM found:
     5708761  atom pairs
      607810  image atom pairs
           0  self atom pairs
 UPDECI: Image update at step        87

 <MKIMAT2>: updating the image atom lists and remapping
 Transformation   Atoms  Groups  Residues  Min-Distance
    1  N1N1N1R1 has       0       0       0       55.53
    2  N1Z0N1R1 has       0       0       0       53.70
    3  N1P1N1R1 has       0       0       0       54.27
    4  Z0N1N1R1 has       0       0       0       54.35
    5  Z0Z0N1R1 has       0       0       0       53.70
    6  Z0P1N1R1 has       0       0       0       54.14
    7  N1N1Z0R1 has     345     100       6        0.00
    8  N1Z0Z0R1 has    4997    1290      56        0.00
    9  N1P1Z0R1 has     288      66       3        0.00
   10  Z0N1Z0R1 has    5465    1408      58        0.00
   12  N1N1P1R1 has       0       0       0       55.35
   13  N1Z0P1R1 has       0       0       0       53.82
   14  N1P1P1R1 has       0       0       0       53.86
 Total of49123 atoms and12968 groups and  435 residues were included

 <MAKGRP> found      0 image group exclusions.
 UPDECI: Nonbond update at step        87
 Generating nonbond list with Exclusion mode = 5
 == PRIMARY == SPACE FOR  7426669 ATOM PAIRS AND        0 GROUP PAIRS
 == IMAGES === SPACE FOR   793820 ATOM PAIRS AND        0 GROUP PAIRS
Using Image CUBE search
  NBNDGCM found:
     5708776  atom pairs
      607821  image atom pairs
           0  self atom pairs
 UPDECI: Image update at step        88

 <MKIMAT2>: updating the image atom lists and remapping
 Transformation   Atoms  Groups  Residues  Min-Distance
    1  N1N1N1R1 has       0       0       0       55.53
    2  N1Z0N1R1 has       0       0       0       53.70
    3  N1P1N1R1 has       0       0       0       54.27
    4  Z0N1N1R1 has       0       0       0       54.35
    5  Z0Z0N1R1 has       0       0       0       53.70
    6  Z0P1N1R1 has       0       0       0       54.14
    7  N1N1Z0R1 has     345     100       6        0.00
    8  N1Z0Z0R1 has    4997    1290      56        0.00
    9  N1P1Z0R1 has     288      66       3        0.00
   10  Z0N1Z0R1 has    5465    1408      58        0.00
   12  N1N1P1R1 has       0       0       0       55.35
   13  N1Z0P1R1 has       0       0       0       53.82
   14  N1P1P1R1 has       0       0       0       53.86
 Total of49123 atoms and12968 groups and  435 residues were included

 <MAKGRP> found      0 image group exclusions.
 UPDECI: Nonbond update at step        88
 Generating nonbond list with Exclusion mode = 5
 == PRIMARY == SPACE FOR  7426669 ATOM PAIRS AND        0 GROUP PAIRS
 == IMAGES === SPACE FOR   793820 ATOM PAIRS AND        0 GROUP PAIRS
Using Image CUBE search
  NBNDGCM found:
     5708755  atom pairs
      607838  image atom pairs
           0  self atom pairs
 UPDECI: Image update at step        89

 <MKIMAT2>: updating the image atom lists and remapping
 Transformation   Atoms  Groups  Residues  Min-Distance
    1  N1N1N1R1 has       0       0       0       55.53
    2  N1Z0N1R1 has       0       0       0       53.70
    3  N1P1N1R1 has       0       0       0       54.27
    4  Z0N1N1R1 has       0       0       0       54.35
    5  Z0Z0N1R1 has       0       0       0       53.70
    6  Z0P1N1R1 has       0       0       0       54.14
    7  N1N1Z0R1 has     345     100       6        0.00
    8  N1Z0Z0R1 has    5000    1291      56        0.00
    9  N1P1Z0R1 has     288      66       3        0.00
   10  Z0N1Z0R1 has    5465    1408      58        0.00
   12  N1N1P1R1 has       0       0       0       55.35
   13  N1Z0P1R1 has       0       0       0       53.82
   14  N1P1P1R1 has       0       0       0       53.86
 Total of49126 atoms and12969 groups and  435 residues were included

 <MAKGRP> found      0 image group exclusions.
 UPDECI: Nonbond update at step        89
 Generating nonbond list with Exclusion mode = 5
 == PRIMARY == SPACE FOR  7426669 ATOM PAIRS AND        0 GROUP PAIRS
 == IMAGES === SPACE FOR   793820 ATOM PAIRS AND        0 GROUP PAIRS
Using Image CUBE search
  NBNDGCM found:
     5708602  atom pairs
      607909  image atom pairs
           0  self atom pairs
MINI>       90 1292711.3647-1041485.3758   81536.7252       0.0067
MINI INTERN>    37121.29329  57555.02070  28233.19162  16091.37765    365.28800
MINI EXTERN>   1150013.1292   -1546.1091       0.0000       0.0000       0.0000
MINI IMAGES>     4877.25411      0.91926      0.00000      0.00000      0.00000
 ----------       ---------    ---------    ---------    ---------    ---------
MINI>      100  180654.3988 1112056.9659      15.0338       0.0030
MINI INTERN>    25067.45474  54072.20432  24988.69551  15978.62054    330.03206
MINI EXTERN>    57604.28176  -1629.05323      0.00000      0.00000      0.00000
MINI IMAGES>     4243.02948     -0.86637      0.00000      0.00000      0.00000
 ----------       ---------    ---------    ---------    ---------    ---------
 UPDECI: Image update at step       101

 <MKIMAT2>: updating the image atom lists and remapping
 Transformation   Atoms  Groups  Residues  Min-Distance
    1  N1N1N1R1 has       0       0       0       55.53
    2  N1Z0N1R1 has       0       0       0       53.71
    3  N1P1N1R1 has       0       0       0       54.28
    4  Z0N1N1R1 has       0       0       0       54.34
    5  Z0Z0N1R1 has       0       0       0       53.71
    6  Z0P1N1R1 has       0       0       0       54.13
    7  N1N1Z0R1 has     345     100       6        0.00
    8  N1Z0Z0R1 has    5000    1291      56        0.00
    9  N1P1Z0R1 has     288      66       3        0.00
   10  Z0N1Z0R1 has    5465    1408      58        0.00
   12  N1N1P1R1 has       0       0       0       55.36
   13  N1Z0P1R1 has       0       0       0       53.82
   14  N1P1P1R1 has       0       0       0       53.86
 Total of49126 atoms and12969 groups and  435 residues were included

 <MAKGRP> found      0 image group exclusions.
 UPDECI: Nonbond update at step       101
 Generating nonbond list with Exclusion mode = 5
 == PRIMARY == SPACE FOR  7426669 ATOM PAIRS AND        0 GROUP PAIRS
 == IMAGES === SPACE FOR   793820 ATOM PAIRS AND        0 GROUP PAIRS
Using Image CUBE search
  NBNDGCM found:
     5708090  atom pairs
      607640  image atom pairs
           0  self atom pairs
MINI>      110 168933.43992  11720.95888    320.64022      0.00320
MINI INTERN>    19236.58825  49790.88294  22188.98232  15845.47122    328.63812
MINI EXTERN>    59591.23930  -1713.53410      0.00000      0.00000      0.00000
MINI IMAGES>     3667.94345     -2.77160      0.00000      0.00000      0.00000
 ----------       ---------    ---------    ---------    ---------    ---------
MINI>      120 145987.20394  22946.23599     12.63794      0.00344
MINI INTERN>    15310.42283  46499.82439  20145.11295  15740.12870    272.11659
MINI EXTERN>    46508.01377  -1793.52371      0.00000      0.00000      0.00000
MINI IMAGES>     3309.87388     -4.76547      0.00000      0.00000      0.00000
 ----------       ---------    ---------    ---------    ---------    ---------
 UPDECI: Image update at step       122

 <MKIMAT2>: updating the image atom lists and remapping
 Transformation   Atoms  Groups  Residues  Min-Distance
    1  N1N1N1R1 has       0       0       0       55.52
    2  N1Z0N1R1 has       0       0       0       53.71
    3  N1P1N1R1 has       0       0       0       54.30
    4  Z0N1N1R1 has       0       0       0       54.34
    5  Z0Z0N1R1 has       0       0       0       53.71
    6  Z0P1N1R1 has       0       0       0       54.13
    7  N1N1Z0R1 has     345     100       6        0.00
    8  N1Z0Z0R1 has    5003    1292      56        0.00
    9  N1P1Z0R1 has     288      66       3        0.00
   10  Z0N1Z0R1 has    5461    1406      58        0.00
   12  N1N1P1R1 has       0       0       0       55.37
   13  N1Z0P1R1 has       0       0       0       53.81
   14  N1P1P1R1 has       0       0       0       53.85
 Total of49125 atoms and12968 groups and  435 residues were included

 <MAKGRP> found      0 image group exclusions.
 UPDECI: Nonbond update at step       122
 Generating nonbond list with Exclusion mode = 5
 == PRIMARY == SPACE FOR  7426669 ATOM PAIRS AND        0 GROUP PAIRS
 == IMAGES === SPACE FOR   793820 ATOM PAIRS AND        0 GROUP PAIRS
Using Image CUBE search
  NBNDGCM found:
     5706167  atom pairs
      607102  image atom pairs
           0  self atom pairs
MINI>      130 135234.42964  10752.77430     10.81498      0.00154
MINI INTERN>    13516.36763  43614.98415  18503.51466  15653.89819    251.66694
MINI EXTERN>    42530.58872  -1858.38133      0.00000      0.00000      0.00000
MINI IMAGES>     3028.20954     -6.41886      0.00000      0.00000      0.00000
 ----------       ---------    ---------    ---------    ---------    ---------
MINI>      140 126227.97049   9006.45915      8.19752      0.00166
MINI INTERN>    11598.84399  41306.47656  17242.42014  15586.71927    231.94080
MINI EXTERN>    39364.70472  -1911.58218      0.00000      0.00000      0.00000
MINI IMAGES>     2816.39490     -7.94770      0.00000      0.00000      0.00000
 ----------       ---------    ---------    ---------    ---------    ---------
 UPDECI: Image update at step       146

 <MKIMAT2>: updating the image atom lists and remapping
 Transformation   Atoms  Groups  Residues  Min-Distance
    1  N1N1N1R1 has       0       0       0       55.52
    2  N1Z0N1R1 has       0       0       0       53.72
    3  N1P1N1R1 has       0       0       0       54.31
    4  Z0N1N1R1 has       0       0       0       54.34
    5  Z0Z0N1R1 has       0       0       0       53.72
    6  Z0P1N1R1 has       0       0       0       54.12
    7  N1N1Z0R1 has     345     100       6        0.00
    8  N1Z0Z0R1 has    4986    1291      56        0.00
    9  N1P1Z0R1 has     291      67       3        0.00
   10  Z0N1Z0R1 has    5459    1405      58        0.00
   12  N1N1P1R1 has       0       0       0       55.38
   13  N1Z0P1R1 has       0       0       0       53.79
   14  N1P1P1R1 has       0       0       0       53.85
 Total of49109 atoms and12967 groups and  435 residues were included

 <MAKGRP> found      0 image group exclusions.
 UPDECI: Nonbond update at step       146
 Generating nonbond list with Exclusion mode = 5
 == PRIMARY == SPACE FOR  7426669 ATOM PAIRS AND        0 GROUP PAIRS
 == IMAGES === SPACE FOR   793820 ATOM PAIRS AND        0 GROUP PAIRS
Using Image CUBE search
  NBNDGCM found:
     5703835  atom pairs
      606881  image atom pairs
           0  self atom pairs
 EPHI: WARNING. bent improper torsion angle is 

far from minimum for;
    IPHI=  302  with deltaPHI= 135.7127 MIN=   0.0000 ATOMS:24802248012480424803
 EPHI: WARNING. bent improper torsion angle is 

far from minimum for;
    IPHI=  302  with deltaPHI= 120.7732 MIN=   0.0000 ATOMS:24802248012480424803
MINI>      150 101796.31131  24431.65918     14.08938      0.00428
MINI INTERN>     8256.73693  33158.72019  13337.95909  15378.43861    628.62966
MINI EXTERN>    31000.87316  -2097.17666      0.00000      0.00000      0.00000
MINI IMAGES>     2146.49657    -14.36624      0.00000      0.00000      0.00000
 ----------       ---------    ---------    ---------    ---------    ---------
 EPHI: WARNING. bent improper torsion angle is 

far from minimum for;
    IPHI=  302  with deltaPHI= 108.4252 MIN=   0.0000 ATOMS:24802248012480424803
 UPDECI: Image update at step       155

 <MKIMAT2>: updating the image atom lists and remapping
 Transformation   Atoms  Groups  Residues  Min-Distance
    1  N1N1N1R1 has       0       0       0       55.52
    2  N1Z0N1R1 has       0       0       0       53.72
    3  N1P1N1R1 has       0       0       0       54.32
    4  Z0N1N1R1 has       0       0       0       54.35
    5  Z0Z0N1R1 has       0       0       0       53.72
    6  Z0P1N1R1 has       0       0       0       54.11
    7  N1N1Z0R1 has     345     100       6        0.00
    8  N1Z0Z0R1 has    4970    1286      56        0.00
    9  N1P1Z0R1 has     291      67       3        0.00
   10  Z0N1Z0R1 has    5467    1407      58        0.00
   12  N1N1P1R1 has       0       0       0       55.39
   13  N1Z0P1R1 has       0       0       0       53.77
   14  N1P1P1R1 has       0       0       0       53.84
 Total of49101 atoms and12964 groups and  435 residues were included

 <MAKGRP> found      0 image group exclusions.
 UPDECI: Nonbond update at step       155
 Generating nonbond list with Exclusion mode = 5
 == PRIMARY == SPACE FOR  7426669 ATOM PAIRS AND        0 GROUP PAIRS
 == IMAGES === SPACE FOR   793820 ATOM PAIRS AND        0 GROUP PAIRS
Using Image CUBE search
  NBNDGCM found:
     5700571  atom pairs
      606523  image atom pairs
           0  self atom pairs
 UPDECI: Image update at step       156

 <MKIMAT2>: updating the image atom lists and remapping
 Transformation   Atoms  Groups  Residues  Min-Distance
    1  N1N1N1R1 has       0       0       0       55.52
    2  N1Z0N1R1 has       0       0       0       53.72
    3  N1P1N1R1 has       0       0       0       54.32
    4  Z0N1N1R1 has       0       0       0       54.35
    5  Z0Z0N1R1 has       0       0       0       53.72
    6  Z0P1N1R1 has       0       0       0       54.11
    7  N1N1Z0R1 has     345     100       6        0.00
    8  N1Z0Z0R1 has    4973    1287      56        0.00
    9  N1P1Z0R1 has     291      67       3        0.00
   10  Z0N1Z0R1 has    5467    1407      58        0.00
   12  N1N1P1R1 has       0       0       0       55.39
   13  N1Z0P1R1 has       0       0       0       53.77
   14  N1P1P1R1 has       0       0       0       53.84
 Total of49104 atoms and12965 groups and  435 residues were included

 <MAKGRP> found      0 image group exclusions.
 UPDECI: Nonbond update at step       156
 Generating nonbond list with Exclusion mode = 5
 == PRIMARY == SPACE FOR  7426669 ATOM PAIRS AND        0 GROUP PAIRS
 == IMAGES === SPACE FOR   793820 ATOM PAIRS AND        0 GROUP PAIRS
Using Image CUBE search
  NBNDGCM found:
     5700313  atom pairs
      606472  image atom pairs
           0  self atom pairs
 UPDECI: Image update at step       157

 <MKIMAT2>: updating the image atom lists and remapping
 Transformation   Atoms  Groups  Residues  Min-Distance
    1  N1N1N1R1 has       0       0       0       55.52
    2  N1Z0N1R1 has       0       0       0       53.72
    3  N1P1N1R1 has       0       0       0       54.32
    4  Z0N1N1R1 has       0       0       0       54.35
    5  Z0Z0N1R1 has       0       0       0       53.72
    6  Z0P1N1R1 has       0       0       0       54.11
    7  N1N1Z0R1 has     345     100       6        0.00
    8  N1Z0Z0R1 has    4973    1287      56        0.00
    9  N1P1Z0R1 has     291      67       3        0.00
   10  Z0N1Z0R1 has    5467    1407      58        0.00
   12  N1N1P1R1 has       0       0       0       55.39
   13  N1Z0P1R1 has       0       0       0       53.76
   14  N1P1P1R1 has       0       0       0       53.84
 Total of49104 atoms and12965 groups and  435 residues were included

 <MAKGRP> found      0 image group exclusions.
 UPDECI: Nonbond update at step       157
 Generating nonbond list with Exclusion mode = 5
 == PRIMARY == SPACE FOR  7426669 ATOM PAIRS AND        0 GROUP PAIRS
 == IMAGES === SPACE FOR   793820 ATOM PAIRS AND        0 GROUP PAIRS
Using Image CUBE search
  NBNDGCM found:
     5700271  atom pairs
      606473  image atom pairs
           0  self atom pairs
 UPDECI: Image update at step       158

 <MKIMAT2>: updating the image atom lists and remapping
 Transformation   Atoms  Groups  Residues  Min-Distance
    1  N1N1N1R1 has       0       0       0       55.52
    2  N1Z0N1R1 has       0       0       0       53.72
    3  N1P1N1R1 has       0       0       0       54.32
    4  Z0N1N1R1 has       0       0       0       54.35
    5  Z0Z0N1R1 has       0       0       0       53.72
    6  Z0P1N1R1 has       0       0       0       54.11
    7  N1N1Z0R1 has     345     100       6        0.00
    8  N1Z0Z0R1 has    4973    1287      56        0.00
    9  N1P1Z0R1 has     291      67       3        0.00
   10  Z0N1Z0R1 has    5467    1407      58        0.00
   12  N1N1P1R1 has       0       0       0       55.39
   13  N1Z0P1R1 has       0       0       0       53.76
   14  N1P1P1R1 has       0       0       0       53.84
 Total of49104 atoms and12965 groups and  435 residues were included

 <MAKGRP> found      0 image group exclusions.
 UPDECI: Nonbond update at step       158
 Generating nonbond list with Exclusion mode = 5
 == PRIMARY == SPACE FOR  7426669 ATOM PAIRS AND        0 GROUP PAIRS
 == IMAGES === SPACE FOR   793820 ATOM PAIRS AND        0 GROUP PAIRS
Using Image CUBE search
  NBNDGCM found:
     5700210  atom pairs
      606476  image atom pairs
           0  self atom pairs
MINI>      160  88958.84684  12837.46447      8.35393      0.00460
MINI INTERN>     7769.79190  28841.95596  11447.32301  15221.84994    258.88999
MINI EXTERN>    25912.47148  -2244.77308      0.00000      0.00000      0.00000
MINI IMAGES>     1769.26755    -17.92991      0.00000      0.00000      0.00000
 ----------       ---------    ---------    ---------    ---------    ---------
 UPDECI: Image update at step       164

 <MKIMAT2>: updating the image atom lists and remapping
 Transformation   Atoms  Groups  Residues  Min-Distance
    1  N1N1N1R1 has       0       0       0       55.51
    2  N1Z0N1R1 has       0       0       0       53.72
    3  N1P1N1R1 has       0       0       0       54.32
    4  Z0N1N1R1 has       0       0       0       54.35
    5  Z0Z0N1R1 has       0       0       0       53.72
    6  Z0P1N1R1 has       0       0       0       54.11
    7  N1N1Z0R1 has     345     100       6        0.00
    8  N1Z0Z0R1 has    4972    1287      56        0.00
    9  N1P1Z0R1 has     291      67       3        0.00
   10  Z0N1Z0R1 has    5457    1404      58        0.00
   12  N1N1P1R1 has       0       0       0       55.40
   13  N1Z0P1R1 has       0       0       0       53.75
   14  N1P1P1R1 has       0       0       0       53.84
 Total of49093 atoms and12962 groups and  435 residues were included

 <MAKGRP> found      0 image group exclusions.
 UPDECI: Nonbond update at step       164
 Generating nonbond list with Exclusion mode = 5
 == PRIMARY == SPACE FOR  7426669 ATOM PAIRS AND        0 GROUP PAIRS
 == IMAGES === SPACE FOR   793820 ATOM PAIRS AND        0 GROUP PAIRS
Using Image CUBE search
  NBNDGCM found:
     5698842  atom pairs
      606292  image atom pairs
           0  self atom pairs
 EPHI: WARNING. bent improper torsion angle is 

far from minimum for;
    IPHI=  302  with deltaPHI=  99.0347 MIN=   0.0000 ATOMS:24802248012480424803
 EPHI: WARNING. bent improper torsion angle is 

far from minimum for;
    IPHI=  438  with deltaPHI=-102.3785 MIN=   0.0000 ATOMS:33914339133391633915
MINI>      170  74090.27968  14868.56715      6.80732      0.00494
MINI INTERN>     5396.88712  23678.26625   9189.37635  15108.25475    155.91178
MINI EXTERN>    21556.89352  -2394.42250      0.00000      0.00000      0.00000
MINI IMAGES>     1422.58383    -23.47140      0.00000      0.00000      0.00000
 ----------       ---------    ---------    ---------    ---------    ---------
MINI>      180  64802.50355   9287.77613      7.57495      0.00531
MINI INTERN>     4930.97997  20210.50590   7797.19430  15027.35960    140.03131
MINI EXTERN>    18116.68787  -2529.42503      0.00000      0.00000      0.00000
MINI IMAGES>     1137.26617    -28.09653      0.00000      0.00000      0.00000
 ----------       ---------    ---------    ---------    ---------    ---------
 EPHI: WARNING. bent improper torsion angle is 

far from minimum for;
    IPHI=  438  with deltaPHI= 100.1614 MIN=   0.0000 ATOMS:33914339133391633915
 EPHI: WARNING. bent improper torsion angle is 

far from minimum for;
    IPHI=  366  with deltaPHI= -90.1447 MIN=   0.0000 ATOMS:29090290892909229091
MINI>      190  58723.95528   6078.54827      3.11395      0.00238
MINI INTERN>     3724.21478  18304.24581   7057.24883  14980.78131    135.12830
MINI EXTERN>    16183.87082  -2609.97689      0.00000      0.00000      0.00000
MINI IMAGES>      979.34450    -30.90218      0.00000      0.00000      0.00000
 ----------       ---------    ---------    ---------    ---------    ---------
MINI>      200  54075.55964   4648.39564      2.62753      0.00256
MINI INTERN>     3346.97004  16681.72989   6430.88215  14930.92768    126.95648
MINI EXTERN>    14451.80106  -2694.99799      0.00000      0.00000      0.00000
MINI IMAGES>      835.49471    -34.20438      0.00000      0.00000      0.00000
 ----------       ---------    ---------    ---------    ---------    ---------
MINI>      210  50248.53396   3827.02569      3.97570      0.00275
MINI INTERN>     3154.90720  15341.19256   5896.33393  14882.64490    121.92020
MINI EXTERN>    12954.42230  -2776.15502      0.00000      0.00000      0.00000
MINI IMAGES>      710.79332    -37.52543      0.00000      0.00000      0.00000
 ----------       ---------    ---------    ---------    ---------    ---------
MINI>      220  46935.73409   3312.79987      4.46286      0.00296
MINI INTERN>     3043.36099  14149.62490   5470.25129  14841.13772    116.52633
MINI EXTERN>    11608.01000  -2857.41920      0.00000      0.00000      0.00000
MINI IMAGES>      605.57574    -41.33369      0.00000      0.00000      0.00000
 ----------       ---------    ---------    ---------    ---------    ---------
 UPDECI: Image update at step       224

 <MKIMAT2>: updating the image atom lists and remapping
 Transformation   Atoms  Groups  Residues  Min-Distance
    1  N1N1N1R1 has       0       0       0       55.44
    2  N1Z0N1R1 has       0       0       0       53.63
    3  N1P1N1R1 has       0       0       0       54.28
    4  Z0N1N1R1 has       0       0       0       54.29
    5  Z0Z0N1R1 has       0       0       0       53.61
    6  Z0P1N1R1 has       0       0       0       54.02
    7  N1N1Z0R1 has     345     100       6        0.00
    8  N1Z0Z0R1 has    4999    1292      57        0.00
    9  N1P1Z0R1 has     293      68       3        0.00
   10  Z0N1Z0R1 has    5444    1401      58        0.00
   12  N1N1P1R1 has       0       0       0       55.41
   13  N1Z0P1R1 has       0       0       0       53.64
   14  N1P1P1R1 has       0       0       0       53.79
 Total of49109 atoms and12965 groups and  436 residues were included

 <MAKGRP> found      0 image group exclusions.
 UPDECI: Nonbond update at step       224
 Generating nonbond list with Exclusion mode = 5
 == PRIMARY == SPACE FOR  7426669 ATOM PAIRS AND        0 GROUP PAIRS
 == IMAGES === SPACE FOR   793820 ATOM PAIRS AND        0 GROUP PAIRS
Using Image CUBE search
  NBNDGCM found:
     5683625  atom pairs
      604847  image atom pairs
           0  self atom pairs
MINI>      230  44304.02544   2631.70865      5.13502      0.00318
MINI INTERN>     2896.84252  13259.94394   5107.42130  14806.13982    113.43739
MINI EXTERN>    10559.51590  -2917.75739      0.00000      0.00000      0.00000
MINI IMAGES>      522.92401    -44.44206      0.00000      0.00000      0.00000
 ----------       ---------    ---------    ---------    ---------    ---------
MINI>      240  41869.07604   2434.94939      5.04826      0.00342
MINI INTERN>     2722.26786  12463.55550   4802.97511  14769.49386    110.26530
MINI EXTERN>     9578.24823  -2979.42167      0.00000      0.00000      0.00000
MINI IMAGES>      448.96764    -47.27578      0.00000      0.00000      0.00000
 ----------       ---------    ---------    ---------    ---------    ---------
MINI>      250  40110.80358   1758.27247      6.67223      0.00367
MINI INTERN>     2712.12280  11856.91589   4570.24113  14737.78815    109.34896
MINI EXTERN>     8823.60075  -3037.02060      0.00000      0.00000      0.00000
MINI IMAGES>      388.23343    -50.42695      0.00000      0.00000      0.00000
 ----------       ---------    ---------    ---------    ---------    ---------

 STEEPD> Minimization exiting with number of steps limit (       250) exceeded.

STPD MIN: Cycle      ENERgy      Delta-E         GRMS    Step-size
STPD INTERN:          BONDs       ANGLes       UREY-b    DIHEdrals    IMPRopers
STPD EXTERN:        VDWaals         ELEC       HBONds          ASP         USER
STPD IMAGES:        IMNBvdw       IMELec       IMHBnd       RXNField    EXTElec
 ----------       ---------    ---------    ---------    ---------    ---------
STPD>      250  40110.80358   1758.27247      6.67223      0.00184
STPD INTERN>     2712.12280  11856.91589   4570.24113  14737.78815    109.34896
STPD EXTERN>     8823.60075  -3037.02060      0.00000      0.00000      0.00000
STPD IMAGES>      388.23343    -50.42695      0.00000      0.00000      0.00000
 ----------       ---------    ---------    ---------    ---------    ---------
  
 CHARMM>    mini abnr nstep 250

 SELECTED IMAGES ATOMS BEING CENTERED ABOUT  0.000000  0.000000  5.670185
 RESIDUE  183 OPERATED ON BY TRANSFORMATION Z0P1Z0R1
 RESIDUE  309 OPERATED ON BY TRANSFORMATION Z0N1Z0R1

 <MKIMAT2>: updating the image atom lists and remapping
 Transformation   Atoms  Groups  Residues  Min-Distance
    1  N1N1N1R1 has       0       0       0       55.42
    2  N1Z0N1R1 has       0       0       0       53.61
    3  N1P1N1R1 has       0       0       0       54.31
    4  Z0N1N1R1 has       0       0       0       54.25
    5  Z0Z0N1R1 has       0       0       0       53.58
    6  Z0P1N1R1 has       0       0       0       54.06
    7  N1N1Z0R1 has     320      92       5        0.00
    8  N1Z0Z0R1 has    5009    1297      58        0.00
    9  N1P1Z0R1 has     293      68       3        0.00
   10  Z0N1Z0R1 has    5393    1403      58        0.00
   12  N1N1P1R1 has       0       0       0       55.93
   13  N1Z0P1R1 has       0       0       0       53.60
   14  N1P1P1R1 has       0       0       0       53.76
 Total of49043 atoms and12964 groups and  436 residues were included

 <MAKGRP> found      0 image group exclusions.

 NONBOND OPTION FLAGS: 
     ELEC     VDW      ATOMs    CDIElec  FSHIft   VATOm    VFSWIt  
     BYCB     NOEXtnd  NOEWald 
 CUTNB  = 10.000 CTEXNB =999.000 CTONNB =  6.000 CTOFNB =  7.000
 CGONNB =  0.000 CGOFNB = 10.000
 WMIN   =  1.000 WRNMXD =  0.500 E14FAC =  1.000 EPS    =  1.000
 NBXMOD =      5
 There are  5683625 atom  pairs and   215682 atom  exclusions.
 There are        0 group pairs and    29409 group exclusions.
 Generating nonbond list with Exclusion mode = 5
 == PRIMARY == SPACE FOR  7426669 ATOM PAIRS AND        0 GROUP PAIRS
 == IMAGES === SPACE FOR   793820 ATOM PAIRS AND        0 GROUP PAIRS
Using Image CUBE search
  NBNDGCM found:
     5680927  atom pairs
      601909  image atom pairs
           0  self atom pairs


 ABNER> An energy minimization has been requested.

 EIGRNG =    0.0005000   MINDIM =            5
 NPRINT =           10   NSTEP  =          250
 PSTRCT =    0.0000000   SDSTP  =    0.0200000
 STPLIM =    1.0000000   STRICT =    0.1000000
 TOLFUN =    0.0000000   TOLGRD =    0.0000000
 TOLITR =          100   TOLSTP =    0.0000000
 FMEM   =    0.0000000
MINI MIN: Cycle      ENERgy      Delta-E         GRMS    Step-size
MINI INTERN:          BONDs       ANGLes       UREY-b    DIHEdrals    IMPRopers
MINI EXTERN:        VDWaals         ELEC       HBONds          ASP         USER
MINI IMAGES:        IMNBvdw       IMELec       IMHBnd       RXNField    EXTElec
 ----------       ---------    ---------    ---------    ---------    ---------
MINI>        0  40040.56118     70.24240      5.16554      0.00000
MINI INTERN>     2615.32951  11872.63123   4603.13082  14739.59227    107.13061
MINI EXTERN>     8783.00339  -3043.56308      0.00000      0.00000      0.00000
MINI IMAGES>      411.74260    -48.43618      0.00000      0.00000      0.00000
 ----------       ---------    ---------    ---------    ---------    ---------
MINI>       10  37045.85458   2994.70660      3.97888      0.61509
MINI INTERN>     2161.51706  11053.85878   4268.31373  14699.89930    103.50095
MINI EXTERN>     7613.78506  -3124.89503      0.00000      0.00000      0.00000
MINI IMAGES>      322.43436    -52.55962      0.00000      0.00000      0.00000
 ----------       ---------    ---------    ---------    ---------    ---------
MINI>       20  33283.85358   3762.00101      3.31285      4.59683
MINI INTERN>     1848.39741   9975.53920   3850.75570  14670.31295     97.04121
MINI EXTERN>     5976.02872  -3270.73857      0.00000      0.00000      0.00000
MINI IMAGES>      195.61547    -59.09851      0.00000      0.00000      0.00000
 ----------       ---------    ---------    ---------    ---------    ---------
MINI>       30  30028.59142   3255.26216      3.13800      7.42045
MINI INTERN>     1604.95415   9038.56158   3511.67580  14649.32310     90.77735
MINI EXTERN>     4505.83790  -3393.76890      0.00000      0.00000      0.00000
MINI IMAGES>       86.92965    -65.69922      0.00000      0.00000      0.00000
 ----------       ---------    ---------    ---------    ---------    ---------
MINI>       40  27361.43336   2667.15806      3.87476      7.18708
MINI INTERN>     1479.06494   8222.11019   3243.38672  14628.63367     87.41412
MINI EXTERN>     3278.85797  -3504.99969      0.00000      0.00000      0.00000
MINI IMAGES>       -0.83553    -72.19903      0.00000      0.00000      0.00000
 ----------       ---------    ---------    ---------    ---------    ---------
MINI>       50  25284.38273   2077.05063      2.68221      3.71256
MINI INTERN>     1279.60105   7675.12941   3057.17449  14616.83688     83.40570
MINI EXTERN>     2315.21856  -3597.35737      0.00000      0.00000      0.00000
MINI IMAGES>      -67.81231    -77.81368      0.00000      0.00000      0.00000
 ----------       ---------    ---------    ---------    ---------    ---------
 UPDECI: Image update at step        52

 <MKIMAT2>: updating the image atom lists and remapping
 Transformation   Atoms  Groups  Residues  Min-Distance
    1  N1N1N1R1 has       0       0       0       55.33
    2  N1Z0N1R1 has       0       0       0       53.50
    3  N1P1N1R1 has       0       0       0       54.24
    4  Z0N1N1R1 has       0       0       0       54.11
    5  Z0Z0N1R1 has       0       0       0       53.44
    6  Z0P1N1R1 has       0       0       0       53.97
    7  N1N1Z0R1 has     317      91       5        0.00
    8  N1Z0Z0R1 has    5027    1299      58        0.00
    9  N1P1Z0R1 has     299      70       3        0.00
   10  Z0N1Z0R1 has    5395    1404      58        0.00
   12  N1N1P1R1 has       0       0       0       55.90
   13  N1Z0P1R1 has       0       0       0       53.47
   14  N1P1P1R1 has       0       0       0       53.65
 Total of49066 atoms and12968 groups and  436 residues were included

 <MAKGRP> found      0 image group exclusions.
 UPDECI: Nonbond update at step        52
 Generating nonbond list with Exclusion mode = 5
 == PRIMARY == SPACE FOR  7426669 ATOM PAIRS AND        0 GROUP PAIRS
 == IMAGES === SPACE FOR   793820 ATOM PAIRS AND        0 GROUP PAIRS
Using Image CUBE search
  NBNDGCM found:
     5653587  atom pairs
      599465  image atom pairs
           0  self atom pairs
MINI>       60  23469.55300   1814.82973      2.45165      3.59581
MINI INTERN>     1178.05747   7203.88513   2892.47154  14613.60465     78.59738
MINI EXTERN>     1420.99886  -3702.19757      0.00000      0.00000      0.00000
MINI IMAGES>     -132.00354    -83.86092      0.00000      0.00000      0.00000
 ----------       ---------    ---------    ---------    ---------    ---------
MINI>       70  22090.77539   1378.77761      3.02504      3.48272
MINI INTERN>     1152.27815   6867.16214   2777.23066  14626.03274     75.91817
MINI EXTERN>      667.81824  -3801.26225      0.00000      0.00000      0.00000
MINI IMAGES>     -184.81802    -89.58442      0.00000      0.00000      0.00000
 ----------       ---------    ---------    ---------    ---------    ---------
MINI>       80  20877.36524   1213.41015      2.22677      2.02392
MINI INTERN>     1046.68913   6595.97420   2691.88176  14644.69498     74.77868
MINI EXTERN>       38.28039  -3892.43310      0.00000      0.00000      0.00000
MINI IMAGES>     -227.55168    -94.94913      0.00000      0.00000      0.00000
 ----------       ---------    ---------    ---------    ---------    ---------
MINI>       90  19884.37591    992.98934      1.62096      1.96027
MINI INTERN>      982.96455   6373.60350   2627.72840  14657.75112     72.21342
MINI EXTERN>     -492.70704  -3974.61824      0.00000      0.00000      0.00000
MINI IMAGES>     -262.86181    -99.69801      0.00000      0.00000      0.00000
 ----------       ---------    ---------    ---------    ---------    ---------
MINI>      100  19091.63313    792.74278      1.89236      1.89862
MINI INTERN>      975.30071   6205.14576   2574.93391  14663.90752     69.60743
MINI EXTERN>     -951.47495  -4049.13401      0.00000      0.00000      0.00000
MINI IMAGES>     -292.40826   -104.24498      0.00000      0.00000      0.00000
 ----------       ---------    ---------    ---------    ---------    ---------
 UPDECI: Image update at step       101

 <MKIMAT2>: updating the image atom lists and remapping
 Transformation   Atoms  Groups  Residues  Min-Distance
    1  N1N1N1R1 has       0       0       0       55.26
    2  N1Z0N1R1 has       0       0       0       53.42
    3  N1P1N1R1 has       0       0       0       54.15
    4  Z0N1N1R1 has       0       0       0       53.97
    5  Z0Z0N1R1 has       0       0       0       53.33
    6  Z0P1N1R1 has       0       0       0       53.87
    7  N1N1Z0R1 has     333      92       6        0.00
    8  N1Z0Z0R1 has    5005    1294      58        0.00
    9  N1P1Z0R1 has     299      70       3        0.00
   10  Z0N1Z0R1 has    5442    1414      58        0.00
   12  N1N1P1R1 has       0       0       0       55.87
   13  N1Z0P1R1 has       0       0       0       53.35
   14  N1P1P1R1 has       0       0       0       53.51
 Total of49107 atoms and12974 groups and  437 residues were included

 <MAKGRP> found      0 image group exclusions.
 UPDECI: Nonbond update at step       101
 Generating nonbond list with Exclusion mode = 5
 == PRIMARY == SPACE FOR  7426669 ATOM PAIRS AND        0 GROUP PAIRS
 == IMAGES === SPACE FOR   793820 ATOM PAIRS AND        0 GROUP PAIRS
Using Image CUBE search
  NBNDGCM found:
     5619547  atom pairs
      596957  image atom pairs
           0  self atom pairs
MINI>      110  18389.42387    702.20926      1.51776      1.83891
MINI INTERN>      937.81893   6065.91889   2531.33189  14668.05137     67.41578
MINI EXTERN>    -1338.44234  -4117.41054      0.00000      0.00000      0.00000
MINI IMAGES>     -316.67060   -108.58952      0.00000      0.00000      0.00000
 ----------       ---------    ---------    ---------    ---------    ---------
MINI>      120  17786.34927    603.07461      1.52671      1.78108
MINI INTERN>      914.89193   5955.08845   2497.30306  14668.89269     66.17221
MINI EXTERN>    -1679.59892  -4186.27106      0.00000      0.00000      0.00000
MINI IMAGES>     -337.43523   -112.69386      0.00000      0.00000      0.00000
 ----------       ---------    ---------    ---------    ---------    ---------
MINI>      130  17280.16734    506.18192      1.28524      1.53339
MINI INTERN>      897.30922   5856.53163   2469.52533  14664.50904     65.73613
MINI EXTERN>    -1957.09000  -4246.73839      0.00000      0.00000      0.00000
MINI IMAGES>     -353.02145   -116.59414      0.00000      0.00000      0.00000
 ----------       ---------    ---------    ---------    ---------    ---------
MINI>      140  16755.56101    524.60634      1.07529      1.48517
MINI INTERN>      882.87461   5747.80225   2439.33066  14651.49220     64.29622
MINI EXTERN>    -2228.47045  -4313.94094      0.00000      0.00000      0.00000
MINI IMAGES>     -366.91620   -120.90734      0.00000      0.00000      0.00000
 ----------       ---------    ---------    ---------    ---------    ---------
 UPDECI: Image update at step       149

 <MKIMAT2>: updating the image atom lists and remapping
 Transformation   Atoms  Groups  Residues  Min-Distance
    1  N1N1N1R1 has       0       0       0       55.18
    2  N1Z0N1R1 has       0       0       0       53.31
    3  N1P1N1R1 has       0       0       0       54.03
    4  Z0N1N1R1 has       0       0       0       53.79
    5  Z0Z0N1R1 has       0       0       0       53.14
    6  Z0P1N1R1 has       0       0       0       53.74
    7  N1N1Z0R1 has     333      92       6        0.00
    8  N1Z0Z0R1 has    4994    1290      58        0.00
    9  N1P1Z0R1 has     298      70       3        0.00
   10  Z0N1Z0R1 has    5456    1420      58        0.00
   12  N1N1P1R1 has       0       0       0       55.76
   13  N1Z0P1R1 has       0       0       0       53.17
   14  N1P1P1R1 has       0       0       0       53.29
 Total of49109 atoms and12976 groups and  437 residues were included

 <MAKGRP> found      0 image group exclusions.
 UPDECI: Nonbond update at step       149
 Generating nonbond list with Exclusion mode = 5
 == PRIMARY == SPACE FOR  7426669 ATOM PAIRS AND        0 GROUP PAIRS
 == IMAGES === SPACE FOR   793820 ATOM PAIRS AND        0 GROUP PAIRS
Using Image CUBE search
  NBNDGCM found:
     5584304  atom pairs
      594488  image atom pairs
           0  self atom pairs
MINI>      150  16260.95310    494.60791      0.84673      1.43846
MINI INTERN>      861.99871   5649.44221   2411.45242  14631.46565     62.83905
MINI EXTERN>    -2469.80051  -4382.73398      0.00000      0.00000      0.00000
MINI IMAGES>     -378.40440   -125.30606      0.00000      0.00000      0.00000
 ----------       ---------    ---------    ---------    ---------    ---------
MINI>      160  15832.26148    428.69162      1.34968      1.39322
MINI INTERN>      866.84535   5557.00986   2388.33987  14608.26699     61.40911
MINI EXTERN>    -2678.94621  -4452.26669      0.00000      0.00000      0.00000
MINI IMAGES>     -388.26170   -130.13510      0.00000      0.00000      0.00000
 ----------       ---------    ---------    ---------    ---------    ---------
MINI>      170  15410.89959    421.36189      0.96290      1.34941
MINI INTERN>      839.15229   5474.27754   2367.60730  14583.36555     59.88237
MINI EXTERN>    -2857.49358  -4523.82269      0.00000      0.00000      0.00000
MINI IMAGES>     -396.93440   -135.13478      0.00000      0.00000      0.00000
 ----------       ---------    ---------    ---------    ---------    ---------
MINI>      180  15037.34138    373.55821      1.33897      1.30697
MINI INTERN>      840.60106   5389.16731   2348.31615  14555.39087     58.14935
MINI EXTERN>    -3014.86769  -4593.96079      0.00000      0.00000      0.00000
MINI IMAGES>     -405.07178   -140.38308      0.00000      0.00000      0.00000
 ----------       ---------    ---------    ---------    ---------    ---------
MINI>      190  14657.56886    379.77253      0.84829      1.26587
MINI INTERN>      821.71008   5297.14636   2327.21795  14527.62262     55.93395
MINI EXTERN>    -3151.23051  -4662.33415      0.00000      0.00000      0.00000
MINI IMAGES>     -412.51840   -145.97904      0.00000      0.00000      0.00000
 ----------       ---------    ---------    ---------    ---------    ---------
MINI>      200  14317.34855    340.22030      0.95272      1.22606
MINI INTERN>      814.99035   5211.29222   2307.66499  14500.84407     54.00254
MINI EXTERN>    -3270.23559  -4729.73618      0.00000      0.00000      0.00000
MINI IMAGES>     -419.54703   -151.92681      0.00000      0.00000      0.00000
 ----------       ---------    ---------    ---------    ---------    ---------
 UPDECI: Image update at step       201

 <MKIMAT2>: updating the image atom lists and remapping
 Transformation   Atoms  Groups  Residues  Min-Distance
    1  N1N1N1R1 has       0       0       0       54.99
    2  N1Z0N1R1 has       0       0       0       53.12
    3  N1P1N1R1 has       0       0       0       53.79
    4  Z0N1N1R1 has       0       0       0       53.39
    5  Z0Z0N1R1 has       0       0       0       52.74
    6  Z0P1N1R1 has       0       0       0       53.47
    7  N1N1Z0R1 has     330      91       6        0.00
    8  N1Z0Z0R1 has    5002    1292      58        0.00
    9  N1P1Z0R1 has     302      71       3        0.00
   10  Z0N1Z0R1 has    5506    1436      59        0.00
   12  N1N1P1R1 has       0       0       0       55.46
   13  N1Z0P1R1 has       0       0       0       52.77
   14  N1P1P1R1 has       0       0       0       52.95
 Total of49168 atoms and12994 groups and  438 residues were included

 <MAKGRP> found      0 image group exclusions.
 UPDECI: Nonbond update at step       201
 Generating nonbond list with Exclusion mode = 5
 == PRIMARY == SPACE FOR  7426669 ATOM PAIRS AND        0 GROUP PAIRS
 == IMAGES === SPACE FOR   793820 ATOM PAIRS AND        0 GROUP PAIRS
Using Image CUBE search
  NBNDGCM found:
     5543931  atom pairs
      592833  image atom pairs
           0  self atom pairs
MINI>      210  13993.82475    323.52380      0.92799      1.18750
MINI INTERN>      802.56596   5128.16910   2290.09521  14475.53857     52.33257
MINI EXTERN>    -3374.52802  -4796.26927      0.00000      0.00000      0.00000
MINI IMAGES>     -425.79726   -158.28210      0.00000      0.00000      0.00000
 ----------       ---------    ---------    ---------    ---------    ---------
MINI>      220  13681.30749    312.51726      0.67722      1.15015
MINI INTERN>      784.81202   5047.98379   2273.68358  14450.77930     50.93919
MINI EXTERN>    -3466.42925  -4864.51388      0.00000      0.00000      0.00000
MINI IMAGES>     -431.21033   -164.73693      0.00000      0.00000      0.00000
 ----------       ---------    ---------    ---------    ---------    ---------
MINI>      230  13400.28406    281.02343      0.89791      1.11398
MINI INTERN>      778.57526   4974.31355   2260.31076  14426.86544     49.62464
MINI EXTERN>    -3551.11880  -4931.03499      0.00000      0.00000      0.00000
MINI IMAGES>     -435.71220   -171.53960      0.00000      0.00000      0.00000
 ----------       ---------    ---------    ---------    ---------    ---------
MINI>      240  13122.00419    278.27987      0.57651      0.64737
MINI INTERN>      764.44988   4901.88816   2246.87059  14403.44245     48.61345
MINI EXTERN>    -3629.45810  -4996.27426      0.00000      0.00000      0.00000
MINI IMAGES>     -439.19040   -178.33759      0.00000      0.00000      0.00000
 ----------       ---------    ---------    ---------    ---------    ---------
MINI>      250  12870.24257    251.76162      0.85609      1.04502
MINI INTERN>      759.75249   4837.28325   2234.66677  14380.66206     48.01236
MINI EXTERN>    -3703.02630  -5060.16590      0.00000      0.00000      0.00000
MINI IMAGES>     -441.71712   -185.22504      0.00000      0.00000      0.00000
 ----------       ---------    ---------    ---------    ---------    ---------

 ABNER> Minimization exiting with number of steps limit (  250) exceeded.

ABNR MIN: Cycle      ENERgy      Delta-E         GRMS    Step-size
ABNR INTERN:          BONDs       ANGLes       UREY-b    DIHEdrals    IMPRopers
ABNR EXTERN:        VDWaals         ELEC       HBONds          ASP         USER
ABNR IMAGES:        IMNBvdw       IMELec       IMHBnd       RXNField    EXTElec
 ----------       ---------    ---------    ---------    ---------    ---------
ABNR>      250  12870.24257    251.76162      0.85609      0.94051
ABNR INTERN>      759.75249   4837.28325   2234.66677  14380.66206     48.01236
ABNR EXTERN>    -3703.02630  -5060.16590      0.00000      0.00000      0.00000
ABNR IMAGES>     -441.71712   -185.22504      0.00000      0.00000      0.00000
 ----------       ---------    ---------    ---------    ---------    ---------
  
 CHARMM>     
  
 CHARMM>    !
 CHARMM>    ! check lipid penetrating into cholesterol rings
 CHARMM>    !
 CHARMM>     
  
 CHARMM>    set nres = ?nres
 RDCMND substituted energy or value "?NRES" to "312"
 Parameter: NRES <- "312"
  
 CHARMM>     
  
 CHARMM>    open write unit 90 card name step4_lipid_checkchol.str
 VOPEN> Attempting to open::step4_lipid_checkchol.str::
 OPNLGU> Unit 90 opened for WRITE access to step4_lipid_checkchol.str
  
 CHARMM>     
  
 CHARMM>    define STEROL sele ( resn CHL1 .or. resn ERG .or. resn DPOP .or. resn SITO .or. resn STIG -
 CHARMM>                     .or. resn CHSD .or. resn CHSP .or. resn CAMP .or. resn GCAMP .or. resn GSITO -
 CHARMM>                     .or. resn GSTIG .or. resn LANO .or. resn PGCAMP .or. resn PGSITO .or. resn CHLH -
 CHARMM>                     .or. resn PGSTIG ) end
 SELRPN>   4662 atoms have been selected out of  38028
  
 CHARMM>     
  
 CHARMM>    !loop for upper-leaflet sterols
 CHARMM>    define XXX sele STEROL .and. segid MEMB .and. type O3 .and. ( prop Z .gt. 0 ) end
 SELRPN>     31 atoms have been selected out of  38028
  
 CHARMM>    set ncholtop = ?nsel
 RDCMND substituted energy or value "?NSEL" to "31"
 Parameter: NCHOLTOP <- "31"
  
 CHARMM>    set i    = ?SELRESI
 RDCMND substituted energy or value "?SELRESI" to "1"
 Parameter: I <- "1"
  
 CHARMM>     
  
 CHARMM>    if ncholtop .gt. 0 then
 Comparing "31" and "0".
 IF test evaluated as true.  Performing command
  
 CHARMM>      set icholtop = 1
 Parameter: ICHOLTOP <- "1"
  
 CHARMM>      label dointer1
  
 CHARMM>        define YYY sele XXX .and. resid @i:@nres end
 Parameter: I -> "1"
 Parameter: NRES -> "312"
 SELRPN>     31 atoms have been selected out of  38028
  
 CHARMM>        set i    = ?SELRESI
 RDCMND substituted energy or value "?SELRESI" to "1"
 Parameter: I <- "1"
  
 CHARMM>        inter select resid @i .and. segid MEMB end
 Parameter: I -> "1"
 SELRPN>     74 atoms have been selected out of  38028
 INTER:  Normal Atom Nonbondselected        1961 from a total of     5543931
 INTER:  Image Nonbond List selected           0 from a total of      592833
INTE ENR:  Eval#     ENERgy      Delta-E         GRMS
INTE INTERN:          BONDs       ANGLes       UREY-b    DIHEdrals    IMPRopers
INTE EXTERN:        VDWaals         ELEC       HBONds          ASP         USER
 ----------       ---------    ---------    ---------    ---------    ---------
INTE>        1     31.67783  12838.56474      0.02697
INTE INTERN>        4.06918     16.71562      2.58062     20.28575      0.00000
INTE EXTERN>        6.05403    -18.02738      0.00000      0.00000      0.00000
 ----------       ---------    ---------    ---------    ---------    ---------
  
 CHARMM>     
  
 CHARMM>        if ?bond .gt. 100 then
 RDCMND substituted energy or value "?BOND" to "4.06918195"
 Comparing "4.06918195" and "100".
 IF test evaluated as false.  Skip to ELSE or ENDIF
  
 CHARMM>     
  
 CHARMM>      increase i by 1
 Parameter: I <- "2"
  
 CHARMM>      increase icholtop by 1
 Parameter: ICHOLTOP <- "2"
  
 CHARMM>      if icholtop .le. @ncholtop goto dointer1
 Parameter: NCHOLTOP -> "31"
 Comparing "2" and "31".
 IF test evaluated as true.  Performing command
  
 CHARMM>        define YYY sele XXX .and. resid @i:@nres end
 Parameter: I -> "2"
 Parameter: NRES -> "312"
 SELRPN>     30 atoms have been selected out of  38028
  
 CHARMM>        set i    = ?SELRESI
 RDCMND substituted energy or value "?SELRESI" to "2"
 Parameter: I <- "2"
  
 CHARMM>        inter select resid @i .and. segid MEMB end
 Parameter: I -> "2"
 SELRPN>     74 atoms have been selected out of  38028
 INTER:  Normal Atom Nonbondselected        1950 from a total of     5543931
 INTER:  Image Nonbond List selected           0 from a total of      592833
INTE ENR:  Eval#     ENERgy      Delta-E         GRMS
INTE INTERN:          BONDs       ANGLes       UREY-b    DIHEdrals    IMPRopers
INTE EXTERN:        VDWaals         ELEC       HBONds          ASP         USER
 ----------       ---------    ---------    ---------    ---------    ---------
INTE>        2     31.21033      0.46750      0.03002
INTE INTERN>        3.25758     19.82849      3.06553     18.21858      0.00000
INTE EXTERN>        5.27963    -18.43949      0.00000      0.00000      0.00000
 ----------       ---------    ---------    ---------    ---------    ---------
  
 CHARMM>     
  
 CHARMM>        if ?bond .gt. 100 then
 RDCMND substituted energy or value "?BOND" to "3.2575849"
 Comparing "3.2575849" and "100".
 IF test evaluated as false.  Skip to ELSE or ENDIF
  
 CHARMM>     
  
 CHARMM>      increase i by 1
 Parameter: I <- "3"
  
 CHARMM>      increase icholtop by 1
 Parameter: ICHOLTOP <- "3"
  
 CHARMM>      if icholtop .le. @ncholtop goto dointer1
 Parameter: NCHOLTOP -> "31"
 Comparing "3" and "31".
 IF test evaluated as true.  Performing command
  
 CHARMM>        define YYY sele XXX .and. resid @i:@nres end
 Parameter: I -> "3"
 Parameter: NRES -> "312"
 SELRPN>     29 atoms have been selected out of  38028
  
 CHARMM>        set i    = ?SELRESI
 RDCMND substituted energy or value "?SELRESI" to "3"
 Parameter: I <- "3"
  
 CHARMM>        inter select resid @i .and. segid MEMB end
 Parameter: I -> "3"
 SELRPN>     74 atoms have been selected out of  38028
 INTER:  Normal Atom Nonbondselected        1947 from a total of     5543931
 INTER:  Image Nonbond List selected           0 from a total of      592833
INTE ENR:  Eval#     ENERgy      Delta-E         GRMS
INTE INTERN:          BONDs       ANGLes       UREY-b    DIHEdrals    IMPRopers
INTE EXTERN:        VDWaals         ELEC       HBONds          ASP         USER
 ----------       ---------    ---------    ---------    ---------    ---------
INTE>        3     29.37308      1.83724      0.03859
INTE INTERN>        3.28083     15.92897      2.65376     19.39533      0.00000
INTE EXTERN>        6.39031    -18.27612      0.00000      0.00000      0.00000
 ----------       ---------    ---------    ---------    ---------    ---------
  
 CHARMM>     
  
 CHARMM>        if ?bond .gt. 100 then
 RDCMND substituted energy or value "?BOND" to "3.2808319"
 Comparing "3.2808319" and "100".
 IF test evaluated as false.  Skip to ELSE or ENDIF
  
 CHARMM>     
  
 CHARMM>      increase i by 1
 Parameter: I <- "4"
  
 CHARMM>      increase icholtop by 1
 Parameter: ICHOLTOP <- "4"
  
 CHARMM>      if icholtop .le. @ncholtop goto dointer1
 Parameter: NCHOLTOP -> "31"
 Comparing "4" and "31".
 IF test evaluated as true.  Performing command
  
 CHARMM>        define YYY sele XXX .and. resid @i:@nres end
 Parameter: I -> "4"
 Parameter: NRES -> "312"
 SELRPN>     28 atoms have been selected out of  38028
  
 CHARMM>        set i    = ?SELRESI
 RDCMND substituted energy or value "?SELRESI" to "4"
 Parameter: I <- "4"
  
 CHARMM>        inter select resid @i .and. segid MEMB end
 Parameter: I -> "4"
 SELRPN>     74 atoms have been selected out of  38028
 INTER:  Normal Atom Nonbondselected        1937 from a total of     5543931
 INTER:  Image Nonbond List selected           0 from a total of      592833
INTE ENR:  Eval#     ENERgy      Delta-E         GRMS
INTE INTERN:          BONDs       ANGLes       UREY-b    DIHEdrals    IMPRopers
INTE EXTERN:        VDWaals         ELEC       HBONds          ASP         USER
 ----------       ---------    ---------    ---------    ---------    ---------
INTE>        4     35.52764     -6.15455      0.05977
INTE INTERN>        3.75026     19.20224      2.91499     21.85042      0.00000
INTE EXTERN>        6.64286    -18.83314      0.00000      0.00000      0.00000
 ----------       ---------    ---------    ---------    ---------    ---------
  
 CHARMM>     
  
 CHARMM>        if ?bond .gt. 100 then
 RDCMND substituted energy or value "?BOND" to "3.75026318"
 Comparing "3.75026318" and "100".
 IF test evaluated as false.  Skip to ELSE or ENDIF
  
 CHARMM>     
  
 CHARMM>      increase i by 1
 Parameter: I <- "5"
  
 CHARMM>      increase icholtop by 1
 Parameter: ICHOLTOP <- "5"
  
 CHARMM>      if icholtop .le. @ncholtop goto dointer1
 Parameter: NCHOLTOP -> "31"
 Comparing "5" and "31".
 IF test evaluated as true.  Performing command
  
 CHARMM>        define YYY sele XXX .and. resid @i:@nres end
 Parameter: I -> "5"
 Parameter: NRES -> "312"
 SELRPN>     27 atoms have been selected out of  38028
  
 CHARMM>        set i    = ?SELRESI
 RDCMND substituted energy or value "?SELRESI" to "5"
 Parameter: I <- "5"
  
 CHARMM>        inter select resid @i .and. segid MEMB end
 Parameter: I -> "5"
 SELRPN>     74 atoms have been selected out of  38028
 INTER:  Normal Atom Nonbondselected        1942 from a total of     5543931
 INTER:  Image Nonbond List selected           0 from a total of      592833
INTE ENR:  Eval#     ENERgy      Delta-E         GRMS
INTE INTERN:          BONDs       ANGLes       UREY-b    DIHEdrals    IMPRopers
INTE EXTERN:        VDWaals         ELEC       HBONds          ASP         USER
 ----------       ---------    ---------    ---------    ---------    ---------
INTE>        5     31.09627      4.43136      0.04490
INTE INTERN>        3.78315     17.33603      2.61738     19.56906      0.00000
INTE EXTERN>        6.02773    -18.23706      0.00000      0.00000      0.00000
 ----------       ---------    ---------    ---------    ---------    ---------
  
 CHARMM>     
  
 CHARMM>        if ?bond .gt. 100 then
 RDCMND substituted energy or value "?BOND" to "3.78314642"
 Comparing "3.78314642" and "100".
 IF test evaluated as false.  Skip to ELSE or ENDIF
  
 CHARMM>     
  
 CHARMM>      increase i by 1
 Parameter: I <- "6"
  
 CHARMM>      increase icholtop by 1
 Parameter: ICHOLTOP <- "6"
  
 CHARMM>      if icholtop .le. @ncholtop goto dointer1
 Parameter: NCHOLTOP -> "31"
 Comparing "6" and "31".
 IF test evaluated as true.  Performing command
  
 CHARMM>        define YYY sele XXX .and. resid @i:@nres end
 Parameter: I -> "6"
 Parameter: NRES -> "312"
 SELRPN>     26 atoms have been selected out of  38028
  
 CHARMM>        set i    = ?SELRESI
 RDCMND substituted energy or value "?SELRESI" to "6"
 Parameter: I <- "6"
  
 CHARMM>        inter select resid @i .and. segid MEMB end
 Parameter: I -> "6"
 SELRPN>     74 atoms have been selected out of  38028
 INTER:  Normal Atom Nonbondselected        1971 from a total of     5543931
 INTER:  Image Nonbond List selected           0 from a total of      592833
INTE ENR:  Eval#     ENERgy      Delta-E         GRMS
INTE INTERN:          BONDs       ANGLes       UREY-b    DIHEdrals    IMPRopers
INTE EXTERN:        VDWaals         ELEC       HBONds          ASP         USER
 ----------       ---------    ---------    ---------    ---------    ---------
INTE>        6     28.74598      2.35030      0.02322
INTE INTERN>        3.20132     18.16867      2.67130     17.67604      0.00000
INTE EXTERN>        4.94399    -17.91535      0.00000      0.00000      0.00000
 ----------       ---------    ---------    ---------    ---------    ---------
  
 CHARMM>     
  
 CHARMM>        if ?bond .gt. 100 then
 RDCMND substituted energy or value "?BOND" to "3.20132106"
 Comparing "3.20132106" and "100".
 IF test evaluated as false.  Skip to ELSE or ENDIF
  
 CHARMM>     
  
 CHARMM>      increase i by 1
 Parameter: I <- "7"
  
 CHARMM>      increase icholtop by 1
 Parameter: ICHOLTOP <- "7"
  
 CHARMM>      if icholtop .le. @ncholtop goto dointer1
 Parameter: NCHOLTOP -> "31"
 Comparing "7" and "31".
 IF test evaluated as true.  Performing command
  
 CHARMM>        define YYY sele XXX .and. resid @i:@nres end
 Parameter: I -> "7"
 Parameter: NRES -> "312"
 SELRPN>     25 atoms have been selected out of  38028
  
 CHARMM>        set i    = ?SELRESI
 RDCMND substituted energy or value "?SELRESI" to "7"
 Parameter: I <- "7"
  
 CHARMM>        inter select resid @i .and. segid MEMB end
 Parameter: I -> "7"
 SELRPN>     74 atoms have been selected out of  38028
 INTER:  Normal Atom Nonbondselected        1970 from a total of     5543931
 INTER:  Image Nonbond List selected           0 from a total of      592833
INTE ENR:  Eval#     ENERgy      Delta-E         GRMS
INTE INTERN:          BONDs       ANGLes       UREY-b    DIHEdrals    IMPRopers
INTE EXTERN:        VDWaals         ELEC       HBONds          ASP         USER
 ----------       ---------    ---------    ---------    ---------    ---------
INTE>        7     37.83489     -9.08892      0.04366
INTE INTERN>        2.79318     16.16286      2.74604     23.77132      0.00000
INTE EXTERN>       10.20108    -17.83958      0.00000      0.00000      0.00000
 ----------       ---------    ---------    ---------    ---------    ---------
  
 CHARMM>     
  
 CHARMM>        if ?bond .gt. 100 then
 RDCMND substituted energy or value "?BOND" to "2.79317743"
 Comparing "2.79317743" and "100".
 IF test evaluated as false.  Skip to ELSE or ENDIF
  
 CHARMM>     
  
 CHARMM>      increase i by 1
 Parameter: I <- "8"
  
 CHARMM>      increase icholtop by 1
 Parameter: ICHOLTOP <- "8"
  
 CHARMM>      if icholtop .le. @ncholtop goto dointer1
 Parameter: NCHOLTOP -> "31"
 Comparing "8" and "31".
 IF test evaluated as true.  Performing command
  
 CHARMM>        define YYY sele XXX .and. resid @i:@nres end
 Parameter: I -> "8"
 Parameter: NRES -> "312"
 SELRPN>     24 atoms have been selected out of  38028
  
 CHARMM>        set i    = ?SELRESI
 RDCMND substituted energy or value "?SELRESI" to "8"
 Parameter: I <- "8"
  
 CHARMM>        inter select resid @i .and. segid MEMB end
 Parameter: I -> "8"
 SELRPN>     74 atoms have been selected out of  38028
 INTER:  Normal Atom Nonbondselected        1956 from a total of     5543931
 INTER:  Image Nonbond List selected           0 from a total of      592833
INTE ENR:  Eval#     ENERgy      Delta-E         GRMS
INTE INTERN:          BONDs       ANGLes       UREY-b    DIHEdrals    IMPRopers
INTE EXTERN:        VDWaals         ELEC       HBONds          ASP         USER
 ----------       ---------    ---------    ---------    ---------    ---------
INTE>        8     35.70509      2.12980      0.05323
INTE INTERN>        3.43968     18.83679      3.02390     21.71673      0.00000
INTE EXTERN>        7.95938    -19.27139      0.00000      0.00000      0.00000
 ----------       ---------    ---------    ---------    ---------    ---------
  
 CHARMM>     
  
 CHARMM>        if ?bond .gt. 100 then
 RDCMND substituted energy or value "?BOND" to "3.43968269"
 Comparing "3.43968269" and "100".
 IF test evaluated as false.  Skip to ELSE or ENDIF
  
 CHARMM>     
  
 CHARMM>      increase i by 1
 Parameter: I <- "9"
  
 CHARMM>      increase icholtop by 1
 Parameter: ICHOLTOP <- "9"
  
 CHARMM>      if icholtop .le. @ncholtop goto dointer1
 Parameter: NCHOLTOP -> "31"
 Comparing "9" and "31".
 IF test evaluated as true.  Performing command
  
 CHARMM>        define YYY sele XXX .and. resid @i:@nres end
 Parameter: I -> "9"
 Parameter: NRES -> "312"
 SELRPN>     23 atoms have been selected out of  38028
  
 CHARMM>        set i    = ?SELRESI
 RDCMND substituted energy or value "?SELRESI" to "9"
 Parameter: I <- "9"
  
 CHARMM>        inter select resid @i .and. segid MEMB end
 Parameter: I -> "9"
 SELRPN>     74 atoms have been selected out of  38028
 INTER:  Normal Atom Nonbondselected        1945 from a total of     5543931
 INTER:  Image Nonbond List selected           0 from a total of      592833
INTE ENR:  Eval#     ENERgy      Delta-E         GRMS
INTE INTERN:          BONDs       ANGLes       UREY-b    DIHEdrals    IMPRopers
INTE EXTERN:        VDWaals         ELEC       HBONds          ASP         USER
 ----------       ---------    ---------    ---------    ---------    ---------
INTE>        9     29.31975      6.38534      0.04167
INTE INTERN>        3.76130     18.33361      2.66899     18.11622      0.00000
INTE EXTERN>        4.64361    -18.20398      0.00000      0.00000      0.00000
 ----------       ---------    ---------    ---------    ---------    ---------
  
 CHARMM>     
  
 CHARMM>        if ?bond .gt. 100 then
 RDCMND substituted energy or value "?BOND" to "3.76130145"
 Comparing "3.76130145" and "100".
 IF test evaluated as false.  Skip to ELSE or ENDIF
  
 CHARMM>     
  
 CHARMM>      increase i by 1
 Parameter: I <- "10"
  
 CHARMM>      increase icholtop by 1
 Parameter: ICHOLTOP <- "10"
  
 CHARMM>      if icholtop .le. @ncholtop goto dointer1
 Parameter: NCHOLTOP -> "31"
 Comparing "10" and "31".
 IF test evaluated as true.  Performing command
  
 CHARMM>        define YYY sele XXX .and. resid @i:@nres end
 Parameter: I -> "10"
 Parameter: NRES -> "312"
 SELRPN>     22 atoms have been selected out of  38028
  
 CHARMM>        set i    = ?SELRESI
 RDCMND substituted energy or value "?SELRESI" to "10"
 Parameter: I <- "10"
  
 CHARMM>        inter select resid @i .and. segid MEMB end
 Parameter: I -> "10"
 SELRPN>     74 atoms have been selected out of  38028
 INTER:  Normal Atom Nonbondselected        1937 from a total of     5543931
 INTER:  Image Nonbond List selected           0 from a total of      592833
INTE ENR:  Eval#     ENERgy      Delta-E         GRMS
INTE INTERN:          BONDs       ANGLes       UREY-b    DIHEdrals    IMPRopers
INTE EXTERN:        VDWaals         ELEC       HBONds          ASP         USER
 ----------       ---------    ---------    ---------    ---------    ---------
INTE>       10     31.49516     -2.17541      0.03322
INTE INTERN>        3.21204     18.65402      2.92437     19.52896      0.00000
INTE EXTERN>        6.15926    -18.98349      0.00000      0.00000      0.00000
 ----------       ---------    ---------    ---------    ---------    ---------
  
 CHARMM>     
  
 CHARMM>        if ?bond .gt. 100 then
 RDCMND substituted energy or value "?BOND" to "3.21204485"
 Comparing "3.21204485" and "100".
 IF test evaluated as false.  Skip to ELSE or ENDIF
  
 CHARMM>     
  
 CHARMM>      increase i by 1
 Parameter: I <- "11"
  
 CHARMM>      increase icholtop by 1
 Parameter: ICHOLTOP <- "11"
  
 CHARMM>      if icholtop .le. @ncholtop goto dointer1
 Parameter: NCHOLTOP -> "31"
 Comparing "11" and "31".
 IF test evaluated as true.  Performing command
  
 CHARMM>        define YYY sele XXX .and. resid @i:@nres end
 Parameter: I -> "11"
 Parameter: NRES -> "312"
 SELRPN>     21 atoms have been selected out of  38028
  
 CHARMM>        set i    = ?SELRESI
 RDCMND substituted energy or value "?SELRESI" to "11"
 Parameter: I <- "11"
  
 CHARMM>        inter select resid @i .and. segid MEMB end
 Parameter: I -> "11"
 SELRPN>     74 atoms have been selected out of  38028
 INTER:  Normal Atom Nonbondselected        2032 from a total of     5543931
 INTER:  Image Nonbond List selected           0 from a total of      592833
INTE ENR:  Eval#     ENERgy      Delta-E         GRMS
INTE INTERN:          BONDs       ANGLes       UREY-b    DIHEdrals    IMPRopers
INTE EXTERN:        VDWaals         ELEC       HBONds          ASP         USER
 ----------       ---------    ---------    ---------    ---------    ---------
INTE>       11     27.99388      3.50129      0.02007
INTE INTERN>        4.47759     18.20818      2.50631     18.54341      0.00000
INTE EXTERN>        2.95936    -18.70098      0.00000      0.00000      0.00000
 ----------       ---------    ---------    ---------    ---------    ---------
  
 CHARMM>     
  
 CHARMM>        if ?bond .gt. 100 then
 RDCMND substituted energy or value "?BOND" to "4.47759483"
 Comparing "4.47759483" and "100".
 IF test evaluated as false.  Skip to ELSE or ENDIF
  
 CHARMM>     
  
 CHARMM>      increase i by 1
 Parameter: I <- "12"
  
 CHARMM>      increase icholtop by 1
 Parameter: ICHOLTOP <- "12"
  
 CHARMM>      if icholtop .le. @ncholtop goto dointer1
 Parameter: NCHOLTOP -> "31"
 Comparing "12" and "31".
 IF test evaluated as true.  Performing command
  
 CHARMM>        define YYY sele XXX .and. resid @i:@nres end
 Parameter: I -> "12"
 Parameter: NRES -> "312"
 SELRPN>     20 atoms have been selected out of  38028
  
 CHARMM>        set i    = ?SELRESI
 RDCMND substituted energy or value "?SELRESI" to "12"
 Parameter: I <- "12"
  
 CHARMM>        inter select resid @i .and. segid MEMB end
 Parameter: I -> "12"
 SELRPN>     74 atoms have been selected out of  38028
 INTER:  Normal Atom Nonbondselected        1950 from a total of     5543931
 INTER:  Image Nonbond List selected           0 from a total of      592833
INTE ENR:  Eval#     ENERgy      Delta-E         GRMS
INTE INTERN:          BONDs       ANGLes       UREY-b    DIHEdrals    IMPRopers
INTE EXTERN:        VDWaals         ELEC       HBONds          ASP         USER
 ----------       ---------    ---------    ---------    ---------    ---------
INTE>       12     32.81086     -4.81698      0.01885
INTE INTERN>        4.03667     15.13354      2.47307     21.31254      0.00000
INTE EXTERN>        8.16916    -18.31412      0.00000      0.00000      0.00000
 ----------       ---------    ---------    ---------    ---------    ---------
  
 CHARMM>     
  
 CHARMM>        if ?bond .gt. 100 then
 RDCMND substituted energy or value "?BOND" to "4.03667047"
 Comparing "4.03667047" and "100".
 IF test evaluated as false.  Skip to ELSE or ENDIF
  
 CHARMM>     
  
 CHARMM>      increase i by 1
 Parameter: I <- "13"
  
 CHARMM>      increase icholtop by 1
 Parameter: ICHOLTOP <- "13"
  
 CHARMM>      if icholtop .le. @ncholtop goto dointer1
 Parameter: NCHOLTOP -> "31"
 Comparing "13" and "31".
 IF test evaluated as true.  Performing command
  
 CHARMM>        define YYY sele XXX .and. resid @i:@nres end
 Parameter: I -> "13"
 Parameter: NRES -> "312"
 SELRPN>     19 atoms have been selected out of  38028
  
 CHARMM>        set i    = ?SELRESI
 RDCMND substituted energy or value "?SELRESI" to "13"
 Parameter: I <- "13"
  
 CHARMM>        inter select resid @i .and. segid MEMB end
 Parameter: I -> "13"
 SELRPN>     74 atoms have been selected out of  38028
 INTER:  Normal Atom Nonbondselected        2013 from a total of     5543931
 INTER:  Image Nonbond List selected           0 from a total of      592833
INTE ENR:  Eval#     ENERgy      Delta-E         GRMS
INTE INTERN:          BONDs       ANGLes       UREY-b    DIHEdrals    IMPRopers
INTE EXTERN:        VDWaals         ELEC       HBONds          ASP         USER
 ----------       ---------    ---------    ---------    ---------    ---------
INTE>       13     32.13902      0.67184      0.02777
INTE INTERN>        4.13355     16.67737      2.59612     22.11178      0.00000
INTE EXTERN>        5.18848    -18.56829      0.00000      0.00000      0.00000
 ----------       ---------    ---------    ---------    ---------    ---------
  
 CHARMM>     
  
 CHARMM>        if ?bond .gt. 100 then
 RDCMND substituted energy or value "?BOND" to "4.13355476"
 Comparing "4.13355476" and "100".
 IF test evaluated as false.  Skip to ELSE or ENDIF
  
 CHARMM>     
  
 CHARMM>      increase i by 1
 Parameter: I <- "14"
  
 CHARMM>      increase icholtop by 1
 Parameter: ICHOLTOP <- "14"
  
 CHARMM>      if icholtop .le. @ncholtop goto dointer1
 Parameter: NCHOLTOP -> "31"
 Comparing "14" and "31".
 IF test evaluated as true.  Performing command
  
 CHARMM>        define YYY sele XXX .and. resid @i:@nres end
 Parameter: I -> "14"
 Parameter: NRES -> "312"
 SELRPN>     18 atoms have been selected out of  38028
  
 CHARMM>        set i    = ?SELRESI
 RDCMND substituted energy or value "?SELRESI" to "14"
 Parameter: I <- "14"
  
 CHARMM>        inter select resid @i .and. segid MEMB end
 Parameter: I -> "14"
 SELRPN>     74 atoms have been selected out of  38028
 INTER:  Normal Atom Nonbondselected        1924 from a total of     5543931
 INTER:  Image Nonbond List selected           0 from a total of      592833
INTE ENR:  Eval#     ENERgy      Delta-E         GRMS
INTE INTERN:          BONDs       ANGLes       UREY-b    DIHEdrals    IMPRopers
INTE EXTERN:        VDWaals         ELEC       HBONds          ASP         USER
 ----------       ---------    ---------    ---------    ---------    ---------
INTE>       14     28.25280      3.88622      0.03488
INTE INTERN>        4.49116     18.30548      2.65964     17.81434      0.00000
INTE EXTERN>        4.32708    -19.34491      0.00000      0.00000      0.00000
 ----------       ---------    ---------    ---------    ---------    ---------
  
 CHARMM>     
  
 CHARMM>        if ?bond .gt. 100 then
 RDCMND substituted energy or value "?BOND" to "4.49116222"
 Comparing "4.49116222" and "100".
 IF test evaluated as false.  Skip to ELSE or ENDIF
  
 CHARMM>     
  
 CHARMM>      increase i by 1
 Parameter: I <- "15"
  
 CHARMM>      increase icholtop by 1
 Parameter: ICHOLTOP <- "15"
  
 CHARMM>      if icholtop .le. @ncholtop goto dointer1
 Parameter: NCHOLTOP -> "31"
 Comparing "15" and "31".
 IF test evaluated as true.  Performing command
  
 CHARMM>        define YYY sele XXX .and. resid @i:@nres end
 Parameter: I -> "15"
 Parameter: NRES -> "312"
 SELRPN>     17 atoms have been selected out of  38028
  
 CHARMM>        set i    = ?SELRESI
 RDCMND substituted energy or value "?SELRESI" to "15"
 Parameter: I <- "15"
  
 CHARMM>        inter select resid @i .and. segid MEMB end
 Parameter: I -> "15"
 SELRPN>     74 atoms have been selected out of  38028
 INTER:  Normal Atom Nonbondselected        1984 from a total of     5543931
 INTER:  Image Nonbond List selected           0 from a total of      592833
INTE ENR:  Eval#     ENERgy      Delta-E         GRMS
INTE INTERN:          BONDs       ANGLes       UREY-b    DIHEdrals    IMPRopers
INTE EXTERN:        VDWaals         ELEC       HBONds          ASP         USER
 ----------       ---------    ---------    ---------    ---------    ---------
INTE>       15     35.43839     -7.18559      0.03797
INTE INTERN>        3.50482     18.84391      2.65764     23.39361      0.00000
INTE EXTERN>        6.05682    -19.01840      0.00000      0.00000      0.00000
 ----------       ---------    ---------    ---------    ---------    ---------
  
 CHARMM>     
  
 CHARMM>        if ?bond .gt. 100 then
 RDCMND substituted energy or value "?BOND" to "3.50481875"
 Comparing "3.50481875" and "100".
 IF test evaluated as false.  Skip to ELSE or ENDIF
  
 CHARMM>     
  
 CHARMM>      increase i by 1
 Parameter: I <- "16"
  
 CHARMM>      increase icholtop by 1
 Parameter: ICHOLTOP <- "16"
  
 CHARMM>      if icholtop .le. @ncholtop goto dointer1
 Parameter: NCHOLTOP -> "31"
 Comparing "16" and "31".
 IF test evaluated as true.  Performing command
  
 CHARMM>        define YYY sele XXX .and. resid @i:@nres end
 Parameter: I -> "16"
 Parameter: NRES -> "312"
 SELRPN>     16 atoms have been selected out of  38028
  
 CHARMM>        set i    = ?SELRESI
 RDCMND substituted energy or value "?SELRESI" to "16"
 Parameter: I <- "16"
  
 CHARMM>        inter select resid @i .and. segid MEMB end
 Parameter: I -> "16"
 SELRPN>     74 atoms have been selected out of  38028
 INTER:  Normal Atom Nonbondselected        1952 from a total of     5543931
 INTER:  Image Nonbond List selected           0 from a total of      592833
INTE ENR:  Eval#     ENERgy      Delta-E         GRMS
INTE INTERN:          BONDs       ANGLes       UREY-b    DIHEdrals    IMPRopers
INTE EXTERN:        VDWaals         ELEC       HBONds          ASP         USER
 ----------       ---------    ---------    ---------    ---------    ---------
INTE>       16     32.88732      2.55106      0.04501
INTE INTERN>        3.42102     16.39864      2.72937     20.09193      0.00000
INTE EXTERN>        8.44695    -18.20058      0.00000      0.00000      0.00000
 ----------       ---------    ---------    ---------    ---------    ---------
  
 CHARMM>     
  
 CHARMM>        if ?bond .gt. 100 then
 RDCMND substituted energy or value "?BOND" to "3.42101512"
 Comparing "3.42101512" and "100".
 IF test evaluated as false.  Skip to ELSE or ENDIF
  
 CHARMM>     
  
 CHARMM>      increase i by 1
 Parameter: I <- "17"
  
 CHARMM>      increase icholtop by 1
 Parameter: ICHOLTOP <- "17"
  
 CHARMM>      if icholtop .le. @ncholtop goto dointer1
 Parameter: NCHOLTOP -> "31"
 Comparing "17" and "31".
 IF test evaluated as true.  Performing command
  
 CHARMM>        define YYY sele XXX .and. resid @i:@nres end
 Parameter: I -> "17"
 Parameter: NRES -> "312"
 SELRPN>     15 atoms have been selected out of  38028
  
 CHARMM>        set i    = ?SELRESI
 RDCMND substituted energy or value "?SELRESI" to "17"
 Parameter: I <- "17"
  
 CHARMM>        inter select resid @i .and. segid MEMB end
 Parameter: I -> "17"
 SELRPN>     74 atoms have been selected out of  38028
 INTER:  Normal Atom Nonbondselected        2088 from a total of     5543931
 INTER:  Image Nonbond List selected           0 from a total of      592833
INTE ENR:  Eval#     ENERgy      Delta-E         GRMS
INTE INTERN:          BONDs       ANGLes       UREY-b    DIHEdrals    IMPRopers
INTE EXTERN:        VDWaals         ELEC       HBONds          ASP         USER
 ----------       ---------    ---------    ---------    ---------    ---------
INTE>       17     30.29245      2.59487      0.03392
INTE INTERN>        3.55341     16.04593      2.38238     21.45797      0.00000
INTE EXTERN>        5.18679    -18.33403      0.00000      0.00000      0.00000
 ----------       ---------    ---------    ---------    ---------    ---------
  
 CHARMM>     
  
 CHARMM>        if ?bond .gt. 100 then
 RDCMND substituted energy or value "?BOND" to "3.55340664"
 Comparing "3.55340664" and "100".
 IF test evaluated as false.  Skip to ELSE or ENDIF
  
 CHARMM>     
  
 CHARMM>      increase i by 1
 Parameter: I <- "18"
  
 CHARMM>      increase icholtop by 1
 Parameter: ICHOLTOP <- "18"
  
 CHARMM>      if icholtop .le. @ncholtop goto dointer1
 Parameter: NCHOLTOP -> "31"
 Comparing "18" and "31".
 IF test evaluated as true.  Performing command
  
 CHARMM>        define YYY sele XXX .and. resid @i:@nres end
 Parameter: I -> "18"
 Parameter: NRES -> "312"
 SELRPN>     14 atoms have been selected out of  38028
  
 CHARMM>        set i    = ?SELRESI
 RDCMND substituted energy or value "?SELRESI" to "18"
 Parameter: I <- "18"
  
 CHARMM>        inter select resid @i .and. segid MEMB end
 Parameter: I -> "18"
 SELRPN>     74 atoms have been selected out of  38028
 INTER:  Normal Atom Nonbondselected        1941 from a total of     5543931
 INTER:  Image Nonbond List selected           0 from a total of      592833
INTE ENR:  Eval#     ENERgy      Delta-E         GRMS
INTE INTERN:          BONDs       ANGLes       UREY-b    DIHEdrals    IMPRopers
INTE EXTERN:        VDWaals         ELEC       HBONds          ASP         USER
 ----------       ---------    ---------    ---------    ---------    ---------
INTE>       18     29.83601      0.45644      0.02700
INTE INTERN>        3.76965     16.60544      2.41627     19.47053      0.00000
INTE EXTERN>        6.40620    -18.83207      0.00000      0.00000      0.00000
 ----------       ---------    ---------    ---------    ---------    ---------
  
 CHARMM>     
  
 CHARMM>        if ?bond .gt. 100 then
 RDCMND substituted energy or value "?BOND" to "3.76964797"
 Comparing "3.76964797" and "100".
 IF test evaluated as false.  Skip to ELSE or ENDIF
  
 CHARMM>     
  
 CHARMM>      increase i by 1
 Parameter: I <- "19"
  
 CHARMM>      increase icholtop by 1
 Parameter: ICHOLTOP <- "19"
  
 CHARMM>      if icholtop .le. @ncholtop goto dointer1
 Parameter: NCHOLTOP -> "31"
 Comparing "19" and "31".
 IF test evaluated as true.  Performing command
  
 CHARMM>        define YYY sele XXX .and. resid @i:@nres end
 Parameter: I -> "19"
 Parameter: NRES -> "312"
 SELRPN>     13 atoms have been selected out of  38028
  
 CHARMM>        set i    = ?SELRESI
 RDCMND substituted energy or value "?SELRESI" to "19"
 Parameter: I <- "19"
  
 CHARMM>        inter select resid @i .and. segid MEMB end
 Parameter: I -> "19"
 SELRPN>     74 atoms have been selected out of  38028
 INTER:  Normal Atom Nonbondselected        1929 from a total of     5543931
 INTER:  Image Nonbond List selected           0 from a total of      592833
INTE ENR:  Eval#     ENERgy      Delta-E         GRMS
INTE INTERN:          BONDs       ANGLes       UREY-b    DIHEdrals    IMPRopers
INTE EXTERN:        VDWaals         ELEC       HBONds          ASP         USER
 ----------       ---------    ---------    ---------    ---------    ---------
INTE>       19     38.50336     -8.66735      0.07515
INTE INTERN>        3.87605     21.00922      3.05324     21.52931      0.00000
INTE EXTERN>        7.01741    -17.98186      0.00000      0.00000      0.00000
 ----------       ---------    ---------    ---------    ---------    ---------
  
 CHARMM>     
  
 CHARMM>        if ?bond .gt. 100 then
 RDCMND substituted energy or value "?BOND" to "3.87604545"
 Comparing "3.87604545" and "100".
 IF test evaluated as false.  Skip to ELSE or ENDIF
  
 CHARMM>     
  
 CHARMM>      increase i by 1
 Parameter: I <- "20"
  
 CHARMM>      increase icholtop by 1
 Parameter: ICHOLTOP <- "20"
  
 CHARMM>      if icholtop .le. @ncholtop goto dointer1
 Parameter: NCHOLTOP -> "31"
 Comparing "20" and "31".
 IF test evaluated as true.  Performing command
  
 CHARMM>        define YYY sele XXX .and. resid @i:@nres end
 Parameter: I -> "20"
 Parameter: NRES -> "312"
 SELRPN>     12 atoms have been selected out of  38028
  
 CHARMM>        set i    = ?SELRESI
 RDCMND substituted energy or value "?SELRESI" to "20"
 Parameter: I <- "20"
  
 CHARMM>        inter select resid @i .and. segid MEMB end
 Parameter: I -> "20"
 SELRPN>     74 atoms have been selected out of  38028
 INTER:  Normal Atom Nonbondselected        1977 from a total of     5543931
 INTER:  Image Nonbond List selected           0 from a total of      592833
INTE ENR:  Eval#     ENERgy      Delta-E         GRMS
INTE INTERN:          BONDs       ANGLes       UREY-b    DIHEdrals    IMPRopers
INTE EXTERN:        VDWaals         ELEC       HBONds          ASP         USER
 ----------       ---------    ---------    ---------    ---------    ---------
INTE>       20     26.38626     12.11711      0.02179
INTE INTERN>        3.64715     16.75825      2.40741     17.40230      0.00000
INTE EXTERN>        5.08405    -18.91291      0.00000      0.00000      0.00000
 ----------       ---------    ---------    ---------    ---------    ---------
  
 CHARMM>     
  
 CHARMM>        if ?bond .gt. 100 then
 RDCMND substituted energy or value "?BOND" to "3.64714772"
 Comparing "3.64714772" and "100".
 IF test evaluated as false.  Skip to ELSE or ENDIF
  
 CHARMM>     
  
 CHARMM>      increase i by 1
 Parameter: I <- "21"
  
 CHARMM>      increase icholtop by 1
 Parameter: ICHOLTOP <- "21"
  
 CHARMM>      if icholtop .le. @ncholtop goto dointer1
 Parameter: NCHOLTOP -> "31"
 Comparing "21" and "31".
 IF test evaluated as true.  Performing command
  
 CHARMM>        define YYY sele XXX .and. resid @i:@nres end
 Parameter: I -> "21"
 Parameter: NRES -> "312"
 SELRPN>     11 atoms have been selected out of  38028
  
 CHARMM>        set i    = ?SELRESI
 RDCMND substituted energy or value "?SELRESI" to "21"
 Parameter: I <- "21"
  
 CHARMM>        inter select resid @i .and. segid MEMB end
 Parameter: I -> "21"
 SELRPN>     74 atoms have been selected out of  38028
 INTER:  Normal Atom Nonbondselected        1940 from a total of     5543931
 INTER:  Image Nonbond List selected           0 from a total of      592833
INTE ENR:  Eval#     ENERgy      Delta-E         GRMS
INTE INTERN:          BONDs       ANGLes       UREY-b    DIHEdrals    IMPRopers
INTE EXTERN:        VDWaals         ELEC       HBONds          ASP         USER
 ----------       ---------    ---------    ---------    ---------    ---------
INTE>       21     32.99710     -6.61085      0.04963
INTE INTERN>        3.50847     19.86002      3.18524     18.81476      0.00000
INTE EXTERN>        7.01493    -19.38633      0.00000      0.00000      0.00000
 ----------       ---------    ---------    ---------    ---------    ---------
  
 CHARMM>     
  
 CHARMM>        if ?bond .gt. 100 then
 RDCMND substituted energy or value "?BOND" to "3.50847121"
 Comparing "3.50847121" and "100".
 IF test evaluated as false.  Skip to ELSE or ENDIF
  
 CHARMM>     
  
 CHARMM>      increase i by 1
 Parameter: I <- "22"
  
 CHARMM>      increase icholtop by 1
 Parameter: ICHOLTOP <- "22"
  
 CHARMM>      if icholtop .le. @ncholtop goto dointer1
 Parameter: NCHOLTOP -> "31"
 Comparing "22" and "31".
 IF test evaluated as true.  Performing command
  
 CHARMM>        define YYY sele XXX .and. resid @i:@nres end
 Parameter: I -> "22"
 Parameter: NRES -> "312"
 SELRPN>     10 atoms have been selected out of  38028
  
 CHARMM>        set i    = ?SELRESI
 RDCMND substituted energy or value "?SELRESI" to "22"
 Parameter: I <- "22"
  
 CHARMM>        inter select resid @i .and. segid MEMB end
 Parameter: I -> "22"
 SELRPN>     74 atoms have been selected out of  38028
 INTER:  Normal Atom Nonbondselected        1962 from a total of     5543931
 INTER:  Image Nonbond List selected           0 from a total of      592833
INTE ENR:  Eval#     ENERgy      Delta-E         GRMS
INTE INTERN:          BONDs       ANGLes       UREY-b    DIHEdrals    IMPRopers
INTE EXTERN:        VDWaals         ELEC       HBONds          ASP         USER
 ----------       ---------    ---------    ---------    ---------    ---------
INTE>       22     31.10134      1.89576      0.02969
INTE INTERN>        3.27475     18.22260      2.51035     20.83128      0.00000
INTE EXTERN>        5.31812    -19.05576      0.00000      0.00000      0.00000
 ----------       ---------    ---------    ---------    ---------    ---------
  
 CHARMM>     
  
 CHARMM>        if ?bond .gt. 100 then
 RDCMND substituted energy or value "?BOND" to "3.27475097"
 Comparing "3.27475097" and "100".
 IF test evaluated as false.  Skip to ELSE or ENDIF
  
 CHARMM>     
  
 CHARMM>      increase i by 1
 Parameter: I <- "23"
  
 CHARMM>      increase icholtop by 1
 Parameter: ICHOLTOP <- "23"
  
 CHARMM>      if icholtop .le. @ncholtop goto dointer1
 Parameter: NCHOLTOP -> "31"
 Comparing "23" and "31".
 IF test evaluated as true.  Performing command
  
 CHARMM>        define YYY sele XXX .and. resid @i:@nres end
 Parameter: I -> "23"
 Parameter: NRES -> "312"
 SELRPN>      9 atoms have been selected out of  38028
  
 CHARMM>        set i    = ?SELRESI
 RDCMND substituted energy or value "?SELRESI" to "23"
 Parameter: I <- "23"
  
 CHARMM>        inter select resid @i .and. segid MEMB end
 Parameter: I -> "23"
 SELRPN>     74 atoms have been selected out of  38028
 INTER:  Normal Atom Nonbondselected        1945 from a total of     5543931
 INTER:  Image Nonbond List selected           0 from a total of      592833
INTE ENR:  Eval#     ENERgy      Delta-E         GRMS
INTE INTERN:          BONDs       ANGLes       UREY-b    DIHEdrals    IMPRopers
INTE EXTERN:        VDWaals         ELEC       HBONds          ASP         USER
 ----------       ---------    ---------    ---------    ---------    ---------
INTE>       23     30.71889      0.38246      0.03717
INTE INTERN>        3.41200     16.93270      2.45201     21.24464      0.00000
INTE EXTERN>        5.91574    -19.23820      0.00000      0.00000      0.00000
 ----------       ---------    ---------    ---------    ---------    ---------
  
 CHARMM>     
  
 CHARMM>        if ?bond .gt. 100 then
 RDCMND substituted energy or value "?BOND" to "3.41199635"
 Comparing "3.41199635" and "100".
 IF test evaluated as false.  Skip to ELSE or ENDIF
  
 CHARMM>     
  
 CHARMM>      increase i by 1
 Parameter: I <- "24"
  
 CHARMM>      increase icholtop by 1
 Parameter: ICHOLTOP <- "24"
  
 CHARMM>      if icholtop .le. @ncholtop goto dointer1
 Parameter: NCHOLTOP -> "31"
 Comparing "24" and "31".
 IF test evaluated as true.  Performing command
  
 CHARMM>        define YYY sele XXX .and. resid @i:@nres end
 Parameter: I -> "24"
 Parameter: NRES -> "312"
 SELRPN>      8 atoms have been selected out of  38028
  
 CHARMM>        set i    = ?SELRESI
 RDCMND substituted energy or value "?SELRESI" to "24"
 Parameter: I <- "24"
  
 CHARMM>        inter select resid @i .and. segid MEMB end
 Parameter: I -> "24"
 SELRPN>     74 atoms have been selected out of  38028
 INTER:  Normal Atom Nonbondselected        1985 from a total of     5543931
 INTER:  Image Nonbond List selected           0 from a total of      592833
INTE ENR:  Eval#     ENERgy      Delta-E         GRMS
INTE INTERN:          BONDs       ANGLes       UREY-b    DIHEdrals    IMPRopers
INTE EXTERN:        VDWaals         ELEC       HBONds          ASP         USER
 ----------       ---------    ---------    ---------    ---------    ---------
INTE>       24     27.82684      2.89205      0.02678
INTE INTERN>        3.71171     16.37402      2.56158     18.41863      0.00000
INTE EXTERN>        5.57795    -18.81706      0.00000      0.00000      0.00000
 ----------       ---------    ---------    ---------    ---------    ---------
  
 CHARMM>     
  
 CHARMM>        if ?bond .gt. 100 then
 RDCMND substituted energy or value "?BOND" to "3.71171318"
 Comparing "3.71171318" and "100".
 IF test evaluated as false.  Skip to ELSE or ENDIF
  
 CHARMM>     
  
 CHARMM>      increase i by 1
 Parameter: I <- "25"
  
 CHARMM>      increase icholtop by 1
 Parameter: ICHOLTOP <- "25"
  
 CHARMM>      if icholtop .le. @ncholtop goto dointer1
 Parameter: NCHOLTOP -> "31"
 Comparing "25" and "31".
 IF test evaluated as true.  Performing command
  
 CHARMM>        define YYY sele XXX .and. resid @i:@nres end
 Parameter: I -> "25"
 Parameter: NRES -> "312"
 SELRPN>      7 atoms have been selected out of  38028
  
 CHARMM>        set i    = ?SELRESI
 RDCMND substituted energy or value "?SELRESI" to "25"
 Parameter: I <- "25"
  
 CHARMM>        inter select resid @i .and. segid MEMB end
 Parameter: I -> "25"
 SELRPN>     74 atoms have been selected out of  38028
 INTER:  Normal Atom Nonbondselected        1961 from a total of     5543931
 INTER:  Image Nonbond List selected           0 from a total of      592833
INTE ENR:  Eval#     ENERgy      Delta-E         GRMS
INTE INTERN:          BONDs       ANGLes       UREY-b    DIHEdrals    IMPRopers
INTE EXTERN:        VDWaals         ELEC       HBONds          ASP         USER
 ----------       ---------    ---------    ---------    ---------    ---------
INTE>       25     29.36255     -1.53572      0.02204
INTE INTERN>        3.54249     18.85905      2.67859     18.02834      0.00000
INTE EXTERN>        4.91828    -18.66419      0.00000      0.00000      0.00000
 ----------       ---------    ---------    ---------    ---------    ---------
  
 CHARMM>     
  
 CHARMM>        if ?bond .gt. 100 then
 RDCMND substituted energy or value "?BOND" to "3.54248838"
 Comparing "3.54248838" and "100".
 IF test evaluated as false.  Skip to ELSE or ENDIF
  
 CHARMM>     
  
 CHARMM>      increase i by 1
 Parameter: I <- "26"
  
 CHARMM>      increase icholtop by 1
 Parameter: ICHOLTOP <- "26"
  
 CHARMM>      if icholtop .le. @ncholtop goto dointer1
 Parameter: NCHOLTOP -> "31"
 Comparing "26" and "31".
 IF test evaluated as true.  Performing command
  
 CHARMM>        define YYY sele XXX .and. resid @i:@nres end
 Parameter: I -> "26"
 Parameter: NRES -> "312"
 SELRPN>      6 atoms have been selected out of  38028
  
 CHARMM>        set i    = ?SELRESI
 RDCMND substituted energy or value "?SELRESI" to "26"
 Parameter: I <- "26"
  
 CHARMM>        inter select resid @i .and. segid MEMB end
 Parameter: I -> "26"
 SELRPN>     74 atoms have been selected out of  38028
 INTER:  Normal Atom Nonbondselected        1966 from a total of     5543931
 INTER:  Image Nonbond List selected           0 from a total of      592833
INTE ENR:  Eval#     ENERgy      Delta-E         GRMS
INTE INTERN:          BONDs       ANGLes       UREY-b    DIHEdrals    IMPRopers
INTE EXTERN:        VDWaals         ELEC       HBONds          ASP         USER
 ----------       ---------    ---------    ---------    ---------    ---------
INTE>       26     33.67869     -4.31614      0.04563
INTE INTERN>        4.44991     17.61733      2.67400     21.67980      0.00000
INTE EXTERN>        5.00057    -17.74292      0.00000      0.00000      0.00000
 ----------       ---------    ---------    ---------    ---------    ---------
  
 CHARMM>     
  
 CHARMM>        if ?bond .gt. 100 then
 RDCMND substituted energy or value "?BOND" to "4.44990594"
 Comparing "4.44990594" and "100".
 IF test evaluated as false.  Skip to ELSE or ENDIF
  
 CHARMM>     
  
 CHARMM>      increase i by 1
 Parameter: I <- "27"
  
 CHARMM>      increase icholtop by 1
 Parameter: ICHOLTOP <- "27"
  
 CHARMM>      if icholtop .le. @ncholtop goto dointer1
 Parameter: NCHOLTOP -> "31"
 Comparing "27" and "31".
 IF test evaluated as true.  Performing command
  
 CHARMM>        define YYY sele XXX .and. resid @i:@nres end
 Parameter: I -> "27"
 Parameter: NRES -> "312"
 SELRPN>      5 atoms have been selected out of  38028
  
 CHARMM>        set i    = ?SELRESI
 RDCMND substituted energy or value "?SELRESI" to "27"
 Parameter: I <- "27"
  
 CHARMM>        inter select resid @i .and. segid MEMB end
 Parameter: I -> "27"
 SELRPN>     74 atoms have been selected out of  38028
 INTER:  Normal Atom Nonbondselected        2017 from a total of     5543931
 INTER:  Image Nonbond List selected           0 from a total of      592833
INTE ENR:  Eval#     ENERgy      Delta-E         GRMS
INTE INTERN:          BONDs       ANGLes       UREY-b    DIHEdrals    IMPRopers
INTE EXTERN:        VDWaals         ELEC       HBONds          ASP         USER
 ----------       ---------    ---------    ---------    ---------    ---------
INTE>       27     33.83802     -0.15933      0.04729
INTE INTERN>        4.51520     20.70272      3.00050     18.36680      0.00000
INTE EXTERN>        5.63457    -18.38177      0.00000      0.00000      0.00000
 ----------       ---------    ---------    ---------    ---------    ---------
  
 CHARMM>     
  
 CHARMM>        if ?bond .gt. 100 then
 RDCMND substituted energy or value "?BOND" to "4.51520333"
 Comparing "4.51520333" and "100".
 IF test evaluated as false.  Skip to ELSE or ENDIF
  
 CHARMM>     
  
 CHARMM>      increase i by 1
 Parameter: I <- "28"
  
 CHARMM>      increase icholtop by 1
 Parameter: ICHOLTOP <- "28"
  
 CHARMM>      if icholtop .le. @ncholtop goto dointer1
 Parameter: NCHOLTOP -> "31"
 Comparing "28" and "31".
 IF test evaluated as true.  Performing command
  
 CHARMM>        define YYY sele XXX .and. resid @i:@nres end
 Parameter: I -> "28"
 Parameter: NRES -> "312"
 SELRPN>      4 atoms have been selected out of  38028
  
 CHARMM>        set i    = ?SELRESI
 RDCMND substituted energy or value "?SELRESI" to "28"
 Parameter: I <- "28"
  
 CHARMM>        inter select resid @i .and. segid MEMB end
 Parameter: I -> "28"
 SELRPN>     74 atoms have been selected out of  38028
 INTER:  Normal Atom Nonbondselected        1948 from a total of     5543931
 INTER:  Image Nonbond List selected           0 from a total of      592833
INTE ENR:  Eval#     ENERgy      Delta-E         GRMS
INTE INTERN:          BONDs       ANGLes       UREY-b    DIHEdrals    IMPRopers
INTE EXTERN:        VDWaals         ELEC       HBONds          ASP         USER
 ----------       ---------    ---------    ---------    ---------    ---------
INTE>       28     30.13440      3.70362      0.03718
INTE INTERN>        2.85700     17.39946      2.65695     19.07406      0.00000
INTE EXTERN>        6.10294    -17.95602      0.00000      0.00000      0.00000
 ----------       ---------    ---------    ---------    ---------    ---------
  
 CHARMM>     
  
 CHARMM>        if ?bond .gt. 100 then
 RDCMND substituted energy or value "?BOND" to "2.8569971"
 Comparing "2.8569971" and "100".
 IF test evaluated as false.  Skip to ELSE or ENDIF
  
 CHARMM>     
  
 CHARMM>      increase i by 1
 Parameter: I <- "29"
  
 CHARMM>      increase icholtop by 1
 Parameter: ICHOLTOP <- "29"
  
 CHARMM>      if icholtop .le. @ncholtop goto dointer1
 Parameter: NCHOLTOP -> "31"
 Comparing "29" and "31".
 IF test evaluated as true.  Performing command
  
 CHARMM>        define YYY sele XXX .and. resid @i:@nres end
 Parameter: I -> "29"
 Parameter: NRES -> "312"
 SELRPN>      3 atoms have been selected out of  38028
  
 CHARMM>        set i    = ?SELRESI
 RDCMND substituted energy or value "?SELRESI" to "29"
 Parameter: I <- "29"
  
 CHARMM>        inter select resid @i .and. segid MEMB end
 Parameter: I -> "29"
 SELRPN>     74 atoms have been selected out of  38028
 INTER:  Normal Atom Nonbondselected        1980 from a total of     5543931
 INTER:  Image Nonbond List selected           0 from a total of      592833
INTE ENR:  Eval#     ENERgy      Delta-E         GRMS
INTE INTERN:          BONDs       ANGLes       UREY-b    DIHEdrals    IMPRopers
INTE EXTERN:        VDWaals         ELEC       HBONds          ASP         USER
 ----------       ---------    ---------    ---------    ---------    ---------
INTE>       29     33.41550     -3.28111      0.03150
INTE INTERN>        4.14130     18.36812      2.88975     20.93450      0.00000
INTE EXTERN>        5.27858    -18.19674      0.00000      0.00000      0.00000
 ----------       ---------    ---------    ---------    ---------    ---------
  
 CHARMM>     
  
 CHARMM>        if ?bond .gt. 100 then
 RDCMND substituted energy or value "?BOND" to "4.14129859"
 Comparing "4.14129859" and "100".
 IF test evaluated as false.  Skip to ELSE or ENDIF
  
 CHARMM>     
  
 CHARMM>      increase i by 1
 Parameter: I <- "30"
  
 CHARMM>      increase icholtop by 1
 Parameter: ICHOLTOP <- "30"
  
 CHARMM>      if icholtop .le. @ncholtop goto dointer1
 Parameter: NCHOLTOP -> "31"
 Comparing "30" and "31".
 IF test evaluated as true.  Performing command
  
 CHARMM>        define YYY sele XXX .and. resid @i:@nres end
 Parameter: I -> "30"
 Parameter: NRES -> "312"
 SELRPN>      2 atoms have been selected out of  38028
  
 CHARMM>        set i    = ?SELRESI
 RDCMND substituted energy or value "?SELRESI" to "30"
 Parameter: I <- "30"
  
 CHARMM>        inter select resid @i .and. segid MEMB end
 Parameter: I -> "30"
 SELRPN>     74 atoms have been selected out of  38028
 INTER:  Normal Atom Nonbondselected        1945 from a total of     5543931
 INTER:  Image Nonbond List selected           0 from a total of      592833
INTE ENR:  Eval#     ENERgy      Delta-E         GRMS
INTE INTERN:          BONDs       ANGLes       UREY-b    DIHEdrals    IMPRopers
INTE EXTERN:        VDWaals         ELEC       HBONds          ASP         USER
 ----------       ---------    ---------    ---------    ---------    ---------
INTE>       30     26.97928      6.43622      0.03526
INTE INTERN>        4.27670     16.87686      2.55350     17.32871      0.00000
INTE EXTERN>        5.02112    -19.07760      0.00000      0.00000      0.00000
 ----------       ---------    ---------    ---------    ---------    ---------
  
 CHARMM>     
  
 CHARMM>        if ?bond .gt. 100 then
 RDCMND substituted energy or value "?BOND" to "4.27670083"
 Comparing "4.27670083" and "100".
 IF test evaluated as false.  Skip to ELSE or ENDIF
  
 CHARMM>     
  
 CHARMM>      increase i by 1
 Parameter: I <- "31"
  
 CHARMM>      increase icholtop by 1
 Parameter: ICHOLTOP <- "31"
  
 CHARMM>      if icholtop .le. @ncholtop goto dointer1
 Parameter: NCHOLTOP -> "31"
 Comparing "31" and "31".
 IF test evaluated as true.  Performing command
  
 CHARMM>        define YYY sele XXX .and. resid @i:@nres end
 Parameter: I -> "31"
 Parameter: NRES -> "312"
 SELRPN>      1 atoms have been selected out of  38028
  
 CHARMM>        set i    = ?SELRESI
 RDCMND substituted energy or value "?SELRESI" to "31"
 Parameter: I <- "31"
  
 CHARMM>        inter select resid @i .and. segid MEMB end
 Parameter: I -> "31"
 SELRPN>     74 atoms have been selected out of  38028
 INTER:  Normal Atom Nonbondselected        1964 from a total of     5543931
 INTER:  Image Nonbond List selected           0 from a total of      592833
INTE ENR:  Eval#     ENERgy      Delta-E         GRMS
INTE INTERN:          BONDs       ANGLes       UREY-b    DIHEdrals    IMPRopers
INTE EXTERN:        VDWaals         ELEC       HBONds          ASP         USER
 ----------       ---------    ---------    ---------    ---------    ---------
INTE>       31     34.70137     -7.72208      0.03189
INTE INTERN>        2.98246     15.24230      2.71922     20.88801      0.00000
INTE EXTERN>       10.99353    -18.12416      0.00000      0.00000      0.00000
 ----------       ---------    ---------    ---------    ---------    ---------
  
 CHARMM>     
  
 CHARMM>        if ?bond .gt. 100 then
 RDCMND substituted energy or value "?BOND" to "2.98245991"
 Comparing "2.98245991" and "100".
 IF test evaluated as false.  Skip to ELSE or ENDIF
  
 CHARMM>     
  
 CHARMM>      increase i by 1
 Parameter: I <- "32"
  
 CHARMM>      increase icholtop by 1
 Parameter: ICHOLTOP <- "32"
  
 CHARMM>      if icholtop .le. @ncholtop goto dointer1
 Parameter: NCHOLTOP -> "31"
 Comparing "32" and "31".
 IF test evaluated as false.  Skipping command
  
 CHARMM>    endif
  
 CHARMM>     
  
 CHARMM>    !loop for bottom-leaflet sterols
 CHARMM>    define XXX sele STEROL .and. segid MEMB .and. type O3 .and. ( prop Z .lt. 0 ) end
 SELRPN>     32 atoms have been selected out of  38028
  
 CHARMM>    set ncholbot = ?nsel
 RDCMND substituted energy or value "?NSEL" to "32"
 Parameter: NCHOLBOT <- "32"
  
 CHARMM>    set i    = ?SELRESI
 RDCMND substituted energy or value "?SELRESI" to "155"
 Parameter: I <- "155"
  
 CHARMM>     
  
 CHARMM>    if ncholbot .gt. 0 then
 Comparing "32" and "0".
 IF test evaluated as true.  Performing command
  
 CHARMM>      set icholbot = 1
 Parameter: ICHOLBOT <- "1"
  
 CHARMM>      label dointer2
  
 CHARMM>        define YYY sele XXX .and. resid @i:@nres end
 Parameter: I -> "155"
 Parameter: NRES -> "312"
 SELRPN>     32 atoms have been selected out of  38028
  
 CHARMM>        set i    = ?SELRESI
 RDCMND substituted energy or value "?SELRESI" to "155"
 Parameter: I <- "155"
  
 CHARMM>        inter select resid @i .and. segid MEMB end
 Parameter: I -> "155"
 SELRPN>     74 atoms have been selected out of  38028
 INTER:  Normal Atom Nonbondselected        1937 from a total of     5543931
 INTER:  Image Nonbond List selected           0 from a total of      592833
INTE ENR:  Eval#     ENERgy      Delta-E         GRMS
INTE INTERN:          BONDs       ANGLes       UREY-b    DIHEdrals    IMPRopers
INTE EXTERN:        VDWaals         ELEC       HBONds          ASP         USER
 ----------       ---------    ---------    ---------    ---------    ---------
INTE>       32     30.45687      4.24449      0.05587
INTE INTERN>        3.84239     17.64528      2.72283     19.36373      0.00000
INTE EXTERN>        5.90254    -19.01991      0.00000      0.00000      0.00000
 ----------       ---------    ---------    ---------    ---------    ---------
  
 CHARMM>     
  
 CHARMM>        if ?bond .gt. 100 then
 RDCMND substituted energy or value "?BOND" to "3.84239396"
 Comparing "3.84239396" and "100".
 IF test evaluated as false.  Skip to ELSE or ENDIF
  
 CHARMM>     
  
 CHARMM>      increase i by 1
 Parameter: I <- "156"
  
 CHARMM>      increase icholbot by 1
 Parameter: ICHOLBOT <- "2"
  
 CHARMM>      if icholbot .le. @ncholbot goto dointer2
 Parameter: NCHOLBOT -> "32"
 Comparing "2" and "32".
 IF test evaluated as true.  Performing command
  
 CHARMM>        define YYY sele XXX .and. resid @i:@nres end
 Parameter: I -> "156"
 Parameter: NRES -> "312"
 SELRPN>     31 atoms have been selected out of  38028
  
 CHARMM>        set i    = ?SELRESI
 RDCMND substituted energy or value "?SELRESI" to "156"
 Parameter: I <- "156"
  
 CHARMM>        inter select resid @i .and. segid MEMB end
 Parameter: I -> "156"
 SELRPN>     74 atoms have been selected out of  38028
 INTER:  Normal Atom Nonbondselected        1937 from a total of     5543931
 INTER:  Image Nonbond List selected           0 from a total of      592833
INTE ENR:  Eval#     ENERgy      Delta-E         GRMS
INTE INTERN:          BONDs       ANGLes       UREY-b    DIHEdrals    IMPRopers
INTE EXTERN:        VDWaals         ELEC       HBONds          ASP         USER
 ----------       ---------    ---------    ---------    ---------    ---------
INTE>       33     34.28026     -3.82339      0.04296
INTE INTERN>        5.16904     17.82140      2.77618     21.02192      0.00000
INTE EXTERN>        5.45725    -17.96552      0.00000      0.00000      0.00000
 ----------       ---------    ---------    ---------    ---------    ---------
  
 CHARMM>     
  
 CHARMM>        if ?bond .gt. 100 then
 RDCMND substituted energy or value "?BOND" to "5.16903629"
 Comparing "5.16903629" and "100".
 IF test evaluated as false.  Skip to ELSE or ENDIF
  
 CHARMM>     
  
 CHARMM>      increase i by 1
 Parameter: I <- "157"
  
 CHARMM>      increase icholbot by 1
 Parameter: ICHOLBOT <- "3"
  
 CHARMM>      if icholbot .le. @ncholbot goto dointer2
 Parameter: NCHOLBOT -> "32"
 Comparing "3" and "32".
 IF test evaluated as true.  Performing command
  
 CHARMM>        define YYY sele XXX .and. resid @i:@nres end
 Parameter: I -> "157"
 Parameter: NRES -> "312"
 SELRPN>     30 atoms have been selected out of  38028
  
 CHARMM>        set i    = ?SELRESI
 RDCMND substituted energy or value "?SELRESI" to "157"
 Parameter: I <- "157"
  
 CHARMM>        inter select resid @i .and. segid MEMB end
 Parameter: I -> "157"
 SELRPN>     74 atoms have been selected out of  38028
 INTER:  Normal Atom Nonbondselected        1960 from a total of     5543931
 INTER:  Image Nonbond List selected           0 from a total of      592833
INTE ENR:  Eval#     ENERgy      Delta-E         GRMS
INTE INTERN:          BONDs       ANGLes       UREY-b    DIHEdrals    IMPRopers
INTE EXTERN:        VDWaals         ELEC       HBONds          ASP         USER
 ----------       ---------    ---------    ---------    ---------    ---------
INTE>       34     29.82919      4.45107      0.02947
INTE INTERN>        3.15083     15.74784      2.40575     20.61924      0.00000
INTE EXTERN>        6.59763    -18.69210      0.00000      0.00000      0.00000
 ----------       ---------    ---------    ---------    ---------    ---------
  
 CHARMM>     
  
 CHARMM>        if ?bond .gt. 100 then
 RDCMND substituted energy or value "?BOND" to "3.15082906"
 Comparing "3.15082906" and "100".
 IF test evaluated as false.  Skip to ELSE or ENDIF
  
 CHARMM>     
  
 CHARMM>      increase i by 1
 Parameter: I <- "158"
  
 CHARMM>      increase icholbot by 1
 Parameter: ICHOLBOT <- "4"
  
 CHARMM>      if icholbot .le. @ncholbot goto dointer2
 Parameter: NCHOLBOT -> "32"
 Comparing "4" and "32".
 IF test evaluated as true.  Performing command
  
 CHARMM>        define YYY sele XXX .and. resid @i:@nres end
 Parameter: I -> "158"
 Parameter: NRES -> "312"
 SELRPN>     29 atoms have been selected out of  38028
  
 CHARMM>        set i    = ?SELRESI
 RDCMND substituted energy or value "?SELRESI" to "158"
 Parameter: I <- "158"
  
 CHARMM>        inter select resid @i .and. segid MEMB end
 Parameter: I -> "158"
 SELRPN>     74 atoms have been selected out of  38028
 INTER:  Normal Atom Nonbondselected        1950 from a total of     5543931
 INTER:  Image Nonbond List selected           0 from a total of      592833
INTE ENR:  Eval#     ENERgy      Delta-E         GRMS
INTE INTERN:          BONDs       ANGLes       UREY-b    DIHEdrals    IMPRopers
INTE EXTERN:        VDWaals         ELEC       HBONds          ASP         USER
 ----------       ---------    ---------    ---------    ---------    ---------
INTE>       35     34.38437     -4.55518      0.04012
INTE INTERN>        3.57185     18.96221      2.91276     19.94705      0.00000
INTE EXTERN>        7.51767    -18.52716      0.00000      0.00000      0.00000
 ----------       ---------    ---------    ---------    ---------    ---------
  
 CHARMM>     
  
 CHARMM>        if ?bond .gt. 100 then
 RDCMND substituted energy or value "?BOND" to "3.57185158"
 Comparing "3.57185158" and "100".
 IF test evaluated as false.  Skip to ELSE or ENDIF
  
 CHARMM>     
  
 CHARMM>      increase i by 1
 Parameter: I <- "159"
  
 CHARMM>      increase icholbot by 1
 Parameter: ICHOLBOT <- "5"
  
 CHARMM>      if icholbot .le. @ncholbot goto dointer2
 Parameter: NCHOLBOT -> "32"
 Comparing "5" and "32".
 IF test evaluated as true.  Performing command
  
 CHARMM>        define YYY sele XXX .and. resid @i:@nres end
 Parameter: I -> "159"
 Parameter: NRES -> "312"
 SELRPN>     28 atoms have been selected out of  38028
  
 CHARMM>        set i    = ?SELRESI
 RDCMND substituted energy or value "?SELRESI" to "159"
 Parameter: I <- "159"
  
 CHARMM>        inter select resid @i .and. segid MEMB end
 Parameter: I -> "159"
 SELRPN>     74 atoms have been selected out of  38028
 INTER:  Normal Atom Nonbondselected        1943 from a total of     5543931
 INTER:  Image Nonbond List selected           0 from a total of      592833
INTE ENR:  Eval#     ENERgy      Delta-E         GRMS
INTE INTERN:          BONDs       ANGLes       UREY-b    DIHEdrals    IMPRopers
INTE EXTERN:        VDWaals         ELEC       HBONds          ASP         USER
 ----------       ---------    ---------    ---------    ---------    ---------
INTE>       36     31.24388      3.14049      0.03352
INTE INTERN>        3.58362     17.19866      2.76014     19.03251      0.00000
INTE EXTERN>        6.90171    -18.23277      0.00000      0.00000      0.00000
 ----------       ---------    ---------    ---------    ---------    ---------
  
 CHARMM>     
  
 CHARMM>        if ?bond .gt. 100 then
 RDCMND substituted energy or value "?BOND" to "3.58362461"
 Comparing "3.58362461" and "100".
 IF test evaluated as false.  Skip to ELSE or ENDIF
  
 CHARMM>     
  
 CHARMM>      increase i by 1
 Parameter: I <- "160"
  
 CHARMM>      increase icholbot by 1
 Parameter: ICHOLBOT <- "6"
  
 CHARMM>      if icholbot .le. @ncholbot goto dointer2
 Parameter: NCHOLBOT -> "32"
 Comparing "6" and "32".
 IF test evaluated as true.  Performing command
  
 CHARMM>        define YYY sele XXX .and. resid @i:@nres end
 Parameter: I -> "160"
 Parameter: NRES -> "312"
 SELRPN>     27 atoms have been selected out of  38028
  
 CHARMM>        set i    = ?SELRESI
 RDCMND substituted energy or value "?SELRESI" to "160"
 Parameter: I <- "160"
  
 CHARMM>        inter select resid @i .and. segid MEMB end
 Parameter: I -> "160"
 SELRPN>     74 atoms have been selected out of  38028
 INTER:  Normal Atom Nonbondselected        1958 from a total of     5543931
 INTER:  Image Nonbond List selected           0 from a total of      592833
INTE ENR:  Eval#     ENERgy      Delta-E         GRMS
INTE INTERN:          BONDs       ANGLes       UREY-b    DIHEdrals    IMPRopers
INTE EXTERN:        VDWaals         ELEC       HBONds          ASP         USER
 ----------       ---------    ---------    ---------    ---------    ---------
INTE>       37     28.69485      2.54903      0.03380
INTE INTERN>        3.33995     15.47514      2.35592     18.72402      0.00000
INTE EXTERN>        7.34761    -18.54778      0.00000      0.00000      0.00000
 ----------       ---------    ---------    ---------    ---------    ---------
  
 CHARMM>     
  
 CHARMM>        if ?bond .gt. 100 then
 RDCMND substituted energy or value "?BOND" to "3.33994649"
 Comparing "3.33994649" and "100".
 IF test evaluated as false.  Skip to ELSE or ENDIF
  
 CHARMM>     
  
 CHARMM>      increase i by 1
 Parameter: I <- "161"
  
 CHARMM>      increase icholbot by 1
 Parameter: ICHOLBOT <- "7"
  
 CHARMM>      if icholbot .le. @ncholbot goto dointer2
 Parameter: NCHOLBOT -> "32"
 Comparing "7" and "32".
 IF test evaluated as true.  Performing command
  
 CHARMM>        define YYY sele XXX .and. resid @i:@nres end
 Parameter: I -> "161"
 Parameter: NRES -> "312"
 SELRPN>     26 atoms have been selected out of  38028
  
 CHARMM>        set i    = ?SELRESI
 RDCMND substituted energy or value "?SELRESI" to "161"
 Parameter: I <- "161"
  
 CHARMM>        inter select resid @i .and. segid MEMB end
 Parameter: I -> "161"
 SELRPN>     74 atoms have been selected out of  38028
 INTER:  Normal Atom Nonbondselected        1998 from a total of     5543931
 INTER:  Image Nonbond List selected           0 from a total of      592833
INTE ENR:  Eval#     ENERgy      Delta-E         GRMS
INTE INTERN:          BONDs       ANGLes       UREY-b    DIHEdrals    IMPRopers
INTE EXTERN:        VDWaals         ELEC       HBONds          ASP         USER
 ----------       ---------    ---------    ---------    ---------    ---------
INTE>       38     35.33207     -6.63721      0.02890
INTE INTERN>        3.46200     18.32645      3.09252     20.35439      0.00000
INTE EXTERN>        7.40921    -17.31251      0.00000      0.00000      0.00000
 ----------       ---------    ---------    ---------    ---------    ---------
  
 CHARMM>     
  
 CHARMM>        if ?bond .gt. 100 then
 RDCMND substituted energy or value "?BOND" to "3.46200191"
 Comparing "3.46200191" and "100".
 IF test evaluated as false.  Skip to ELSE or ENDIF
  
 CHARMM>     
  
 CHARMM>      increase i by 1
 Parameter: I <- "162"
  
 CHARMM>      increase icholbot by 1
 Parameter: ICHOLBOT <- "8"
  
 CHARMM>      if icholbot .le. @ncholbot goto dointer2
 Parameter: NCHOLBOT -> "32"
 Comparing "8" and "32".
 IF test evaluated as true.  Performing command
  
 CHARMM>        define YYY sele XXX .and. resid @i:@nres end
 Parameter: I -> "162"
 Parameter: NRES -> "312"
 SELRPN>     25 atoms have been selected out of  38028
  
 CHARMM>        set i    = ?SELRESI
 RDCMND substituted energy or value "?SELRESI" to "162"
 Parameter: I <- "162"
  
 CHARMM>        inter select resid @i .and. segid MEMB end
 Parameter: I -> "162"
 SELRPN>     74 atoms have been selected out of  38028
 INTER:  Normal Atom Nonbondselected        1943 from a total of     5543931
 INTER:  Image Nonbond List selected           0 from a total of      592833
INTE ENR:  Eval#     ENERgy      Delta-E         GRMS
INTE INTERN:          BONDs       ANGLes       UREY-b    DIHEdrals    IMPRopers
INTE EXTERN:        VDWaals         ELEC       HBONds          ASP         USER
 ----------       ---------    ---------    ---------    ---------    ---------
INTE>       39     29.88758      5.44449      0.03209
INTE INTERN>        4.69824     17.22949      2.44047     19.24852      0.00000
INTE EXTERN>        5.01814    -18.74728      0.00000      0.00000      0.00000
 ----------       ---------    ---------    ---------    ---------    ---------
  
 CHARMM>     
  
 CHARMM>        if ?bond .gt. 100 then
 RDCMND substituted energy or value "?BOND" to "4.69824495"
 Comparing "4.69824495" and "100".
 IF test evaluated as false.  Skip to ELSE or ENDIF
  
 CHARMM>     
  
 CHARMM>      increase i by 1
 Parameter: I <- "163"
  
 CHARMM>      increase icholbot by 1
 Parameter: ICHOLBOT <- "9"
  
 CHARMM>      if icholbot .le. @ncholbot goto dointer2
 Parameter: NCHOLBOT -> "32"
 Comparing "9" and "32".
 IF test evaluated as true.  Performing command
  
 CHARMM>        define YYY sele XXX .and. resid @i:@nres end
 Parameter: I -> "163"
 Parameter: NRES -> "312"
 SELRPN>     24 atoms have been selected out of  38028
  
 CHARMM>        set i    = ?SELRESI
 RDCMND substituted energy or value "?SELRESI" to "163"
 Parameter: I <- "163"
  
 CHARMM>        inter select resid @i .and. segid MEMB end
 Parameter: I -> "163"
 SELRPN>     74 atoms have been selected out of  38028
 INTER:  Normal Atom Nonbondselected        2041 from a total of     5543931
 INTER:  Image Nonbond List selected           0 from a total of      592833
INTE ENR:  Eval#     ENERgy      Delta-E         GRMS
INTE INTERN:          BONDs       ANGLes       UREY-b    DIHEdrals    IMPRopers
INTE EXTERN:        VDWaals         ELEC       HBONds          ASP         USER
 ----------       ---------    ---------    ---------    ---------    ---------
INTE>       40     27.73845      2.14913      0.02477
INTE INTERN>        3.99653     18.67562      2.72298     16.71678      0.00000
INTE EXTERN>        4.34096    -18.71442      0.00000      0.00000      0.00000
 ----------       ---------    ---------    ---------    ---------    ---------
  
 CHARMM>     
  
 CHARMM>        if ?bond .gt. 100 then
 RDCMND substituted energy or value "?BOND" to "3.99652843"
 Comparing "3.99652843" and "100".
 IF test evaluated as false.  Skip to ELSE or ENDIF
  
 CHARMM>     
  
 CHARMM>      increase i by 1
 Parameter: I <- "164"
  
 CHARMM>      increase icholbot by 1
 Parameter: ICHOLBOT <- "10"
  
 CHARMM>      if icholbot .le. @ncholbot goto dointer2
 Parameter: NCHOLBOT -> "32"
 Comparing "10" and "32".
 IF test evaluated as true.  Performing command
  
 CHARMM>        define YYY sele XXX .and. resid @i:@nres end
 Parameter: I -> "164"
 Parameter: NRES -> "312"
 SELRPN>     23 atoms have been selected out of  38028
  
 CHARMM>        set i    = ?SELRESI
 RDCMND substituted energy or value "?SELRESI" to "164"
 Parameter: I <- "164"
  
 CHARMM>        inter select resid @i .and. segid MEMB end
 Parameter: I -> "164"
 SELRPN>     74 atoms have been selected out of  38028
 INTER:  Normal Atom Nonbondselected        1943 from a total of     5543931
 INTER:  Image Nonbond List selected           0 from a total of      592833
INTE ENR:  Eval#     ENERgy      Delta-E         GRMS
INTE INTERN:          BONDs       ANGLes       UREY-b    DIHEdrals    IMPRopers
INTE EXTERN:        VDWaals         ELEC       HBONds          ASP         USER
 ----------       ---------    ---------    ---------    ---------    ---------
INTE>       41     29.81773     -2.07929      0.02330
INTE INTERN>        3.33151     18.28074      2.77127     18.98994      0.00000
INTE EXTERN>        4.94278    -18.49850      0.00000      0.00000      0.00000
 ----------       ---------    ---------    ---------    ---------    ---------
  
 CHARMM>     
  
 CHARMM>        if ?bond .gt. 100 then
 RDCMND substituted energy or value "?BOND" to "3.33150909"
 Comparing "3.33150909" and "100".
 IF test evaluated as false.  Skip to ELSE or ENDIF
  
 CHARMM>     
  
 CHARMM>      increase i by 1
 Parameter: I <- "165"
  
 CHARMM>      increase icholbot by 1
 Parameter: ICHOLBOT <- "11"
  
 CHARMM>      if icholbot .le. @ncholbot goto dointer2
 Parameter: NCHOLBOT -> "32"
 Comparing "11" and "32".
 IF test evaluated as true.  Performing command
  
 CHARMM>        define YYY sele XXX .and. resid @i:@nres end
 Parameter: I -> "165"
 Parameter: NRES -> "312"
 SELRPN>     22 atoms have been selected out of  38028
  
 CHARMM>        set i    = ?SELRESI
 RDCMND substituted energy or value "?SELRESI" to "165"
 Parameter: I <- "165"
  
 CHARMM>        inter select resid @i .and. segid MEMB end
 Parameter: I -> "165"
 SELRPN>     74 atoms have been selected out of  38028
 INTER:  Normal Atom Nonbondselected        2038 from a total of     5543931
 INTER:  Image Nonbond List selected           0 from a total of      592833
INTE ENR:  Eval#     ENERgy      Delta-E         GRMS
INTE INTERN:          BONDs       ANGLes       UREY-b    DIHEdrals    IMPRopers
INTE EXTERN:        VDWaals         ELEC       HBONds          ASP         USER
 ----------       ---------    ---------    ---------    ---------    ---------
INTE>       42     30.63601     -0.81827      0.02038
INTE INTERN>        3.35983     15.79457      2.36878     20.52138      0.00000
INTE EXTERN>        6.51781    -17.92635      0.00000      0.00000      0.00000
 ----------       ---------    ---------    ---------    ---------    ---------
  
 CHARMM>     
  
 CHARMM>        if ?bond .gt. 100 then
 RDCMND substituted energy or value "?BOND" to "3.35982637"
 Comparing "3.35982637" and "100".
 IF test evaluated as false.  Skip to ELSE or ENDIF
  
 CHARMM>     
  
 CHARMM>      increase i by 1
 Parameter: I <- "166"
  
 CHARMM>      increase icholbot by 1
 Parameter: ICHOLBOT <- "12"
  
 CHARMM>      if icholbot .le. @ncholbot goto dointer2
 Parameter: NCHOLBOT -> "32"
 Comparing "12" and "32".
 IF test evaluated as true.  Performing command
  
 CHARMM>        define YYY sele XXX .and. resid @i:@nres end
 Parameter: I -> "166"
 Parameter: NRES -> "312"
 SELRPN>     21 atoms have been selected out of  38028
  
 CHARMM>        set i    = ?SELRESI
 RDCMND substituted energy or value "?SELRESI" to "166"
 Parameter: I <- "166"
  
 CHARMM>        inter select resid @i .and. segid MEMB end
 Parameter: I -> "166"
 SELRPN>     74 atoms have been selected out of  38028
 INTER:  Normal Atom Nonbondselected        1958 from a total of     5543931
 INTER:  Image Nonbond List selected           0 from a total of      592833
INTE ENR:  Eval#     ENERgy      Delta-E         GRMS
INTE INTERN:          BONDs       ANGLes       UREY-b    DIHEdrals    IMPRopers
INTE EXTERN:        VDWaals         ELEC       HBONds          ASP         USER
 ----------       ---------    ---------    ---------    ---------    ---------
INTE>       43     31.08052     -0.44451      0.03351
INTE INTERN>        3.49772     19.36185      3.02590     18.19308      0.00000
INTE EXTERN>        5.76508    -18.76311      0.00000      0.00000      0.00000
 ----------       ---------    ---------    ---------    ---------    ---------
  
 CHARMM>     
  
 CHARMM>        if ?bond .gt. 100 then
 RDCMND substituted energy or value "?BOND" to "3.49771799"
 Comparing "3.49771799" and "100".
 IF test evaluated as false.  Skip to ELSE or ENDIF
  
 CHARMM>     
  
 CHARMM>      increase i by 1
 Parameter: I <- "167"
  
 CHARMM>      increase icholbot by 1
 Parameter: ICHOLBOT <- "13"
  
 CHARMM>      if icholbot .le. @ncholbot goto dointer2
 Parameter: NCHOLBOT -> "32"
 Comparing "13" and "32".
 IF test evaluated as true.  Performing command
  
 CHARMM>        define YYY sele XXX .and. resid @i:@nres end
 Parameter: I -> "167"
 Parameter: NRES -> "312"
 SELRPN>     20 atoms have been selected out of  38028
  
 CHARMM>        set i    = ?SELRESI
 RDCMND substituted energy or value "?SELRESI" to "167"
 Parameter: I <- "167"
  
 CHARMM>        inter select resid @i .and. segid MEMB end
 Parameter: I -> "167"
 SELRPN>     74 atoms have been selected out of  38028
 INTER:  Normal Atom Nonbondselected        1992 from a total of     5543931
 INTER:  Image Nonbond List selected           0 from a total of      592833
INTE ENR:  Eval#     ENERgy      Delta-E         GRMS
INTE INTERN:          BONDs       ANGLes       UREY-b    DIHEdrals    IMPRopers
INTE EXTERN:        VDWaals         ELEC       HBONds          ASP         USER
 ----------       ---------    ---------    ---------    ---------    ---------
INTE>       44     35.63334     -4.55282      0.06148
INTE INTERN>        4.18135     19.57047      2.72955     24.38797      0.00000
INTE EXTERN>        3.77683    -19.01283      0.00000      0.00000      0.00000
 ----------       ---------    ---------    ---------    ---------    ---------
  
 CHARMM>     
  
 CHARMM>        if ?bond .gt. 100 then
 RDCMND substituted energy or value "?BOND" to "4.18134691"
 Comparing "4.18134691" and "100".
 IF test evaluated as false.  Skip to ELSE or ENDIF
  
 CHARMM>     
  
 CHARMM>      increase i by 1
 Parameter: I <- "168"
  
 CHARMM>      increase icholbot by 1
 Parameter: ICHOLBOT <- "14"
  
 CHARMM>      if icholbot .le. @ncholbot goto dointer2
 Parameter: NCHOLBOT -> "32"
 Comparing "14" and "32".
 IF test evaluated as true.  Performing command
  
 CHARMM>        define YYY sele XXX .and. resid @i:@nres end
 Parameter: I -> "168"
 Parameter: NRES -> "312"
 SELRPN>     19 atoms have been selected out of  38028
  
 CHARMM>        set i    = ?SELRESI
 RDCMND substituted energy or value "?SELRESI" to "168"
 Parameter: I <- "168"
  
 CHARMM>        inter select resid @i .and. segid MEMB end
 Parameter: I -> "168"
 SELRPN>     74 atoms have been selected out of  38028
 INTER:  Normal Atom Nonbondselected        1951 from a total of     5543931
 INTER:  Image Nonbond List selected           0 from a total of      592833
INTE ENR:  Eval#     ENERgy      Delta-E         GRMS
INTE INTERN:          BONDs       ANGLes       UREY-b    DIHEdrals    IMPRopers
INTE EXTERN:        VDWaals         ELEC       HBONds          ASP         USER
 ----------       ---------    ---------    ---------    ---------    ---------
INTE>       45     36.13459     -0.50126      0.02575
INTE INTERN>        3.52436     16.50711      2.45635     23.06192      0.00000
INTE EXTERN>        8.27588    -17.69103      0.00000      0.00000      0.00000
 ----------       ---------    ---------    ---------    ---------    ---------
  
 CHARMM>     
  
 CHARMM>        if ?bond .gt. 100 then
 RDCMND substituted energy or value "?BOND" to "3.5243633"
 Comparing "3.5243633" and "100".
 IF test evaluated as false.  Skip to ELSE or ENDIF
  
 CHARMM>     
  
 CHARMM>      increase i by 1
 Parameter: I <- "169"
  
 CHARMM>      increase icholbot by 1
 Parameter: ICHOLBOT <- "15"
  
 CHARMM>      if icholbot .le. @ncholbot goto dointer2
 Parameter: NCHOLBOT -> "32"
 Comparing "15" and "32".
 IF test evaluated as true.  Performing command
  
 CHARMM>        define YYY sele XXX .and. resid @i:@nres end
 Parameter: I -> "169"
 Parameter: NRES -> "312"
 SELRPN>     18 atoms have been selected out of  38028
  
 CHARMM>        set i    = ?SELRESI
 RDCMND substituted energy or value "?SELRESI" to "169"
 Parameter: I <- "169"
  
 CHARMM>        inter select resid @i .and. segid MEMB end
 Parameter: I -> "169"
 SELRPN>     74 atoms have been selected out of  38028
 INTER:  Normal Atom Nonbondselected        1971 from a total of     5543931
 INTER:  Image Nonbond List selected           0 from a total of      592833
INTE ENR:  Eval#     ENERgy      Delta-E         GRMS
INTE INTERN:          BONDs       ANGLes       UREY-b    DIHEdrals    IMPRopers
INTE EXTERN:        VDWaals         ELEC       HBONds          ASP         USER
 ----------       ---------    ---------    ---------    ---------    ---------
INTE>       46     30.29593      5.83866      0.03674
INTE INTERN>        3.50394     17.43424      2.52579     18.57222      0.00000
INTE EXTERN>        6.98957    -18.72982      0.00000      0.00000      0.00000
 ----------       ---------    ---------    ---------    ---------    ---------
  
 CHARMM>     
  
 CHARMM>        if ?bond .gt. 100 then
 RDCMND substituted energy or value "?BOND" to "3.50393949"
 Comparing "3.50393949" and "100".
 IF test evaluated as false.  Skip to ELSE or ENDIF
  
 CHARMM>     
  
 CHARMM>      increase i by 1
 Parameter: I <- "170"
  
 CHARMM>      increase icholbot by 1
 Parameter: ICHOLBOT <- "16"
  
 CHARMM>      if icholbot .le. @ncholbot goto dointer2
 Parameter: NCHOLBOT -> "32"
 Comparing "16" and "32".
 IF test evaluated as true.  Performing command
  
 CHARMM>        define YYY sele XXX .and. resid @i:@nres end
 Parameter: I -> "170"
 Parameter: NRES -> "312"
 SELRPN>     17 atoms have been selected out of  38028
  
 CHARMM>        set i    = ?SELRESI
 RDCMND substituted energy or value "?SELRESI" to "170"
 Parameter: I <- "170"
  
 CHARMM>        inter select resid @i .and. segid MEMB end
 Parameter: I -> "170"
 SELRPN>     74 atoms have been selected out of  38028
 INTER:  Normal Atom Nonbondselected        1937 from a total of     5543931
 INTER:  Image Nonbond List selected           0 from a total of      592833
INTE ENR:  Eval#     ENERgy      Delta-E         GRMS
INTE INTERN:          BONDs       ANGLes       UREY-b    DIHEdrals    IMPRopers
INTE EXTERN:        VDWaals         ELEC       HBONds          ASP         USER
 ----------       ---------    ---------    ---------    ---------    ---------
INTE>       47     30.11762      0.17831      0.02604
INTE INTERN>        3.87793     18.73133      2.76542     19.62846      0.00000
INTE EXTERN>        4.45314    -19.33866      0.00000      0.00000      0.00000
 ----------       ---------    ---------    ---------    ---------    ---------
  
 CHARMM>     
  
 CHARMM>        if ?bond .gt. 100 then
 RDCMND substituted energy or value "?BOND" to "3.87793336"
 Comparing "3.87793336" and "100".
 IF test evaluated as false.  Skip to ELSE or ENDIF
  
 CHARMM>     
  
 CHARMM>      increase i by 1
 Parameter: I <- "171"
  
 CHARMM>      increase icholbot by 1
 Parameter: ICHOLBOT <- "17"
  
 CHARMM>      if icholbot .le. @ncholbot goto dointer2
 Parameter: NCHOLBOT -> "32"
 Comparing "17" and "32".
 IF test evaluated as true.  Performing command
  
 CHARMM>        define YYY sele XXX .and. resid @i:@nres end
 Parameter: I -> "171"
 Parameter: NRES -> "312"
 SELRPN>     16 atoms have been selected out of  38028
  
 CHARMM>        set i    = ?SELRESI
 RDCMND substituted energy or value "?SELRESI" to "171"
 Parameter: I <- "171"
  
 CHARMM>        inter select resid @i .and. segid MEMB end
 Parameter: I -> "171"
 SELRPN>     74 atoms have been selected out of  38028
 INTER:  Normal Atom Nonbondselected        1955 from a total of     5543931
 INTER:  Image Nonbond List selected           0 from a total of      592833
INTE ENR:  Eval#     ENERgy      Delta-E         GRMS
INTE INTERN:          BONDs       ANGLes       UREY-b    DIHEdrals    IMPRopers
INTE EXTERN:        VDWaals         ELEC       HBONds          ASP         USER
 ----------       ---------    ---------    ---------    ---------    ---------
INTE>       48     29.70888      0.40874      0.03237
INTE INTERN>        3.50192     16.18808      2.48015     19.60775      0.00000
INTE EXTERN>        6.83108    -18.90008      0.00000      0.00000      0.00000
 ----------       ---------    ---------    ---------    ---------    ---------
  
 CHARMM>     
  
 CHARMM>        if ?bond .gt. 100 then
 RDCMND substituted energy or value "?BOND" to "3.5019168"
 Comparing "3.5019168" and "100".
 IF test evaluated as false.  Skip to ELSE or ENDIF
  
 CHARMM>     
  
 CHARMM>      increase i by 1
 Parameter: I <- "172"
  
 CHARMM>      increase icholbot by 1
 Parameter: ICHOLBOT <- "18"
  
 CHARMM>      if icholbot .le. @ncholbot goto dointer2
 Parameter: NCHOLBOT -> "32"
 Comparing "18" and "32".
 IF test evaluated as true.  Performing command
  
 CHARMM>        define YYY sele XXX .and. resid @i:@nres end
 Parameter: I -> "172"
 Parameter: NRES -> "312"
 SELRPN>     15 atoms have been selected out of  38028
  
 CHARMM>        set i    = ?SELRESI
 RDCMND substituted energy or value "?SELRESI" to "172"
 Parameter: I <- "172"
  
 CHARMM>        inter select resid @i .and. segid MEMB end
 Parameter: I -> "172"
 SELRPN>     74 atoms have been selected out of  38028
 INTER:  Normal Atom Nonbondselected        1983 from a total of     5543931
 INTER:  Image Nonbond List selected           0 from a total of      592833
INTE ENR:  Eval#     ENERgy      Delta-E         GRMS
INTE INTERN:          BONDs       ANGLes       UREY-b    DIHEdrals    IMPRopers
INTE EXTERN:        VDWaals         ELEC       HBONds          ASP         USER
 ----------       ---------    ---------    ---------    ---------    ---------
INTE>       49     32.41480     -2.70592      0.02528
INTE INTERN>        3.89711     18.13817      2.58456     20.54200      0.00000
INTE EXTERN>        5.71372    -18.46076      0.00000      0.00000      0.00000
 ----------       ---------    ---------    ---------    ---------    ---------
  
 CHARMM>     
  
 CHARMM>        if ?bond .gt. 100 then
 RDCMND substituted energy or value "?BOND" to "3.89710982"
 Comparing "3.89710982" and "100".
 IF test evaluated as false.  Skip to ELSE or ENDIF
  
 CHARMM>     
  
 CHARMM>      increase i by 1
 Parameter: I <- "173"
  
 CHARMM>      increase icholbot by 1
 Parameter: ICHOLBOT <- "19"
  
 CHARMM>      if icholbot .le. @ncholbot goto dointer2
 Parameter: NCHOLBOT -> "32"
 Comparing "19" and "32".
 IF test evaluated as true.  Performing command
  
 CHARMM>        define YYY sele XXX .and. resid @i:@nres end
 Parameter: I -> "173"
 Parameter: NRES -> "312"
 SELRPN>     14 atoms have been selected out of  38028
  
 CHARMM>        set i    = ?SELRESI
 RDCMND substituted energy or value "?SELRESI" to "173"
 Parameter: I <- "173"
  
 CHARMM>        inter select resid @i .and. segid MEMB end
 Parameter: I -> "173"
 SELRPN>     74 atoms have been selected out of  38028
 INTER:  Normal Atom Nonbondselected        1956 from a total of     5543931
 INTER:  Image Nonbond List selected           0 from a total of      592833
INTE ENR:  Eval#     ENERgy      Delta-E         GRMS
INTE INTERN:          BONDs       ANGLes       UREY-b    DIHEdrals    IMPRopers
INTE EXTERN:        VDWaals         ELEC       HBONds          ASP         USER
 ----------       ---------    ---------    ---------    ---------    ---------
INTE>       50     35.51587     -3.10107      0.04954
INTE INTERN>        3.01513     19.78402      2.86866     23.21165      0.00000
INTE EXTERN>        5.70680    -19.07039      0.00000      0.00000      0.00000
 ----------       ---------    ---------    ---------    ---------    ---------
  
 CHARMM>     
  
 CHARMM>        if ?bond .gt. 100 then
 RDCMND substituted energy or value "?BOND" to "3.01513009"
 Comparing "3.01513009" and "100".
 IF test evaluated as false.  Skip to ELSE or ENDIF
  
 CHARMM>     
  
 CHARMM>      increase i by 1
 Parameter: I <- "174"
  
 CHARMM>      increase icholbot by 1
 Parameter: ICHOLBOT <- "20"
  
 CHARMM>      if icholbot .le. @ncholbot goto dointer2
 Parameter: NCHOLBOT -> "32"
 Comparing "20" and "32".
 IF test evaluated as true.  Performing command
  
 CHARMM>        define YYY sele XXX .and. resid @i:@nres end
 Parameter: I -> "174"
 Parameter: NRES -> "312"
 SELRPN>     13 atoms have been selected out of  38028
  
 CHARMM>        set i    = ?SELRESI
 RDCMND substituted energy or value "?SELRESI" to "174"
 Parameter: I <- "174"
  
 CHARMM>        inter select resid @i .and. segid MEMB end
 Parameter: I -> "174"
 SELRPN>     74 atoms have been selected out of  38028
 INTER:  Normal Atom Nonbondselected        1950 from a total of     5543931
 INTER:  Image Nonbond List selected           0 from a total of      592833
INTE ENR:  Eval#     ENERgy      Delta-E         GRMS
INTE INTERN:          BONDs       ANGLes       UREY-b    DIHEdrals    IMPRopers
INTE EXTERN:        VDWaals         ELEC       HBONds          ASP         USER
 ----------       ---------    ---------    ---------    ---------    ---------
INTE>       51     45.17197     -9.65610      0.05249
INTE INTERN>        5.47748     22.41317      3.45058     26.44597      0.00000
INTE EXTERN>        6.08127    -18.69649      0.00000      0.00000      0.00000
 ----------       ---------    ---------    ---------    ---------    ---------
  
 CHARMM>     
  
 CHARMM>        if ?bond .gt. 100 then
 RDCMND substituted energy or value "?BOND" to "5.4774782"
 Comparing "5.4774782" and "100".
 IF test evaluated as false.  Skip to ELSE or ENDIF
  
 CHARMM>     
  
 CHARMM>      increase i by 1
 Parameter: I <- "175"
  
 CHARMM>      increase icholbot by 1
 Parameter: ICHOLBOT <- "21"
  
 CHARMM>      if icholbot .le. @ncholbot goto dointer2
 Parameter: NCHOLBOT -> "32"
 Comparing "21" and "32".
 IF test evaluated as true.  Performing command
  
 CHARMM>        define YYY sele XXX .and. resid @i:@nres end
 Parameter: I -> "175"
 Parameter: NRES -> "312"
 SELRPN>     12 atoms have been selected out of  38028
  
 CHARMM>        set i    = ?SELRESI
 RDCMND substituted energy or value "?SELRESI" to "175"
 Parameter: I <- "175"
  
 CHARMM>        inter select resid @i .and. segid MEMB end
 Parameter: I -> "175"
 SELRPN>     74 atoms have been selected out of  38028
 INTER:  Normal Atom Nonbondselected        1911 from a total of     5543931
 INTER:  Image Nonbond List selected           0 from a total of      592833
INTE ENR:  Eval#     ENERgy      Delta-E         GRMS
INTE INTERN:          BONDs       ANGLes       UREY-b    DIHEdrals    IMPRopers
INTE EXTERN:        VDWaals         ELEC       HBONds          ASP         USER
 ----------       ---------    ---------    ---------    ---------    ---------
INTE>       52     32.94330     12.22867      0.04252
INTE INTERN>        4.48654     16.67433      2.77263     21.06674      0.00000
INTE EXTERN>        6.60910    -18.66604      0.00000      0.00000      0.00000
 ----------       ---------    ---------    ---------    ---------    ---------
  
 CHARMM>     
  
 CHARMM>        if ?bond .gt. 100 then
 RDCMND substituted energy or value "?BOND" to "4.48653956"
 Comparing "4.48653956" and "100".
 IF test evaluated as false.  Skip to ELSE or ENDIF
  
 CHARMM>     
  
 CHARMM>      increase i by 1
 Parameter: I <- "176"
  
 CHARMM>      increase icholbot by 1
 Parameter: ICHOLBOT <- "22"
  
 CHARMM>      if icholbot .le. @ncholbot goto dointer2
 Parameter: NCHOLBOT -> "32"
 Comparing "22" and "32".
 IF test evaluated as true.  Performing command
  
 CHARMM>        define YYY sele XXX .and. resid @i:@nres end
 Parameter: I -> "176"
 Parameter: NRES -> "312"
 SELRPN>     11 atoms have been selected out of  38028
  
 CHARMM>        set i    = ?SELRESI
 RDCMND substituted energy or value "?SELRESI" to "176"
 Parameter: I <- "176"
  
 CHARMM>        inter select resid @i .and. segid MEMB end
 Parameter: I -> "176"
 SELRPN>     74 atoms have been selected out of  38028
 INTER:  Normal Atom Nonbondselected        1953 from a total of     5543931
 INTER:  Image Nonbond List selected           0 from a total of      592833
INTE ENR:  Eval#     ENERgy      Delta-E         GRMS
INTE INTERN:          BONDs       ANGLes       UREY-b    DIHEdrals    IMPRopers
INTE EXTERN:        VDWaals         ELEC       HBONds          ASP         USER
 ----------       ---------    ---------    ---------    ---------    ---------
INTE>       53     43.71941    -10.77610      0.05735
INTE INTERN>        2.82456     26.14593      4.27521     19.34826      0.00000
INTE EXTERN>        9.12261    -17.99717      0.00000      0.00000      0.00000
 ----------       ---------    ---------    ---------    ---------    ---------
  
 CHARMM>     
  
 CHARMM>        if ?bond .gt. 100 then
 RDCMND substituted energy or value "?BOND" to "2.82455579"
 Comparing "2.82455579" and "100".
 IF test evaluated as false.  Skip to ELSE or ENDIF
  
 CHARMM>     
  
 CHARMM>      increase i by 1
 Parameter: I <- "177"
  
 CHARMM>      increase icholbot by 1
 Parameter: ICHOLBOT <- "23"
  
 CHARMM>      if icholbot .le. @ncholbot goto dointer2
 Parameter: NCHOLBOT -> "32"
 Comparing "23" and "32".
 IF test evaluated as true.  Performing command
  
 CHARMM>        define YYY sele XXX .and. resid @i:@nres end
 Parameter: I -> "177"
 Parameter: NRES -> "312"
 SELRPN>     10 atoms have been selected out of  38028
  
 CHARMM>        set i    = ?SELRESI
 RDCMND substituted energy or value "?SELRESI" to "177"
 Parameter: I <- "177"
  
 CHARMM>        inter select resid @i .and. segid MEMB end
 Parameter: I -> "177"
 SELRPN>     74 atoms have been selected out of  38028
 INTER:  Normal Atom Nonbondselected        1938 from a total of     5543931
 INTER:  Image Nonbond List selected           0 from a total of      592833
INTE ENR:  Eval#     ENERgy      Delta-E         GRMS
INTE INTERN:          BONDs       ANGLes       UREY-b    DIHEdrals    IMPRopers
INTE EXTERN:        VDWaals         ELEC       HBONds          ASP         USER
 ----------       ---------    ---------    ---------    ---------    ---------
INTE>       54     28.00101     15.71840      0.03571
INTE INTERN>        3.31325     17.51554      2.64343     17.28166      0.00000
INTE EXTERN>        5.74149    -18.49436      0.00000      0.00000      0.00000
 ----------       ---------    ---------    ---------    ---------    ---------
  
 CHARMM>     
  
 CHARMM>        if ?bond .gt. 100 then
 RDCMND substituted energy or value "?BOND" to "3.31325259"
 Comparing "3.31325259" and "100".
 IF test evaluated as false.  Skip to ELSE or ENDIF
  
 CHARMM>     
  
 CHARMM>      increase i by 1
 Parameter: I <- "178"
  
 CHARMM>      increase icholbot by 1
 Parameter: ICHOLBOT <- "24"
  
 CHARMM>      if icholbot .le. @ncholbot goto dointer2
 Parameter: NCHOLBOT -> "32"
 Comparing "24" and "32".
 IF test evaluated as true.  Performing command
  
 CHARMM>        define YYY sele XXX .and. resid @i:@nres end
 Parameter: I -> "178"
 Parameter: NRES -> "312"
 SELRPN>      9 atoms have been selected out of  38028
  
 CHARMM>        set i    = ?SELRESI
 RDCMND substituted energy or value "?SELRESI" to "178"
 Parameter: I <- "178"
  
 CHARMM>        inter select resid @i .and. segid MEMB end
 Parameter: I -> "178"
 SELRPN>     74 atoms have been selected out of  38028
 INTER:  Normal Atom Nonbondselected        1939 from a total of     5543931
 INTER:  Image Nonbond List selected           0 from a total of      592833
INTE ENR:  Eval#     ENERgy      Delta-E         GRMS
INTE INTERN:          BONDs       ANGLes       UREY-b    DIHEdrals    IMPRopers
INTE EXTERN:        VDWaals         ELEC       HBONds          ASP         USER
 ----------       ---------    ---------    ---------    ---------    ---------
INTE>       55     25.99557      2.00544      0.01340
INTE INTERN>        3.53874     16.92937      2.43855     17.43202      0.00000
INTE EXTERN>        4.73812    -19.08123      0.00000      0.00000      0.00000
 ----------       ---------    ---------    ---------    ---------    ---------
  
 CHARMM>     
  
 CHARMM>        if ?bond .gt. 100 then
 RDCMND substituted energy or value "?BOND" to "3.53873827"
 Comparing "3.53873827" and "100".
 IF test evaluated as false.  Skip to ELSE or ENDIF
  
 CHARMM>     
  
 CHARMM>      increase i by 1
 Parameter: I <- "179"
  
 CHARMM>      increase icholbot by 1
 Parameter: ICHOLBOT <- "25"
  
 CHARMM>      if icholbot .le. @ncholbot goto dointer2
 Parameter: NCHOLBOT -> "32"
 Comparing "25" and "32".
 IF test evaluated as true.  Performing command
  
 CHARMM>        define YYY sele XXX .and. resid @i:@nres end
 Parameter: I -> "179"
 Parameter: NRES -> "312"
 SELRPN>      8 atoms have been selected out of  38028
  
 CHARMM>        set i    = ?SELRESI
 RDCMND substituted energy or value "?SELRESI" to "179"
 Parameter: I <- "179"
  
 CHARMM>        inter select resid @i .and. segid MEMB end
 Parameter: I -> "179"
 SELRPN>     74 atoms have been selected out of  38028
 INTER:  Normal Atom Nonbondselected        1942 from a total of     5543931
 INTER:  Image Nonbond List selected           0 from a total of      592833
INTE ENR:  Eval#     ENERgy      Delta-E         GRMS
INTE INTERN:          BONDs       ANGLes       UREY-b    DIHEdrals    IMPRopers
INTE EXTERN:        VDWaals         ELEC       HBONds          ASP         USER
 ----------       ---------    ---------    ---------    ---------    ---------
INTE>       56     32.20519     -6.20962      0.02907
INTE INTERN>        4.07774     16.97161      2.73764     18.24952      0.00000
INTE EXTERN>        8.85981    -18.69114      0.00000      0.00000      0.00000
 ----------       ---------    ---------    ---------    ---------    ---------
  
 CHARMM>     
  
 CHARMM>        if ?bond .gt. 100 then
 RDCMND substituted energy or value "?BOND" to "4.07774376"
 Comparing "4.07774376" and "100".
 IF test evaluated as false.  Skip to ELSE or ENDIF
  
 CHARMM>     
  
 CHARMM>      increase i by 1
 Parameter: I <- "180"
  
 CHARMM>      increase icholbot by 1
 Parameter: ICHOLBOT <- "26"
  
 CHARMM>      if icholbot .le. @ncholbot goto dointer2
 Parameter: NCHOLBOT -> "32"
 Comparing "26" and "32".
 IF test evaluated as true.  Performing command
  
 CHARMM>        define YYY sele XXX .and. resid @i:@nres end
 Parameter: I -> "180"
 Parameter: NRES -> "312"
 SELRPN>      7 atoms have been selected out of  38028
  
 CHARMM>        set i    = ?SELRESI
 RDCMND substituted energy or value "?SELRESI" to "180"
 Parameter: I <- "180"
  
 CHARMM>        inter select resid @i .and. segid MEMB end
 Parameter: I -> "180"
 SELRPN>     74 atoms have been selected out of  38028
 INTER:  Normal Atom Nonbondselected        1971 from a total of     5543931
 INTER:  Image Nonbond List selected           0 from a total of      592833
INTE ENR:  Eval#     ENERgy      Delta-E         GRMS
INTE INTERN:          BONDs       ANGLes       UREY-b    DIHEdrals    IMPRopers
INTE EXTERN:        VDWaals         ELEC       HBONds          ASP         USER
 ----------       ---------    ---------    ---------    ---------    ---------
INTE>       57     33.27261     -1.06742      0.03541
INTE INTERN>        3.42368     17.76456      2.48487     24.21070      0.00000
INTE EXTERN>        4.58132    -19.19252      0.00000      0.00000      0.00000
 ----------       ---------    ---------    ---------    ---------    ---------
  
 CHARMM>     
  
 CHARMM>        if ?bond .gt. 100 then
 RDCMND substituted energy or value "?BOND" to "3.42368497"
 Comparing "3.42368497" and "100".
 IF test evaluated as false.  Skip to ELSE or ENDIF
  
 CHARMM>     
  
 CHARMM>      increase i by 1
 Parameter: I <- "181"
  
 CHARMM>      increase icholbot by 1
 Parameter: ICHOLBOT <- "27"
  
 CHARMM>      if icholbot .le. @ncholbot goto dointer2
 Parameter: NCHOLBOT -> "32"
 Comparing "27" and "32".
 IF test evaluated as true.  Performing command
  
 CHARMM>        define YYY sele XXX .and. resid @i:@nres end
 Parameter: I -> "181"
 Parameter: NRES -> "312"
 SELRPN>      6 atoms have been selected out of  38028
  
 CHARMM>        set i    = ?SELRESI
 RDCMND substituted energy or value "?SELRESI" to "181"
 Parameter: I <- "181"
  
 CHARMM>        inter select resid @i .and. segid MEMB end
 Parameter: I -> "181"
 SELRPN>     74 atoms have been selected out of  38028
 INTER:  Normal Atom Nonbondselected        1961 from a total of     5543931
 INTER:  Image Nonbond List selected           0 from a total of      592833
INTE ENR:  Eval#     ENERgy      Delta-E         GRMS
INTE INTERN:          BONDs       ANGLes       UREY-b    DIHEdrals    IMPRopers
INTE EXTERN:        VDWaals         ELEC       HBONds          ASP         USER
 ----------       ---------    ---------    ---------    ---------    ---------
INTE>       58     34.19219     -0.91958      0.04781
INTE INTERN>        2.74207     15.91972      2.76939     22.53500      0.00000
INTE EXTERN>        9.40186    -19.17584      0.00000      0.00000      0.00000
 ----------       ---------    ---------    ---------    ---------    ---------
  
 CHARMM>     
  
 CHARMM>        if ?bond .gt. 100 then
 RDCMND substituted energy or value "?BOND" to "2.74206642"
 Comparing "2.74206642" and "100".
 IF test evaluated as false.  Skip to ELSE or ENDIF
  
 CHARMM>     
  
 CHARMM>      increase i by 1
 Parameter: I <- "182"
  
 CHARMM>      increase icholbot by 1
 Parameter: ICHOLBOT <- "28"
  
 CHARMM>      if icholbot .le. @ncholbot goto dointer2
 Parameter: NCHOLBOT -> "32"
 Comparing "28" and "32".
 IF test evaluated as true.  Performing command
  
 CHARMM>        define YYY sele XXX .and. resid @i:@nres end
 Parameter: I -> "182"
 Parameter: NRES -> "312"
 SELRPN>      5 atoms have been selected out of  38028
  
 CHARMM>        set i    = ?SELRESI
 RDCMND substituted energy or value "?SELRESI" to "182"
 Parameter: I <- "182"
  
 CHARMM>        inter select resid @i .and. segid MEMB end
 Parameter: I -> "182"
 SELRPN>     74 atoms have been selected out of  38028
 INTER:  Normal Atom Nonbondselected        1943 from a total of     5543931
 INTER:  Image Nonbond List selected           0 from a total of      592833
INTE ENR:  Eval#     ENERgy      Delta-E         GRMS
INTE INTERN:          BONDs       ANGLes       UREY-b    DIHEdrals    IMPRopers
INTE EXTERN:        VDWaals         ELEC       HBONds          ASP         USER
 ----------       ---------    ---------    ---------    ---------    ---------
INTE>       59     30.08821      4.10398      0.04782
INTE INTERN>        3.67394     17.71288      2.56786     19.14059      0.00000
INTE EXTERN>        6.08212    -19.08917      0.00000      0.00000      0.00000
 ----------       ---------    ---------    ---------    ---------    ---------
  
 CHARMM>     
  
 CHARMM>        if ?bond .gt. 100 then
 RDCMND substituted energy or value "?BOND" to "3.67393737"
 Comparing "3.67393737" and "100".
 IF test evaluated as false.  Skip to ELSE or ENDIF
  
 CHARMM>     
  
 CHARMM>      increase i by 1
 Parameter: I <- "183"
  
 CHARMM>      increase icholbot by 1
 Parameter: ICHOLBOT <- "29"
  
 CHARMM>      if icholbot .le. @ncholbot goto dointer2
 Parameter: NCHOLBOT -> "32"
 Comparing "29" and "32".
 IF test evaluated as true.  Performing command
  
 CHARMM>        define YYY sele XXX .and. resid @i:@nres end
 Parameter: I -> "183"
 Parameter: NRES -> "312"
 SELRPN>      4 atoms have been selected out of  38028
  
 CHARMM>        set i    = ?SELRESI
 RDCMND substituted energy or value "?SELRESI" to "183"
 Parameter: I <- "183"
  
 CHARMM>        inter select resid @i .and. segid MEMB end
 Parameter: I -> "183"
 SELRPN>     74 atoms have been selected out of  38028
 INTER:  Normal Atom Nonbondselected        1940 from a total of     5543931
 INTER:  Image Nonbond List selected           0 from a total of      592833
INTE ENR:  Eval#     ENERgy      Delta-E         GRMS
INTE INTERN:          BONDs       ANGLes       UREY-b    DIHEdrals    IMPRopers
INTE EXTERN:        VDWaals         ELEC       HBONds          ASP         USER
 ----------       ---------    ---------    ---------    ---------    ---------
INTE>       60     28.78556      1.30265      0.03395
INTE INTERN>        4.09871     16.42296      2.44831     18.56853      0.00000
INTE EXTERN>        5.48385    -18.23679      0.00000      0.00000      0.00000
 ----------       ---------    ---------    ---------    ---------    ---------
  
 CHARMM>     
  
 CHARMM>        if ?bond .gt. 100 then
 RDCMND substituted energy or value "?BOND" to "4.09870539"
 Comparing "4.09870539" and "100".
 IF test evaluated as false.  Skip to ELSE or ENDIF
  
 CHARMM>     
  
 CHARMM>      increase i by 1
 Parameter: I <- "184"
  
 CHARMM>      increase icholbot by 1
 Parameter: ICHOLBOT <- "30"
  
 CHARMM>      if icholbot .le. @ncholbot goto dointer2
 Parameter: NCHOLBOT -> "32"
 Comparing "30" and "32".
 IF test evaluated as true.  Performing command
  
 CHARMM>        define YYY sele XXX .and. resid @i:@nres end
 Parameter: I -> "184"
 Parameter: NRES -> "312"
 SELRPN>      3 atoms have been selected out of  38028
  
 CHARMM>        set i    = ?SELRESI
 RDCMND substituted energy or value "?SELRESI" to "184"
 Parameter: I <- "184"
  
 CHARMM>        inter select resid @i .and. segid MEMB end
 Parameter: I -> "184"
 SELRPN>     74 atoms have been selected out of  38028
 INTER:  Normal Atom Nonbondselected        1949 from a total of     5543931
 INTER:  Image Nonbond List selected           0 from a total of      592833
INTE ENR:  Eval#     ENERgy      Delta-E         GRMS
INTE INTERN:          BONDs       ANGLes       UREY-b    DIHEdrals    IMPRopers
INTE EXTERN:        VDWaals         ELEC       HBONds          ASP         USER
 ----------       ---------    ---------    ---------    ---------    ---------
INTE>       61     30.69245     -1.90689      0.03960
INTE INTERN>        3.09892     18.76610      2.69923     20.17859      0.00000
INTE EXTERN>        5.29129    -19.34168      0.00000      0.00000      0.00000
 ----------       ---------    ---------    ---------    ---------    ---------
  
 CHARMM>     
  
 CHARMM>        if ?bond .gt. 100 then
 RDCMND substituted energy or value "?BOND" to "3.09892003"
 Comparing "3.09892003" and "100".
 IF test evaluated as false.  Skip to ELSE or ENDIF
  
 CHARMM>     
  
 CHARMM>      increase i by 1
 Parameter: I <- "185"
  
 CHARMM>      increase icholbot by 1
 Parameter: ICHOLBOT <- "31"
  
 CHARMM>      if icholbot .le. @ncholbot goto dointer2
 Parameter: NCHOLBOT -> "32"
 Comparing "31" and "32".
 IF test evaluated as true.  Performing command
  
 CHARMM>        define YYY sele XXX .and. resid @i:@nres end
 Parameter: I -> "185"
 Parameter: NRES -> "312"
 SELRPN>      2 atoms have been selected out of  38028
  
 CHARMM>        set i    = ?SELRESI
 RDCMND substituted energy or value "?SELRESI" to "185"
 Parameter: I <- "185"
  
 CHARMM>        inter select resid @i .and. segid MEMB end
 Parameter: I -> "185"
 SELRPN>     74 atoms have been selected out of  38028
 INTER:  Normal Atom Nonbondselected        1974 from a total of     5543931
 INTER:  Image Nonbond List selected           0 from a total of      592833
INTE ENR:  Eval#     ENERgy      Delta-E         GRMS
INTE INTERN:          BONDs       ANGLes       UREY-b    DIHEdrals    IMPRopers
INTE EXTERN:        VDWaals         ELEC       HBONds          ASP         USER
 ----------       ---------    ---------    ---------    ---------    ---------
INTE>       62     28.46594      2.22652      0.02843
INTE INTERN>        3.70414     15.06761      2.26751     18.83830      0.00000
INTE EXTERN>        6.71697    -18.12860      0.00000      0.00000      0.00000
 ----------       ---------    ---------    ---------    ---------    ---------
  
 CHARMM>     
  
 CHARMM>        if ?bond .gt. 100 then
 RDCMND substituted energy or value "?BOND" to "3.70414477"
 Comparing "3.70414477" and "100".
 IF test evaluated as false.  Skip to ELSE or ENDIF
  
 CHARMM>     
  
 CHARMM>      increase i by 1
 Parameter: I <- "186"
  
 CHARMM>      increase icholbot by 1
 Parameter: ICHOLBOT <- "32"
  
 CHARMM>      if icholbot .le. @ncholbot goto dointer2
 Parameter: NCHOLBOT -> "32"
 Comparing "32" and "32".
 IF test evaluated as true.  Performing command
  
 CHARMM>        define YYY sele XXX .and. resid @i:@nres end
 Parameter: I -> "186"
 Parameter: NRES -> "312"
 SELRPN>      1 atoms have been selected out of  38028
  
 CHARMM>        set i    = ?SELRESI
 RDCMND substituted energy or value "?SELRESI" to "186"
 Parameter: I <- "186"
  
 CHARMM>        inter select resid @i .and. segid MEMB end
 Parameter: I -> "186"
 SELRPN>     74 atoms have been selected out of  38028
 INTER:  Normal Atom Nonbondselected        1988 from a total of     5543931
 INTER:  Image Nonbond List selected           0 from a total of      592833
INTE ENR:  Eval#     ENERgy      Delta-E         GRMS
INTE INTERN:          BONDs       ANGLes       UREY-b    DIHEdrals    IMPRopers
INTE EXTERN:        VDWaals         ELEC       HBONds          ASP         USER
 ----------       ---------    ---------    ---------    ---------    ---------
INTE>       63     28.27042      0.19552      0.01858
INTE INTERN>        3.34955     16.69980      2.43625     18.13657      0.00000
INTE EXTERN>        5.86681    -18.21855      0.00000      0.00000      0.00000
 ----------       ---------    ---------    ---------    ---------    ---------
  
 CHARMM>     
  
 CHARMM>        if ?bond .gt. 100 then
 RDCMND substituted energy or value "?BOND" to "3.34954605"
 Comparing "3.34954605" and "100".
 IF test evaluated as false.  Skip to ELSE or ENDIF
  
 CHARMM>     
  
 CHARMM>      increase i by 1
 Parameter: I <- "187"
  
 CHARMM>      increase icholbot by 1
 Parameter: ICHOLBOT <- "33"
  
 CHARMM>      if icholbot .le. @ncholbot goto dointer2
 Parameter: NCHOLBOT -> "32"
 Comparing "33" and "32".
 IF test evaluated as false.  Skipping command
  
 CHARMM>    endif
  
 CHARMM>     
  
 CHARMM>    stop
 VCLOSE: Closing unit   10 with status "KEEP"
 VCLOSE: Closing unit   20 with status "KEEP"
 VCLOSE: Closing unit   90 with status "KEEP"
$$$$$$  New timer profile $$$$$
      Image Update                    0.98 Other:            0.00
      xdistm setup                    0.02 Other:            0.00
      xdistm Build list              12.47 Other:            0.00
      NBONDS                         11.69 Other:            0.00
   List time                      25.17 Other:            0.00
      Nonbond force                  34.94 Other:            0.00
         Bond energy                     0.27 Other:            0.00
         Angle energy                    2.34 Other:            0.00
         Dihedral energy                 3.67 Other:            0.00
         Restraints energy               0.00 Other:            0.00
      INTRNL energy                   6.37 Other:            0.08
   Energy time                    41.53 Other:            0.22
 Total time                     73.77 Other:            7.08

                    NORMAL TERMINATION BY NORMAL STOP
                    MOST SEVERE WARNING WAS AT LEVEL  1

                    $$$$$ JOB ACCOUNTING INFORMATION $$$$$
                     ELAPSED TIME:     1.23  MINUTES 
                         CPU TIME:     1.23  MINUTES 
