1
                 Chemistry at HARvard Macromolecular Mechanics
           (CHARMM) - Developmental Version 47a2   February 15, 2021            
                                Revision unknown                                
       Copyright(c) 1984-2020  President and Fellows of Harvard College
                              All Rights Reserved
             Current operating system: Linux-6.1.0-45-amd64(x86_64)             
                 Created on  6/1/26 at  0:48:46 by user: charmm-gui  

            Maximum number of ATOMS:    360720, and RESidues:      120240
 RDTITL> * GENERATED BY CHARMM-GUI (HTTP://WWW.CHARMM-GUI.ORG) V3.7 ON JUN, 01. 2026. JOBID=8028885842
 RDTITL> * REPLACE PACKED BIG SPHERES BY LIPID MOLECULES OF RANDOM CONFORMATION
 RDTITL> *
  
 CHARMM>     
  
 CHARMM>    DIMENS CHSIZE 5000000 MAXRES 3000000
Size      Original         New
MAXA        360720     5000000
MAXB        360720     5000000
MAXT        721440    10000000
MAXP       1082160    15000000
MAXIMP      180360     2500000
MAXNB        90180     1250000
MAXPAD      360720     5000000
MAXRES      120240     3000000
MAXSEG       45090      625000
MAXATC        1400
MAXCB         3000
MAXCT        50000
MAXCP        50000
MAXCI         1200
MAXCH         6400
MAXCN       502503
MAXCRT      120240     1666666
  
 CHARMM>     
  
 CHARMM>    ! Read topology and parameter files
 CHARMM>    stream toppar.str
 VOPEN> Attempting to open::toppar.str::
 OPNLGU> Unit 99 opened for READONLY access to toppar.str

                    INPUT STREAM SWITCHING TO UNIT    99
 RDTITL> * GENERATED BY CHARMM-GUI (HTTP://WWW.CHARMM-GUI.ORG) V3.7 ON JUN, 01. 2026. JOBID=8028885842
 RDTITL> * STREAM FILE FOR TOPOLOGY AND PARAMETER READING
 RDTITL> *
 Parameter: IN1 <- "" <empty>
  
 CHARMM>     
  
 CHARMM>    ! protein topology and parameter
 CHARMM>    open read card unit 10 name toppar/top_all36_prot.rtf
 VOPEN> Attempting to open::toppar/top_all36_prot.rtf::
 OPNLGU> Unit 10 opened for READONLY access to toppar/top_all36_prot.rtf
  
 CHARMM>    read  rtf card unit 10
 MAINIO> Residue topology file being read from unit  10.
 TITLE> *>>>>>>>>CHARMM36 ALL-HYDROGEN TOPOLOGY FILE FOR PROTEINS <<<<<<
 TITLE> *>>>>> INCLUDES PHI, PSI CROSS TERM MAP (CMAP) CORRECTION <<<<<<<
 TITLE> *>>>>>>>>>>>>>>>>>>>>>>>>>> MAY 2011 <<<<<<<<<<<<<<<<<<<<<<<<<<<<
 TITLE> * ALL COMMENTS TO THE CHARMM WEB SITE: WWW.CHARMM.ORG
 TITLE> *             PARAMETER SET DISCUSSION FORUM
 TITLE> *
  
 CHARMM>     
  
 CHARMM>    open read card unit 20 name toppar/par_all36m_prot.prm
 VOPEN> Attempting to open::toppar/par_all36m_prot.prm::
 OPNLGU> Unit 20 opened for READONLY access to toppar/par_all36m_prot.prm
  
 CHARMM>    read para card unit 20 flex

          PARAMETER FILE BEING READ FROM UNIT 20
 TITLE> *>>>> CHARMM36 ALL-HYDROGEN PARAMETER FILE FOR PROTEINS <<<<<<<<<<
 TITLE> *>>>>> INCLUDES PHI, PSI CROSS TERM MAP (CMAP) CORRECTION <<<<<<<<
 TITLE> *>>>>>>>>>>>>>>>>>>>>>>>>>> JAN. 2016 <<<<<<<<<<<<<<<<<<<<<<<<<<<<
 TITLE> * ALL COMMENTS TO THE CHARMM WEB SITE: WWW.CHARMM.ORG
 TITLE> *             PARAMETER SET DISCUSSION FORUM
 TITLE> *
 PARMIO> NONBOND, HBOND lists and IMAGE atoms cleared.
  
 CHARMM>     
  
 CHARMM>    ! nucleic acids
 CHARMM>    open read card unit 10 name toppar/top_all36_na.rtf
 OPNLGU> Unit already open. The old file will be closed first.
 VCLOSE: Closing unit   10 with status "KEEP"
 VOPEN> Attempting to open::toppar/top_all36_na.rtf::
 OPNLGU> Unit 10 opened for READONLY access to toppar/top_all36_na.rtf
  
 CHARMM>    read  rtf card unit 10 append
 MAINIO> Residue topology file being read from unit  10.
 TITLE> *  \\\\ CHARMM36 ALL-HYDROGEN NUCLEIC ACID TOPOLOGY FILE ////
 TITLE> *   ALEXANDER D. MACKERELL JR. AND COWORKERS
 TITLE> *                      APRIL 2011
 TITLE> * ALL COMMENTS TO THE CHARMM WEB SITE: WWW.CHARMM.ORG
 TITLE> *           PARAMETER SET DISCUSSION FORUM
 TITLE> *
  
 CHARMM>     
  
 CHARMM>    open read card unit 20 name toppar/par_all36_na.prm
 OPNLGU> Unit already open. The old file will be closed first.
 VCLOSE: Closing unit   20 with status "KEEP"
 VOPEN> Attempting to open::toppar/par_all36_na.prm::
 OPNLGU> Unit 20 opened for READONLY access to toppar/par_all36_na.prm
  
 CHARMM>    read para card unit 20 append flex

          PARAMETER FILE BEING READ FROM UNIT 20
 TITLE> * \\\\ CHARMM36 ALL-HYDROGEN NUCLEIC ACID PARAMETER FILE ////
 TITLE> *         ALEXANDER D. MACKERELL JR. AND COWORKERS
 TITLE> *                        APRIL 2011
 TITLE> * ALL COMMENTS TO THE CHARMM WEB SITE: WWW.CHARMM.ORG PARAMETER
 TITLE> *                     SET DISCUSSION FORUM
 TITLE> *
 PARMIO> NONBOND, HBOND lists and IMAGE atoms cleared.
  
 CHARMM>     
  
 CHARMM>    ! carbohydrates
 CHARMM>    open read card unit 10 name toppar/top_all36_carb.rtf
 OPNLGU> Unit already open. The old file will be closed first.
 VCLOSE: Closing unit   10 with status "KEEP"
 VOPEN> Attempting to open::toppar/top_all36_carb.rtf::
 OPNLGU> Unit 10 opened for READONLY access to toppar/top_all36_carb.rtf
  
 CHARMM>    read  rtf card unit 10 append
 MAINIO> Residue topology file being read from unit  10.
 TITLE> * $ID: TOP_ALLXX_SUGAR.INP,V 1.106 2014/08/19 19:07:43 ALEX EXP $
 TITLE> *>>>>>>>>>>>> ALL-HYDROGEN TOPOLOGIES USED IN THE <<<<<<<<<<<<<<<<
 TITLE> *>>>>> DEVELOPMENT OF THE CHARMM CARBOHYDRATE  FORCE FIELD<<<<<<<<
 TITLE> *>>>>>>>>>>>>>>>>>>>>>>>>> JUNE 2009 <<<<<<<<<<<<<<<<<<<<<<<<<<<<<
 TITLE> *>>>>>>>> DIRECT COMMENTS TO ALEXANDER D. MACKERELL JR. <<<<<<<<<<
 TITLE> *>>>>>>>>>> VIA THE CHARMM WEB SITE: WWW.CHARMM.ORG <<<<<<<<<<<<<<
 TITLE> *>>>>>>>>>>>>>>> PARAMETER SET DISCUSSION FORUM <<<<<<<<<<<<<<<<<<
 TITLE> *
  
 CHARMM>     
  
 CHARMM>    open read card unit 20 name toppar/par_all36_carb.prm
 OPNLGU> Unit already open. The old file will be closed first.
 VCLOSE: Closing unit   20 with status "KEEP"
 VOPEN> Attempting to open::toppar/par_all36_carb.prm::
 OPNLGU> Unit 20 opened for READONLY access to toppar/par_all36_carb.prm
  
 CHARMM>    read para card unit 20 append flex

          PARAMETER FILE BEING READ FROM UNIT 20
 TITLE> * $ID: PAR_ALLXX_SUGAR.INP,V 1.132 2014/08/19 19:03:21 ALEX EXP $
 TITLE> *>>>>>>>>>>>> ALL-HYDROGEN PARAMETERS USED IN THE <<<<<<<<<<<<<<<<
 TITLE> *>>>>> DEVELOPMENT OF THE CHARMM CARBOHYDRATE  FORCE FIELD<<<<<<<<
 TITLE> *>>>>>>>>>>>>>>>>>>>>>>>>> JUNE 2009 <<<<<<<<<<<<<<<<<<<<<<<<<<<<<
 TITLE> *>>>>>>>> DIRECT COMMENTS TO ALEXANDER D. MACKERELL JR. <<<<<<<<<<
 TITLE> *>>>>>>>>>> VIA THE CHARMM WEB SITE: WWW.CHARMM.ORG <<<<<<<<<<<<<<
 TITLE> *>>>>>>>>>>>>>>> PARAMETER SET DISCUSSION FORUM <<<<<<<<<<<<<<<<<<
 TITLE> *
 PARMIO> NONBOND, HBOND lists and IMAGE atoms cleared.
  
 CHARMM>     
  
 CHARMM>    ! lipids
 CHARMM>    open read card unit 10 name toppar/top_all36_lipid.rtf
 OPNLGU> Unit already open. The old file will be closed first.
 VCLOSE: Closing unit   10 with status "KEEP"
 VOPEN> Attempting to open::toppar/top_all36_lipid.rtf::
 OPNLGU> Unit 10 opened for READONLY access to toppar/top_all36_lipid.rtf
  
 CHARMM>    read  rtf card unit 10 append
 MAINIO> Residue topology file being read from unit  10.
 TITLE> *  \\\\\\\ CHARMM36 ALL-HYDROGEN LIPID TOPOLOGY FILE ///////
 TITLE> *  ALL COMMENTS AND QUESTIONS SHOULD BE SUBMITTED TO THE
 TITLE> *  PARAMETER FORUM AT THE CHARMM WEBSITE: WWW.CHARMM.ORG
 TITLE> *
  
 CHARMM>     
  
 CHARMM>    open read card unit 20 name toppar/par_all36_lipid.prm
 OPNLGU> Unit already open. The old file will be closed first.
 VCLOSE: Closing unit   20 with status "KEEP"
 VOPEN> Attempting to open::toppar/par_all36_lipid.prm::
 OPNLGU> Unit 20 opened for READONLY access to toppar/par_all36_lipid.prm
  
 CHARMM>    read para card unit 20 append flex

          PARAMETER FILE BEING READ FROM UNIT 20
 TITLE> *  \\\\\\\ CHARMM36 ALL-HYDROGEN LIPID PARAMETER FILE ///////
 TITLE> *  ALL COMMENTS AND QUESTIONS SHOULD BE SUBMITTED TO THE
 TITLE> *  PARAMETER FORUM AT THE CHARMM WEBSITE: WWW.CHARMM.ORG
 TITLE> *
 PARMIO> NONBOND, HBOND lists and IMAGE atoms cleared.
  
 CHARMM>     
  
 CHARMM>    ! CGENFF
 CHARMM>    open read card unit 10 name toppar/top_all36_cgenff.rtf
 OPNLGU> Unit already open. The old file will be closed first.
 VCLOSE: Closing unit   10 with status "KEEP"
 VOPEN> Attempting to open::toppar/top_all36_cgenff.rtf::
 OPNLGU> Unit 10 opened for READONLY access to toppar/top_all36_cgenff.rtf
  
 CHARMM>    read  rtf card unit 10 append
 MAINIO> Residue topology file being read from unit  10.
 TITLE> *  --------------------------------------------------------------------------  *
 TITLE> *          CGENFF: TOPOLOGY FOR THE CHARMM GENERAL FORCE FIELD V. 4.6          *
 TITLE> *                    FOR SMALL MOLECULE DRUG DESIGN                            *
 TITLE> *  --------------------------------------------------------------------------  *
 TITLE> *

 DRUDES PARTICLES WILL BE GENERATED AUTOMATICALLY FOR ALL ATOMS WITH NON-ZERO ALPHA
 Thole-type dipole screening, Slater-Delta shape {S(u) = 1 - (1+u/2)*exp(-u)}, default radius =  1.300000
  
 CHARMM>     
  
 CHARMM>    open read card unit 20 name toppar/par_all36_cgenff.prm
 OPNLGU> Unit already open. The old file will be closed first.
 VCLOSE: Closing unit   20 with status "KEEP"
 VOPEN> Attempting to open::toppar/par_all36_cgenff.prm::
 OPNLGU> Unit 20 opened for READONLY access to toppar/par_all36_cgenff.prm
  
 CHARMM>    read para card unit 20 append flex

          PARAMETER FILE BEING READ FROM UNIT 20
 TITLE> *  --------------------------------------------------------------------------  *
 TITLE> *         CGENFF: PARAMETERS FOR THE CHARMM GENERAL FORCE FIELD V. 4.6         *
 TITLE> *                    FOR SMALL MOLECULE DRUG DESIGN                            *
 TITLE> *  --------------------------------------------------------------------------  *
 TITLE> *  2017/8: IF PROTEIN, NUCLEIC ACID AND CARBOHYDRATE TOPOLOGY AND PARAMETER FILES
 TITLE> *  ARE NOT READ PRIOR TO THE CGENFF FILES "WARNING: ATOMS IN NBFIX ' errors will
 TITLE> *  BE ENCOUNTERED.  THESE CAN BE PASSED BY SETTING BOMLEV ( -2) PRIOR TO READING
 TITLE> *  THIS FILE. IN ADDITION, WHEN GENERATING AROMATIC HALOGENS (CL, BR, I) WITH
 TITLE> *  PRE C41B/C42A VERSIONS OF CHARMM "MISSING PARAMETER" ERRORS WILL BE
 TITLE> *  ENCOUNTERED THAT ALSO REQUIRE SETTING BOMLEV ( -2).
 TITLE> *
 PARMIO> NONBOND, HBOND lists and IMAGE atoms cleared.
  
 CHARMM>     
  
 CHARMM>    ! Phosphates and Sulfates
 CHARMM>    stream toppar/toppar_all36_moreions.str
 VOPEN> Attempting to open::toppar/toppar_all36_moreions.str::
 OPNLGU> Unit 98 opened for READONLY access to toppar/toppar_all36_moreions.str

                    INPUT STREAM SWITCHING TO UNIT    98
 RDTITL> * ADDITIONAL IONS GENERATED USING CGENFF
 RDTITL> *
 Parameter: IN1 <- "" <empty>
  
 CHARMM>     
  
 CHARMM>    set nat ?NATC
 RDCMND substituted energy or value "?NATC" to "345"
 Parameter: NAT <- "345"
  
 CHARMM>    set app
 Parameter: APP <- "" <empty>
  
 CHARMM>     
  
 CHARMM>    if "@NAT" ne "?NATC" if @nat ne 0 set app append
 Parameter: NAT -> "345"
 Parameter: NAT -> "345"
 RDCMND: can not substitute energy "?NATC""
 Comparing ""345"" and ""?NATC"".
 IF test evaluated as true.  Performing command
 Comparing "345" and "0".
 IF test evaluated as true.  Performing command
 Parameter: APP <- "APPEND"
  
 CHARMM>     
  
 CHARMM>    read rtf card @app
 Parameter: APP -> "APPEND"
 MAINIO> Residue topology file being read from unit  98.
 RDTITL> * TOPOLOGIES GENERATED BY
 RDTITL> * CHARMM GENERAL FORCE FIELD (CGENFF) PROGRAM VERSION 2.4.0
 RDTITL> *
  
 CHARMM>     
  
 CHARMM>    read para card flex @app
 Parameter: APP -> "APPEND"

          PARAMETER FILE BEING READ FROM UNIT 98
 RDTITL> * PARAMETERS GENERATED BY ANALOGY BY
 RDTITL> * CHARMM GENERAL FORCE FIELD (CGENFF) PROGRAM VERSION 2.4.0
 RDTITL> *
 PARMIO> NONBOND, HBOND lists and IMAGE atoms cleared.
  
 CHARMM>     
  
 VCLOSE: Closing unit   98 with status "KEEP"

                    RETURNING TO INPUT STREAM    99
  
 CHARMM>     
  
 CHARMM>    ! Interface FF
 CHARMM>    open read card unit 10 name toppar/top_interface.rtf
 OPNLGU> Unit already open. The old file will be closed first.
 VCLOSE: Closing unit   10 with status "KEEP"
 VOPEN> Attempting to open::toppar/top_interface.rtf::
 OPNLGU> Unit 10 opened for READONLY access to toppar/top_interface.rtf
  
 CHARMM>    read  rtf card unit 10 append
 MAINIO> Residue topology file being read from unit  10.
 TITLE> * INTERFACE FF
 TITLE> * TOPOLOGY FOR NANOMATERIALS
 TITLE> *
*** WARNING **** residue TSHO already exists (old one deleted)

      ***** LEVEL  1 WARNING FROM <RTFRDR> *****
      ***** Residue already exists.
      ******************************************
      BOMLEV (  0) IS NOT REACHED. WRNLEV IS  5

          PRES TSHO17      -1.050
*** WARNING **** residue TSHO already exists (old one deleted)

      ***** LEVEL  1 WARNING FROM <RTFRDR> *****
      ***** Residue already exists.
      ******************************************
      BOMLEV (  0) IS NOT REACHED. WRNLEV IS  5

          PRES TSHO21      -1.050
 There were   2 warning(s) from RTFRDR.
  
 CHARMM>     
  
 CHARMM>    open read card unit 10 name toppar/par_interface.prm
 OPNLGU> Unit already open. The old file will be closed first.
 VCLOSE: Closing unit   10 with status "KEEP"
 VOPEN> Attempting to open::toppar/par_interface.prm::
 OPNLGU> Unit 10 opened for READONLY access to toppar/par_interface.prm
  
 CHARMM>    read para card unit 10 append flex

          PARAMETER FILE BEING READ FROM UNIT 10
 TITLE> * INTERFACE FF
 TITLE> * TOPOLOGY AND PARAMETER FOR CALY MINERALS, CEMENT MINERALS
 TITLE> *
 PARRDR> Error: Repeated DIHE parameter ( 10947): HGR6  ICG1  ICG1  ICGE is replaced
 PARMIO> NONBOND, HBOND lists and IMAGE atoms cleared.
  
 CHARMM>     
  
 CHARMM>    stream toppar/toppar_all36_nano_lig.str
 VOPEN> Attempting to open::toppar/toppar_all36_nano_lig.str::
 OPNLGU> Unit 98 opened for READONLY access to toppar/toppar_all36_nano_lig.str

                    INPUT STREAM SWITCHING TO UNIT    98
 RDTITL> READ RTF CARD APPEND
 RDTITL> No title read.
 Parameter: IN1 <- "" <empty>
  
 CHARMM>    read rtf card append
 MAINIO> Residue topology file being read from unit  98.
 RDTITL> * TOPOLOGY FOR NANO-LIGAND
 RDTITL> *
  
 CHARMM>     
  
 CHARMM>    read param card flex append

          PARAMETER FILE BEING READ FROM UNIT 98
 RDTITL> * SYNTHETIC POLYMER PARAMETER
 RDTITL> *
 PARMIO> NONBOND, HBOND lists and IMAGE atoms cleared.
  
 CHARMM>    RETURN
 VCLOSE: Closing unit   98 with status "KEEP"

                    RETURNING TO INPUT STREAM    99
  
 CHARMM>    stream toppar/toppar_all36_nano_lig_patch.str
 VOPEN> Attempting to open::toppar/toppar_all36_nano_lig_patch.str::
 OPNLGU> Unit 98 opened for READONLY access to toppar/toppar_all36_nano_lig_patch.str

                    INPUT STREAM SWITCHING TO UNIT    98
 RDTITL> READ RTF CARD APPEND
 RDTITL> No title read.
 Parameter: IN1 <- "" <empty>
  
 CHARMM>    read rtf card append
 MAINIO> Residue topology file being read from unit  98.
 RDTITL> * TOPOLOGY FOR SYNTHETIC_POLYMER
 RDTITL> *
  
 CHARMM>    RETURN
 VCLOSE: Closing unit   98 with status "KEEP"

                    RETURNING TO INPUT STREAM    99
  
 CHARMM>     
  
 CHARMM>    ! Additional topologies and parameters for synthetic polymer
 CHARMM>    stream toppar/toppar_all36_synthetic_polymer.str
 VOPEN> Attempting to open::toppar/toppar_all36_synthetic_polymer.str::
 OPNLGU> Unit 98 opened for READONLY access to toppar/toppar_all36_synthetic_polymer.str

                    INPUT STREAM SWITCHING TO UNIT    98
 RDTITL> READ RTF CARD APPEND
 RDTITL> No title read.
 Parameter: IN1 <- "" <empty>
  
 CHARMM>    read rtf card append
 MAINIO> Residue topology file being read from unit  98.
 RDTITL> * TOPOLOGY FOR SYNTHETIC_POLYMER
 RDTITL> *
  
 CHARMM>     
  
 CHARMM>    read param card flex append

          PARAMETER FILE BEING READ FROM UNIT 98
 RDTITL> * SYNTHETIC POLYMER PARAMETER
 RDTITL> *
 PARMIO> NONBOND, HBOND lists and IMAGE atoms cleared.
  
 CHARMM>    RETURN
 VCLOSE: Closing unit   98 with status "KEEP"

                    RETURNING TO INPUT STREAM    99
  
 CHARMM>    stream toppar/toppar_all36_synthetic_polymer_patch.str
 VOPEN> Attempting to open::toppar/toppar_all36_synthetic_polymer_patch.str::
 OPNLGU> Unit 98 opened for READONLY access to toppar/toppar_all36_synthetic_polymer_patch.str

                    INPUT STREAM SWITCHING TO UNIT    98
 RDTITL> READ RTF CARD APPEND
 RDTITL> No title read.
 Parameter: IN1 <- "" <empty>
  
 CHARMM>    read rtf card append
 MAINIO> Residue topology file being read from unit  98.
 RDTITL> * TOPOLOGY FOR SYNTHETIC_POLYMER
 RDTITL> *
  
 CHARMM>     
  
 CHARMM>    return
 VCLOSE: Closing unit   98 with status "KEEP"

                    RETURNING TO INPUT STREAM    99
  
 CHARMM>    stream toppar/toppar_all36_polymer_solvent.str
 VOPEN> Attempting to open::toppar/toppar_all36_polymer_solvent.str::
 OPNLGU> Unit 98 opened for READONLY access to toppar/toppar_all36_polymer_solvent.str

                    INPUT STREAM SWITCHING TO UNIT    98
 RDTITL> READ RTF CARD APPEND
 RDTITL> No title read.
 Parameter: IN1 <- "" <empty>
  
 CHARMM>    read rtf card append
 MAINIO> Residue topology file being read from unit  98.
 RDTITL> * TOPOLOGY FOR SYNTHETIC_POLYMER
 RDTITL> *
  
 CHARMM>    read param card flex append

          PARAMETER FILE BEING READ FROM UNIT 98
 RDTITL> * SYNTHETIC POLYMER PARAMETER
 RDTITL> *
 PARMIO> NONBOND, HBOND lists and IMAGE atoms cleared.
  
 CHARMM>     
  
 CHARMM>    RETURN
 VCLOSE: Closing unit   98 with status "KEEP"

                    RETURNING TO INPUT STREAM    99
  
 CHARMM>     
  
 CHARMM>    ! Additional topologies and parameters for water and ions
 CHARMM>    stream toppar/toppar_water_ions.str
 VOPEN> Attempting to open::toppar/toppar_water_ions.str::
 OPNLGU> Unit 98 opened for READONLY access to toppar/toppar_water_ions.str

                    INPUT STREAM SWITCHING TO UNIT    98
 RDTITL> * TOPLOGY AND PARAMETER INFORMATION FOR WATER AND IONS.
 RDTITL> *
 Parameter: IN1 <- "" <empty>
  
 CHARMM>     
  
 CHARMM>    !Testcase
 CHARMM>    !test_water_ions.inp
 CHARMM>     
  
 CHARMM>    ! IMPORTANT NOTE: this file contains NBFixes between carboxylates and sodium,
 CHARMM>    ! which will only apply if the main files containing carboxylate atom types
 CHARMM>    ! have been read in first!
 CHARMM>     
  
 CHARMM>    !references
 CHARMM>    !
 CHARMM>    !TIP3P water model
 CHARMM>    !
 CHARMM>    !W.L. Jorgensen; J.Chandrasekhar; J.D. Madura; R.W. Impey;
 CHARMM>    !M.L. Klein; "Comparison of simple potential functions for
 CHARMM>    !simulating liquid water", J. Chem. Phys. 79 926-935 (1983).
 CHARMM>    !
 CHARMM>    !IONS
 CHARMM>    !
 CHARMM>    !Ions from Roux and coworkers
 CHARMM>    !
 CHARMM>    !Beglov, D. and Roux, B., Finite Representation of an Infinite
 CHARMM>    !Bulk System: Solvent Boundary Potential for Computer Simulations,
 CHARMM>    !Journal of Chemical Physics, 1994, 100: 9050-9063
 CHARMM>    !
 CHARMM>    !ZINC
 CHARMM>    !
 CHARMM>    !Stote, R.H. and Karplus, M. Zinc Binding in Proteins and
 CHARMM>    !Solution: A Simple but Accurate Nonbonded Representation, PROTEINS:
 CHARMM>    !Structure, Function, and Genetics 23:12-31 (1995)
 CHARMM>     
  
 CHARMM>    !test "append" to determine if previous toppar files have been read and
 CHARMM>    !add append to "read rtf card" if true
 CHARMM>    set nat ?NATC
 RDCMND substituted energy or value "?NATC" to "468"
 Parameter: NAT <- "468"
  
 CHARMM>    set app
 Parameter: APP <- "" <empty>
  
 CHARMM>    !We're exploiting what is arguably a bug in the parser. On the left hand side,
 CHARMM>    !the quotes have priority, so NAT is correctly substituted. On the right hand
 CHARMM>    !side, the ? has priority and NATC" (sic) is not a valid substitution...
 CHARMM>    if "@NAT" ne "?NATC" if @nat ne 0 set app append
 Parameter: NAT -> "468"
 Parameter: NAT -> "468"
 RDCMND: can not substitute energy "?NATC""
 Comparing ""468"" and ""?NATC"".
 IF test evaluated as true.  Performing command
 Comparing "468" and "0".
 IF test evaluated as true.  Performing command
 Parameter: APP <- "APPEND"
  
 CHARMM>     
  
 CHARMM>    read rtf card @app
 Parameter: APP -> "APPEND"
 MAINIO> Residue topology file being read from unit  98.
 RDTITL> * TOPOLOGY FOR WATER AND IONS
 RDTITL> *
  
 CHARMM>     
  
 CHARMM>    read para card flex @app
 Parameter: APP -> "APPEND"

          PARAMETER FILE BEING READ FROM UNIT 98
 RDTITL> * PARAMETERS FOR WATER AND IONS
 RDTITL> *
 PARMIO> NONBOND, HBOND lists and IMAGE atoms cleared.
  
 CHARMM>     
  
 CHARMM>    ! The following section contains NBFixes for sodium interacting with
 CHARMM>    ! carboxylate oxygens of various CHARMM force fields. It will generate
 CHARMM>    ! level -1 warnings whenever any of these force fields have not been
 CHARMM>    ! read prior to the current stream file. Since we don't want to force
 CHARMM>    ! the user to always read all the force fields, we're suppressing the
 CHARMM>    ! warnings. The only side effect is that you will have "most severe
 CHARMM>    ! warning was at level 0" at the end of your output. Also note that
 CHARMM>    ! the user is responsible for reading the current file last if they
 CHARMM>    ! want the NBFixes to apply. A more elegant solution would require new
 CHARMM>    ! features to be added to CHARMM.
 CHARMM>    ! parallel fix, to avoid duplicated messages in the log
 CHARMM>    set para
 Parameter: PARA <- "" <empty>
  
 CHARMM>    if ?NUMNODE gt 1 set para node 0
 RDCMND substituted energy or value "?NUMNODE" to "1"
 Comparing "1" and "1".
 IF test evaluated as false.  Skipping command
  
 CHARMM>     
  
 CHARMM>    set wrn ?WRNLEV
 RDCMND substituted energy or value "?WRNLEV" to "5"
 Parameter: WRN <- "5"
  
 CHARMM>    ! Some versions of CHARMM don't seem to initialize wrnlev...
 CHARMM>    if "@WRN" eq "?WRNLEV" set wrn 5
 Parameter: WRN -> "5"
 RDCMND: can not substitute energy "?WRNLEV""
 Comparing ""5"" and ""?WRNLEV"".
 IF test evaluated as false.  Skipping command
  
 CHARMM>    set bom ?bomlev
 RDCMND substituted energy or value "?BOMLEV" to "0"
 Parameter: BOM <- "0"
  
 CHARMM>    WRNLEV -1 @PARA
 Parameter: PARA -> "" <empty>
  
 CHARMM>    BOMLEV -1 @PARA
 Parameter: PARA -> "" <empty>
  
 CHARMM>    read para card flex append

          PARAMETER FILE BEING READ FROM UNIT 98
 RDTITL> * NBFIX BETWEEN CARBOXYLATE AND SODIUM
 RDTITL> *
 PARMIO> NONBOND, HBOND lists and IMAGE atoms cleared.
  
 CHARMM>    BOMLEV @bom @PARA
 Parameter: BOM -> "0"
 Parameter: PARA -> "" <empty>
  
 CHARMM>    WRNLEV @wrn @PARA
 Parameter: WRN -> "5"
 Parameter: PARA -> "" <empty>
  
 CHARMM>     
  
 CHARMM>    return
 VCLOSE: Closing unit   98 with status "KEEP"

                    RETURNING TO INPUT STREAM    99
  
 CHARMM>    stream toppar/toppar_dum_noble_gases.str
 VOPEN> Attempting to open::toppar/toppar_dum_noble_gases.str::
 OPNLGU> Unit 98 opened for READONLY access to toppar/toppar_dum_noble_gases.str

                    INPUT STREAM SWITCHING TO UNIT    98
 RDTITL> * TOPLOGY AND PARAMETER INFORMATION FOR HELIUM, NEON AND A DUMMY ATOM.
 RDTITL> *
 Parameter: IN1 <- "" <empty>
  
 CHARMM>     
  
 CHARMM>    !Testcase
 CHARMM>    !test_dum_nobel_gases.inp
 CHARMM>     
  
 CHARMM>    !test "append" to determine if previous	toppar files have been read and
 CHARMM>    !add append to "read rtf card" if true
 CHARMM>    set nat ?NATC
 RDCMND substituted energy or value "?NATC" to "485"
 Parameter: NAT <- "485"
  
 CHARMM>    set app
 Parameter: APP <- "" <empty>
  
 CHARMM>    !We're exploiting what is arguably a bug in the parser. On the left hand side,
 CHARMM>    !the quotes have proirity, so NAT is correctly substituted. On the right hand
 CHARMM>    !side, the ? has priority and NATC" (sic) is not a valid substitution...
 CHARMM>    if "@NAT" ne "?NATC" if @nat ne 0 set app append
 Parameter: NAT -> "485"
 Parameter: NAT -> "485"
 RDCMND: can not substitute energy "?NATC""
 Comparing ""485"" and ""?NATC"".
 IF test evaluated as true.  Performing command
 Comparing "485" and "0".
 IF test evaluated as true.  Performing command
 Parameter: APP <- "APPEND"
  
 CHARMM>     
  
 CHARMM>    read rtf card @app
 Parameter: APP -> "APPEND"
 MAINIO> Residue topology file being read from unit  98.
 RDTITL> * TOPOLOGY FOR HELIUM, NEON AND A DUMMY ATOM.
 RDTITL> *
  
 CHARMM>     
  
 CHARMM>    read para card flex @app
 Parameter: APP -> "APPEND"

          PARAMETER FILE BEING READ FROM UNIT 98
 RDTITL> * PARAMETERS FOR HELIUM, NEON AND A DUMMY ATOM.
 RDTITL> *
 PARMIO> NONBOND, HBOND lists and IMAGE atoms cleared.
  
 CHARMM>     
  
 CHARMM>    return
 VCLOSE: Closing unit   98 with status "KEEP"

                    RETURNING TO INPUT STREAM    99
  
 CHARMM>    stream toppar/toppar_ions_won.str
 VOPEN> Attempting to open::toppar/toppar_ions_won.str::
 OPNLGU> Unit 98 opened for READONLY access to toppar/toppar_ions_won.str

                    INPUT STREAM SWITCHING TO UNIT    98
 RDTITL> * TOP_IONS_WON.STR: GENERAL MODEL FOR MONO-, DI-, AND TRIVALENT CATIONS
 RDTITL> *
 Parameter: IN1 <- "" <empty>
  
 CHARMM>     
  
 CHARMM>    !This is a comprehensive set of ions developed using stochastic boundary
 CHARMM>    !conditions. It is strongly recommended that ion parameters in
 CHARMM>    !toppar_water_ions.str be used if available, as they are more highly
 CHARMM>    !optimized.  Accordingly, those ions have been commented in this
 CHARMM>    !file.
 CHARMM>    !
 CHARMM>    !reference
 CHARMM>    !Won, Y., "Force Field for Monovalent, Divalent, and Trivalent Cations
 CHARMM>    !Developed under the Solvent Boundary Potential," Journal of Physical
 CHARMM>    !Chemistry A., 116: 11763-11767, 2012.
 CHARMM>     
  
 CHARMM>     
  
 CHARMM>    !test "append" to determine if previous toppar files have been read and
 CHARMM>    !add append to "read rtf card" if true
 CHARMM>    set nat ?NATC
 RDCMND substituted energy or value "?NATC" to "488"
 Parameter: NAT <- "488"
  
 CHARMM>    set app
 Parameter: APP <- "" <empty>
  
 CHARMM>    !We're exploiting what is arguably a bug in the parser. On the left hand side,
 CHARMM>    !the quotes have priority, so NAT is correctly substituted. On the right hand
 CHARMM>    !side, the ? has priority and NATC" (sic) is not a valid substitution...
 CHARMM>    if "@NAT" ne "?NATC" if @nat ne 0 set app append
 Parameter: NAT -> "488"
 Parameter: NAT -> "488"
 RDCMND: can not substitute energy "?NATC""
 Comparing ""488"" and ""?NATC"".
 IF test evaluated as true.  Performing command
 Comparing "488" and "0".
 IF test evaluated as true.  Performing command
 Parameter: APP <- "APPEND"
  
 CHARMM>     
  
 CHARMM>    read rtf card @app
 Parameter: APP -> "APPEND"
 MAINIO> Residue topology file being read from unit  98.
 RDTITL> * TOPOLOGY FOR WATER AND IONS
 RDTITL> *
  
 CHARMM>     
  
 CHARMM>    read para card flex @app
 Parameter: APP -> "APPEND"

          PARAMETER FILE BEING READ FROM UNIT 98
 RDTITL> * PAR_CATION.PRM FOR MONO-, DI-, AND TRIVALENT CATIONS
 RDTITL> *
 PARMIO> NONBOND, HBOND lists and IMAGE atoms cleared.
  
 VCLOSE: Closing unit   98 with status "KEEP"

                    RETURNING TO INPUT STREAM    99
  
 CHARMM>    stream toppar/cam.str
 VOPEN> Attempting to open::toppar/cam.str::
 OPNLGU> Unit 98 opened for READONLY access to toppar/cam.str

                    INPUT STREAM SWITCHING TO UNIT    98
 RDTITL> READ RTF CARD APPEND
 RDTITL> No title read.
 Parameter: IN1 <- "" <empty>
  
 CHARMM>    read rtf card append
 MAINIO> Residue topology file being read from unit  98.
 RDTITL> * TOPOLOGY GENERATED BY PARMED
 RDTITL> *

      ***** LEVEL  1 WARNING FROM <rtfrdr> *****
      ***** No AUTOgen defaults specified in appended RTF. Potential conflict with prior RTF autogen options. Check.
      ******************************************
      BOMLEV (  0) IS NOT REACHED. WRNLEV IS  5

  
 CHARMM>     
  
 CHARMM>    read para card flex append

          PARAMETER FILE BEING READ FROM UNIT 98
 RDTITL> * PARAMETERS GENERATED BY PARMED
 RDTITL> *
 PARMIO> NONBOND, HBOND lists and IMAGE atoms cleared.
  
 CHARMM>     
  
 CHARMM>    ! The following section contains NBFixes for CAM interacting with
 CHARMM>    ! water.
 CHARMM>    set para
 Parameter: PARA <- "" <empty>
  
 CHARMM>    if ?NUMNODE gt 1 set para node 0
 RDCMND substituted energy or value "?NUMNODE" to "1"
 Comparing "1" and "1".
 IF test evaluated as false.  Skipping command
  
 CHARMM>     
  
 CHARMM>    set wrn ?WRNLEV
 RDCMND substituted energy or value "?WRNLEV" to "5"
 Parameter: WRN <- "5"
  
 CHARMM>    ! Some versions of CHARMM don't seem to initialize wrnlev...
 CHARMM>    if "@WRN" eq "?WRNLEV" set wrn 5
 Parameter: WRN -> "5"
 RDCMND: can not substitute energy "?WRNLEV""
 Comparing ""5"" and ""?WRNLEV"".
 IF test evaluated as false.  Skipping command
  
 CHARMM>    set bom ?bomlev
 RDCMND substituted energy or value "?BOMLEV" to "0"
 Parameter: BOM <- "0"
  
 CHARMM>    WRNLEV -1 @PARA
 Parameter: PARA -> "" <empty>
  
 CHARMM>    BOMLEV -1 @PARA
 Parameter: PARA -> "" <empty>
  
 CHARMM>     
  
 CHARMM>    read para card flex append

          PARAMETER FILE BEING READ FROM UNIT 98
 RDTITL> * NBFIX BETWEEN CAM AND WATER
 RDTITL> *
 PARMIO> NONBOND, HBOND lists and IMAGE atoms cleared.
  
 CHARMM>    BOMLEV @bom @PARA
 Parameter: BOM -> "0"
 Parameter: PARA -> "" <empty>
  
 CHARMM>    WRNLEV @wrn @PARA
 Parameter: WRN -> "5"
 Parameter: PARA -> "" <empty>
  
 CHARMM>     
  
 CHARMM>    return
 VCLOSE: Closing unit   98 with status "KEEP"

                    RETURNING TO INPUT STREAM    99
  
 CHARMM>     
  
 CHARMM>    ! Additional topologies and parameters for protein
 CHARMM>    stream toppar/toppar_all36_prot_arg0.str
 VOPEN> Attempting to open::toppar/toppar_all36_prot_arg0.str::
 OPNLGU> Unit 98 opened for READONLY access to toppar/toppar_all36_prot_arg0.str

                    INPUT STREAM SWITCHING TO UNIT    98
 RDTITL> *>>>>>> ALL-HYDROGEN TOPOLOGY FOR NEUTRAL ARG <<<<<<<<<<<<<<<<<<<<
 RDTITL> *>>>>>>>>>>>>>>>>>>>>>>> 2007 <<<<<<<<<<<<<<<<<<<<<<<<<<<<<<<<<<<<
 RDTITL> *>>>>>>>> DIRECT COMMENTS TO ALEXANDER D. MACKERELL JR. <<<<<<<<<<
 RDTITL> *>>>>>>>>>>>>>>> PARAMETER FORUM, WWW.CHARMM.ORG <<<<<<<<<<<<<<<<<
 RDTITL> *
 Parameter: IN1 <- "" <empty>
  
 CHARMM>     
  
 CHARMM>    ! Atom names include "R" (for Arg) as the second letter. The
 CHARMM>    ! only other atom types in the additive FF with this second
 CHARMM>    ! letter are histidine [HN]R[123] in the protein FF and CRL[12]
 CHARMM>    ! in toppar_all36_lipid_cholesterol.str , so no more conflicts.
 CHARMM>     
  
 CHARMM>    !Parent files that have to be read prior to streaming this file
 CHARMM>    !top_all36_prot.rtf
 CHARMM>    !par_all36_prot.rtf
 CHARMM>    !
 CHARMM>    !Testcase
 CHARMM>    !test_all36_prot_arg0.inp
 CHARMM>     
  
 CHARMM>    !Li, L., Vorobyov, I.V., MacKerell, Jr., A.D., Allen, T.W., "Is
 CHARMM>    !arginine charged in a membrane?" Biophysical Journal, 94: L11-L13,
 CHARMM>    !2008, PMCID: PMC2157258
 CHARMM>     
  
 CHARMM>    read rtf card append
 MAINIO> Residue topology file being read from unit  98.
 RDTITL> * TOPOLOGY FOR PROTEIN RELATED MODEL COMPOUNDS
 RDTITL> *
*** WARNING **** residue MGU1 already exists (old one deleted)

      ***** LEVEL  1 WARNING FROM <RTFRDR> *****
      ***** Residue already exists.
      ******************************************
      BOMLEV (  0) IS NOT REACHED. WRNLEV IS  5

          RESI MGU1          0.00
*** WARNING **** residue MGU2 already exists (old one deleted)

      ***** LEVEL  1 WARNING FROM <RTFRDR> *****
      ***** Residue already exists.
      ******************************************
      BOMLEV (  0) IS NOT REACHED. WRNLEV IS  5

          RESI MGU2          0.00
 There were   2 warning(s) from RTFRDR.
  
 CHARMM>     
  
 CHARMM>    read param card flex append

          PARAMETER FILE BEING READ FROM UNIT 98
 RDTITL>  
 RDTITL> No title read.
 PARMIO> NONBOND, HBOND lists and IMAGE atoms cleared.
  
 CHARMM>     
  
 CHARMM>    return
 VCLOSE: Closing unit   98 with status "KEEP"

                    RETURNING TO INPUT STREAM    99
  
 CHARMM>    stream toppar/toppar_all36_prot_c36m_d_aminoacids.str
 VOPEN> Attempting to open::toppar/toppar_all36_prot_c36m_d_aminoacids.str::
 OPNLGU> Unit 98 opened for READONLY access to toppar/toppar_all36_prot_c36m_d_aminoacids.str

                    INPUT STREAM SWITCHING TO UNIT    98
 RDTITL> *>>>>>>CHARMM36 ALL-HYDROGEN TOPPAR FILE FOR D-PROTEINS <<<<<<<
 RDTITL> *>>>>>>>>>>>>>>>>>>>>>>>>>> JAN. 2016 <<<<<<<<<<<<<<<<<<<<<<<<<<<<
 RDTITL> * ALL COMMENTS TO THE CHARMM WEB SITE: WWW.CHARMM.ORG
 RDTITL> *             PARAMETER SET DISCUSSION FORUM
 RDTITL> *
 Parameter: IN1 <- "" <empty>
  
 CHARMM>     
  
 CHARMM>    !update 2016/2. use directly inverted CMAPs
 CHARMM>     
  
 CHARMM>    !toppar stream file for D-amino acids. Includes new residue
 CHARMM>    !names, inverted CMAP and additional parameters.
 CHARMM>     
  
 CHARMM>    !Parent files that have to be read prior to streaming this file
 CHARMM>    !top_all36_prot.rtf
 CHARMM>    !par_all36m_prot.prm
 CHARMM>    !
 CHARMM>    !Testcase
 CHARMM>    !test_all36_d_amino_acid.inp
 CHARMM>     
  
 CHARMM>    !test "append" to determine if previous toppar files have been read and
 CHARMM>    !add append to "read rtf card" if true
 CHARMM>    set nat ?NATC
 RDCMND substituted energy or value "?NATC" to "554"
 Parameter: NAT <- "554"
  
 CHARMM>    set app
 Parameter: APP <- "" <empty>
  
 CHARMM>    !We're exploiting what is arguably a bug in the parser. On the left hand side,
 CHARMM>    !the quotes have priority, so NAT is correctly substituted. On the right hand
 CHARMM>    !side, the ? has priority and NATC" (sic) is not a valid substitution...
 CHARMM>    if "@NAT" ne "?NATC" if @nat ne 0 set app append
 Parameter: NAT -> "554"
 Parameter: NAT -> "554"
 RDCMND: can not substitute energy "?NATC""
 Comparing ""554"" and ""?NATC"".
 IF test evaluated as true.  Performing command
 Comparing "554" and "0".
 IF test evaluated as true.  Performing command
 Parameter: APP <- "APPEND"
  
 CHARMM>     
  
 CHARMM>    read rtf card @app
 Parameter: APP -> "APPEND"
 MAINIO> Residue topology file being read from unit  98.
 RDTITL> * TOPOLOGY FOR D- AMINOACIDS
 RDTITL> *
  
 CHARMM>     
  
 CHARMM>    read para card flex @app
 Parameter: APP -> "APPEND"

          PARAMETER FILE BEING READ FROM UNIT 98
 RDTITL> * PARAMETERS FOR D- AMINOACIDS
 RDTITL> *
 PARMIO> NONBOND, HBOND lists and IMAGE atoms cleared.
  
 VCLOSE: Closing unit   98 with status "KEEP"

                    RETURNING TO INPUT STREAM    99
  
 CHARMM>    stream toppar/toppar_all36_prot_fluoro_alkanes.str
 VOPEN> Attempting to open::toppar/toppar_all36_prot_fluoro_alkanes.str::
 OPNLGU> Unit 98 opened for READONLY access to toppar/toppar_all36_prot_fluoro_alkanes.str

                    INPUT STREAM SWITCHING TO UNIT    98
 RDTITL> * TOPOLOGY AND PARAMETERS FOR FLUORINATED ALKANES.
 RDTITL> *
 Parameter: IN1 <- "" <empty>
  
 CHARMM>     
  
 CHARMM>    !These parameters are maintained for historic reasons.  The CGenFF
 CHARMM>    !halogen parameters are a significant improvement over these
 CHARMM>    !parameters.
 CHARMM>     
  
 CHARMM>    !Parent files that have to be read prior to streaming this file
 CHARMM>    !top_all36_prot.rtf
 CHARMM>    !par_all36_prot.prm
 CHARMM>     
  
 CHARMM>    !Testcase
 CHARMM>    !test_all36_prot_fluoro_alkanes.inp
 CHARMM>     
  
 CHARMM>    !Reference
 CHARMM>    !Chen, I.-J., Yin, D. and MacKerell, Jr., A.D., "Combined Ab
 CHARMM>    !initio/Empirical Approach for Optimization of Lennard-Jones Parameters
 CHARMM>    !for Polar-Neutral Compounds," Journal of Computational Chemistry,
 CHARMM>    !2002, 23:199-213.
 CHARMM>    !
 CHARMM>    !Note that these parameters are higly optimized to reproduce the
 CHARMM>    !corresponding condensed phase properties and have not been incorporated
 CHARMM>    !into the CHARMM22 or CHARMM27 biomolecular force fields
 CHARMM>     
  
 CHARMM>    read rtf card append
 MAINIO> Residue topology file being read from unit  98.
 RDTITL> * TOPOLOGY FOR FLUOROALKANES
 RDTITL> *
*** WARNING **** residue ETHA already exists (old one deleted)

      ***** LEVEL  1 WARNING FROM <RTFRDR> *****
      ***** Residue already exists.
      ******************************************
      BOMLEV (  0) IS NOT REACHED. WRNLEV IS  5

          RESI ETHA  0.0
*** WARNING **** residue FETH already exists (old one deleted)

      ***** LEVEL  1 WARNING FROM <RTFRDR> *****
      ***** Residue already exists.
      ******************************************
      BOMLEV (  0) IS NOT REACHED. WRNLEV IS  5

          RESI FETH  0.0
*** WARNING **** residue DFET already exists (old one deleted)

      ***** LEVEL  1 WARNING FROM <RTFRDR> *****
      ***** Residue already exists.
      ******************************************
      BOMLEV (  0) IS NOT REACHED. WRNLEV IS  5

          RESI DFET 0.0
*** WARNING **** residue TFET already exists (old one deleted)

      ***** LEVEL  1 WARNING FROM <RTFRDR> *****
      ***** Residue already exists.
      ******************************************
      BOMLEV (  0) IS NOT REACHED. WRNLEV IS  5

          RESI TFET  0.0
*** WARNING **** residue TFE  already exists (old one deleted)

      ***** LEVEL  1 WARNING FROM <RTFRDR> *****
      ***** Residue already exists.
      ******************************************
      BOMLEV (  0) IS NOT REACHED. WRNLEV IS  5

          RESI TFE   0.0
 There were   5 warning(s) from RTFRDR.
  
 CHARMM>     
  
 CHARMM>    read para card flex append

          PARAMETER FILE BEING READ FROM UNIT 98
 RDTITL> * FLUOROALKANE PARAMETERS
 RDTITL> *
 PARMIO> NONBOND, HBOND lists and IMAGE atoms cleared.
  
 CHARMM>     
  
 CHARMM>    return
 VCLOSE: Closing unit   98 with status "KEEP"

                    RETURNING TO INPUT STREAM    99
  
 CHARMM>    stream toppar/toppar_all36_prot_heme.str
 VOPEN> Attempting to open::toppar/toppar_all36_prot_heme.str::
 OPNLGU> Unit 98 opened for READONLY access to toppar/toppar_all36_prot_heme.str

                    INPUT STREAM SWITCHING TO UNIT    98
 RDTITL> * TOPOLOGY AND PARAMETER STREAM FILE FOR HEME AND RELATED
 RDTITL> * LIGANDS AND PATCHES.
 RDTITL> *
 Parameter: IN1 <- "" <empty>
  
 CHARMM>     
  
 CHARMM>    !updated 2016/2, allow for use of AUTOGENERATE ANGLE DIHEDRAl PATCH
 CHARMM>     
  
 CHARMM>    !Parent files that have to be read prior to streaming this file
 CHARMM>    !top_all36_prot.rtf
 CHARMM>    !par_all36_prot.prm
 CHARMM>     
  
 CHARMM>    !Testcase
 CHARMM>    !test_all36_prot_heme.inp
 CHARMM>     
  
 CHARMM>    read rtf card append
 MAINIO> Residue topology file being read from unit  98.
 RDTITL> * TOPOLOGY FOR HEME AND RELATED COMPOUNDS AND PATCHES
 RDTITL> *
*** WARNING **** residue CO2  already exists (old one deleted)

      ***** LEVEL  1 WARNING FROM <RTFRDR> *****
      ***** Residue already exists.
      ******************************************
      BOMLEV (  0) IS NOT REACHED. WRNLEV IS  5

          RESI CO2             0.00
 There were   1 warning(s) from RTFRDR.
  
 CHARMM>     
  
 CHARMM>    read para card flex append

          PARAMETER FILE BEING READ FROM UNIT 98
 RDTITL> * ADDITIONAL PARAMETERS FOR HEME
 RDTITL> *
 PARMIO> NONBOND, HBOND lists and IMAGE atoms cleared.
  
 CHARMM>     
  
 CHARMM>    return
 VCLOSE: Closing unit   98 with status "KEEP"

                    RETURNING TO INPUT STREAM    99
  
 CHARMM>    stream toppar/toppar_all36_prot_heme_pcy.str
 VOPEN> Attempting to open::toppar/toppar_all36_prot_heme_pcy.str::
 OPNLGU> Unit 98 opened for READONLY access to toppar/toppar_all36_prot_heme_pcy.str

                    INPUT STREAM SWITCHING TO UNIT    98
 RDTITL> * TOPOLOGY AND PARAMETER STREAM FILE FOR HEME AND RELATED
 RDTITL> * LIGANDS AND PATCHES, WRITTEN BY SANGJUN PARK
 RDTITL> *
 Parameter: IN1 <- "" <empty>
  
 CHARMM>     
  
 CHARMM>    read rtf card append
 MAINIO> Residue topology file being read from unit  98.
 RDTITL> * TOPOLOGY FOR HEME AND RELATED COMPOUNDS AND PATCHES
 RDTITL> *
 **** WARNING from RTFRDR **** The total charge of the residue, PCY1,  -0.0700000,
 does not equal the expected charge,   0.0000000.
          PRES PCY2         0.00
 **** WARNING from RTFRDR **** The total charge of the residue, PCY2,  -0.0700000,
 does not equal the expected charge,   0.0000000.
 There were   2 warning(s) from RTFRDR.
  
 CHARMM>     
  
 CHARMM>    read para card flex append

          PARAMETER FILE BEING READ FROM UNIT 98
 RDTITL> * ADDITIONAL PARAMETERS FOR HEME
 RDTITL> *
 PARMIO> NONBOND, HBOND lists and IMAGE atoms cleared.
  
 CHARMM>     
  
 CHARMM>    return
 VCLOSE: Closing unit   98 with status "KEEP"

                    RETURNING TO INPUT STREAM    99
  
 CHARMM>    stream toppar/toppar_all36_prot_na_combined.str
 VOPEN> Attempting to open::toppar/toppar_all36_prot_na_combined.str::
 OPNLGU> Unit 98 opened for READONLY access to toppar/toppar_all36_prot_na_combined.str

                    INPUT STREAM SWITCHING TO UNIT    98
 RDTITL> * TOPOLOGY AND PARAMETER STREAM FILE FOR PATCHES TO CREATE
 RDTITL> * MODEL COMPOUNDS AND PATCHES THAT REQUIRE BOTH PROTEIN AND
 RDTITL> * NUCLEIC ACID TOPOLOGY AND PARAMETER INFORMATION
 RDTITL> *
 Parameter: IN1 <- "" <empty>
  
 CHARMM>     
  
 CHARMM>    !Parent files that have to be read prior to streaming this file
 CHARMM>    !top_all36_prot.rtf
 CHARMM>    !par_all36_prot.prm
 CHARMM>    !top_all36_na.rtf
 CHARMM>    !par_all36_na.prm
 CHARMM>    !stream/toppar_all36_prot_fluoro_alkanes.str ! atom types an parameters for fluorinated compounds
 CHARMM>     
  
 CHARMM>    !Testcase
 CHARMM>    !test_all36_prot_na_combined.inp
 CHARMM>     
  
 CHARMM>    !all patches must be followed by AUTOGENERATE ANGLES DIHEDRALS
 CHARMM>     
  
 CHARMM>    !PHOSPHOTYROSINE
 CHARMM>    !
 CHARMM>    !Feng, M.-H., Philippopoulos, M., MacKerell, Jr., A.D. and Lim, C.
 CHARMM>    !Structural Characterization of the Phosphotyrosine Binding Region of a
 CHARMM>    !High-Affinity aSH2 Domain-Phosphopeptide Complex by Molecular Dynamics
 CHARMM>    !Simulation and Chemical Shift Calculations. Journal of the American
 CHARMM>    !Chemical Society, 1996, 118: 11265-11277.
 CHARMM>     
  
 CHARMM>    read rtf card append
 MAINIO> Residue topology file being read from unit  98.
 RDTITL> * TOPOLOGY FOR PHOSPHORYLATED AMINO ACIDS
 RDTITL> *
*** WARNING **** residue THFI already exists (old one deleted)

      ***** LEVEL  1 WARNING FROM <RTFRDR> *****
      ***** Residue already exists.
      ******************************************
      BOMLEV (  0) IS NOT REACHED. WRNLEV IS  5

          RESI THFI       0.00
*** WARNING **** residue THMI already exists (old one deleted)

      ***** LEVEL  1 WARNING FROM <RTFRDR> *****
      ***** Residue already exists.
      ******************************************
      BOMLEV (  0) IS NOT REACHED. WRNLEV IS  5

          RESI THMI       0.00
*** WARNING **** residue THFA already exists (old one deleted)

      ***** LEVEL  1 WARNING FROM <RTFRDR> *****
      ***** Residue already exists.
      ******************************************
      BOMLEV (  0) IS NOT REACHED. WRNLEV IS  5

          RESI THFA        0.00
*** WARNING **** residue THAO already exists (old one deleted)

      ***** LEVEL  1 WARNING FROM <RTFRDR> *****
      ***** Residue already exists.
      ******************************************
      BOMLEV (  0) IS NOT REACHED. WRNLEV IS  5

          RESI THAO         0.00
*** WARNING **** residue RNUS already exists (old one deleted)

      ***** LEVEL  1 WARNING FROM <RTFRDR> *****
      ***** Residue already exists.
      ******************************************
      BOMLEV (  0) IS NOT REACHED. WRNLEV IS  5

          RESI RNUS         0.00
*** WARNING **** residue NUCL already exists (old one deleted)

      ***** LEVEL  1 WARNING FROM <RTFRDR> *****
      ***** Residue already exists.
      ******************************************
      BOMLEV (  0) IS NOT REACHED. WRNLEV IS  5

          RESI NUCL        -1.00
*** WARNING **** residue PPH1 already exists (old one deleted)

      ***** LEVEL  1 WARNING FROM <RTFRDR> *****
      ***** Residue already exists.
      ******************************************
      BOMLEV (  0) IS NOT REACHED. WRNLEV IS  5

          RESI PPH1      -1.00
*** WARNING **** residue BMPH already exists (old one deleted)

      ***** LEVEL  1 WARNING FROM <RTFRDR> *****
      ***** Residue already exists.
      ******************************************
      BOMLEV (  0) IS NOT REACHED. WRNLEV IS  5

          RESI BMPH      -1.00
*** WARNING **** residue BMPD already exists (old one deleted)

      ***** LEVEL  1 WARNING FROM <RTFRDR> *****
      ***** Residue already exists.
      ******************************************
      BOMLEV (  0) IS NOT REACHED. WRNLEV IS  5

          RESI BMPD      -2.00
*** WARNING **** residue BDFP already exists (old one deleted)

      ***** LEVEL  1 WARNING FROM <RTFRDR> *****
      ***** Residue already exists.
      ******************************************
      BOMLEV (  0) IS NOT REACHED. WRNLEV IS  5

          RESI BDFP      -1.00
*** WARNING **** residue BDFD already exists (old one deleted)

      ***** LEVEL  1 WARNING FROM <RTFRDR> *****
      ***** Residue already exists.
      ******************************************
      BOMLEV (  0) IS NOT REACHED. WRNLEV IS  5

          RESI BDFD -2.00
*** WARNING **** residue EP_2 already exists (old one deleted)

      ***** LEVEL  1 WARNING FROM <RTFRDR> *****
      ***** Residue already exists.
      ******************************************
      BOMLEV (  0) IS NOT REACHED. WRNLEV IS  5

          RESI EP_2        -2.00
*** WARNING **** residue IP_2 already exists (old one deleted)

      ***** LEVEL  1 WARNING FROM <RTFRDR> *****
      ***** Residue already exists.
      ******************************************
      BOMLEV (  0) IS NOT REACHED. WRNLEV IS  5

          RESI IP_2        -2.00
 There were  13 warning(s) from RTFRDR.
  
 CHARMM>     
  
 CHARMM>    read para card flex append

          PARAMETER FILE BEING READ FROM UNIT 98
 RDTITL> * ADDITIONAL PARAMETERS FOR PHOSPHORYLATED AMINO ACIDS
 RDTITL> *
 PARMIO> NONBOND, HBOND lists and IMAGE atoms cleared.
  
 VCLOSE: Closing unit   98 with status "KEEP"

                    RETURNING TO INPUT STREAM    99
  
 CHARMM>    stream toppar/toppar_all36_prot_retinol.str
 VOPEN> Attempting to open::toppar/toppar_all36_prot_retinol.str::
 OPNLGU> Unit 98 opened for READONLY access to toppar/toppar_all36_prot_retinol.str

                    INPUT STREAM SWITCHING TO UNIT    98
 RDTITL> * TOPPAR STREAM FILE FOR RETINOL AND RETINAL PARAMETERS
 RDTITL> * A. LOCCISANO, A.M.W., J. EVANSECK AND A.D. MACKERELL, JR.
 RDTITL> * APRIL, 2005
 RDTITL> *
 Parameter: IN1 <- "" <empty>
  
 CHARMM>     
  
 CHARMM>    !use with c36 protein force fields
 CHARMM>    !top_all36_prot.rtf
 CHARMM>    !par_all36_prot.prm
 CHARMM>     
  
 CHARMM>    read rtf card append
 MAINIO> Residue topology file being read from unit  98.
 RDTITL> * RETINAL/RETINOL AND RELATED MODEL COMPOUNDS
 RDTITL> *
*** WARNING **** residue BTE2 already exists (old one deleted)

      ***** LEVEL  1 WARNING FROM <RTFRDR> *****
      ***** Residue already exists.
      ******************************************
      BOMLEV (  0) IS NOT REACHED. WRNLEV IS  5

          RESI BTE2       0.00
*** WARNING **** residue 13DB already exists (old one deleted)

      ***** LEVEL  1 WARNING FROM <RTFRDR> *****
      ***** Residue already exists.
      ******************************************
      BOMLEV (  0) IS NOT REACHED. WRNLEV IS  5

          RESI 13DB       0.00
*** WARNING **** residue 13DP already exists (old one deleted)

      ***** LEVEL  1 WARNING FROM <RTFRDR> *****
      ***** Residue already exists.
      ******************************************
      BOMLEV (  0) IS NOT REACHED. WRNLEV IS  5

          RESI 13DP       0.00
*** WARNING **** residue DMB1 already exists (old one deleted)

      ***** LEVEL  1 WARNING FROM <RTFRDR> *****
      ***** Residue already exists.
      ******************************************
      BOMLEV (  0) IS NOT REACHED. WRNLEV IS  5

          RESI DMB1       0.00
*** WARNING **** residue DMP1 already exists (old one deleted)

      ***** LEVEL  1 WARNING FROM <RTFRDR> *****
      ***** Residue already exists.
      ******************************************
      BOMLEV (  0) IS NOT REACHED. WRNLEV IS  5

          RESI DMP1       0.00
*** WARNING **** residue DMP2 already exists (old one deleted)

      ***** LEVEL  1 WARNING FROM <RTFRDR> *****
      ***** Residue already exists.
      ******************************************
      BOMLEV (  0) IS NOT REACHED. WRNLEV IS  5

          RESI DMP2       0.00
*** WARNING **** residue CROT already exists (old one deleted)

      ***** LEVEL  1 WARNING FROM <RTFRDR> *****
      ***** Residue already exists.
      ******************************************
      BOMLEV (  0) IS NOT REACHED. WRNLEV IS  5

          RESI CROT       0.00
*** WARNING **** residue PACP already exists (old one deleted)

      ***** LEVEL  1 WARNING FROM <RTFRDR> *****
      ***** Residue already exists.
      ******************************************
      BOMLEV (  0) IS NOT REACHED. WRNLEV IS  5

          RESI PACP       0.00
*** WARNING **** residue MECH already exists (old one deleted)

      ***** LEVEL  1 WARNING FROM <RTFRDR> *****
      ***** Residue already exists.
      ******************************************
      BOMLEV (  0) IS NOT REACHED. WRNLEV IS  5

          RESI MECH       0.00
*** WARNING **** residue TMCH already exists (old one deleted)

      ***** LEVEL  1 WARNING FROM <RTFRDR> *****
      ***** Residue already exists.
      ******************************************
      BOMLEV (  0) IS NOT REACHED. WRNLEV IS  5

          RESI TMCH       0.00
*** WARNING **** residue FRET already exists (old one deleted)

      ***** LEVEL  1 WARNING FROM <RTFRDR> *****
      ***** Residue already exists.
      ******************************************
      BOMLEV (  0) IS NOT REACHED. WRNLEV IS  5

          RESI FRET       0.00
*** WARNING **** residue RTOL already exists (old one deleted)

      ***** LEVEL  1 WARNING FROM <RTFRDR> *****
      ***** Residue already exists.
      ******************************************
      BOMLEV (  0) IS NOT REACHED. WRNLEV IS  5

          RESI RTOL       0.00
*** WARNING **** residue RTAL already exists (old one deleted)

      ***** LEVEL  1 WARNING FROM <RTFRDR> *****
      ***** Residue already exists.
      ******************************************
      BOMLEV (  0) IS NOT REACHED. WRNLEV IS  5

          RESI RTAL       0.00
*** WARNING **** residue RTAC already exists (old one deleted)

      ***** LEVEL  1 WARNING FROM <RTFRDR> *****
      ***** Residue already exists.
      ******************************************
      BOMLEV (  0) IS NOT REACHED. WRNLEV IS  5

          RESI RTAC      -1.00
*** WARNING **** residue PRAC already exists (old one deleted)

      ***** LEVEL  1 WARNING FROM <RTFRDR> *****
      ***** Residue already exists.
      ******************************************
      BOMLEV (  0) IS NOT REACHED. WRNLEV IS  5

          RESI PRAC      -1.00
*** WARNING **** residue PROL already exists (old one deleted)

      ***** LEVEL  1 WARNING FROM <RTFRDR> *****
      ***** Residue already exists.
      ******************************************
      BOMLEV (  0) IS NOT REACHED. WRNLEV IS  5

          RESI PROL       0.00
*** WARNING **** residue PRAL already exists (old one deleted)

      ***** LEVEL  1 WARNING FROM <RTFRDR> *****
      ***** Residue already exists.
      ******************************************
      BOMLEV (  0) IS NOT REACHED. WRNLEV IS  5

          RESI PRAL       0.00
*** WARNING **** residue SCH1 already exists (old one deleted)

      ***** LEVEL  1 WARNING FROM <RTFRDR> *****
      ***** Residue already exists.
      ******************************************
      BOMLEV (  0) IS NOT REACHED. WRNLEV IS  5

          RESI SCH1       0.00
*** WARNING **** residue SCH2 already exists (old one deleted)

      ***** LEVEL  1 WARNING FROM <RTFRDR> *****
      ***** Residue already exists.
      ******************************************
      BOMLEV (  0) IS NOT REACHED. WRNLEV IS  5

          RESI SCH2       1.00
*** WARNING **** residue SCH3 already exists (old one deleted)

      ***** LEVEL  1 WARNING FROM <RTFRDR> *****
      ***** Residue already exists.
      ******************************************
      BOMLEV (  0) IS NOT REACHED. WRNLEV IS  5

          RESI SCH3       1.00
 There were  20 warning(s) from RTFRDR.
  
 CHARMM>     
  
 CHARMM>    read para card flex append

          PARAMETER FILE BEING READ FROM UNIT 98
 RDTITL> * RETINAL/RETINOL AND RELATED PARAMETERS
 RDTITL> *
 PARMIO> NONBOND, HBOND lists and IMAGE atoms cleared.
  
 CHARMM>     
  
 VCLOSE: Closing unit   98 with status "KEEP"

                    RETURNING TO INPUT STREAM    99
  
 CHARMM>    stream toppar/toppar_all36_prot_model.str
 VOPEN> Attempting to open::toppar/toppar_all36_prot_model.str::
 OPNLGU> Unit 98 opened for READONLY access to toppar/toppar_all36_prot_model.str

                    INPUT STREAM SWITCHING TO UNIT    98
 RDTITL> *>> ALL-HYDROGEN TOPOLOGY FOR SMALL MODEL COMPOUNDS USED IN THE <<
 RDTITL> *>> DEVELOPMENT OF THE CHARMM22 PROTEIN ALL-HYDROGEN PARAMETERS <<
 RDTITL> *>>>>>>>>>>>>>>>>>>>>>>> JULY 1997 <<<<<<<<<<<<<<<<<<<<<<<<<<<<<<<
 RDTITL> *>>>>>>>> DIRECT COMMENTS TO ALEXANDER D. MACKERELL JR. <<<<<<<<<<
 RDTITL> *>>>>>>>>>>>>>>> PARAMETER FORUM, WWW.CHARMM.ORG <<<<<<<<<<<<<<<<<
 RDTITL> *CONVERTED TO STREAM FORMAT, DECEMBER 2003
 RDTITL> *CONVERTED TO CHARMM36 PROTEIN ATOM TYPES, MAY 2011
 RDTITL> *
 Parameter: IN1 <- "" <empty>
  
 CHARMM>     
  
 CHARMM>    !Parent files that have to be read prior to streaming this file
 CHARMM>    !top_all36_prot.rtf
 CHARMM>    !par_all36_prot.prm
 CHARMM>    !
 CHARMM>    !Testcase
 CHARMM>    !test_all36_prot_model.inp
 CHARMM>     
  
 CHARMM>    !changes after 9/98
 CHARMM>    !
 CHARMM>    !change alkene HA1 and HA2 to HE1 and HE2
 CHARMM>    !
 CHARMM>    !improper atom ordering corrected
 CHARMM>    !
 CHARMM>    !version b5i to be consistent with protein toppar files
 CHARMM>    !
 CHARMM>    !Heme vinyl groups upgraded based on new butene parameters
 CHARMM>    !
 CHARMM>     
  
 CHARMM>    ! references
 CHARMM>    !
 CHARMM>    !PROTEINS
 CHARMM>    !
 CHARMM>    !MacKerell, Jr., A. D.; Bashford, D.; Bellott, M.; Dunbrack Jr., R.L.;
 CHARMM>    !Evanseck, J.D.; Field, M.J.; Fischer, S.; Gao, J.; Guo, H.; Ha, S.;
 CHARMM>    !Joseph-McCarthy, D.; Kuchnir, L.; Kuczera, K.; Lau, F.T.K.; Mattos,
 CHARMM>    !C.; Michnick, S.; Ngo, T.; Nguyen, D.T.; Prodhom, B.; Reiher, III,
 CHARMM>    !W.E.; Roux, B.; Schlenkrich, M.; Smith, J.C.; Stote, R.; Straub, J.;
 CHARMM>    !Watanabe, M.; Wiorkiewicz-Kuczera, J.; Yin, D.; Karplus, M.  All-atom
 CHARMM>    !empirical potential for molecular modeling and dynamics Studies of
 CHARMM>    !proteins.  Journal of Physical Chemistry B, 1998, 102, 3586-3616.
 CHARMM>     
  
 CHARMM>    read rtf card append
 MAINIO> Residue topology file being read from unit  98.
 RDTITL> * TOPOLOGY FOR PROTEIN RELATED MODEL COMPOUNDS
 RDTITL> *
*** WARNING **** residue ACET already exists (old one deleted)

      ***** LEVEL  1 WARNING FROM <RTFRDR> *****
      ***** Residue already exists.
      ******************************************
      BOMLEV (  0) IS NOT REACHED. WRNLEV IS  5

          RESI ACET       -1.00
*** WARNING **** residue PROA already exists (old one deleted)

      ***** LEVEL  1 WARNING FROM <RTFRDR> *****
      ***** Residue already exists.
      ******************************************
      BOMLEV (  0) IS NOT REACHED. WRNLEV IS  5

          RESI PROA       -1.00
*** WARNING **** residue GUAN already exists (old one deleted)

      ***** LEVEL  1 WARNING FROM <RTFRDR> *****
      ***** Residue already exists.
      ******************************************
      BOMLEV (  0) IS NOT REACHED. WRNLEV IS  5

          RESI GUAN        1.00
*** WARNING **** residue MGUA already exists (old one deleted)

      ***** LEVEL  1 WARNING FROM <RTFRDR> *****
      ***** Residue already exists.
      ******************************************
      BOMLEV (  0) IS NOT REACHED. WRNLEV IS  5

          RESI MGUA        1.00
*** WARNING **** residue GLYN already exists (old one deleted)

      ***** LEVEL  1 WARNING FROM <RTFRDR> *****
      ***** Residue already exists.
      ******************************************
      BOMLEV (  0) IS NOT REACHED. WRNLEV IS  5

          RESI GLYN         0.00
*** WARNING **** residue MAMM already exists (old one deleted)

      ***** LEVEL  1 WARNING FROM <RTFRDR> *****
      ***** Residue already exists.
      ******************************************
      BOMLEV (  0) IS NOT REACHED. WRNLEV IS  5

          RESI MAMM        1.00
*** WARNING **** residue EAMM already exists (old one deleted)

      ***** LEVEL  1 WARNING FROM <RTFRDR> *****
      ***** Residue already exists.
      ******************************************
      BOMLEV (  0) IS NOT REACHED. WRNLEV IS  5

          RESI EAMM        1.00
*** WARNING **** residue ACEH already exists (old one deleted)

      ***** LEVEL  1 WARNING FROM <RTFRDR> *****
      ***** Residue already exists.
      ******************************************
      BOMLEV (  0) IS NOT REACHED. WRNLEV IS  5

          RESI ACEH        0.00
*** WARNING **** residue MEOH already exists (old one deleted)

      ***** LEVEL  1 WARNING FROM <RTFRDR> *****
      ***** Residue already exists.
      ******************************************
      BOMLEV (  0) IS NOT REACHED. WRNLEV IS  5

          RESI MEOH        0.00
*** WARNING **** residue METO already exists (old one deleted)

      ***** LEVEL  1 WARNING FROM <RTFRDR> *****
      ***** Residue already exists.
      ******************************************
      BOMLEV (  0) IS NOT REACHED. WRNLEV IS  5

          RESI METO       -1.00
*** WARNING **** residue ETOH already exists (old one deleted)

      ***** LEVEL  1 WARNING FROM <RTFRDR> *****
      ***** Residue already exists.
      ******************************************
      BOMLEV (  0) IS NOT REACHED. WRNLEV IS  5

          RESI ETOH        0.00
*** WARNING **** residue ETO  already exists (old one deleted)

      ***** LEVEL  1 WARNING FROM <RTFRDR> *****
      ***** Residue already exists.
      ******************************************
      BOMLEV (  0) IS NOT REACHED. WRNLEV IS  5

          RESI ETO        -1.00
*** WARNING **** residue PRO2 already exists (old one deleted)

      ***** LEVEL  1 WARNING FROM <RTFRDR> *****
      ***** Residue already exists.
      ******************************************
      BOMLEV (  0) IS NOT REACHED. WRNLEV IS  5

          RESI PRO2        0.00
*** WARNING **** residue FORM already exists (old one deleted)

      ***** LEVEL  1 WARNING FROM <RTFRDR> *****
      ***** Residue already exists.
      ******************************************
      BOMLEV (  0) IS NOT REACHED. WRNLEV IS  5

          RESI FORM        0.00
*** WARNING **** residue ACEM already exists (old one deleted)

      ***** LEVEL  1 WARNING FROM <RTFRDR> *****
      ***** Residue already exists.
      ******************************************
      BOMLEV (  0) IS NOT REACHED. WRNLEV IS  5

          RESI ACEM        0.00
*** WARNING **** residue NMA  already exists (old one deleted)

      ***** LEVEL  1 WARNING FROM <RTFRDR> *****
      ***** Residue already exists.
      ******************************************
      BOMLEV (  0) IS NOT REACHED. WRNLEV IS  5

          RESI NMA         0.00
*** WARNING **** residue MESH already exists (old one deleted)

      ***** LEVEL  1 WARNING FROM <RTFRDR> *****
      ***** Residue already exists.
      ******************************************
      BOMLEV (  0) IS NOT REACHED. WRNLEV IS  5

          RESI MESH        0.00
*** WARNING **** residue MES1 already exists (old one deleted)

      ***** LEVEL  1 WARNING FROM <RTFRDR> *****
      ***** Residue already exists.
      ******************************************
      BOMLEV (  0) IS NOT REACHED. WRNLEV IS  5

          RESI MES1       -1.00
*** WARNING **** residue ETSH already exists (old one deleted)

      ***** LEVEL  1 WARNING FROM <RTFRDR> *****
      ***** Residue already exists.
      ******************************************
      BOMLEV (  0) IS NOT REACHED. WRNLEV IS  5

          RESI ETSH        0.00
*** WARNING **** residue ES1  already exists (old one deleted)

      ***** LEVEL  1 WARNING FROM <RTFRDR> *****
      ***** Residue already exists.
      ******************************************
      BOMLEV (  0) IS NOT REACHED. WRNLEV IS  5

          RESI ES1        -1.00
*** WARNING **** residue DMDS already exists (old one deleted)

      ***** LEVEL  1 WARNING FROM <RTFRDR> *****
      ***** Residue already exists.
      ******************************************
      BOMLEV (  0) IS NOT REACHED. WRNLEV IS  5

          RESI DMDS        0.00
*** WARNING **** residue DEDS already exists (old one deleted)

      ***** LEVEL  1 WARNING FROM <RTFRDR> *****
      ***** Residue already exists.
      ******************************************
      BOMLEV (  0) IS NOT REACHED. WRNLEV IS  5

          RESI DEDS        0.00
*** WARNING **** residue EMS  already exists (old one deleted)

      ***** LEVEL  1 WARNING FROM <RTFRDR> *****
      ***** Residue already exists.
      ******************************************
      BOMLEV (  0) IS NOT REACHED. WRNLEV IS  5

          RESI EMS         0.00
*** WARNING **** residue IMIA already exists (old one deleted)

      ***** LEVEL  1 WARNING FROM <RTFRDR> *****
      ***** Residue already exists.
      ******************************************
      BOMLEV (  0) IS NOT REACHED. WRNLEV IS  5

          RESI IMIA        0.00
*** WARNING **** residue MIMI already exists (old one deleted)

      ***** LEVEL  1 WARNING FROM <RTFRDR> *****
      ***** Residue already exists.
      ******************************************
      BOMLEV (  0) IS NOT REACHED. WRNLEV IS  5

          RESI MIMI        0.00
*** WARNING **** residue EIMI already exists (old one deleted)

      ***** LEVEL  1 WARNING FROM <RTFRDR> *****
      ***** Residue already exists.
      ******************************************
      BOMLEV (  0) IS NOT REACHED. WRNLEV IS  5

          RESI EIMI        0.00
*** WARNING **** residue IMIM already exists (old one deleted)

      ***** LEVEL  1 WARNING FROM <RTFRDR> *****
      ***** Residue already exists.
      ******************************************
      BOMLEV (  0) IS NOT REACHED. WRNLEV IS  5

          RESI IMIM        1.00
*** WARNING **** residue EIMM already exists (old one deleted)

      ***** LEVEL  1 WARNING FROM <RTFRDR> *****
      ***** Residue already exists.
      ******************************************
      BOMLEV (  0) IS NOT REACHED. WRNLEV IS  5

          RESI EIMM        1.00
*** WARNING **** residue BENZ already exists (old one deleted)

      ***** LEVEL  1 WARNING FROM <RTFRDR> *****
      ***** Residue already exists.
      ******************************************
      BOMLEV (  0) IS NOT REACHED. WRNLEV IS  5

          RESI BENZ        0.00
*** WARNING **** residue EBEN already exists (old one deleted)

      ***** LEVEL  1 WARNING FROM <RTFRDR> *****
      ***** Residue already exists.
      ******************************************
      BOMLEV (  0) IS NOT REACHED. WRNLEV IS  5

          RESI EBEN         0.00
*** WARNING **** residue PHEN already exists (old one deleted)

      ***** LEVEL  1 WARNING FROM <RTFRDR> *****
      ***** Residue already exists.
      ******************************************
      BOMLEV (  0) IS NOT REACHED. WRNLEV IS  5

          RESI PHEN        0.00
*** WARNING **** residue EPHE already exists (old one deleted)

      ***** LEVEL  1 WARNING FROM <RTFRDR> *****
      ***** Residue already exists.
      ******************************************
      BOMLEV (  0) IS NOT REACHED. WRNLEV IS  5

          RESI EPHE        0.00
*** WARNING **** residue PHEO already exists (old one deleted)

      ***** LEVEL  1 WARNING FROM <RTFRDR> *****
      ***** Residue already exists.
      ******************************************
      BOMLEV (  0) IS NOT REACHED. WRNLEV IS  5

          RESI PHEO       -1.00
*** WARNING **** residue INDO already exists (old one deleted)

      ***** LEVEL  1 WARNING FROM <RTFRDR> *****
      ***** Residue already exists.
      ******************************************
      BOMLEV (  0) IS NOT REACHED. WRNLEV IS  5

          RESI INDO        0.00
*** WARNING **** residue EIND already exists (old one deleted)

      ***** LEVEL  1 WARNING FROM <RTFRDR> *****
      ***** Residue already exists.
      ******************************************
      BOMLEV (  0) IS NOT REACHED. WRNLEV IS  5

          RESI EIND        0.00
*** WARNING **** residue PDIP already exists (old one deleted)

      ***** LEVEL  1 WARNING FROM <RTFRDR> *****
      ***** Residue already exists.
      ******************************************
      BOMLEV (  0) IS NOT REACHED. WRNLEV IS  5

          RESI PDIP        0.00
*** WARNING **** residue ETHA already exists (old one deleted)

      ***** LEVEL  1 WARNING FROM <RTFRDR> *****
      ***** Residue already exists.
      ******************************************
      BOMLEV (  0) IS NOT REACHED. WRNLEV IS  5

          RESI ETHA        0.00
*** WARNING **** residue PRPA already exists (old one deleted)

      ***** LEVEL  1 WARNING FROM <RTFRDR> *****
      ***** Residue already exists.
      ******************************************
      BOMLEV (  0) IS NOT REACHED. WRNLEV IS  5

          RESI PRPA        0.00
*** WARNING **** residue IBUT already exists (old one deleted)

      ***** LEVEL  1 WARNING FROM <RTFRDR> *****
      ***** Residue already exists.
      ******************************************
      BOMLEV (  0) IS NOT REACHED. WRNLEV IS  5

          RESI IBUT        0.00
*** WARNING **** residue OCOH already exists (old one deleted)

      ***** LEVEL  1 WARNING FROM <RTFRDR> *****
      ***** Residue already exists.
      ******************************************
      BOMLEV (  0) IS NOT REACHED. WRNLEV IS  5

          RESI OCOH    0.0
*** WARNING **** residue CO3  already exists (old one deleted)

      ***** LEVEL  1 WARNING FROM <RTFRDR> *****
      ***** Residue already exists.
      ******************************************
      BOMLEV (  0) IS NOT REACHED. WRNLEV IS  5

          RESI CO3  -2.0
*** WARNING **** residue C3   already exists (old one deleted)

      ***** LEVEL  1 WARNING FROM <RTFRDR> *****
      ***** Residue already exists.
      ******************************************
      BOMLEV (  0) IS NOT REACHED. WRNLEV IS  5

          RESI C3    0.00
 There were  42 warning(s) from RTFRDR.
  
 CHARMM>     
  
 CHARMM>    read para card flex append

          PARAMETER FILE BEING READ FROM UNIT 98
 RDTITL>  
 RDTITL> No title read.
 PARMIO> NONBOND, HBOND lists and IMAGE atoms cleared.
  
 CHARMM>     
  
 CHARMM>    return
 VCLOSE: Closing unit   98 with status "KEEP"

                    RETURNING TO INPUT STREAM    99
  
 CHARMM>    stream toppar/toppar_all36_prot_modify_res.str
 VOPEN> Attempting to open::toppar/toppar_all36_prot_modify_res.str::
 OPNLGU> Unit 98 opened for READONLY access to toppar/toppar_all36_prot_modify_res.str

                    INPUT STREAM SWITCHING TO UNIT    98
 RDTITL> * TOPPAR FILE FOR VARIOUS MODIFIED RESIDUES AND PATCHES, INCLUDING
 RDTITL> * PATCHES TO COVALENTLY LINK RESIDUES TO IONS TO WORK WITH THE
 RDTITL> * ADDITIVE C36 PROTEIN FORCE FIELD
 RDTITL> * REQUIRES CGENFF PARAMETER FILE
 RDTITL> *
 Parameter: IN1 <- "" <empty>
  
 CHARMM>     
  
 CHARMM>    !Acetyllysine (ALY)
 CHARMM>    !Norleucine (NLE) and
 CHARMM>    ! residues and patches for Zn-protein interactions modeled using
 CHARMM>    ! bond and angles between the protein and Zn.
 CHARMM>     
  
 CHARMM>    !non-standard amino acids: 2021
 CHARMM>    !Croitoru, A., Park, S.-J., Kumar, A., Lee, J., Im, Wonpil; MacKerell,
 CHARMM>    !A.D., Jr., and Aleksandrov, A. Additive CHARMM36 Force Field for
 CHARMM>    !Nonstandard Amino Acids, Journal of Chemical Theory and Computation,
 CHARMM>    !17:3554-3570, doi: 10.1021/acs.jctc.1c00254.
 CHARMM>     
  
 CHARMM>    read rtf card append
 MAINIO> Residue topology file being read from unit  98.
 RDTITL> * TOPPAR FILE PROTEIN MODIFICATIONS
 RDTITL> *
*** WARNING **** residue CGU  already exists (old one deleted)

      ***** LEVEL  1 WARNING FROM <RTFRDR> *****
      ***** Residue already exists.
      ******************************************
      BOMLEV (  0) IS NOT REACHED. WRNLEV IS  5

          RESI CGU              -2.000
*** WARNING **** residue CME  already exists (old one deleted)

      ***** LEVEL  1 WARNING FROM <RTFRDR> *****
      ***** Residue already exists.
      ******************************************
      BOMLEV (  0) IS NOT REACHED. WRNLEV IS  5

          RESI CME               0.000
*** WARNING **** residue HIC  already exists (old one deleted)

      ***** LEVEL  1 WARNING FROM <RTFRDR> *****
      ***** Residue already exists.
      ******************************************
      BOMLEV (  0) IS NOT REACHED. WRNLEV IS  5

          RESI HIC               0.000
*** WARNING **** residue HICP already exists (old one deleted)

      ***** LEVEL  1 WARNING FROM <RTFRDR> *****
      ***** Residue already exists.
      ******************************************
      BOMLEV (  0) IS NOT REACHED. WRNLEV IS  5

          RESI HICP              1.000
*** WARNING **** residue CGUP already exists (old one deleted)

      ***** LEVEL  1 WARNING FROM <RTFRDR> *****
      ***** Residue already exists.
      ******************************************
      BOMLEV (  0) IS NOT REACHED. WRNLEV IS  5

          RESI CGUP             -1.000
 There were   5 warning(s) from RTFRDR.
  
 CHARMM>     
  
 CHARMM>    read para card append flex

          PARAMETER FILE BEING READ FROM UNIT 98
 RDTITL>  
 RDTITL> No title read.
 PARMIO> NONBOND, HBOND lists and IMAGE atoms cleared.
  
 CHARMM>     
  
 CHARMM>    return
 VCLOSE: Closing unit   98 with status "KEEP"

                    RETURNING TO INPUT STREAM    99
  
 CHARMM>     
  
 CHARMM>    ! Additional topologies and parameters for nucleic acids
 CHARMM>    stream toppar/toppar_all36_na_nad_ppi.str
 VOPEN> Attempting to open::toppar/toppar_all36_na_nad_ppi.str::
 OPNLGU> Unit 98 opened for READONLY access to toppar/toppar_all36_na_nad_ppi.str

                    INPUT STREAM SWITCHING TO UNIT    98
 RDTITL> * CHARMM36 ALL-HYDROGEN NUCLEIC ACID FORCE TOPPAR STREAM FILE
 RDTITL> * NAD+, NADH, ADP, ATP, PPI AND RELATED ANALOGS
 RDTITL> * A.D. MACKERELL, JR., JULY 2001
 RDTITL> * STREAM FOLLOWING RTF AND PARAM READ OF
 RDTITL> *
 Parameter: IN1 <- "" <empty>
  
 CHARMM>     
  
 CHARMM>    !Update, 2015/1, nomenclature for NAD+ etc. consistent with PDB
 CHARMM>     
  
 CHARMM>    !Parent files that have to be read prior to streaming this file
 CHARMM>    !top_all36_na.rtf
 CHARMM>    !par_all36_na.prm
 CHARMM>     
  
 CHARMM>    !Testcase
 CHARMM>    !test_all36_na_nad_ppi.inp
 CHARMM>     
  
 CHARMM>    !Reference
 CHARMM>    !Pavelites, J.J., Bash, P.A., Gao, J., and MacKerell, Jr.,
 CHARMM>    !A.D. A Molecular Mechanics Force Field for NAD+, NADH and the
 CHARMM>    !Pyrophosphate Groups of Nucleotides, Journal of Computational
 CHARMM>    !Chemistry, 1997, 18: 221-239.
 CHARMM>     
  
 CHARMM>    read rtf card append
 MAINIO> Residue topology file being read from unit  98.
 RDTITL> * NAD, PPI TOPOLOGY
 RDTITL> *
*** WARNING **** residue NIC  already exists (old one deleted)

      ***** LEVEL  1 WARNING FROM <RTFRDR> *****
      ***** Residue already exists.
      ******************************************
      BOMLEV (  0) IS NOT REACHED. WRNLEV IS  5

          RESI NIC         1.00
*** WARNING **** residue NICH already exists (old one deleted)

      ***** LEVEL  1 WARNING FROM <RTFRDR> *****
      ***** Residue already exists.
      ******************************************
      BOMLEV (  0) IS NOT REACHED. WRNLEV IS  5

          RESI NICH         0.00
*** WARNING **** residue PPI1 already exists (old one deleted)

      ***** LEVEL  1 WARNING FROM <RTFRDR> *****
      ***** Residue already exists.
      ******************************************
      BOMLEV (  0) IS NOT REACHED. WRNLEV IS  5

          RESI PPI1        -3.00
*** WARNING **** residue PPI2 already exists (old one deleted)

      ***** LEVEL  1 WARNING FROM <RTFRDR> *****
      ***** Residue already exists.
      ******************************************
      BOMLEV (  0) IS NOT REACHED. WRNLEV IS  5

          RESI PPI2        -2.00
*** WARNING **** residue AMP  already exists (old one deleted)

      ***** LEVEL  1 WARNING FROM <RTFRDR> *****
      ***** Residue already exists.
      ******************************************
      BOMLEV (  0) IS NOT REACHED. WRNLEV IS  5

          RESI AMP         -2.00
*** WARNING **** residue ADP  already exists (old one deleted)

      ***** LEVEL  1 WARNING FROM <RTFRDR> *****
      ***** Residue already exists.
      ******************************************
      BOMLEV (  0) IS NOT REACHED. WRNLEV IS  5

          RESI ADP         -3.00
*** WARNING **** residue ATP  already exists (old one deleted)

      ***** LEVEL  1 WARNING FROM <RTFRDR> *****
      ***** Residue already exists.
      ******************************************
      BOMLEV (  0) IS NOT REACHED. WRNLEV IS  5

          RESI ATP         -4.00
*** WARNING **** residue 5DP  already exists (old one deleted)

      ***** LEVEL  1 WARNING FROM <RTFRDR> *****
      ***** Residue already exists.
      ******************************************
      BOMLEV (  0) IS NOT REACHED. WRNLEV IS  5

          PRES 5DP         -3.00
*** WARNING **** residue NAD  already exists (old one deleted)

      ***** LEVEL  1 WARNING FROM <RTFRDR> *****
      ***** Residue already exists.
      ******************************************
      BOMLEV (  0) IS NOT REACHED. WRNLEV IS  5

          RESI NAD         -1.00
*** WARNING **** residue NADH already exists (old one deleted)

      ***** LEVEL  1 WARNING FROM <RTFRDR> *****
      ***** Residue already exists.
      ******************************************
      BOMLEV (  0) IS NOT REACHED. WRNLEV IS  5

          RESI NADH        -2.00
*** WARNING **** residue NADP already exists (old one deleted)

      ***** LEVEL  1 WARNING FROM <RTFRDR> *****
      ***** Residue already exists.
      ******************************************
      BOMLEV (  0) IS NOT REACHED. WRNLEV IS  5

          RESI NADP        -2.00
*** WARNING **** residue NDPH already exists (old one deleted)

      ***** LEVEL  1 WARNING FROM <RTFRDR> *****
      ***** Residue already exists.
      ******************************************
      BOMLEV (  0) IS NOT REACHED. WRNLEV IS  5

          RESI NDPH        -3.00
 There were  12 warning(s) from RTFRDR.
  
 CHARMM>     
  
 CHARMM>    read para card flex append

          PARAMETER FILE BEING READ FROM UNIT 98
 RDTITL> * NAD, PPI PARAMETERS
 RDTITL> *
 PARMIO> NONBOND, HBOND lists and IMAGE atoms cleared.
  
 CHARMM>     
  
 CHARMM>     
  
 VCLOSE: Closing unit   98 with status "KEEP"

                    RETURNING TO INPUT STREAM    99
  
 CHARMM>    stream toppar/toppar_all36_na_rna_modified.str
 VOPEN> Attempting to open::toppar/toppar_all36_na_rna_modified.str::
 OPNLGU> Unit 98 opened for READONLY access to toppar/toppar_all36_na_rna_modified.str

                    INPUT STREAM SWITCHING TO UNIT    98
 RDTITL> * ADDITIVE CHARMM FORCE FIELD FOR MODIFIED RIBONUCLEIC ACIDS, INCLUDING
 RDTITL> * THOSE FOUNDS IN TRNA. YOU XU, KAROLINSKA INSTITUTET, 2015.
 RDTITL> * |
 RDTITL> * WARNING: PARAMETERS AND ATOM TYPE ASSIGNMENTS IN THIS FILE ARE SPECIFIC
 RDTITL> * FOR THESE COMPOUNDS AND SHOULD UNDER NO CIRCUMSTANCES BE APPLIED TO
 RDTITL> * OTHER ORGANIC MOLECULES
 RDTITL> *
 Parameter: IN1 <- "" <empty>
  
 CHARMM>     
  
 CHARMM>    ! Xu, Y., Vanommeslaeghe, K., Aleksandrov, A., MacKerell, A.D.,
 CHARMM>    ! Jr. Nilsson, L., “Additive CHARMM force field for naturally
 CHARMM>    ! occurring modified ribonucleotides,” Journal of Computational
 CHARMM>    !  Chemistry, DOI: 10.1002/jcc.24307, 2016
 CHARMM>     
  
 CHARMM>    ! Should be used with parent files CGenFF: top_all36_cgenff.inp and par_all36_cgenff.inp
 CHARMM>    !                                    NA36: top_all36_na.inp and par_all36_na.inp
 CHARMM>    !                              and Carb36: top_all36_carb.inp and par_all36_carb.inp
 CHARMM>    !
 CHARMM>     
  
 CHARMM>    read rtf card append
 MAINIO> Residue topology file being read from unit  98.
 RDTITL> * TOPOLOGIES OF MODIFIED NUCLEOTIDES
 RDTITL> *
*** WARNING **** residue BUG  already exists (old one deleted)

      ***** LEVEL  1 WARNING FROM <RTFRDR> *****
      ***** Residue already exists.
      ******************************************
      BOMLEV (  0) IS NOT REACHED. WRNLEV IS  5

          RESI BUG           -1.00
 There were   1 warning(s) from RTFRDR.
  
 CHARMM>     
  
 CHARMM>    read param card flex append

          PARAMETER FILE BEING READ FROM UNIT 98
 RDTITL> * ADDITIVE CHARMM PARAMETERS FOR MODIFIED NUCLEIC ACIDS, BETA VERSION
 RDTITL> * YOU XU, KAROLINSKA INSTITUTET, 2015.
 RDTITL> *
 PARMIO> NONBOND, HBOND lists and IMAGE atoms cleared.
  
 CHARMM>    RETURN
 VCLOSE: Closing unit   98 with status "KEEP"

                    RETURNING TO INPUT STREAM    99
  
 CHARMM>     
  
 CHARMM>    ! Additional topologies and parameters for lipids
 CHARMM>    stream toppar/toppar_all36_lipid_sphingo.str
 VOPEN> Attempting to open::toppar/toppar_all36_lipid_sphingo.str::
 OPNLGU> Unit 98 opened for READONLY access to toppar/toppar_all36_lipid_sphingo.str

                    INPUT STREAM SWITCHING TO UNIT    98
 RDTITL> * TOPPAR STREAM FOR CERAMIDES AND SPINGOMYELINS; REQUIRES FLEX FORMAT FILES
 RDTITL> * TOP_ALL36_LIPID.RTF AND PAR_ALL36_LIPID.PRM
 RDTITL> *
 Parameter: IN1 <- "" <empty>
  
 CHARMM>     
  
 CHARMM>    ! REFERENCES
 CHARMM>    !
 CHARMM>    ! PSM and SSM Lipids
 CHARMM>    !
 CHARMM>    ! Venable, R. M.; Sodt, A. J.; Rogaski, B.; Rui, H.; Hatcher, E.; MacKerell, A. D.;
 CHARMM>    ! Pastor, R. W.; Klauda, J. B., CHARMM All-Atom Additive Force Field for Sphingomyelin:
 CHARMM>    ! Elucidation of Hydrogen Bonding and of Positive Curvature. Biophys. J. 2014, 107 (1), 134-145
 CHARMM>    !
 CHARMM>    ! Ceramide
 CHARMM>    !
 CHARMM>    ! Submited by Sam Tonddast-Navaei of U. Cincinnati. Advised by Russell Devane
 CHARMM>    ! Tested by Eric Wang of U. Maryland. Advised by Jeffery Klauda
 CHARMM>    !
 CHARMM>    !
 CHARMM>    ! CerAP/Cer6, CerNP/Cer3, and CerEOS/Cer1
 CHARMM>    !
 CHARMM>    ! Wang, E.; Klauda, J. B., Structure and Permeability of Ceramide Bilayers and Multilayers.
 CHARMM>    ! J. Phys. Chem. B., 2019, 123, 11, 2525-2535
 CHARMM>    ! Wang, E.; Klauda, J. B., Molecular Structure of the Long Periodicity Phase in the Stratum Corneum.
 CHARMM>    ! J. Amer. Chem. Soc., 2019. 141, 42, 16930-16943
 CHARMM>     
  
 CHARMM>    set nat ?NATC
 RDCMND substituted energy or value "?NATC" to "585"
 Parameter: NAT <- "585"
  
 CHARMM>    set app
 Parameter: APP <- "" <empty>
  
 CHARMM>    !We're exploiting what is arguably a bug in the parser. On the left hand side,
 CHARMM>    !the quotes have proirity, so NAT is correctly substituted. On the right hand
 CHARMM>    !side, the ? has priority and NATC" (sic) is not a valid substitution...
 CHARMM>    if "@NAT" ne "?NATC" if @nat ne 0 set app append
 Parameter: NAT -> "585"
 Parameter: NAT -> "585"
 RDCMND: can not substitute energy "?NATC""
 Comparing ""585"" and ""?NATC"".
 IF test evaluated as true.  Performing command
 Comparing "585" and "0".
 IF test evaluated as true.  Performing command
 Parameter: APP <- "APPEND"
  
 CHARMM>     
  
 CHARMM>    read rtf card @app
 Parameter: APP -> "APPEND"
 MAINIO> Residue topology file being read from unit  98.
 RDTITL> * CER/SM RESIDUES
 RDTITL> *
  
 CHARMM>     
  
 CHARMM>    read para card flex @app
 Parameter: APP -> "APPEND"

          PARAMETER FILE BEING READ FROM UNIT 98
 RDTITL> * NEW PARAMETERS
 RDTITL> *
 PARRDR> Error: Repeated DIHE parameter ( 14778): NHL   C     CTO1  HAL1 is replaced
 PARRDR> Error: Repeated DIHE parameter ( 14799): O     C     CTO1  HAL1 is replaced
 PARMIO> NONBOND, HBOND lists and IMAGE atoms cleared.
  
 CHARMM>     
  
 CHARMM>    return
 VCLOSE: Closing unit   98 with status "KEEP"

                    RETURNING TO INPUT STREAM    99
  
 CHARMM>    stream toppar/toppar_all36_lipid_archaeal.str
 VOPEN> Attempting to open::toppar/toppar_all36_lipid_archaeal.str::
 OPNLGU> Unit 98 opened for READONLY access to toppar/toppar_all36_lipid_archaeal.str

                    INPUT STREAM SWITCHING TO UNIT    98
 RDTITL> * TOPPAR STREAM FILE FOR ARCHAEAL LIPIDS.
 RDTITL> *
 Parameter: IN1 <- "" <empty>
  
 CHARMM>     
  
 CHARMM>    ! This is an on-going file of archaeal lipids
 CHARMM>    ! I am adding meanquinone-7 now
 CHARMM>     
  
 CHARMM>    read rtf card append
 MAINIO> Residue topology file being read from unit  98.
 RDTITL> * ARCHAEAL LIPIDS
 RDTITL> *
  
 CHARMM>     
  
 CHARMM>    read param card flex append

          PARAMETER FILE BEING READ FROM UNIT 98
 RDTITL> * PARAMETERS GENERATED BY ANALOGY BY CGENFF
 RDTITL> *
 PARMIO> NONBOND, HBOND lists and IMAGE atoms cleared.
  
 CHARMM>     
  
 CHARMM>    RETURN
 VCLOSE: Closing unit   98 with status "KEEP"

                    RETURNING TO INPUT STREAM    99
  
 CHARMM>    stream toppar/toppar_all36_lipid_bacterial.str
 VOPEN> Attempting to open::toppar/toppar_all36_lipid_bacterial.str::
 OPNLGU> Unit 98 opened for READONLY access to toppar/toppar_all36_lipid_bacterial.str

                    INPUT STREAM SWITCHING TO UNIT    98
 RDTITL> * TOPPAR STREAM FILE FOR BRANCHED AND CYCLIC CHAINED LIPIDS.  FOLLOWING READING OF
 RDTITL> * TOP_ALL36_LIPID.RTF
 RDTITL> * AND
 RDTITL> * PAR_ALL36_LIPID.RTF
 RDTITL> *
 Parameter: IN1 <- "" <empty>
  
 CHARMM>     
  
 CHARMM>    ! REFERENCES
 CHARMM>    !
 CHARMM>    ! Branched Lipids
 CHARMM>    !
 CHARMM>    ! Lim, J.B. & Klauda, J.B. Branching at the Iso- and Anteiso- Positions in Complex Chlamydia
 CHARMM>    ! Membranes: A Molecular Dynamics Study. Biochimica et Biophysica Acta (BBA) - Biomembranes
 CHARMM>    ! 1808:323-331 (2011).
 CHARMM>    !
 CHARMM>    ! Cyclic-replacement of double bond
 CHARMM>    !
 CHARMM>    ! Pandit, K.R. & Klauda, J.B. Membrane models of E. coli containing cyclic moieties in
 CHARMM>    ! the aliphatic lipid chain. Biochimica et Biophysica Acta (BBA) - Biomembranes
 CHARMM>    ! 1818:1205-1210 (2012).
 CHARMM>    !
 CHARMM>     
  
 CHARMM>    set nat ?NATC
 RDCMND substituted energy or value "?NATC" to "590"
 Parameter: NAT <- "590"
  
 CHARMM>    set app
 Parameter: APP <- "" <empty>
  
 CHARMM>    !We're exploiting what is arguably a bug in the parser. On the left hand side,
 CHARMM>    !the quotes have proirity, so NAT is correctly substituted. On the right hand
 CHARMM>    !side, the ? has priority and NATC" (sic) is not a valid substitution...
 CHARMM>    if "@NAT" ne "?NATC" if @nat ne 0 set app append
 Parameter: NAT -> "590"
 Parameter: NAT -> "590"
 RDCMND: can not substitute energy "?NATC""
 Comparing ""590"" and ""?NATC"".
 IF test evaluated as true.  Performing command
 Comparing "590" and "0".
 IF test evaluated as true.  Performing command
 Parameter: APP <- "APPEND"
  
 CHARMM>     
  
 CHARMM>    read rtf card @app
 Parameter: APP -> "APPEND"
 MAINIO> Residue topology file being read from unit  98.
 RDTITL> * CHOLESTEROL RESIDUES
 RDTITL> *
  
 CHARMM>     
  
 CHARMM>    read para card flex @app
 Parameter: APP -> "APPEND"

          PARAMETER FILE BEING READ FROM UNIT 98
 RDTITL> * NEW PARAMETERS
 RDTITL> *
 PARMIO> NONBOND, HBOND lists and IMAGE atoms cleared.
  
 CHARMM>     
  
 CHARMM>    return
 VCLOSE: Closing unit   98 with status "KEEP"

                    RETURNING TO INPUT STREAM    99
  
 CHARMM>    stream toppar/toppar_all36_lipid_cardiolipin.str
 VOPEN> Attempting to open::toppar/toppar_all36_lipid_cardiolipin.str::
 OPNLGU> Unit 98 opened for READONLY access to toppar/toppar_all36_lipid_cardiolipin.str

                    INPUT STREAM SWITCHING TO UNIT    98
 RDTITL> READ RTF CARD APPEND FLEX
 RDTITL> No title read.
 Parameter: IN1 <- "" <empty>
  
 CHARMM>    read rtf card append flex
 MAINIO> Residue topology file being read from unit  98.
 RDTITL>  
 RDTITL> No title read.
 WARNING from DECODI -- Zero length string being converted to 0
 RTFRDR> WARNING: Version number is NOT specified.
  
 CHARMM>     
  
 CHARMM>    return
 VCLOSE: Closing unit   98 with status "KEEP"

                    RETURNING TO INPUT STREAM    99
  
 CHARMM>    stream toppar/toppar_all36_lipid_cholesterol.str
 VOPEN> Attempting to open::toppar/toppar_all36_lipid_cholesterol.str::
 OPNLGU> Unit 98 opened for READONLY access to toppar/toppar_all36_lipid_cholesterol.str

                    INPUT STREAM SWITCHING TO UNIT    98
 RDTITL> * TOPPAR STREAM FILE FOR CHOLESTEROL.  STREAM FOLLOWING READING OF
 RDTITL> * TOP_ALL36_LIPID.RTF
 RDTITL> * PAR_ALL36_LIPID.RTF
 RDTITL> * TOP_ALL36_CGENFF.RTF
 RDTITL> * AND PAR_ALL36_CGENFF.PRM
 RDTITL> *
 Parameter: IN1 <- "" <empty>
  
 CHARMM>     
  
 CHARMM>    !topology and parameters are included for two cholesterol models. the
 CHARMM>    !model may be selected by setting variable chol_model to 1 or 2, as
 CHARMM>    !specified below
 CHARMM>    !
 CHARMM>     
  
 CHARMM>    set chol_model 1 !2 for original Suits et al. model
 Parameter: CHOL_MODEL <- "1"
  
 CHARMM>     
  
 CHARMM>    !
 CHARMM>    !1) Revised model of Lim et al.  This contains a number of NBFIXes that
 CHARMM>    !makes it unsuitable for ANTON (set chol_model 1)
 CHARMM>    !
 CHARMM>    !2) Original model of Suits et al., which is used on ANTON as well as
 CHARMM>    !being suitable for other systems (set chol_model 2 (or anything but 1....))
 CHARMM>    !
 CHARMM>    !references
 CHARMM>    !
 CHARMM>    !Lim, J.B., Rogaski, B. and Klauda, J.B.. "Update of the Cholesterol Force Field
 CHARMM>    !Parameters in CHARMM" 116: 203-210 (2012).
 CHARMM>    !
 CHARMM>    !Suits, F., Pitman, M., MacKerell, A.D., Jr., Feller, S.E. "Molecular Level
 CHARMM>    !Organization of Saturated and Polyunsaturated Fatty Acids in a
 CHARMM>    !Phosphatidylcholine Bilayer Containing Cholesterol" Biochemistry,
 CHARMM>    !43(49):15318-28, 2004
 CHARMM>    !
 CHARMM>     
  
 CHARMM>    !test "append"
 CHARMM>    set nat ?NATC
 RDCMND substituted energy or value "?NATC" to "590"
 Parameter: NAT <- "590"
  
 CHARMM>    set app
 Parameter: APP <- "" <empty>
  
 CHARMM>    !We're exploiting what is arguably a bug in the parser. On the left hand side,
 CHARMM>    !the quotes have priority, so NAT is correctly substituted. On the right hand
 CHARMM>    !side, the ? has priority and NATC" (sic) is not a valid substitution...
 CHARMM>    if "@NAT" ne "?NATC" if @nat ne 0 set app append
 Parameter: NAT -> "590"
 Parameter: NAT -> "590"
 RDCMND: can not substitute energy "?NATC""
 Comparing ""590"" and ""?NATC"".
 IF test evaluated as true.  Performing command
 Comparing "590" and "0".
 IF test evaluated as true.  Performing command
 Parameter: APP <- "APPEND"
  
 CHARMM>     
  
 CHARMM>    if chol_model eq 1 then
 Comparing "1" and "1".
 IF test evaluated as true.  Performing command
  
 CHARMM>     
  
 CHARMM>    ! reference
 CHARMM>    ! Lim, J.B., Rogaski, B. and Klauda, J.B.. "Update of the Cholesterol Force Field
 CHARMM>    ! Parameters in CHARMM" 116: 203-210 (2012).
 CHARMM>    !
 CHARMM>     
  
 CHARMM>    read rtf card @app
 Parameter: APP -> "APPEND"
 MAINIO> Residue topology file being read from unit  98.
 RDTITL> * TOPOLOGY FOR CHOLESTEROL
 RDTITL> *
  
 CHARMM>     
  
 CHARMM>    read param card flex @app
 Parameter: APP -> "APPEND"

          PARAMETER FILE BEING READ FROM UNIT 98
 RDTITL> * CHOLESTEROL PARAMETERS
 RDTITL> *
 PARRDR> Error: Repeated DIHE parameter ( 15138): OG31  CG30  CG3C  CG3C is replaced
 PARRDR> Error: Repeated DIHE parameter ( 15139): OG31  CG30  CG3C  CG3R is replaced
 PARRDR> Error: Repeated DIHE parameter ( 15140): OG31  CG30  CG3C  HGA1 is replaced
 PARRDR> Error: Repeated DIHE parameter ( 15138): OG31  CG30  CG3C  CG3C is replaced
 PARRDR> Error: Repeated DIHE parameter ( 15139): OG31  CG30  CG3C  CG3R is replaced
 PARRDR> Error: Repeated DIHE parameter ( 15140): OG31  CG30  CG3C  HGA1 is replaced
 PARMIO> NONBOND, HBOND lists and IMAGE atoms cleared.
  
 CHARMM>     
  
 CHARMM>    return
 VCLOSE: Closing unit   98 with status "KEEP"

                    RETURNING TO INPUT STREAM    99
  
 CHARMM>    stream toppar/toppar_all36_lipid_dag.str
 VOPEN> Attempting to open::toppar/toppar_all36_lipid_dag.str::
 OPNLGU> Unit 98 opened for READONLY access to toppar/toppar_all36_lipid_dag.str

                    INPUT STREAM SWITCHING TO UNIT    98
 RDTITL> READ RTF CARD APPEND
 RDTITL> No title read.
 Parameter: IN1 <- "" <empty>
  
 CHARMM>    read rtf card append
 MAINIO> Residue topology file being read from unit  98.
 RDTITL> * TOPOLOGY FOR LIPIDA FROM DAG
 RDTITL> *
  
 VCLOSE: Closing unit   98 with status "KEEP"

                    RETURNING TO INPUT STREAM    99
  
 CHARMM>    stream toppar/toppar_all36_lipid_inositol.str
 VOPEN> Attempting to open::toppar/toppar_all36_lipid_inositol.str::
 OPNLGU> Unit 98 opened for READONLY access to toppar/toppar_all36_lipid_inositol.str

                    INPUT STREAM SWITCHING TO UNIT    98
 RDTITL> READ RTF CARD APPEND
 RDTITL> No title read.
 Parameter: IN1 <- "" <empty>
  
 CHARMM>    read rtf card append
 MAINIO> Residue topology file being read from unit  98.
 RDTITL> * TOPOLOGY FOR INOSITOL-BASED LIPIDS
 RDTITL> *
  
 CHARMM>     
  
 CHARMM>    RETURN
 VCLOSE: Closing unit   98 with status "KEEP"

                    RETURNING TO INPUT STREAM    99
  
 CHARMM>    stream toppar/toppar_all36_lipid_lnp.str
 VOPEN> Attempting to open::toppar/toppar_all36_lipid_lnp.str::
 OPNLGU> Unit 98 opened for READONLY access to toppar/toppar_all36_lipid_lnp.str

                    INPUT STREAM SWITCHING TO UNIT    98
 RDTITL> READ RTF CARD APPEND
 RDTITL> No title read.
 Parameter: IN1 <- "" <empty>
  
 CHARMM>    read rtf card append
 MAINIO> Residue topology file being read from unit  98.
 RDTITL> * LNP
 RDTITL> *

      ***** LEVEL  1 WARNING FROM <DECODF> *****
      ***** Zero length string
      ******************************************
      BOMLEV (  0) IS NOT REACHED. WRNLEV IS  5

 WARNING from DECODF -- Zero length string being converted to 0.
 **** WARNING from RTFRDR **** The total charge of the residue, DAGP,  -0.0100000,
 does not equal the expected charge,   0.0000000.

      ***** LEVEL  1 WARNING FROM <DECODF> *****
      ***** Zero length string
      ******************************************
      BOMLEV (  0) IS NOT REACHED. WRNLEV IS  5

 WARNING from DECODF -- Zero length string being converted to 0.
          PRES DPEPEG
 **** WARNING from RTFRDR **** The total charge of the residue, DPEP,  -0.0100000,
 does not equal the expected charge,   0.0000000.
 There were   2 warning(s) from RTFRDR.
  
 CHARMM>     
  
 CHARMM>    read param card flex append

          PARAMETER FILE BEING READ FROM UNIT 98
 RDTITL> * LNP
 RDTITL> *
 PARMIO> NONBOND, HBOND lists and IMAGE atoms cleared.
  
 CHARMM>     
  
 CHARMM>    RETURN
 VCLOSE: Closing unit   98 with status "KEEP"

                    RETURNING TO INPUT STREAM    99
  
 CHARMM>    stream toppar/toppar_all36_lipid_lps.str
 VOPEN> Attempting to open::toppar/toppar_all36_lipid_lps.str::
 OPNLGU> Unit 98 opened for READONLY access to toppar/toppar_all36_lipid_lps.str

                    INPUT STREAM SWITCHING TO UNIT    98
 RDTITL> READ RTF CARD APPEND
 RDTITL> No title read.
 Parameter: IN1 <- "" <empty>
  
 CHARMM>    read rtf card append
 MAINIO> Residue topology file being read from unit  98.
 RDTITL> * TOPOLOGY FOR LIPIDA FROM LPS
 RDTITL> *
 WARNING from DECODI -- Zero length string being converted to 0
 RTFRDR> WARNING: Version number is NOT specified.
  
 CHARMM>     
  
 CHARMM>     
  
 CHARMM>    read param card append flex

          PARAMETER FILE BEING READ FROM UNIT 98
 RDTITL> *    NEW PARAMETES
 RDTITL> *
 PARMIO> NONBOND, HBOND lists and IMAGE atoms cleared.
  
 CHARMM>     
  
 VCLOSE: Closing unit   98 with status "KEEP"

                    RETURNING TO INPUT STREAM    99
  
 CHARMM>    stream toppar/toppar_all36_lipid_mycobacterial.str
 VOPEN> Attempting to open::toppar/toppar_all36_lipid_mycobacterial.str::
 OPNLGU> Unit 98 opened for READONLY access to toppar/toppar_all36_lipid_mycobacterial.str

                    INPUT STREAM SWITCHING TO UNIT    98
 RDTITL> * TOPPAR STREAM FILE FOR BRANCHED AND CYCLIC CHAINED LIPIDS.  FOLLOWING READING OF
 RDTITL> * TOP_ALL36_LIPID.RTF, PAR_ALL36_LIPID.PRM
 RDTITL> * AND
 RDTITL> * TOPPAR_ALL36_LIPID_BACTERIAL.STR
 RDTITL> *
 Parameter: IN1 <- "" <empty>
  
 CHARMM>     
  
 CHARMM>    read rtf card append
 MAINIO> Residue topology file being read from unit  98.
 RDTITL> * CHOLESTEROL RESIDUES
 RDTITL> *
 **** WARNING from RTFRDR **** The total charge of the residue, PGL1,  -0.1100000,
 does not equal the expected charge,   0.0000000.
          PRES PGL2           0.00
 **** WARNING from RTFRDR **** The total charge of the residue, PGL2,  -0.4600000,
 does not equal the expected charge,   0.0000000.
          PRES PDIM1         0.00
*** WARNING **** residue PHEN already exists (old one deleted)

      ***** LEVEL  1 WARNING FROM <RTFRDR> *****
      ***** Residue already exists.
      ******************************************
      BOMLEV (  0) IS NOT REACHED. WRNLEV IS  5

          RESI PHEN          0.00
*** WARNING **** residue AGLC already exists (old one deleted)

      ***** LEVEL  1 WARNING FROM <RTFRDR> *****
      ***** Residue already exists.
      ******************************************
      BOMLEV (  0) IS NOT REACHED. WRNLEV IS  5

          RESI AGLC           0.000
 There were   4 warning(s) from RTFRDR.
  
 CHARMM>     
  
 CHARMM>    read para card flex @app
 Parameter: APP -> "APPEND"

          PARAMETER FILE BEING READ FROM UNIT 98
 RDTITL> * NEW PARAMETERS
 RDTITL> *
 PARRDR> Error: Repeated ANGLE parameter (  5031): CEL1  CEL1  CTL1 is replaced
 PARRDR> Error: Repeated DIHE parameter ( 15388): CTL2  CG2O  CTL1  CTL3 is replaced
 PARRDR> Error: Repeated DIHE parameter ( 15389): CTL2  CG2O  CTL1  CTL3 is replaced
 PARRDR> Error: Repeated DIHE parameter ( 15388): CTL2  CG2O  CTL1  CTL3 is replaced
 PARRDR> Error: Repeated DIHE parameter ( 15389): CTL2  CG2O  CTL1  CTL3 is replaced
 PARMIO> NONBOND, HBOND lists and IMAGE atoms cleared.
  
 CHARMM>     
  
 CHARMM>    RETURN
 VCLOSE: Closing unit   98 with status "KEEP"

                    RETURNING TO INPUT STREAM    99
  
 CHARMM>    stream toppar/toppar_all36_lipid_miscellaneous.str
 VOPEN> Attempting to open::toppar/toppar_all36_lipid_miscellaneous.str::
 OPNLGU> Unit 98 opened for READONLY access to toppar/toppar_all36_lipid_miscellaneous.str

                    INPUT STREAM SWITCHING TO UNIT    98
 RDTITL> READ RTF CARD APPEND FLEX
 RDTITL> No title read.
 Parameter: IN1 <- "" <empty>
  
 CHARMM>    read rtf card append flex
 MAINIO> Residue topology file being read from unit  98.
 RDTITL> * TOPOLOGY FOR MISCELLANEOUS LIPIDS
 RDTITL> *
  
 CHARMM>     
  
 CHARMM>    read param card flex append

          PARAMETER FILE BEING READ FROM UNIT 98
 RDTITL> * PARAMETER FOR ACYL PYROPHOSPHATE: ADDED 2019_7
 RDTITL> *
 PARMIO> NONBOND, HBOND lists and IMAGE atoms cleared.
  
 CHARMM>    return
 VCLOSE: Closing unit   98 with status "KEEP"

                    RETURNING TO INPUT STREAM    99
  
 CHARMM>    stream toppar/toppar_all36_lipid_model.str
 VOPEN> Attempting to open::toppar/toppar_all36_lipid_model.str::
 OPNLGU> Unit 98 opened for READONLY access to toppar/toppar_all36_lipid_model.str

                    INPUT STREAM SWITCHING TO UNIT    98
 RDTITL> * CHARMM36 ALL-HYDROGEN LIPID FORCE FIELD TOPPAR STREAM FILE
 RDTITL> * COLLECTION OF RESIDUES AND PATCHES FOR MODEL COMPOUNDS USED
 RDTITL> * IN THE OPTIMIZATION THE LIPID FORCE FIELD.
 RDTITL> *
 Parameter: IN1 <- "" <empty>
  
 CHARMM>     
  
 CHARMM>    !Parent files that have to be read prior to streaming this file
 CHARMM>    !top_all36_lipid.rtf
 CHARMM>    !par_all36_lipid.prm
 CHARMM>     
  
 CHARMM>    !Testcase
 CHARMM>    !test_all36_lipid_model.inp
 CHARMM>     
  
 CHARMM>    read rtf card append
 MAINIO> Residue topology file being read from unit  98.
 RDTITL> * C36 LIPID MODEL COMPOUNDS
 RDTITL> *
*** WARNING **** residue MAS  already exists (old one deleted)

      ***** LEVEL  1 WARNING FROM <RTFRDR> *****
      ***** Residue already exists.
      ******************************************
      BOMLEV (  0) IS NOT REACHED. WRNLEV IS  5

          RESI MAS          0.00
*** WARNING **** residue ETAC already exists (old one deleted)

      ***** LEVEL  1 WARNING FROM <RTFRDR> *****
      ***** Residue already exists.
      ******************************************
      BOMLEV (  0) IS NOT REACHED. WRNLEV IS  5

          RESI ETAC         0.00
*** WARNING **** residue MPRO already exists (old one deleted)

      ***** LEVEL  1 WARNING FROM <RTFRDR> *****
      ***** Residue already exists.
      ******************************************
      BOMLEV (  0) IS NOT REACHED. WRNLEV IS  5

          RESI MPRO         0.00
*** WARNING **** residue MP_1 already exists (old one deleted)

      ***** LEVEL  1 WARNING FROM <RTFRDR> *****
      ***** Residue already exists.
      ******************************************
      BOMLEV (  0) IS NOT REACHED. WRNLEV IS  5

          RESI MP_1        -1.00
*** WARNING **** residue MP_2 already exists (old one deleted)

      ***** LEVEL  1 WARNING FROM <RTFRDR> *****
      ***** Residue already exists.
      ******************************************
      BOMLEV (  0) IS NOT REACHED. WRNLEV IS  5

          RESI MP_2        -2.00
*** WARNING **** residue MSO4 already exists (old one deleted)

      ***** LEVEL  1 WARNING FROM <RTFRDR> *****
      ***** Residue already exists.
      ******************************************
      BOMLEV (  0) IS NOT REACHED. WRNLEV IS  5

          RESI MSO4        -1.00
*** WARNING **** residue BUTA already exists (old one deleted)

      ***** LEVEL  1 WARNING FROM <RTFRDR> *****
      ***** Residue already exists.
      ******************************************
      BOMLEV (  0) IS NOT REACHED. WRNLEV IS  5

          RESI BUTA         0.00
*** WARNING **** residue PENT already exists (old one deleted)

      ***** LEVEL  1 WARNING FROM <RTFRDR> *****
      ***** Residue already exists.
      ******************************************
      BOMLEV (  0) IS NOT REACHED. WRNLEV IS  5

          RESI PENT         0.00
*** WARNING **** residue HEXA already exists (old one deleted)

      ***** LEVEL  1 WARNING FROM <RTFRDR> *****
      ***** Residue already exists.
      ******************************************
      BOMLEV (  0) IS NOT REACHED. WRNLEV IS  5

          RESI HEXA         0.00
*** WARNING **** residue ETHE already exists (old one deleted)

      ***** LEVEL  1 WARNING FROM <RTFRDR> *****
      ***** Residue already exists.
      ******************************************
      BOMLEV (  0) IS NOT REACHED. WRNLEV IS  5

          RESI ETHE       0.00
*** WARNING **** residue PRPE already exists (old one deleted)

      ***** LEVEL  1 WARNING FROM <RTFRDR> *****
      ***** Residue already exists.
      ******************************************
      BOMLEV (  0) IS NOT REACHED. WRNLEV IS  5

          RESI PRPE       0.00
*** WARNING **** residue BTE1 already exists (old one deleted)

      ***** LEVEL  1 WARNING FROM <RTFRDR> *****
      ***** Residue already exists.
      ******************************************
      BOMLEV (  0) IS NOT REACHED. WRNLEV IS  5

          RESI BTE1       0.00
*** WARNING **** residue BTE2 already exists (old one deleted)

      ***** LEVEL  1 WARNING FROM <RTFRDR> *****
      ***** Residue already exists.
      ******************************************
      BOMLEV (  0) IS NOT REACHED. WRNLEV IS  5

          RESI BTE2       0.00
*** WARNING **** residue DIPE already exists (old one deleted)

      ***** LEVEL  1 WARNING FROM <RTFRDR> *****
      ***** Residue already exists.
      ******************************************
      BOMLEV (  0) IS NOT REACHED. WRNLEV IS  5

          RESI DIPE       0.00
*** WARNING **** residue DIHE already exists (old one deleted)

      ***** LEVEL  1 WARNING FROM <RTFRDR> *****
      ***** Residue already exists.
      ******************************************
      BOMLEV (  0) IS NOT REACHED. WRNLEV IS  5

          RESI DIHE       0.00
*** WARNING **** residue NC4  already exists (old one deleted)

      ***** LEVEL  1 WARNING FROM <RTFRDR> *****
      ***** Residue already exists.
      ******************************************
      BOMLEV (  0) IS NOT REACHED. WRNLEV IS  5

          RESI NC4          1.00
*** WARNING **** residue NC5  already exists (old one deleted)

      ***** LEVEL  1 WARNING FROM <RTFRDR> *****
      ***** Residue already exists.
      ******************************************
      BOMLEV (  0) IS NOT REACHED. WRNLEV IS  5

          RESI NC5          1.00
*** WARNING **** residue CHOL already exists (old one deleted)

      ***** LEVEL  1 WARNING FROM <RTFRDR> *****
      ***** Residue already exists.
      ******************************************
      BOMLEV (  0) IS NOT REACHED. WRNLEV IS  5

          RESI CHOL         1.00
*** WARNING **** residue ACHO already exists (old one deleted)

      ***** LEVEL  1 WARNING FROM <RTFRDR> *****
      ***** Residue already exists.
      ******************************************
      BOMLEV (  0) IS NOT REACHED. WRNLEV IS  5

          RESI ACHO         1.00
*** WARNING **** residue PC   already exists (old one deleted)

      ***** LEVEL  1 WARNING FROM <RTFRDR> *****
      ***** Residue already exists.
      ******************************************
      BOMLEV (  0) IS NOT REACHED. WRNLEV IS  5

          RESI PC           0.00
*** WARNING **** residue GPC  already exists (old one deleted)

      ***** LEVEL  1 WARNING FROM <RTFRDR> *****
      ***** Residue already exists.
      ******************************************
      BOMLEV (  0) IS NOT REACHED. WRNLEV IS  5

          RESI GPC          0.00
*** WARNING **** residue TEA  already exists (old one deleted)

      ***** LEVEL  1 WARNING FROM <RTFRDR> *****
      ***** Residue already exists.
      ******************************************
      BOMLEV (  0) IS NOT REACHED. WRNLEV IS  5

          RESI TEA          1.00
*** WARNING **** residue ETAM already exists (old one deleted)

      ***** LEVEL  1 WARNING FROM <RTFRDR> *****
      ***** Residue already exists.
      ******************************************
      BOMLEV (  0) IS NOT REACHED. WRNLEV IS  5

          RESI ETAM       1.00
*** WARNING **** residue GLYC already exists (old one deleted)

      ***** LEVEL  1 WARNING FROM <RTFRDR> *****
      ***** Residue already exists.
      ******************************************
      BOMLEV (  0) IS NOT REACHED. WRNLEV IS  5

          RESI GLYC         0.00
*** WARNING **** residue MBUT already exists (old one deleted)

      ***** LEVEL  1 WARNING FROM <RTFRDR> *****
      ***** Residue already exists.
      ******************************************
      BOMLEV (  0) IS NOT REACHED. WRNLEV IS  5

          RESI MBUT         0.00
 There were  25 warning(s) from RTFRDR.
  
 CHARMM>     
  
 CHARMM>    return
 VCLOSE: Closing unit   98 with status "KEEP"

                    RETURNING TO INPUT STREAM    99
  
 CHARMM>    stream toppar/toppar_all36_lipid_prot.str
 VOPEN> Attempting to open::toppar/toppar_all36_lipid_prot.str::
 OPNLGU> Unit 98 opened for READONLY access to toppar/toppar_all36_lipid_prot.str

                    INPUT STREAM SWITCHING TO UNIT    98
 RDTITL> * TOPOLOGY AND PARAMETERS FOR LIPID TAIL LINKERS TO CYSTEINE AND GLYCINE,
 RDTITL> * FOR EXAMPLE, PALMITOYLATION, MARISTOYLATION, FERNASYLATION, GERANYLATION
 RDTITL> *
 Parameter: IN1 <- "" <empty>
  
 CHARMM>     
  
 CHARMM>    read rtf card append
 MAINIO> Residue topology file being read from unit  98.
 RDTITL> * LIPID-MODIFIED PROTEIN RESIDUES
 RDTITL> *
  
 CHARMM>     
  
 CHARMM>    read para card append flex

          PARAMETER FILE BEING READ FROM UNIT 98
 RDTITL> * CYSTEIN-PALMITATE PARAMETERS
 RDTITL> *
 PARMIO> NONBOND, HBOND lists and IMAGE atoms cleared.
  
 CHARMM>     
  
 CHARMM>    return
 VCLOSE: Closing unit   98 with status "KEEP"

                    RETURNING TO INPUT STREAM    99
  
 CHARMM>    stream toppar/toppar_all36_lipid_tag.str
 VOPEN> Attempting to open::toppar/toppar_all36_lipid_tag.str::
 OPNLGU> Unit 98 opened for READONLY access to toppar/toppar_all36_lipid_tag.str

                    INPUT STREAM SWITCHING TO UNIT    98
 RDTITL> READ RTF CARD APPEND
 RDTITL> No title read.
 Parameter: IN1 <- "" <empty>
  
 CHARMM>    read rtf card append
 MAINIO> Residue topology file being read from unit  98.
 RDTITL> * TOPOLOGY FOR TRIACYLGLYCEROLS [STEPHEN GEE FROM LEHIGH UNIVERSITY]
 RDTITL> *
  
 VCLOSE: Closing unit   98 with status "KEEP"

                    RETURNING TO INPUT STREAM    99
  
 CHARMM>    stream toppar/toppar_all36_lipid_yeast.str
 VOPEN> Attempting to open::toppar/toppar_all36_lipid_yeast.str::
 OPNLGU> Unit 98 opened for READONLY access to toppar/toppar_all36_lipid_yeast.str

                    INPUT STREAM SWITCHING TO UNIT    98
 RDTITL> * TOPPAR STREAM FILE FOR BRANCHED AND CYCLIC CHAINED LIPIDS.  FOLLOWING READING OF
 RDTITL> * TOP_ALL36_LIPID.RTF
 RDTITL> * AND
 RDTITL> * PAR_ALL36_LIPID.RTF
 RDTITL> *
 Parameter: IN1 <- "" <empty>
  
 CHARMM>     
  
 CHARMM>    set nat ?NATC
 RDCMND substituted energy or value "?NATC" to "590"
 Parameter: NAT <- "590"
  
 CHARMM>    set app
 Parameter: APP <- "" <empty>
  
 CHARMM>    !We're exploiting what is arguably a bug in the parser. On the left hand side,
 CHARMM>    !the quotes have proirity, so NAT is correctly substituted. On the right hand
 CHARMM>    !side, the ? has priority and NATC" (sic) is not a valid substitution...
 CHARMM>    if "@NAT" ne "?NATC" if @nat ne 0 set app append
 Parameter: NAT -> "590"
 Parameter: NAT -> "590"
 RDCMND: can not substitute energy "?NATC""
 Comparing ""590"" and ""?NATC"".
 IF test evaluated as true.  Performing command
 Comparing "590" and "0".
 IF test evaluated as true.  Performing command
 Parameter: APP <- "APPEND"
  
 CHARMM>     
  
 CHARMM>    read rtf card @app
 Parameter: APP -> "APPEND"
 MAINIO> Residue topology file being read from unit  98.
 RDTITL> * CHOLESTEROL RESIDUES
 RDTITL> *
  
 CHARMM>     
  
 CHARMM>    read para card flex @app
 Parameter: APP -> "APPEND"

          PARAMETER FILE BEING READ FROM UNIT 98
 RDTITL> * NEW PARAMETERS
 RDTITL> *
 PARMIO> NONBOND, HBOND lists and IMAGE atoms cleared.
  
 CHARMM>     
  
 CHARMM>    return
 VCLOSE: Closing unit   98 with status "KEEP"

                    RETURNING TO INPUT STREAM    99
  
 CHARMM>    stream toppar/toppar_all36_lipid_hmmm.str
 VOPEN> Attempting to open::toppar/toppar_all36_lipid_hmmm.str::
 OPNLGU> Unit 98 opened for READONLY access to toppar/toppar_all36_lipid_hmmm.str

                    INPUT STREAM SWITCHING TO UNIT    98
 RDTITL> READ RTF CARD APPEND FLEX
 RDTITL> No title read.
 Parameter: IN1 <- "" <empty>
  
 CHARMM>    read rtf card append flex
 MAINIO> Residue topology file being read from unit  98.
 RDTITL> * TOPOLOGY FOR TERMINAL PATCHES FOR HMMM TRUNCATED LIPIDS
 RDTITL> *

      ***** LEVEL  1 WARNING FROM <DECODF> *****
      ***** Zero length string
      ******************************************
      BOMLEV (  0) IS NOT REACHED. WRNLEV IS  5

 WARNING from DECODF -- Zero length string being converted to 0.

      ***** LEVEL  1 WARNING FROM <DECODF> *****
      ***** Zero length string
      ******************************************
      BOMLEV (  0) IS NOT REACHED. WRNLEV IS  5

 WARNING from DECODF -- Zero length string being converted to 0.

      ***** LEVEL  1 WARNING FROM <DECODF> *****
      ***** Zero length string
      ******************************************
      BOMLEV (  0) IS NOT REACHED. WRNLEV IS  5

 WARNING from DECODF -- Zero length string being converted to 0.

      ***** LEVEL  1 WARNING FROM <DECODF> *****
      ***** Zero length string
      ******************************************
      BOMLEV (  0) IS NOT REACHED. WRNLEV IS  5

 WARNING from DECODF -- Zero length string being converted to 0.

      ***** LEVEL  1 WARNING FROM <DECODF> *****
      ***** Zero length string
      ******************************************
      BOMLEV (  0) IS NOT REACHED. WRNLEV IS  5

 WARNING from DECODF -- Zero length string being converted to 0.

      ***** LEVEL  1 WARNING FROM <DECODF> *****
      ***** Zero length string
      ******************************************
      BOMLEV (  0) IS NOT REACHED. WRNLEV IS  5

 WARNING from DECODF -- Zero length string being converted to 0.

      ***** LEVEL  1 WARNING FROM <DECODF> *****
      ***** Zero length string
      ******************************************
      BOMLEV (  0) IS NOT REACHED. WRNLEV IS  5

 WARNING from DECODF -- Zero length string being converted to 0.

      ***** LEVEL  1 WARNING FROM <DECODF> *****
      ***** Zero length string
      ******************************************
      BOMLEV (  0) IS NOT REACHED. WRNLEV IS  5

 WARNING from DECODF -- Zero length string being converted to 0.
  
 CHARMM>     
  
 CHARMM>    read para card flex @app
 Parameter: APP -> "APPEND"

          PARAMETER FILE BEING READ FROM UNIT 98
 RDTITL> * NEW PARAMETERS
 RDTITL> *
 PARMIO> NONBOND, HBOND lists and IMAGE atoms cleared.
  
 CHARMM>     
  
 CHARMM>    return
 VCLOSE: Closing unit   98 with status "KEEP"

                    RETURNING TO INPUT STREAM    99
  
 CHARMM>    stream toppar/toppar_all36_lipid_detergent.str
 VOPEN> Attempting to open::toppar/toppar_all36_lipid_detergent.str::
 OPNLGU> Unit 98 opened for READONLY access to toppar/toppar_all36_lipid_detergent.str

                    INPUT STREAM SWITCHING TO UNIT    98
 RDTITL> * TOPPAR STREAM FILE FOR DETERGENTS AND FATTY ACIDS.
 RDTITL> * STREAM FOLLOWING READING OF
 RDTITL> * TOP_ALL36_LIPID.RTF
 RDTITL> * AND
 RDTITL> * PAR_ALL36_LIPID.RTF
 RDTITL> *
 Parameter: IN1 <- "" <empty>
  
 CHARMM>     
  
 CHARMM>    !Additional residues added by Im lab, Aug. 2017
 CHARMM>     
  
 CHARMM>    !Fatty acids added Jan. 2016
 CHARMM>     
  
 CHARMM>    read rtf card append
 MAINIO> Residue topology file being read from unit  98.
 RDTITL> * DETERGENT AND FATTY ACID RESIDUES
 RDTITL> *
  
 CHARMM>     
  
 CHARMM>    read para card append flex

          PARAMETER FILE BEING READ FROM UNIT 98
 RDTITL> * SB3-12 AND SB3-14 PARAMETERS
 RDTITL> *
 PARMIO> NONBOND, HBOND lists and IMAGE atoms cleared.
  
 CHARMM>     
  
 CHARMM>    return
 VCLOSE: Closing unit   98 with status "KEEP"

                    RETURNING TO INPUT STREAM    99
  
 CHARMM>    stream toppar/toppar_all36_lipid_ether.str
 VOPEN> Attempting to open::toppar/toppar_all36_lipid_ether.str::
 OPNLGU> Unit 98 opened for READONLY access to toppar/toppar_all36_lipid_ether.str

                    INPUT STREAM SWITCHING TO UNIT    98
 RDTITL> * CHARMM36 ALL-HYDROGEN ETHER LIPID FORCE FIELD INCLUDING PLASMALOGENS ALISON
 RDTITL> * N. LEONARD (A. L.), 7/18 WITH RICHARD PASTOR AND JEFFERY KLAUDA, JPCB 122(26)
 RDTITL> * PP. 6744 - 6754.  ANA WEST, 1/20 WITH VALERIA ZONI, WALTER TEAGUE JR., ALISON
 RDTITL> * LEONARD, STEFANO VANNI, KLAUS GAWRISCH, STEPHANIE TRISTAM-NAGLE, JONATHAN
 RDTITL> * SACHS, AND JEFFERY KLAUDA, JPCB 124(5) PP. 828 - 839.
 RDTITL> *
 Parameter: IN1 <- "" <empty>
  
 CHARMM>     
  
 CHARMM>    !Parent files that have to be read prior to streaming this file
 CHARMM>    !top_all36_lipid.rtf
 CHARMM>    !par_all36_lipid.prm
 CHARMM>    !top_all36_cgenff.rtf
 CHARMM>    !par_all36_cgenff.prm
 CHARMM>     
  
 CHARMM>    read rtf card append
 MAINIO> Residue topology file being read from unit  98.
 RDTITL> * C36 ETHER MODEL COMPOUNDS
 RDTITL> *

      ***** LEVEL  1 WARNING FROM <DECODF> *****
      ***** Zero length string
      ******************************************
      BOMLEV (  0) IS NOT REACHED. WRNLEV IS  5

 WARNING from DECODF -- Zero length string being converted to 0.

      ***** LEVEL  1 WARNING FROM <DECODF> *****
      ***** Zero length string
      ******************************************
      BOMLEV (  0) IS NOT REACHED. WRNLEV IS  5

 WARNING from DECODF -- Zero length string being converted to 0.

      ***** LEVEL  1 WARNING FROM <DECODF> *****
      ***** Zero length string
      ******************************************
      BOMLEV (  0) IS NOT REACHED. WRNLEV IS  5

 WARNING from DECODF -- Zero length string being converted to 0.
  
 CHARMM>     
  
 CHARMM>    read para card flex append

          PARAMETER FILE BEING READ FROM UNIT 98
 RDTITL> * PARAMETERS
 RDTITL> *
 PARMIO> NONBOND, HBOND lists and IMAGE atoms cleared.
  
 CHARMM>     
  
 CHARMM>    return
 VCLOSE: Closing unit   98 with status "KEEP"

                    RETURNING TO INPUT STREAM    99
  
 CHARMM>    stream toppar/toppar_all36_lipid_oxidized.str
 VOPEN> Attempting to open::toppar/toppar_all36_lipid_oxidized.str::
 OPNLGU> Unit 98 opened for READONLY access to toppar/toppar_all36_lipid_oxidized.str

                    INPUT STREAM SWITCHING TO UNIT    98
 RDTITL> READ RTF CARD APPEND
 RDTITL> No title read.
 Parameter: IN1 <- "" <empty>
  
 CHARMM>    read rtf card append
 MAINIO> Residue topology file being read from unit  98.
 RDTITL> * TOPOLOGY FOR OXIDIZED PHOSPHOLIPID
 RDTITL> *

      ***** LEVEL  1 WARNING FROM <rtfrdr> *****
      ***** No AUTOgen defaults specified in appended RTF. Potential conflict with prior RTF autogen options. Check.
      ******************************************
      BOMLEV (  0) IS NOT REACHED. WRNLEV IS  5

  
 CHARMM>     
  
 CHARMM>    read param card flex append

          PARAMETER FILE BEING READ FROM UNIT 98
 RDTITL> * ADDITIONAL PARAMETERS FOR OXIDIZED PHOSPHOLIPIDS
 RDTITL> *
 PARMIO> NONBOND, HBOND lists and IMAGE atoms cleared.
  
 CHARMM>     
  
 CHARMM>    RETURN
 VCLOSE: Closing unit   98 with status "KEEP"

                    RETURNING TO INPUT STREAM    99
  
 CHARMM>     
  
 CHARMM>    ! Additional topologies and parameters for carbohydrates
 CHARMM>    stream toppar/toppar_all36_carb_glycolipid.str
 VOPEN> Attempting to open::toppar/toppar_all36_carb_glycolipid.str::
 OPNLGU> Unit 98 opened for READONLY access to toppar/toppar_all36_carb_glycolipid.str

                    INPUT STREAM SWITCHING TO UNIT    98
 RDTITL> READ RTF CARD APPEND
 RDTITL> No title read.
 Parameter: IN1 <- "" <empty>
  
 CHARMM>    read rtf card append
 MAINIO> Residue topology file being read from unit  98.
 RDTITL> * TOPOLOGY FOR GLYCOLIPIDS
 RDTITL> *
  
 CHARMM>     
  
 CHARMM>    read param card flex append

          PARAMETER FILE BEING READ FROM UNIT 98
 RDTITL> * PIP RELATED PARAMETERS
 RDTITL> *
 PARRDR> Error: Repeated DIHE parameter ( 15475): CG2R  CG2R  CG2R  OC30 is replaced
 PARRDR> Error: Repeated DIHE parameter ( 15474): HGR6  CG2R  CG2R  OC30 is replaced
 PARMIO> NONBOND, HBOND lists and IMAGE atoms cleared.
  
 CHARMM>     
  
 CHARMM>    RETURN
 VCLOSE: Closing unit   98 with status "KEEP"

                    RETURNING TO INPUT STREAM    99
  
 CHARMM>    stream toppar/toppar_all36_carb_glycopeptide.str
 VOPEN> Attempting to open::toppar/toppar_all36_carb_glycopeptide.str::
 OPNLGU> Unit 98 opened for READONLY access to toppar/toppar_all36_carb_glycopeptide.str

                    INPUT STREAM SWITCHING TO UNIT    98
 RDTITL> READ RTF CARD APPEND
 RDTITL> No title read.
 Parameter: IN1 <- "" <empty>
  
 CHARMM>    read rtf card append
 MAINIO> Residue topology file being read from unit  98.
 RDTITL> * TOPOLOGY FOR GLYCOPEPTIDE LINKAGES
 RDTITL> *
  
 CHARMM>     
  
 CHARMM>    read param card flex append

          PARAMETER FILE BEING READ FROM UNIT 98
 RDTITL> *    NEW PARAMETES
 RDTITL> *
 PARMIO> NONBOND, HBOND lists and IMAGE atoms cleared.
  
 CHARMM>     
  
 CHARMM>     
  
 CHARMM>    RETURN
 VCLOSE: Closing unit   98 with status "KEEP"

                    RETURNING TO INPUT STREAM    99
  
 CHARMM>    stream toppar/toppar_all36_carb_imlab.str
 VOPEN> Attempting to open::toppar/toppar_all36_carb_imlab.str::
 OPNLGU> Unit 98 opened for READONLY access to toppar/toppar_all36_carb_imlab.str

                    INPUT STREAM SWITCHING TO UNIT    98
 RDTITL> READ RTF CARD APPEND
 RDTITL> No title read.
 Parameter: IN1 <- "" <empty>
  
 CHARMM>    read rtf card append
 MAINIO> Residue topology file being read from unit  98.
 RDTITL> * GLYCAN CHEMICAL MODIFICATION PATCHES
 RDTITL> *
  
 CHARMM>     
  
 CHARMM>    read param card flex append

          PARAMETER FILE BEING READ FROM UNIT 98
 RDTITL> * GLYCAN CHEMICAL MODIFICATION PATCHES
 RDTITL> *
 PARMIO> NONBOND, HBOND lists and IMAGE atoms cleared.
  
 CHARMM>     
  
 CHARMM>    RETURN
 VCLOSE: Closing unit   98 with status "KEEP"

                    RETURNING TO INPUT STREAM    99
  
 CHARMM>     
  
 CHARMM>    ! Additional topologies and parameters for spin/fluorophore labels
 CHARMM>    stream toppar/toppar_all36_label_spin.str
 VOPEN> Attempting to open::toppar/toppar_all36_label_spin.str::
 OPNLGU> Unit 98 opened for READONLY access to toppar/toppar_all36_label_spin.str

                    INPUT STREAM SWITCHING TO UNIT    98
 RDTITL> *>>>>> TOPOLOGY FOR NITROXYDE SPIN LABELS <<<<<<<
 RDTITL> * SHAHIDUL M. ISLAM, UNIVERSITY OF CHICAGO
 RDTITL> *
 Parameter: IN1 <- "" <empty>
  
 CHARMM>     
  
 CHARMM>    ! please reference the following:
 CHARMM>    !Sezer, D., Freed J. H., and Roux, B. “Parametrization, Molecular Dynamics Simulation, and Calculation of Electron Spin
 CHARMM>    !Resonance Spectra of a Nitroxide Spin Label on a Polyalanine alpha-Helix” J. Phys. Chem. B 2008, 112, 5755-5767
 CHARMM>     
  
 CHARMM>    !Islam, S. M., and Roux, B. “Parameterization and molecular dynamics simulations of a
 CHARMM>    !conformationally constrained double linked spin label constrained by EPR/DEER data”
 CHARMM>    !(planed submission to J journal)
 CHARMM>     
  
 CHARMM>    !test "append" to determine if previous toppar files have been read and
 CHARMM>    !add append to "read rtf card" if true
 CHARMM>    set nat ?NATC
 RDCMND substituted energy or value "?NATC" to "590"
 Parameter: NAT <- "590"
  
 CHARMM>    set app
 Parameter: APP <- "" <empty>
  
 CHARMM>    !We're exploiting what is arguably a bug in the parser. On the left hand side,
 CHARMM>    !the quotes have proirity, so NAT is correctly substituted. On the right hand
 CHARMM>    !side, the ? has priority and NATC" (sic) is not a valid substitution...
 CHARMM>    if "@NAT" ne "?NATC" if @nat ne 0 set app append
 Parameter: NAT -> "590"
 Parameter: NAT -> "590"
 RDCMND: can not substitute energy "?NATC""
 Comparing ""590"" and ""?NATC"".
 IF test evaluated as true.  Performing command
 Comparing "590" and "0".
 IF test evaluated as true.  Performing command
 Parameter: APP <- "APPEND"
  
 CHARMM>     
  
 CHARMM>     
  
 CHARMM>    read rtf card @app
 Parameter: APP -> "APPEND"
 MAINIO> Residue topology file being read from unit  98.
 RDTITL> * TOPOLOGY FOR SPIN LABEL
 RDTITL> *
  
 CHARMM>     
  
 CHARMM>     
  
 CHARMM>    read para card flex @app
 Parameter: APP -> "APPEND"

          PARAMETER FILE BEING READ FROM UNIT 98
 RDTITL> * PARAMETERS FOR SPIN LABEL
 RDTITL> *
 PARMIO> NONBOND, HBOND lists and IMAGE atoms cleared.
  
 CHARMM>     
  
 CHARMM>    return
 VCLOSE: Closing unit   98 with status "KEEP"

                    RETURNING TO INPUT STREAM    99
  
 CHARMM>    stream toppar/toppar_all36_label_fluorophore.str
 VOPEN> Attempting to open::toppar/toppar_all36_label_fluorophore.str::
 OPNLGU> Unit 98 opened for READONLY access to toppar/toppar_all36_label_fluorophore.str

                    INPUT STREAM SWITCHING TO UNIT    98
 RDTITL> READ RTF CARD APPEND
 RDTITL> No title read.
 Parameter: IN1 <- "" <empty>
  
 CHARMM>    read rtf card append
 MAINIO> Residue topology file being read from unit  98.
 RDTITL> * TOPOLOGY FILES
 RDTITL> *
  
 CHARMM>     
  
 CHARMM>    read param card flex append

          PARAMETER FILE BEING READ FROM UNIT 98
 RDTITL> * MINI FORCE FIELD PARAMETER FILE.
 RDTITL> *
 PARMIO> NONBOND, HBOND lists and IMAGE atoms cleared.
  
 CHARMM>     
  
 VCLOSE: Closing unit   98 with status "KEEP"

                    RETURNING TO INPUT STREAM    99
  
 CHARMM>     
  
 CHARMM>     
  
 CHARMM>     
  
 VCLOSE: Closing unit   99 with status "KEEP"

                    RETURNING TO INPUT STREAM     5
  
 CHARMM>     
  
 CHARMM>    ! Read PSF and Coordinates
 CHARMM>    open read unit 10 card name step1_pdbreader.psf
 OPNLGU> Unit already open. The old file will be closed first.
 VCLOSE: Closing unit   10 with status "KEEP"
 VOPEN> Attempting to open::step1_pdbreader.psf::
 OPNLGU> Unit 10 opened for READONLY access to step1_pdbreader.psf
  
 CHARMM>    read psf  unit 10 card
 MAINIO> Protein structure file being read from unit  10.
 psf_read_formatted: Reading PSF in the expanded format.
 TITLE>  * GENERATED BY CHARMM-GUI (HTTP://WWW.CHARMM-GUI.ORG) V3.7 ON JUN, 01. 2026. JOB
 TITLE>  * READ PDB, MANIPULATE STRUCTURE IF NEEDED, AND GENERATE TOPOLOGY FILE
 TITLE>  *  DATE:     6/ 1/26      0:41:51      CREATED BY USER: charmm-gui
 TITLE>  *
 PSFSUM> PSF modified: NONBOND lists and IMAGE atoms cleared.
 PSFSUM> Summary of the structure file counters :
         Number of segments      =        4   Number of residues   =     1004
         Number of atoms         =    15156   Number of groups     =     4740
         Number of bonds         =    15384   Number of angles     =    27752
         Number of dihedrals     =    40648   Number of impropers  =     2540
         Number of cross-terms   =      996   Number of autogens   =        0
         Number of HB acceptors  =     1308   Number of HB donors  =     1456
         Number of NB exclusions =        0   Total charge =   -4.00000
  
 CHARMM>     
  
 CHARMM>    open read unit 10 card name step2_orient.crd
 OPNLGU> Unit already open. The old file will be closed first.
 VCLOSE: Closing unit   10 with status "KEEP"
 VOPEN> Attempting to open::step2_orient.crd::
 OPNLGU> Unit 10 opened for READONLY access to step2_orient.crd
  
 CHARMM>    read coor unit 10 card
          SPATIAL COORDINATES BEING READ FROM UNIT 10
 TITLE> * CALC TOPAREA = 4141.3107
 TITLE> * CALC BOTAREA = 3928.19358
 TITLE> * CALC XMAX = 38.6252187
 TITLE> * CALC XMIN = -38.6244258
 TITLE> * CALC YMAX = 38.6230242
 TITLE> * CALC YMIN = -38.6309926
 TITLE> * CALC ZMAX = 33.3514749
 TITLE> * CALC ZMIN = -22.0111052
 TITLE> *  DATE:     6/ 1/26      0:43:45      CREATED BY USER: CHARMM-GUI
 TITLE> *
  
 CHARMM>     
  
 CHARMM>    define PROT sele all end
 SELRPN>  15156 atoms have been selected out of  15156
  
 CHARMM>     
  
 CHARMM>    ! Read the system information
 CHARMM>    stream step3_size.str
 VOPEN> Attempting to open::step3_size.str::
 OPNLGU> Unit 99 opened for READONLY access to step3_size.str

                    INPUT STREAM SWITCHING TO UNIT    99
 RDTITL> SET BOXTYPE  = RECT
 RDTITL> No title read.
 Parameter: IN1 <- "" <empty>
  
 CHARMM>     SET BOXTYPE  = RECT
 Parameter: BOXTYPE <- "RECT"
  
 CHARMM>     SET XTLTYPE  = TETRAGONAL
 Parameter: XTLTYPE <- "TETRAGONAL"
  
 CHARMM>     SET A        = 117.465304
 Parameter: A <- "117.465304"
  
 CHARMM>     SET B        = 117.465304
 Parameter: B <- "117.465304"
  
 CHARMM>     SET C        = 100.36258
 Parameter: C <- "100.36258"
  
 CHARMM>     SET ALPHA    = 90.0
 Parameter: ALPHA <- "90.0"
  
 CHARMM>     SET BETA     = 90.0
 Parameter: BETA <- "90.0"
  
 CHARMM>     SET GAMMA    = 90.0
 Parameter: GAMMA <- "90.0"
  
 CHARMM>     SET ZCEN     = 5.67018485
 Parameter: ZCEN <- "5.67018485"
  
 CHARMM>     SET NLIPTOP  = 154
 Parameter: NLIPTOP <- "154"
  
 CHARMM>     SET NLIPBOT  = 158
 Parameter: NLIPBOT <- "158"
  
 CHARMM>     SET WBOXZ    = 22.5
 Parameter: WBOXZ <- "22.5"
  
 CHARMM>     SET WATBOXZ  = 35.8514749
 Parameter: WATBOXZ <- "35.8514749"
  
 CHARMM>     SET NCHARGE  = -4
 Parameter: NCHARGE <- "-4"
  
 VCLOSE: Closing unit   99 with status "KEEP"

                    RETURNING TO INPUT STREAM     5
  
 CHARMM>    stream step3_packing_pol.str
 VOPEN> Attempting to open::step3_packing_pol.str::
 OPNLGU> Unit 99 opened for READONLY access to step3_packing_pol.str

                    INPUT STREAM SWITCHING TO UNIT    99
 RDTITL> * TOPOLOGY AND PARAMETERS FOR A BIG-SPHERE (POL)
 RDTITL> *
 Parameter: IN1 <- "" <empty>
  
 CHARMM>     
  
 CHARMM>    !if you rtf does not have the following mass, you have to add it
 CHARMM>    !MASS 250    POLO 30.97400   ! Fake lipid sphere
 CHARMM>     
  
 CHARMM>    read rtf card append
 MAINIO> Residue topology file being read from unit  99.
 RDTITL> * RTF FOR POL
 RDTITL> *

      ***** LEVEL  1 WARNING FROM <rtfrdr> *****
      ***** No AUTOgen defaults specified in appended RTF. Potential conflict with prior RTF autogen options. Check.
      ******************************************
      BOMLEV (  0) IS NOT REACHED. WRNLEV IS  5

  
 CHARMM>     
  
 CHARMM>    read para card append flex

          PARAMETER FILE BEING READ FROM UNIT 99
 RDTITL> * PARA FOR POL
 RDTITL> *
 PARMIO> NONBOND, HBOND lists and IMAGE atoms cleared.
  
 CHARMM>     
  
 VCLOSE: Closing unit   99 with status "KEEP"

                    RETURNING TO INPUT STREAM     5
  
 CHARMM>    stream step4_components.str
 VOPEN> Attempting to open::step4_components.str::
 OPNLGU> Unit 99 opened for READONLY access to step4_components.str

                    INPUT STREAM SWITCHING TO UNIT    99
 RDTITL> SET NWATER = 121
 RDTITL> No title read.
 Parameter: IN1 <- "" <empty>
  
 CHARMM>     SET NWATER = 121
 Parameter: NWATER <- "121"
  
 VCLOSE: Closing unit   99 with status "KEEP"

                    RETURNING TO INPUT STREAM     5
  
 CHARMM>    stream step4_lipid_rings.str
 VOPEN> Attempting to open::step4_lipid_rings.str::
 OPNLGU> Unit 99 opened for READONLY access to step4_lipid_rings.str

                    INPUT STREAM SWITCHING TO UNIT    99
 RDTITL> * PLACE DUMMY ATOMS AT THE CENTER OF EACH RINGS
 RDTITL> *
 Parameter: IN1 <- "" <empty>
  
 CHARMM>     
  
 CHARMM>    set ncycles = 484
 Parameter: NCYCLES <- "484"
  
 CHARMM>     
  
 CHARMM>    read sequence POL @NCYCLES
 Parameter: NCYCLES -> "484"
  
 CHARMM>    generate DUM warn
 NO PATCHING WILL BE DONE ON THE FIRST RESIDUE
 NO PATCHING WILL BE DONE ON THE LAST  RESIDUE
 AUTGEN: Autogenerating specified angles and dihedrals.
 GENPSF> Segment   5 has been generated. Its identifier is DUM.
 PSFSUM> PSF modified: NONBOND lists and IMAGE atoms cleared.
 PSFSUM> Summary of the structure file counters :
         Number of segments      =        5   Number of residues   =     1488
         Number of atoms         =    15640   Number of groups     =     5224
         Number of bonds         =    15384   Number of angles     =    27752
         Number of dihedrals     =    40648   Number of impropers  =     2540
         Number of cross-terms   =      996   Number of autogens   =        0
         Number of HB acceptors  =     1308   Number of HB donors  =     1456
         Number of NB exclusions =        0   Total charge =   -4.00000
  
 CHARMM>     
  
 CHARMM>    coor set xdir    4.510 ydir  -34.783 zdir  -16.935 sele segid dum .and. resi 1 end
 SELRPN>      1 atoms have been selected out of  15640
 SELECTED COORDINATES SET IN THE MAIN SET.

  
 CHARMM>    coor set xdir    9.510 ydir  -13.732 zdir    3.639 sele segid dum .and. resi 2 end
 SELRPN>      1 atoms have been selected out of  15640
 SELECTED COORDINATES SET IN THE MAIN SET.

  
 CHARMM>    coor set xdir   -3.332 ydir  -11.182 zdir   18.104 sele segid dum .and. resi 3 end
 SELRPN>      1 atoms have been selected out of  15640
 SELECTED COORDINATES SET IN THE MAIN SET.

  
 CHARMM>    coor set xdir    0.668 ydir  -16.225 zdir    7.687 sele segid dum .and. resi 4 end
 SELRPN>      1 atoms have been selected out of  15640
 SELECTED COORDINATES SET IN THE MAIN SET.

  
 CHARMM>    coor set xdir   -4.142 ydir  -22.217 zdir   -8.942 sele segid dum .and. resi 5 end
 SELRPN>      1 atoms have been selected out of  15640
 SELECTED COORDINATES SET IN THE MAIN SET.

  
 CHARMM>    coor set xdir   -4.678 ydir  -26.160 zdir   -0.932 sele segid dum .and. resi 6 end
 SELRPN>      1 atoms have been selected out of  15640
 SELECTED COORDINATES SET IN THE MAIN SET.

  
 CHARMM>    coor set xdir  -12.799 ydir  -29.080 zdir   -4.290 sele segid dum .and. resi 7 end
 SELRPN>      1 atoms have been selected out of  15640
 SELECTED COORDINATES SET IN THE MAIN SET.

  
 CHARMM>    coor set xdir   -6.471 ydir  -29.826 zdir  -15.592 sele segid dum .and. resi 8 end
 SELRPN>      1 atoms have been selected out of  15640
 SELECTED COORDINATES SET IN THE MAIN SET.

  
 CHARMM>    coor set xdir  -11.932 ydir  -32.238 zdir  -11.738 sele segid dum .and. resi 9 end
 SELRPN>      1 atoms have been selected out of  15640
 SELECTED COORDINATES SET IN THE MAIN SET.

  
 CHARMM>    coor set xdir  -12.450 ydir  -31.752 zdir   -9.708 sele segid dum .and. resi 10 end
 SELRPN>      1 atoms have been selected out of  15640
 SELECTED COORDINATES SET IN THE MAIN SET.

  
 CHARMM>    coor set xdir   -4.127 ydir  -34.177 zdir   -6.924 sele segid dum .and. resi 11 end
 SELRPN>      1 atoms have been selected out of  15640
 SELECTED COORDINATES SET IN THE MAIN SET.

  
 CHARMM>    coor set xdir   -0.698 ydir  -26.751 zdir   -9.516 sele segid dum .and. resi 12 end
 SELRPN>      1 atoms have been selected out of  15640
 SELECTED COORDINATES SET IN THE MAIN SET.

  
 CHARMM>    coor set xdir    8.092 ydir  -31.393 zdir    6.969 sele segid dum .and. resi 13 end
 SELRPN>      1 atoms have been selected out of  15640
 SELECTED COORDINATES SET IN THE MAIN SET.

  
 CHARMM>    coor set xdir   11.818 ydir  -16.258 zdir   15.398 sele segid dum .and. resi 14 end
 SELRPN>      1 atoms have been selected out of  15640
 SELECTED COORDINATES SET IN THE MAIN SET.

  
 CHARMM>    coor set xdir   17.044 ydir  -25.948 zdir   18.124 sele segid dum .and. resi 15 end
 SELRPN>      1 atoms have been selected out of  15640
 SELECTED COORDINATES SET IN THE MAIN SET.

  
 CHARMM>    coor set xdir    7.015 ydir  -18.653 zdir   24.906 sele segid dum .and. resi 16 end
 SELRPN>      1 atoms have been selected out of  15640
 SELECTED COORDINATES SET IN THE MAIN SET.

  
 CHARMM>    coor set xdir    4.559 ydir  -27.294 zdir   28.865 sele segid dum .and. resi 17 end
 SELRPN>      1 atoms have been selected out of  15640
 SELECTED COORDINATES SET IN THE MAIN SET.

  
 CHARMM>    coor set xdir   -0.054 ydir  -21.026 zdir   30.059 sele segid dum .and. resi 18 end
 SELRPN>      1 atoms have been selected out of  15640
 SELECTED COORDINATES SET IN THE MAIN SET.

  
 CHARMM>    coor set xdir   -2.687 ydir  -26.364 zdir   18.066 sele segid dum .and. resi 19 end
 SELRPN>      1 atoms have been selected out of  15640
 SELECTED COORDINATES SET IN THE MAIN SET.

  
 CHARMM>    coor set xdir   -8.924 ydir  -24.765 zdir   19.054 sele segid dum .and. resi 20 end
 SELRPN>      1 atoms have been selected out of  15640
 SELECTED COORDINATES SET IN THE MAIN SET.

  
 CHARMM>    coor set xdir  -16.883 ydir  -27.559 zdir    9.230 sele segid dum .and. resi 21 end
 SELRPN>      1 atoms have been selected out of  15640
 SELECTED COORDINATES SET IN THE MAIN SET.

  
 CHARMM>    coor set xdir  -21.136 ydir  -19.295 zdir    9.871 sele segid dum .and. resi 22 end
 SELRPN>      1 atoms have been selected out of  15640
 SELECTED COORDINATES SET IN THE MAIN SET.

  
 CHARMM>    coor set xdir  -16.374 ydir  -15.133 zdir  -20.407 sele segid dum .and. resi 23 end
 SELRPN>      1 atoms have been selected out of  15640
 SELECTED COORDINATES SET IN THE MAIN SET.

  
 CHARMM>    coor set xdir   -7.640 ydir   -8.412 zdir  -17.049 sele segid dum .and. resi 24 end
 SELRPN>      1 atoms have been selected out of  15640
 SELECTED COORDINATES SET IN THE MAIN SET.

  
 CHARMM>    coor set xdir   -3.324 ydir   -5.778 zdir  -15.227 sele segid dum .and. resi 25 end
 SELRPN>      1 atoms have been selected out of  15640
 SELECTED COORDINATES SET IN THE MAIN SET.

  
 CHARMM>    coor set xdir    1.576 ydir   -4.885 zdir   -4.746 sele segid dum .and. resi 26 end
 SELRPN>      1 atoms have been selected out of  15640
 SELECTED COORDINATES SET IN THE MAIN SET.

  
 CHARMM>    coor set xdir  -10.165 ydir  -20.103 zdir   13.389 sele segid dum .and. resi 27 end
 SELRPN>      1 atoms have been selected out of  15640
 SELECTED COORDINATES SET IN THE MAIN SET.

  
 CHARMM>    coor set xdir   -3.369 ydir  -17.494 zdir    3.343 sele segid dum .and. resi 28 end
 SELRPN>      1 atoms have been selected out of  15640
 SELECTED COORDINATES SET IN THE MAIN SET.

  
 CHARMM>    coor set xdir   -1.852 ydir  -32.400 zdir    6.818 sele segid dum .and. resi 29 end
 SELRPN>      1 atoms have been selected out of  15640
 SELECTED COORDINATES SET IN THE MAIN SET.

  
 CHARMM>    coor set xdir    8.993 ydir  -28.585 zdir   11.529 sele segid dum .and. resi 30 end
 SELRPN>      1 atoms have been selected out of  15640
 SELECTED COORDINATES SET IN THE MAIN SET.

  
 CHARMM>    coor set xdir    5.770 ydir  -27.914 zdir   19.698 sele segid dum .and. resi 31 end
 SELRPN>      1 atoms have been selected out of  15640
 SELECTED COORDINATES SET IN THE MAIN SET.

  
 CHARMM>    coor set xdir    7.356 ydir  -27.444 zdir   18.326 sele segid dum .and. resi 32 end
 SELRPN>      1 atoms have been selected out of  15640
 SELECTED COORDINATES SET IN THE MAIN SET.

  
 CHARMM>    coor set xdir   -1.304 ydir  -34.614 zdir   13.326 sele segid dum .and. resi 33 end
 SELRPN>      1 atoms have been selected out of  15640
 SELECTED COORDINATES SET IN THE MAIN SET.

  
 CHARMM>    coor set xdir   -8.430 ydir  -26.692 zdir    9.994 sele segid dum .and. resi 34 end
 SELRPN>      1 atoms have been selected out of  15640
 SELECTED COORDINATES SET IN THE MAIN SET.

  
 CHARMM>    coor set xdir  -11.097 ydir  -24.930 zdir    4.268 sele segid dum .and. resi 35 end
 SELRPN>      1 atoms have been selected out of  15640
 SELECTED COORDINATES SET IN THE MAIN SET.

  
 CHARMM>    coor set xdir  -22.661 ydir  -24.576 zdir   -6.490 sele segid dum .and. resi 36 end
 SELRPN>      1 atoms have been selected out of  15640
 SELECTED COORDINATES SET IN THE MAIN SET.

  
 CHARMM>    coor set xdir  -17.190 ydir  -14.108 zdir   -9.330 sele segid dum .and. resi 37 end
 SELRPN>      1 atoms have been selected out of  15640
 SELECTED COORDINATES SET IN THE MAIN SET.

  
 CHARMM>    coor set xdir  -26.823 ydir  -13.590 zdir  -13.301 sele segid dum .and. resi 38 end
 SELRPN>      1 atoms have been selected out of  15640
 SELECTED COORDINATES SET IN THE MAIN SET.

  
 CHARMM>    coor set xdir  -13.869 ydir  -32.430 zdir   11.241 sele segid dum .and. resi 39 end
 SELRPN>      1 atoms have been selected out of  15640
 SELECTED COORDINATES SET IN THE MAIN SET.

  
 CHARMM>    coor set xdir  -12.022 ydir  -33.162 zdir   12.063 sele segid dum .and. resi 40 end
 SELRPN>      1 atoms have been selected out of  15640
 SELECTED COORDINATES SET IN THE MAIN SET.

  
 CHARMM>    coor set xdir   -6.367 ydir  -35.079 zdir   10.496 sele segid dum .and. resi 41 end
 SELRPN>      1 atoms have been selected out of  15640
 SELECTED COORDINATES SET IN THE MAIN SET.

  
 CHARMM>    coor set xdir   -6.668 ydir  -34.582 zdir   12.565 sele segid dum .and. resi 42 end
 SELRPN>      1 atoms have been selected out of  15640
 SELECTED COORDINATES SET IN THE MAIN SET.

  
 CHARMM>    coor set xdir  -10.830 ydir  -25.834 zdir   14.764 sele segid dum .and. resi 43 end
 SELRPN>      1 atoms have been selected out of  15640
 SELECTED COORDINATES SET IN THE MAIN SET.

  
 CHARMM>    coor set xdir   -8.812 ydir  -26.502 zdir   15.083 sele segid dum .and. resi 44 end
 SELRPN>      1 atoms have been selected out of  15640
 SELECTED COORDINATES SET IN THE MAIN SET.

  
 CHARMM>    coor set xdir   -8.619 ydir  -36.848 zdir   18.374 sele segid dum .and. resi 45 end
 SELRPN>      1 atoms have been selected out of  15640
 SELECTED COORDINATES SET IN THE MAIN SET.

  
 CHARMM>    coor set xdir    2.899 ydir  -26.216 zdir    8.939 sele segid dum .and. resi 46 end
 SELRPN>      1 atoms have been selected out of  15640
 SELECTED COORDINATES SET IN THE MAIN SET.

  
 CHARMM>    coor set xdir   -6.159 ydir  -25.660 zdir    3.386 sele segid dum .and. resi 47 end
 SELRPN>      1 atoms have been selected out of  15640
 SELECTED COORDINATES SET IN THE MAIN SET.

  
 CHARMM>    coor set xdir  -11.478 ydir  -14.989 zdir  -17.409 sele segid dum .and. resi 48 end
 SELRPN>      1 atoms have been selected out of  15640
 SELECTED COORDINATES SET IN THE MAIN SET.

  
 CHARMM>    coor set xdir  -19.439 ydir  -22.611 zdir    4.307 sele segid dum .and. resi 49 end
 SELRPN>      1 atoms have been selected out of  15640
 SELECTED COORDINATES SET IN THE MAIN SET.

  
 CHARMM>    coor set xdir  -12.221 ydir  -16.197 zdir   21.269 sele segid dum .and. resi 50 end
 SELRPN>      1 atoms have been selected out of  15640
 SELECTED COORDINATES SET IN THE MAIN SET.

  
 CHARMM>    coor set xdir    6.305 ydir  -23.833 zdir   14.172 sele segid dum .and. resi 51 end
 SELRPN>      1 atoms have been selected out of  15640
 SELECTED COORDINATES SET IN THE MAIN SET.

  
 CHARMM>    coor set xdir   17.406 ydir  -21.163 zdir   26.331 sele segid dum .and. resi 52 end
 SELRPN>      1 atoms have been selected out of  15640
 SELECTED COORDINATES SET IN THE MAIN SET.

  
 CHARMM>    coor set xdir   14.536 ydir  -26.979 zdir   21.662 sele segid dum .and. resi 53 end
 SELRPN>      1 atoms have been selected out of  15640
 SELECTED COORDINATES SET IN THE MAIN SET.

  
 CHARMM>    coor set xdir   13.616 ydir  -28.485 zdir   22.891 sele segid dum .and. resi 54 end
 SELRPN>      1 atoms have been selected out of  15640
 SELECTED COORDINATES SET IN THE MAIN SET.

  
 CHARMM>    coor set xdir   12.296 ydir  -26.689 zdir   15.992 sele segid dum .and. resi 55 end
 SELRPN>      1 atoms have been selected out of  15640
 SELECTED COORDINATES SET IN THE MAIN SET.

  
 CHARMM>    coor set xdir  -17.574 ydir  -27.721 zdir   -7.876 sele segid dum .and. resi 56 end
 SELRPN>      1 atoms have been selected out of  15640
 SELECTED COORDINATES SET IN THE MAIN SET.

  
 CHARMM>    coor set xdir    2.158 ydir   -5.793 zdir    2.973 sele segid dum .and. resi 57 end
 SELRPN>      1 atoms have been selected out of  15640
 SELECTED COORDINATES SET IN THE MAIN SET.

  
 CHARMM>    coor set xdir   10.244 ydir   -7.645 zdir   17.900 sele segid dum .and. resi 58 end
 SELRPN>      1 atoms have been selected out of  15640
 SELECTED COORDINATES SET IN THE MAIN SET.

  
 CHARMM>    coor set xdir   34.792 ydir    4.511 zdir  -16.927 sele segid dum .and. resi 59 end
 SELRPN>      1 atoms have been selected out of  15640
 SELECTED COORDINATES SET IN THE MAIN SET.

  
 CHARMM>    coor set xdir   13.731 ydir    9.511 zdir    3.638 sele segid dum .and. resi 60 end
 SELRPN>      1 atoms have been selected out of  15640
 SELECTED COORDINATES SET IN THE MAIN SET.

  
 CHARMM>    coor set xdir   16.223 ydir    0.668 zdir    7.687 sele segid dum .and. resi 61 end
 SELRPN>      1 atoms have been selected out of  15640
 SELECTED COORDINATES SET IN THE MAIN SET.

  
 CHARMM>    coor set xdir    5.796 ydir    2.150 zdir    2.969 sele segid dum .and. resi 62 end
 SELRPN>      1 atoms have been selected out of  15640
 SELECTED COORDINATES SET IN THE MAIN SET.

  
 CHARMM>    coor set xdir   26.162 ydir   -4.676 zdir   -0.929 sele segid dum .and. resi 63 end
 SELRPN>      1 atoms have been selected out of  15640
 SELECTED COORDINATES SET IN THE MAIN SET.

  
 CHARMM>    coor set xdir   29.082 ydir  -12.797 zdir   -4.288 sele segid dum .and. resi 64 end
 SELRPN>      1 atoms have been selected out of  15640
 SELECTED COORDINATES SET IN THE MAIN SET.

  
 CHARMM>    coor set xdir   27.724 ydir  -17.572 zdir   -7.876 sele segid dum .and. resi 65 end
 SELRPN>      1 atoms have been selected out of  15640
 SELECTED COORDINATES SET IN THE MAIN SET.

  
 CHARMM>    coor set xdir   29.834 ydir   -6.467 zdir  -15.589 sele segid dum .and. resi 66 end
 SELRPN>      1 atoms have been selected out of  15640
 SELECTED COORDINATES SET IN THE MAIN SET.

  
 CHARMM>    coor set xdir   31.392 ydir    8.091 zdir    6.973 sele segid dum .and. resi 67 end
 SELRPN>      1 atoms have been selected out of  15640
 SELECTED COORDINATES SET IN THE MAIN SET.

  
 CHARMM>    coor set xdir   26.683 ydir   12.289 zdir   16.001 sele segid dum .and. resi 68 end
 SELRPN>      1 atoms have been selected out of  15640
 SELECTED COORDINATES SET IN THE MAIN SET.

  
 CHARMM>    coor set xdir   16.250 ydir   11.815 zdir   15.396 sele segid dum .and. resi 69 end
 SELRPN>      1 atoms have been selected out of  15640
 SELECTED COORDINATES SET IN THE MAIN SET.

  
 CHARMM>    coor set xdir   26.968 ydir   14.536 zdir   21.671 sele segid dum .and. resi 70 end
 SELRPN>      1 atoms have been selected out of  15640
 SELECTED COORDINATES SET IN THE MAIN SET.

  
 CHARMM>    coor set xdir   28.472 ydir   13.616 zdir   22.900 sele segid dum .and. resi 71 end
 SELRPN>      1 atoms have been selected out of  15640
 SELECTED COORDINATES SET IN THE MAIN SET.

  
 CHARMM>    coor set xdir   21.142 ydir   17.401 zdir   26.337 sele segid dum .and. resi 72 end
 SELRPN>      1 atoms have been selected out of  15640
 SELECTED COORDINATES SET IN THE MAIN SET.

  
 CHARMM>    coor set xdir   18.644 ydir    7.009 zdir   24.904 sele segid dum .and. resi 73 end
 SELRPN>      1 atoms have been selected out of  15640
 SELECTED COORDINATES SET IN THE MAIN SET.

  
 CHARMM>    coor set xdir   27.280 ydir    4.557 zdir   28.873 sele segid dum .and. resi 74 end
 SELRPN>      1 atoms have been selected out of  15640
 SELECTED COORDINATES SET IN THE MAIN SET.

  
 CHARMM>    coor set xdir   21.012 ydir   -0.057 zdir   30.061 sele segid dum .and. resi 75 end
 SELRPN>      1 atoms have been selected out of  15640
 SELECTED COORDINATES SET IN THE MAIN SET.

  
 CHARMM>    coor set xdir   23.830 ydir    6.309 zdir   14.174 sele segid dum .and. resi 76 end
 SELRPN>      1 atoms have been selected out of  15640
 SELECTED COORDINATES SET IN THE MAIN SET.

  
 CHARMM>    coor set xdir   26.357 ydir   -2.690 zdir   18.069 sele segid dum .and. resi 77 end
 SELRPN>      1 atoms have been selected out of  15640
 SELECTED COORDINATES SET IN THE MAIN SET.

  
 CHARMM>    coor set xdir   16.185 ydir  -12.224 zdir   21.263 sele segid dum .and. resi 78 end
 SELRPN>      1 atoms have been selected out of  15640
 SELECTED COORDINATES SET IN THE MAIN SET.

  
 CHARMM>    coor set xdir   19.294 ydir  -21.137 zdir    9.871 sele segid dum .and. resi 79 end
 SELRPN>      1 atoms have been selected out of  15640
 SELECTED COORDINATES SET IN THE MAIN SET.

  
 CHARMM>    coor set xdir   22.614 ydir  -19.437 zdir    4.307 sele segid dum .and. resi 80 end
 SELRPN>      1 atoms have been selected out of  15640
 SELECTED COORDINATES SET IN THE MAIN SET.

  
 CHARMM>    coor set xdir   15.000 ydir  -11.478 zdir  -17.408 sele segid dum .and. resi 81 end
 SELRPN>      1 atoms have been selected out of  15640
 SELECTED COORDINATES SET IN THE MAIN SET.

  
 CHARMM>    coor set xdir   15.151 ydir  -16.366 zdir  -20.409 sele segid dum .and. resi 82 end
 SELRPN>      1 atoms have been selected out of  15640
 SELECTED COORDINATES SET IN THE MAIN SET.

  
 CHARMM>    coor set xdir    8.424 ydir   -7.637 zdir  -17.057 sele segid dum .and. resi 83 end
 SELRPN>      1 atoms have been selected out of  15640
 SELECTED COORDINATES SET IN THE MAIN SET.

  
 CHARMM>    coor set xdir    5.788 ydir   -3.323 zdir  -15.231 sele segid dum .and. resi 84 end
 SELRPN>      1 atoms have been selected out of  15640
 SELECTED COORDINATES SET IN THE MAIN SET.

  
 CHARMM>    coor set xdir   20.100 ydir  -10.165 zdir   13.388 sele segid dum .and. resi 85 end
 SELRPN>      1 atoms have been selected out of  15640
 SELECTED COORDINATES SET IN THE MAIN SET.

  
 CHARMM>    coor set xdir   17.493 ydir   -3.368 zdir    3.343 sele segid dum .and. resi 86 end
 SELRPN>      1 atoms have been selected out of  15640
 SELECTED COORDINATES SET IN THE MAIN SET.

  
 CHARMM>    coor set xdir   25.660 ydir   -6.158 zdir    3.388 sele segid dum .and. resi 87 end
 SELRPN>      1 atoms have been selected out of  15640
 SELECTED COORDINATES SET IN THE MAIN SET.

  
 CHARMM>    coor set xdir   26.211 ydir    2.899 zdir    8.939 sele segid dum .and. resi 88 end
 SELRPN>      1 atoms have been selected out of  15640
 SELECTED COORDINATES SET IN THE MAIN SET.

  
 CHARMM>    coor set xdir   28.581 ydir    8.994 zdir   11.533 sele segid dum .and. resi 89 end
 SELRPN>      1 atoms have been selected out of  15640
 SELECTED COORDINATES SET IN THE MAIN SET.

  
 CHARMM>    coor set xdir   26.691 ydir   -8.430 zdir    9.996 sele segid dum .and. resi 90 end
 SELRPN>      1 atoms have been selected out of  15640
 SELECTED COORDINATES SET IN THE MAIN SET.

  
 CHARMM>    coor set xdir   24.929 ydir  -11.097 zdir    4.269 sele segid dum .and. resi 91 end
 SELRPN>      1 atoms have been selected out of  15640
 SELECTED COORDINATES SET IN THE MAIN SET.

  
 CHARMM>    coor set xdir   24.578 ydir  -22.658 zdir   -6.490 sele segid dum .and. resi 92 end
 SELRPN>      1 atoms have been selected out of  15640
 SELECTED COORDINATES SET IN THE MAIN SET.

  
 CHARMM>    coor set xdir   14.110 ydir  -17.189 zdir   -9.332 sele segid dum .and. resi 93 end
 SELRPN>      1 atoms have been selected out of  15640
 SELECTED COORDINATES SET IN THE MAIN SET.

  
 CHARMM>    coor set xdir   13.596 ydir  -26.820 zdir  -13.303 sele segid dum .and. resi 94 end
 SELRPN>      1 atoms have been selected out of  15640
 SELECTED COORDINATES SET IN THE MAIN SET.

  
 CHARMM>    coor set xdir   33.160 ydir  -12.021 zdir   12.066 sele segid dum .and. resi 95 end
 SELRPN>      1 atoms have been selected out of  15640
 SELECTED COORDINATES SET IN THE MAIN SET.

  
 CHARMM>    coor set xdir   32.429 ydir  -13.868 zdir   11.245 sele segid dum .and. resi 96 end
 SELRPN>      1 atoms have been selected out of  15640
 SELECTED COORDINATES SET IN THE MAIN SET.

  
 CHARMM>    coor set xdir   34.578 ydir   -6.668 zdir   12.575 sele segid dum .and. resi 97 end
 SELRPN>      1 atoms have been selected out of  15640
 SELECTED COORDINATES SET IN THE MAIN SET.

  
 CHARMM>    coor set xdir   35.079 ydir   -6.366 zdir   10.507 sele segid dum .and. resi 98 end
 SELRPN>      1 atoms have been selected out of  15640
 SELECTED COORDINATES SET IN THE MAIN SET.

  
 CHARMM>    coor set xdir   26.497 ydir   -8.815 zdir   15.082 sele segid dum .and. resi 99 end
 SELRPN>      1 atoms have been selected out of  15640
 SELECTED COORDINATES SET IN THE MAIN SET.

  
 CHARMM>    coor set xdir   25.829 ydir  -10.833 zdir   14.763 sele segid dum .and. resi 100 end
 SELRPN>      1 atoms have been selected out of  15640
 SELECTED COORDINATES SET IN THE MAIN SET.

  
 CHARMM>    coor set xdir   36.839 ydir   -8.623 zdir   18.383 sele segid dum .and. resi 101 end
 SELRPN>      1 atoms have been selected out of  15640
 SELECTED COORDINATES SET IN THE MAIN SET.

  
 CHARMM>    coor set xdir   34.615 ydir   -1.307 zdir   13.334 sele segid dum .and. resi 102 end
 SELRPN>      1 atoms have been selected out of  15640
 SELECTED COORDINATES SET IN THE MAIN SET.

  
 CHARMM>    coor set xdir   27.436 ydir    7.356 zdir   18.330 sele segid dum .and. resi 103 end
 SELRPN>      1 atoms have been selected out of  15640
 SELECTED COORDINATES SET IN THE MAIN SET.

  
 CHARMM>    coor set xdir   27.906 ydir    5.769 zdir   19.700 sele segid dum .and. resi 104 end
 SELRPN>      1 atoms have been selected out of  15640
 SELECTED COORDINATES SET IN THE MAIN SET.

  
 CHARMM>    coor set xdir   32.398 ydir   -1.852 zdir    6.823 sele segid dum .and. resi 105 end
 SELRPN>      1 atoms have been selected out of  15640
 SELECTED COORDINATES SET IN THE MAIN SET.

  
 CHARMM>    coor set xdir    4.887 ydir    1.576 zdir   -4.749 sele segid dum .and. resi 106 end
 SELRPN>      1 atoms have been selected out of  15640
 SELECTED COORDINATES SET IN THE MAIN SET.

  
 CHARMM>    coor set xdir   27.556 ydir  -16.883 zdir    9.232 sele segid dum .and. resi 107 end
 SELRPN>      1 atoms have been selected out of  15640
 SELECTED COORDINATES SET IN THE MAIN SET.

  
 CHARMM>    coor set xdir   24.757 ydir   -8.929 zdir   19.055 sele segid dum .and. resi 108 end
 SELRPN>      1 atoms have been selected out of  15640
 SELECTED COORDINATES SET IN THE MAIN SET.

  
 CHARMM>    coor set xdir   25.938 ydir   17.043 zdir   18.129 sele segid dum .and. resi 109 end
 SELRPN>      1 atoms have been selected out of  15640
 SELECTED COORDINATES SET IN THE MAIN SET.

  
 CHARMM>    coor set xdir   26.752 ydir   -0.697 zdir   -9.514 sele segid dum .and. resi 110 end
 SELRPN>      1 atoms have been selected out of  15640
 SELECTED COORDINATES SET IN THE MAIN SET.

  
 CHARMM>    coor set xdir   34.180 ydir   -4.125 zdir   -6.919 sele segid dum .and. resi 111 end
 SELRPN>      1 atoms have been selected out of  15640
 SELECTED COORDINATES SET IN THE MAIN SET.

  
 CHARMM>    coor set xdir   32.244 ydir  -11.928 zdir  -11.735 sele segid dum .and. resi 112 end
 SELRPN>      1 atoms have been selected out of  15640
 SELECTED COORDINATES SET IN THE MAIN SET.

  
 CHARMM>    coor set xdir   31.756 ydir  -12.447 zdir   -9.707 sele segid dum .and. resi 113 end
 SELRPN>      1 atoms have been selected out of  15640
 SELECTED COORDINATES SET IN THE MAIN SET.

  
 CHARMM>    coor set xdir   22.218 ydir   -4.143 zdir   -8.943 sele segid dum .and. resi 114 end
 SELRPN>      1 atoms have been selected out of  15640
 SELECTED COORDINATES SET IN THE MAIN SET.

  
 CHARMM>    coor set xdir   11.179 ydir   -3.331 zdir   18.104 sele segid dum .and. resi 115 end
 SELRPN>      1 atoms have been selected out of  15640
 SELECTED COORDINATES SET IN THE MAIN SET.

  
 CHARMM>    coor set xdir    7.643 ydir   10.238 zdir   17.891 sele segid dum .and. resi 116 end
 SELRPN>      1 atoms have been selected out of  15640
 SELECTED COORDINATES SET IN THE MAIN SET.

  
 CHARMM>    coor set xdir   -5.794 ydir   -2.157 zdir    2.973 sele segid dum .and. resi 117 end
 SELRPN>      1 atoms have been selected out of  15640
 SELECTED COORDINATES SET IN THE MAIN SET.

  
 CHARMM>    coor set xdir  -26.160 ydir    4.677 zdir   -0.931 sele segid dum .and. resi 118 end
 SELRPN>      1 atoms have been selected out of  15640
 SELECTED COORDINATES SET IN THE MAIN SET.

  
 CHARMM>    coor set xdir  -27.722 ydir   17.574 zdir   -7.875 sele segid dum .and. resi 119 end
 SELRPN>      1 atoms have been selected out of  15640
 SELECTED COORDINATES SET IN THE MAIN SET.

  
 CHARMM>    coor set xdir  -29.833 ydir    6.470 zdir  -15.588 sele segid dum .and. resi 120 end
 SELRPN>      1 atoms have been selected out of  15640
 SELECTED COORDINATES SET IN THE MAIN SET.

  
 CHARMM>    coor set xdir  -34.180 ydir    4.128 zdir   -6.919 sele segid dum .and. resi 121 end
 SELRPN>      1 atoms have been selected out of  15640
 SELECTED COORDINATES SET IN THE MAIN SET.

  
 CHARMM>    coor set xdir  -26.752 ydir    0.698 zdir   -9.513 sele segid dum .and. resi 122 end
 SELRPN>      1 atoms have been selected out of  15640
 SELECTED COORDINATES SET IN THE MAIN SET.

  
 CHARMM>    coor set xdir  -26.686 ydir  -12.290 zdir   16.000 sele segid dum .and. resi 123 end
 SELRPN>      1 atoms have been selected out of  15640
 SELECTED COORDINATES SET IN THE MAIN SET.

  
 CHARMM>    coor set xdir  -25.943 ydir  -17.045 zdir   18.127 sele segid dum .and. resi 124 end
 SELRPN>      1 atoms have been selected out of  15640
 SELECTED COORDINATES SET IN THE MAIN SET.

  
 CHARMM>    coor set xdir  -18.649 ydir   -7.016 zdir   24.905 sele segid dum .and. resi 125 end
 SELRPN>      1 atoms have been selected out of  15640
 SELECTED COORDINATES SET IN THE MAIN SET.

  
 CHARMM>    coor set xdir  -23.831 ydir   -6.310 zdir   14.175 sele segid dum .and. resi 126 end
 SELRPN>      1 atoms have been selected out of  15640
 SELECTED COORDINATES SET IN THE MAIN SET.

  
 CHARMM>    coor set xdir  -26.356 ydir    2.690 zdir   18.069 sele segid dum .and. resi 127 end
 SELRPN>      1 atoms have been selected out of  15640
 SELECTED COORDINATES SET IN THE MAIN SET.

  
 CHARMM>    coor set xdir  -24.756 ydir    8.928 zdir   19.056 sele segid dum .and. resi 128 end
 SELRPN>      1 atoms have been selected out of  15640
 SELECTED COORDINATES SET IN THE MAIN SET.

  
 CHARMM>    coor set xdir  -27.554 ydir   16.884 zdir    9.233 sele segid dum .and. resi 129 end
 SELRPN>      1 atoms have been selected out of  15640
 SELECTED COORDINATES SET IN THE MAIN SET.

  
 CHARMM>    coor set xdir  -22.612 ydir   19.438 zdir    4.308 sele segid dum .and. resi 130 end
 SELRPN>      1 atoms have been selected out of  15640
 SELECTED COORDINATES SET IN THE MAIN SET.

  
 CHARMM>    coor set xdir  -14.998 ydir   11.478 zdir  -17.408 sele segid dum .and. resi 131 end
 SELRPN>      1 atoms have been selected out of  15640
 SELECTED COORDINATES SET IN THE MAIN SET.

  
 CHARMM>    coor set xdir  -15.148 ydir   16.368 zdir  -20.407 sele segid dum .and. resi 132 end
 SELRPN>      1 atoms have been selected out of  15640
 SELECTED COORDINATES SET IN THE MAIN SET.

  
 CHARMM>    coor set xdir   -5.788 ydir    3.320 zdir  -15.230 sele segid dum .and. resi 133 end
 SELRPN>      1 atoms have been selected out of  15640
 SELECTED COORDINATES SET IN THE MAIN SET.

  
 CHARMM>    coor set xdir   -4.887 ydir   -1.577 zdir   -4.749 sele segid dum .and. resi 134 end
 SELRPN>      1 atoms have been selected out of  15640
 SELECTED COORDINATES SET IN THE MAIN SET.

  
 CHARMM>    coor set xdir  -17.493 ydir    3.369 zdir    3.343 sele segid dum .and. resi 135 end
 SELRPN>      1 atoms have been selected out of  15640
 SELECTED COORDINATES SET IN THE MAIN SET.

  
 CHARMM>    coor set xdir  -25.660 ydir    6.159 zdir    3.388 sele segid dum .and. resi 136 end
 SELRPN>      1 atoms have been selected out of  15640
 SELECTED COORDINATES SET IN THE MAIN SET.

  
 CHARMM>    coor set xdir  -32.399 ydir    1.853 zdir    6.822 sele segid dum .and. resi 137 end
 SELRPN>      1 atoms have been selected out of  15640
 SELECTED COORDINATES SET IN THE MAIN SET.

  
 CHARMM>    coor set xdir  -26.214 ydir   -2.900 zdir    8.939 sele segid dum .and. resi 138 end
 SELRPN>      1 atoms have been selected out of  15640
 SELECTED COORDINATES SET IN THE MAIN SET.

  
 CHARMM>    coor set xdir  -34.615 ydir    1.308 zdir   13.335 sele segid dum .and. resi 139 end
 SELRPN>      1 atoms have been selected out of  15640
 SELECTED COORDINATES SET IN THE MAIN SET.

  
 CHARMM>    coor set xdir  -36.838 ydir    8.626 zdir   18.383 sele segid dum .and. resi 140 end
 SELRPN>      1 atoms have been selected out of  15640
 SELECTED COORDINATES SET IN THE MAIN SET.

  
 CHARMM>    coor set xdir  -26.497 ydir    8.815 zdir   15.082 sele segid dum .and. resi 141 end
 SELRPN>      1 atoms have been selected out of  15640
 SELECTED COORDINATES SET IN THE MAIN SET.

  
 CHARMM>    coor set xdir  -25.828 ydir   10.833 zdir   14.763 sele segid dum .and. resi 142 end
 SELRPN>      1 atoms have been selected out of  15640
 SELECTED COORDINATES SET IN THE MAIN SET.

  
 CHARMM>    coor set xdir  -34.577 ydir    6.670 zdir   12.576 sele segid dum .and. resi 143 end
 SELRPN>      1 atoms have been selected out of  15640
 SELECTED COORDINATES SET IN THE MAIN SET.

  
 CHARMM>    coor set xdir  -35.079 ydir    6.367 zdir   10.507 sele segid dum .and. resi 144 end
 SELRPN>      1 atoms have been selected out of  15640
 SELECTED COORDINATES SET IN THE MAIN SET.

  
 CHARMM>    coor set xdir  -33.160 ydir   12.022 zdir   12.067 sele segid dum .and. resi 145 end
 SELRPN>      1 atoms have been selected out of  15640
 SELECTED COORDINATES SET IN THE MAIN SET.

  
 CHARMM>    coor set xdir  -32.428 ydir   13.869 zdir   11.245 sele segid dum .and. resi 146 end
 SELRPN>      1 atoms have been selected out of  15640
 SELECTED COORDINATES SET IN THE MAIN SET.

  
 CHARMM>    coor set xdir  -24.929 ydir   11.097 zdir    4.269 sele segid dum .and. resi 147 end
 SELRPN>      1 atoms have been selected out of  15640
 SELECTED COORDINATES SET IN THE MAIN SET.

  
 CHARMM>    coor set xdir  -24.576 ydir   22.660 zdir   -6.488 sele segid dum .and. resi 148 end
 SELRPN>      1 atoms have been selected out of  15640
 SELECTED COORDINATES SET IN THE MAIN SET.

  
 CHARMM>    coor set xdir  -13.593 ydir   26.820 zdir  -13.301 sele segid dum .and. resi 149 end
 SELRPN>      1 atoms have been selected out of  15640
 SELECTED COORDINATES SET IN THE MAIN SET.

  
 CHARMM>    coor set xdir  -14.109 ydir   17.189 zdir   -9.331 sele segid dum .and. resi 150 end
 SELRPN>      1 atoms have been selected out of  15640
 SELECTED COORDINATES SET IN THE MAIN SET.

  
 CHARMM>    coor set xdir  -26.691 ydir    8.430 zdir    9.997 sele segid dum .and. resi 151 end
 SELRPN>      1 atoms have been selected out of  15640
 SELECTED COORDINATES SET IN THE MAIN SET.

  
 CHARMM>    coor set xdir  -27.904 ydir   -5.767 zdir   19.698 sele segid dum .and. resi 152 end
 SELRPN>      1 atoms have been selected out of  15640
 SELECTED COORDINATES SET IN THE MAIN SET.

  
 CHARMM>    coor set xdir  -27.435 ydir   -7.356 zdir   18.330 sele segid dum .and. resi 153 end
 SELRPN>      1 atoms have been selected out of  15640
 SELECTED COORDINATES SET IN THE MAIN SET.

  
 CHARMM>    coor set xdir  -28.583 ydir   -8.993 zdir   11.532 sele segid dum .and. resi 154 end
 SELRPN>      1 atoms have been selected out of  15640
 SELECTED COORDINATES SET IN THE MAIN SET.

  
 CHARMM>    coor set xdir  -20.098 ydir   10.164 zdir   13.388 sele segid dum .and. resi 155 end
 SELRPN>      1 atoms have been selected out of  15640
 SELECTED COORDINATES SET IN THE MAIN SET.

  
 CHARMM>    coor set xdir   -8.423 ydir    7.637 zdir  -17.057 sele segid dum .and. resi 156 end
 SELRPN>      1 atoms have been selected out of  15640
 SELECTED COORDINATES SET IN THE MAIN SET.

  
 CHARMM>    coor set xdir  -19.291 ydir   21.137 zdir    9.872 sele segid dum .and. resi 157 end
 SELRPN>      1 atoms have been selected out of  15640
 SELECTED COORDINATES SET IN THE MAIN SET.

  
 CHARMM>    coor set xdir  -16.183 ydir   12.220 zdir   21.264 sele segid dum .and. resi 158 end
 SELRPN>      1 atoms have been selected out of  15640
 SELECTED COORDINATES SET IN THE MAIN SET.

  
 CHARMM>    coor set xdir  -21.011 ydir    0.051 zdir   30.059 sele segid dum .and. resi 159 end
 SELRPN>      1 atoms have been selected out of  15640
 SELECTED COORDINATES SET IN THE MAIN SET.

  
 CHARMM>    coor set xdir  -27.287 ydir   -4.564 zdir   28.865 sele segid dum .and. resi 160 end
 SELRPN>      1 atoms have been selected out of  15640
 SELECTED COORDINATES SET IN THE MAIN SET.

  
 CHARMM>    coor set xdir  -21.151 ydir  -17.407 zdir   26.334 sele segid dum .and. resi 161 end
 SELRPN>      1 atoms have been selected out of  15640
 SELECTED COORDINATES SET IN THE MAIN SET.

  
 CHARMM>    coor set xdir  -26.973 ydir  -14.536 zdir   21.667 sele segid dum .and. resi 162 end
 SELRPN>      1 atoms have been selected out of  15640
 SELECTED COORDINATES SET IN THE MAIN SET.

  
 CHARMM>    coor set xdir  -28.477 ydir  -13.613 zdir   22.895 sele segid dum .and. resi 163 end
 SELRPN>      1 atoms have been selected out of  15640
 SELECTED COORDINATES SET IN THE MAIN SET.

  
 CHARMM>    coor set xdir  -16.253 ydir  -11.817 zdir   15.402 sele segid dum .and. resi 164 end
 SELRPN>      1 atoms have been selected out of  15640
 SELECTED COORDINATES SET IN THE MAIN SET.

  
 CHARMM>    coor set xdir  -31.393 ydir   -8.091 zdir    6.973 sele segid dum .and. resi 165 end
 SELRPN>      1 atoms have been selected out of  15640
 SELECTED COORDINATES SET IN THE MAIN SET.

  
 CHARMM>    coor set xdir  -32.241 ydir   11.932 zdir  -11.734 sele segid dum .and. resi 166 end
 SELRPN>      1 atoms have been selected out of  15640
 SELECTED COORDINATES SET IN THE MAIN SET.

  
 CHARMM>    coor set xdir  -31.753 ydir   12.450 zdir   -9.705 sele segid dum .and. resi 167 end
 SELRPN>      1 atoms have been selected out of  15640
 SELECTED COORDINATES SET IN THE MAIN SET.

  
 CHARMM>    coor set xdir  -29.080 ydir   12.800 zdir   -4.288 sele segid dum .and. resi 168 end
 SELRPN>      1 atoms have been selected out of  15640
 SELECTED COORDINATES SET IN THE MAIN SET.

  
 CHARMM>    coor set xdir  -22.218 ydir    4.142 zdir   -8.943 sele segid dum .and. resi 169 end
 SELRPN>      1 atoms have been selected out of  15640
 SELECTED COORDINATES SET IN THE MAIN SET.

  
 CHARMM>    coor set xdir  -16.224 ydir   -0.668 zdir    7.687 sele segid dum .and. resi 170 end
 SELRPN>      1 atoms have been selected out of  15640
 SELECTED COORDINATES SET IN THE MAIN SET.

  
 CHARMM>    coor set xdir  -11.179 ydir    3.331 zdir   18.104 sele segid dum .and. resi 171 end
 SELRPN>      1 atoms have been selected out of  15640
 SELECTED COORDINATES SET IN THE MAIN SET.

  
 CHARMM>    coor set xdir   -7.644 ydir  -10.243 zdir   17.888 sele segid dum .and. resi 172 end
 SELRPN>      1 atoms have been selected out of  15640
 SELECTED COORDINATES SET IN THE MAIN SET.

  
 CHARMM>    coor set xdir  -34.793 ydir   -4.507 zdir  -16.927 sele segid dum .and. resi 173 end
 SELRPN>      1 atoms have been selected out of  15640
 SELECTED COORDINATES SET IN THE MAIN SET.

  
 CHARMM>    coor set xdir  -13.731 ydir   -9.511 zdir    3.637 sele segid dum .and. resi 174 end
 SELRPN>      1 atoms have been selected out of  15640
 SELECTED COORDINATES SET IN THE MAIN SET.

  
 CHARMM>    coor set xdir   -4.511 ydir   34.791 zdir  -16.927 sele segid dum .and. resi 175 end
 SELRPN>      1 atoms have been selected out of  15640
 SELECTED COORDINATES SET IN THE MAIN SET.

  
 CHARMM>    coor set xdir   -9.510 ydir   13.732 zdir    3.639 sele segid dum .and. resi 176 end
 SELRPN>      1 atoms have been selected out of  15640
 SELECTED COORDINATES SET IN THE MAIN SET.

  
 CHARMM>    coor set xdir    3.332 ydir   11.179 zdir   18.104 sele segid dum .and. resi 177 end
 SELRPN>      1 atoms have been selected out of  15640
 SELECTED COORDINATES SET IN THE MAIN SET.

  
 CHARMM>    coor set xdir   -0.668 ydir   16.224 zdir    7.687 sele segid dum .and. resi 178 end
 SELRPN>      1 atoms have been selected out of  15640
 SELECTED COORDINATES SET IN THE MAIN SET.

  
 CHARMM>    coor set xdir    4.142 ydir   22.218 zdir   -8.942 sele segid dum .and. resi 179 end
 SELRPN>      1 atoms have been selected out of  15640
 SELECTED COORDINATES SET IN THE MAIN SET.

  
 CHARMM>    coor set xdir   12.796 ydir   29.083 zdir   -4.288 sele segid dum .and. resi 180 end
 SELRPN>      1 atoms have been selected out of  15640
 SELECTED COORDINATES SET IN THE MAIN SET.

  
 CHARMM>    coor set xdir   17.572 ydir   27.725 zdir   -7.874 sele segid dum .and. resi 181 end
 SELRPN>      1 atoms have been selected out of  15640
 SELECTED COORDINATES SET IN THE MAIN SET.

  
 CHARMM>    coor set xdir    4.125 ydir   34.180 zdir   -6.919 sele segid dum .and. resi 182 end
 SELRPN>      1 atoms have been selected out of  15640
 SELECTED COORDINATES SET IN THE MAIN SET.

  
 CHARMM>    coor set xdir    0.698 ydir   26.752 zdir   -9.513 sele segid dum .and. resi 183 end
 SELRPN>      1 atoms have been selected out of  15640
 SELECTED COORDINATES SET IN THE MAIN SET.

  
 CHARMM>    coor set xdir   -8.091 ydir   31.392 zdir    6.973 sele segid dum .and. resi 184 end
 SELRPN>      1 atoms have been selected out of  15640
 SELECTED COORDINATES SET IN THE MAIN SET.

  
 CHARMM>    coor set xdir  -12.295 ydir   26.683 zdir   15.996 sele segid dum .and. resi 185 end
 SELRPN>      1 atoms have been selected out of  15640
 SELECTED COORDINATES SET IN THE MAIN SET.

  
 CHARMM>    coor set xdir  -11.817 ydir   16.250 zdir   15.397 sele segid dum .and. resi 186 end
 SELRPN>      1 atoms have been selected out of  15640
 SELECTED COORDINATES SET IN THE MAIN SET.

  
 CHARMM>    coor set xdir  -17.044 ydir   25.938 zdir   18.129 sele segid dum .and. resi 187 end
 SELRPN>      1 atoms have been selected out of  15640
 SELECTED COORDINATES SET IN THE MAIN SET.

  
 CHARMM>    coor set xdir   -4.564 ydir   27.284 zdir   28.866 sele segid dum .and. resi 188 end
 SELRPN>      1 atoms have been selected out of  15640
 SELECTED COORDINATES SET IN THE MAIN SET.

  
 CHARMM>    coor set xdir    0.053 ydir   21.010 zdir   30.060 sele segid dum .and. resi 189 end
 SELRPN>      1 atoms have been selected out of  15640
 SELECTED COORDINATES SET IN THE MAIN SET.

  
 CHARMM>    coor set xdir    2.690 ydir   26.356 zdir   18.069 sele segid dum .and. resi 190 end
 SELRPN>      1 atoms have been selected out of  15640
 SELECTED COORDINATES SET IN THE MAIN SET.

  
 CHARMM>    coor set xdir    8.929 ydir   24.757 zdir   19.056 sele segid dum .and. resi 191 end
 SELRPN>      1 atoms have been selected out of  15640
 SELECTED COORDINATES SET IN THE MAIN SET.

  
 CHARMM>    coor set xdir   16.883 ydir   27.557 zdir    9.233 sele segid dum .and. resi 192 end
 SELRPN>      1 atoms have been selected out of  15640
 SELECTED COORDINATES SET IN THE MAIN SET.

  
 CHARMM>    coor set xdir   21.137 ydir   19.293 zdir    9.871 sele segid dum .and. resi 193 end
 SELRPN>      1 atoms have been selected out of  15640
 SELECTED COORDINATES SET IN THE MAIN SET.

  
 CHARMM>    coor set xdir   19.438 ydir   22.611 zdir    4.307 sele segid dum .and. resi 194 end
 SELRPN>      1 atoms have been selected out of  15640
 SELECTED COORDINATES SET IN THE MAIN SET.

  
 CHARMM>    coor set xdir   11.479 ydir   15.000 zdir  -17.407 sele segid dum .and. resi 195 end
 SELRPN>      1 atoms have been selected out of  15640
 SELECTED COORDINATES SET IN THE MAIN SET.

  
 CHARMM>    coor set xdir   16.369 ydir   15.151 zdir  -20.408 sele segid dum .and. resi 196 end
 SELRPN>      1 atoms have been selected out of  15640
 SELECTED COORDINATES SET IN THE MAIN SET.

  
 CHARMM>    coor set xdir    7.640 ydir    8.424 zdir  -17.056 sele segid dum .and. resi 197 end
 SELRPN>      1 atoms have been selected out of  15640
 SELECTED COORDINATES SET IN THE MAIN SET.

  
 CHARMM>    coor set xdir    3.325 ydir    5.787 zdir  -15.231 sele segid dum .and. resi 198 end
 SELRPN>      1 atoms have been selected out of  15640
 SELECTED COORDINATES SET IN THE MAIN SET.

  
 CHARMM>    coor set xdir   -1.576 ydir    4.887 zdir   -4.749 sele segid dum .and. resi 199 end
 SELRPN>      1 atoms have been selected out of  15640
 SELECTED COORDINATES SET IN THE MAIN SET.

  
 CHARMM>    coor set xdir   10.165 ydir   20.101 zdir   13.389 sele segid dum .and. resi 200 end
 SELRPN>      1 atoms have been selected out of  15640
 SELECTED COORDINATES SET IN THE MAIN SET.

  
 CHARMM>    coor set xdir    3.369 ydir   17.494 zdir    3.344 sele segid dum .and. resi 201 end
 SELRPN>      1 atoms have been selected out of  15640
 SELECTED COORDINATES SET IN THE MAIN SET.

  
 CHARMM>    coor set xdir    1.852 ydir   32.398 zdir    6.823 sele segid dum .and. resi 202 end
 SELRPN>      1 atoms have been selected out of  15640
 SELECTED COORDINATES SET IN THE MAIN SET.

  
 CHARMM>    coor set xdir   -2.899 ydir   26.211 zdir    8.940 sele segid dum .and. resi 203 end
 SELRPN>      1 atoms have been selected out of  15640
 SELECTED COORDINATES SET IN THE MAIN SET.

  
 CHARMM>    coor set xdir   -8.993 ydir   28.581 zdir   11.533 sele segid dum .and. resi 204 end
 SELRPN>      1 atoms have been selected out of  15640
 SELECTED COORDINATES SET IN THE MAIN SET.

  
 CHARMM>    coor set xdir   -5.768 ydir   27.901 zdir   19.699 sele segid dum .and. resi 205 end
 SELRPN>      1 atoms have been selected out of  15640
 SELECTED COORDINATES SET IN THE MAIN SET.

  
 CHARMM>    coor set xdir   -7.357 ydir   27.432 zdir   18.330 sele segid dum .and. resi 206 end
 SELRPN>      1 atoms have been selected out of  15640
 SELECTED COORDINATES SET IN THE MAIN SET.

  
 CHARMM>    coor set xdir    1.306 ydir   34.615 zdir   13.334 sele segid dum .and. resi 207 end
 SELRPN>      1 atoms have been selected out of  15640
 SELECTED COORDINATES SET IN THE MAIN SET.

  
 CHARMM>    coor set xdir    8.430 ydir   26.691 zdir    9.998 sele segid dum .and. resi 208 end
 SELRPN>      1 atoms have been selected out of  15640
 SELECTED COORDINATES SET IN THE MAIN SET.

  
 CHARMM>    coor set xdir   17.186 ydir   14.112 zdir   -9.331 sele segid dum .and. resi 209 end
 SELRPN>      1 atoms have been selected out of  15640
 SELECTED COORDINATES SET IN THE MAIN SET.

  
 CHARMM>    coor set xdir   26.822 ydir   13.596 zdir  -13.301 sele segid dum .and. resi 210 end
 SELRPN>      1 atoms have been selected out of  15640
 SELECTED COORDINATES SET IN THE MAIN SET.

  
 CHARMM>    coor set xdir   22.654 ydir   24.585 zdir   -6.490 sele segid dum .and. resi 211 end
 SELRPN>      1 atoms have been selected out of  15640
 SELECTED COORDINATES SET IN THE MAIN SET.

  
 CHARMM>    coor set xdir   11.096 ydir   24.929 zdir    4.271 sele segid dum .and. resi 212 end
 SELRPN>      1 atoms have been selected out of  15640
 SELECTED COORDINATES SET IN THE MAIN SET.

  
 CHARMM>    coor set xdir   12.021 ydir   33.161 zdir   12.067 sele segid dum .and. resi 213 end
 SELRPN>      1 atoms have been selected out of  15640
 SELECTED COORDINATES SET IN THE MAIN SET.

  
 CHARMM>    coor set xdir   13.868 ydir   32.430 zdir   11.246 sele segid dum .and. resi 214 end
 SELRPN>      1 atoms have been selected out of  15640
 SELECTED COORDINATES SET IN THE MAIN SET.

  
 CHARMM>    coor set xdir    6.668 ydir   34.577 zdir   12.576 sele segid dum .and. resi 215 end
 SELRPN>      1 atoms have been selected out of  15640
 SELECTED COORDINATES SET IN THE MAIN SET.

  
 CHARMM>    coor set xdir    6.366 ydir   35.079 zdir   10.508 sele segid dum .and. resi 216 end
 SELRPN>      1 atoms have been selected out of  15640
 SELECTED COORDINATES SET IN THE MAIN SET.

  
 CHARMM>    coor set xdir    8.815 ydir   26.497 zdir   15.083 sele segid dum .and. resi 217 end
 SELRPN>      1 atoms have been selected out of  15640
 SELECTED COORDINATES SET IN THE MAIN SET.

  
 CHARMM>    coor set xdir   10.832 ydir   25.828 zdir   14.763 sele segid dum .and. resi 218 end
 SELRPN>      1 atoms have been selected out of  15640
 SELECTED COORDINATES SET IN THE MAIN SET.

  
 CHARMM>    coor set xdir    8.623 ydir   36.839 zdir   18.383 sele segid dum .and. resi 219 end
 SELRPN>      1 atoms have been selected out of  15640
 SELECTED COORDINATES SET IN THE MAIN SET.

  
 CHARMM>    coor set xdir    6.158 ydir   25.660 zdir    3.388 sele segid dum .and. resi 220 end
 SELRPN>      1 atoms have been selected out of  15640
 SELECTED COORDINATES SET IN THE MAIN SET.

  
 CHARMM>    coor set xdir   12.224 ydir   16.185 zdir   21.263 sele segid dum .and. resi 221 end
 SELRPN>      1 atoms have been selected out of  15640
 SELECTED COORDINATES SET IN THE MAIN SET.

  
 CHARMM>    coor set xdir   -6.310 ydir   23.829 zdir   14.175 sele segid dum .and. resi 222 end
 SELRPN>      1 atoms have been selected out of  15640
 SELECTED COORDINATES SET IN THE MAIN SET.

  
 CHARMM>    coor set xdir   -7.012 ydir   18.646 zdir   24.905 sele segid dum .and. resi 223 end
 SELRPN>      1 atoms have been selected out of  15640
 SELECTED COORDINATES SET IN THE MAIN SET.

  
 CHARMM>    coor set xdir  -17.404 ydir   21.141 zdir   26.335 sele segid dum .and. resi 224 end
 SELRPN>      1 atoms have been selected out of  15640
 SELECTED COORDINATES SET IN THE MAIN SET.

  
 CHARMM>    coor set xdir  -14.537 ydir   26.968 zdir   21.668 sele segid dum .and. resi 225 end
 SELRPN>      1 atoms have been selected out of  15640
 SELECTED COORDINATES SET IN THE MAIN SET.

  
 CHARMM>    coor set xdir  -13.614 ydir   28.472 zdir   22.896 sele segid dum .and. resi 226 end
 SELRPN>      1 atoms have been selected out of  15640
 SELECTED COORDINATES SET IN THE MAIN SET.

  
 CHARMM>    coor set xdir   12.448 ydir   31.755 zdir   -9.705 sele segid dum .and. resi 227 end
 SELRPN>      1 atoms have been selected out of  15640
 SELECTED COORDINATES SET IN THE MAIN SET.

  
 CHARMM>    coor set xdir   11.930 ydir   32.243 zdir  -11.734 sele segid dum .and. resi 228 end
 SELRPN>      1 atoms have been selected out of  15640
 SELECTED COORDINATES SET IN THE MAIN SET.

  
 CHARMM>    coor set xdir    6.468 ydir   29.834 zdir  -15.588 sele segid dum .and. resi 229 end
 SELRPN>      1 atoms have been selected out of  15640
 SELECTED COORDINATES SET IN THE MAIN SET.

  
 CHARMM>    coor set xdir    4.676 ydir   26.160 zdir   -0.930 sele segid dum .and. resi 230 end
 SELRPN>      1 atoms have been selected out of  15640
 SELECTED COORDINATES SET IN THE MAIN SET.

  
 CHARMM>    coor set xdir   -2.157 ydir    5.793 zdir    2.974 sele segid dum .and. resi 231 end
 SELRPN>      1 atoms have been selected out of  15640
 SELECTED COORDINATES SET IN THE MAIN SET.

  
 CHARMM>    coor set xdir  -10.238 ydir    7.642 zdir   17.889 sele segid dum .and. resi 232 end
 SELRPN>      1 atoms have been selected out of  15640
 SELECTED COORDINATES SET IN THE MAIN SET.

  
 CHARMM>    coor set xdir   14.653 ydir  -33.531 zdir   15.884 sele segid dum .and. resi 233 end
 SELRPN>      1 atoms have been selected out of  15640
 SELECTED COORDINATES SET IN THE MAIN SET.

  
 CHARMM>    coor set xdir   15.061 ydir  -32.493 zdir   13.623 sele segid dum .and. resi 234 end
 SELRPN>      1 atoms have been selected out of  15640
 SELECTED COORDINATES SET IN THE MAIN SET.

  
 CHARMM>    coor set xdir   16.186 ydir  -32.746 zdir    9.664 sele segid dum .and. resi 235 end
 SELRPN>      1 atoms have been selected out of  15640
 SELECTED COORDINATES SET IN THE MAIN SET.

  
 CHARMM>    coor set xdir   15.148 ydir  -33.769 zdir   11.401 sele segid dum .and. resi 236 end
 SELRPN>      1 atoms have been selected out of  15640
 SELECTED COORDINATES SET IN THE MAIN SET.

  
 CHARMM>    coor set xdir   -5.771 ydir  -54.327 zdir   15.837 sele segid dum .and. resi 237 end
 SELRPN>      1 atoms have been selected out of  15640
 SELECTED COORDINATES SET IN THE MAIN SET.

  
 CHARMM>    coor set xdir   -6.883 ydir  -54.949 zdir   13.697 sele segid dum .and. resi 238 end
 SELRPN>      1 atoms have been selected out of  15640
 SELECTED COORDINATES SET IN THE MAIN SET.

  
 CHARMM>    coor set xdir   -7.467 ydir  -54.566 zdir    9.672 sele segid dum .and. resi 239 end
 SELRPN>      1 atoms have been selected out of  15640
 SELECTED COORDINATES SET IN THE MAIN SET.

  
 CHARMM>    coor set xdir   -6.310 ydir  -53.884 zdir   11.443 sele segid dum .and. resi 240 end
 SELRPN>      1 atoms have been selected out of  15640
 SELECTED COORDINATES SET IN THE MAIN SET.

  
 CHARMM>    coor set xdir   43.002 ydir   -6.367 zdir    9.617 sele segid dum .and. resi 241 end
 SELRPN>      1 atoms have been selected out of  15640
 SELECTED COORDINATES SET IN THE MAIN SET.

  
 CHARMM>    coor set xdir   42.185 ydir   -7.374 zdir   15.878 sele segid dum .and. resi 242 end
 SELRPN>      1 atoms have been selected out of  15640
 SELECTED COORDINATES SET IN THE MAIN SET.

  
 CHARMM>    coor set xdir   42.769 ydir   -6.328 zdir   13.704 sele segid dum .and. resi 243 end
 SELRPN>      1 atoms have been selected out of  15640
 SELECTED COORDINATES SET IN THE MAIN SET.

  
 CHARMM>    coor set xdir   42.070 ydir   -7.243 zdir   11.436 sele segid dum .and. resi 244 end
 SELRPN>      1 atoms have been selected out of  15640
 SELECTED COORDINATES SET IN THE MAIN SET.

  
 CHARMM>    coor set xdir  -55.952 ydir  -37.008 zdir   14.052 sele segid dum .and. resi 245 end
 SELRPN>      1 atoms have been selected out of  15640
 SELECTED COORDINATES SET IN THE MAIN SET.

  
 CHARMM>    coor set xdir  -56.754 ydir  -36.923 zdir   11.640 sele segid dum .and. resi 246 end
 SELRPN>      1 atoms have been selected out of  15640
 SELECTED COORDINATES SET IN THE MAIN SET.

  
 CHARMM>    coor set xdir  -55.385 ydir  -37.781 zdir   10.064 sele segid dum .and. resi 247 end
 SELRPN>      1 atoms have been selected out of  15640
 SELECTED COORDINATES SET IN THE MAIN SET.

  
 CHARMM>    coor set xdir  -57.328 ydir  -36.181 zdir   15.931 sele segid dum .and. resi 248 end
 SELRPN>      1 atoms have been selected out of  15640
 SELECTED COORDINATES SET IN THE MAIN SET.

  
 CHARMM>    coor set xdir  -42.192 ydir  -40.472 zdir   11.400 sele segid dum .and. resi 249 end
 SELRPN>      1 atoms have been selected out of  15640
 SELECTED COORDINATES SET IN THE MAIN SET.

  
 CHARMM>    coor set xdir  -42.190 ydir  -39.359 zdir    9.438 sele segid dum .and. resi 250 end
 SELRPN>      1 atoms have been selected out of  15640
 SELECTED COORDINATES SET IN THE MAIN SET.

  
 CHARMM>    coor set xdir  -41.959 ydir  -39.188 zdir   13.589 sele segid dum .and. resi 251 end
 SELRPN>      1 atoms have been selected out of  15640
 SELECTED COORDINATES SET IN THE MAIN SET.

  
 CHARMM>    coor set xdir  -41.723 ydir  -40.322 zdir   15.840 sele segid dum .and. resi 252 end
 SELRPN>      1 atoms have been selected out of  15640
 SELECTED COORDINATES SET IN THE MAIN SET.

  
 CHARMM>    coor set xdir  -35.864 ydir  -34.338 zdir   15.944 sele segid dum .and. resi 253 end
 SELRPN>      1 atoms have been selected out of  15640
 SELECTED COORDINATES SET IN THE MAIN SET.

  
 CHARMM>    coor set xdir  -37.523 ydir  -34.781 zdir   14.067 sele segid dum .and. resi 254 end
 SELRPN>      1 atoms have been selected out of  15640
 SELECTED COORDINATES SET IN THE MAIN SET.

  
 CHARMM>    coor set xdir  -38.356 ydir  -35.193 zdir   10.009 sele segid dum .and. resi 255 end
 SELRPN>      1 atoms have been selected out of  15640
 SELECTED COORDINATES SET IN THE MAIN SET.

  
 CHARMM>    coor set xdir  -36.790 ydir  -34.771 zdir   11.610 sele segid dum .and. resi 256 end
 SELRPN>      1 atoms have been selected out of  15640
 SELECTED COORDINATES SET IN THE MAIN SET.

  
 CHARMM>    coor set xdir  -52.439 ydir    1.403 zdir   15.960 sele segid dum .and. resi 257 end
 SELRPN>      1 atoms have been selected out of  15640
 SELECTED COORDINATES SET IN THE MAIN SET.

  
 CHARMM>    coor set xdir  -52.704 ydir    0.267 zdir   13.741 sele segid dum .and. resi 258 end
 SELRPN>      1 atoms have been selected out of  15640
 SELECTED COORDINATES SET IN THE MAIN SET.

  
 CHARMM>    coor set xdir  -51.435 ydir    1.052 zdir   11.643 sele segid dum .and. resi 259 end
 SELRPN>      1 atoms have been selected out of  15640
 SELECTED COORDINATES SET IN THE MAIN SET.

  
 CHARMM>    coor set xdir  -51.895 ydir    0.092 zdir    9.617 sele segid dum .and. resi 260 end
 SELRPN>      1 atoms have been selected out of  15640
 SELECTED COORDINATES SET IN THE MAIN SET.

  
 CHARMM>    coor set xdir  -49.831 ydir  -51.602 zdir    9.734 sele segid dum .and. resi 261 end
 SELRPN>      1 atoms have been selected out of  15640
 SELECTED COORDINATES SET IN THE MAIN SET.

  
 CHARMM>    coor set xdir  -51.085 ydir  -52.225 zdir   11.489 sele segid dum .and. resi 262 end
 SELRPN>      1 atoms have been selected out of  15640
 SELECTED COORDINATES SET IN THE MAIN SET.

  
 CHARMM>    coor set xdir  -51.683 ydir  -52.617 zdir   15.907 sele segid dum .and. resi 263 end
 SELRPN>      1 atoms have been selected out of  15640
 SELECTED COORDINATES SET IN THE MAIN SET.

  
 CHARMM>    coor set xdir  -50.233 ydir  -51.931 zdir   13.928 sele segid dum .and. resi 264 end
 SELRPN>      1 atoms have been selected out of  15640
 SELECTED COORDINATES SET IN THE MAIN SET.

  
 CHARMM>    coor set xdir   52.635 ydir   29.881 zdir   15.946 sele segid dum .and. resi 265 end
 SELRPN>      1 atoms have been selected out of  15640
 SELECTED COORDINATES SET IN THE MAIN SET.

  
 CHARMM>    coor set xdir   53.353 ydir   29.554 zdir   13.689 sele segid dum .and. resi 266 end
 SELRPN>      1 atoms have been selected out of  15640
 SELECTED COORDINATES SET IN THE MAIN SET.

  
 CHARMM>    coor set xdir   52.509 ydir   29.326 zdir    9.691 sele segid dum .and. resi 267 end
 SELRPN>      1 atoms have been selected out of  15640
 SELECTED COORDINATES SET IN THE MAIN SET.

  
 CHARMM>    coor set xdir   51.978 ydir   30.232 zdir   11.656 sele segid dum .and. resi 268 end
 SELRPN>      1 atoms have been selected out of  15640
 SELECTED COORDINATES SET IN THE MAIN SET.

  
 CHARMM>    coor set xdir   55.520 ydir   11.961 zdir    9.589 sele segid dum .and. resi 269 end
 SELRPN>      1 atoms have been selected out of  15640
 SELECTED COORDINATES SET IN THE MAIN SET.

  
 CHARMM>    coor set xdir   56.214 ydir   11.938 zdir   13.716 sele segid dum .and. resi 270 end
 SELRPN>      1 atoms have been selected out of  15640
 SELECTED COORDINATES SET IN THE MAIN SET.

  
 CHARMM>    coor set xdir   56.141 ydir   13.051 zdir   15.910 sele segid dum .and. resi 271 end
 SELRPN>      1 atoms have been selected out of  15640
 SELECTED COORDINATES SET IN THE MAIN SET.

  
 CHARMM>    coor set xdir   55.938 ydir   13.185 zdir   11.495 sele segid dum .and. resi 272 end
 SELRPN>      1 atoms have been selected out of  15640
 SELECTED COORDINATES SET IN THE MAIN SET.

  
 CHARMM>    coor set xdir   22.477 ydir   29.340 zdir   13.886 sele segid dum .and. resi 273 end
 SELRPN>      1 atoms have been selected out of  15640
 SELECTED COORDINATES SET IN THE MAIN SET.

  
 CHARMM>    coor set xdir   23.220 ydir   29.715 zdir    9.885 sele segid dum .and. resi 274 end
 SELRPN>      1 atoms have been selected out of  15640
 SELECTED COORDINATES SET IN THE MAIN SET.

  
 CHARMM>    coor set xdir   23.787 ydir   30.351 zdir   11.930 sele segid dum .and. resi 275 end
 SELRPN>      1 atoms have been selected out of  15640
 SELECTED COORDINATES SET IN THE MAIN SET.

  
 CHARMM>    coor set xdir   22.755 ydir   30.181 zdir   16.207 sele segid dum .and. resi 276 end
 SELRPN>      1 atoms have been selected out of  15640
 SELECTED COORDINATES SET IN THE MAIN SET.

  
 CHARMM>    coor set xdir   12.719 ydir  -57.061 zdir   15.948 sele segid dum .and. resi 277 end
 SELRPN>      1 atoms have been selected out of  15640
 SELECTED COORDINATES SET IN THE MAIN SET.

  
 CHARMM>    coor set xdir   11.667 ydir  -57.980 zdir   13.899 sele segid dum .and. resi 278 end
 SELRPN>      1 atoms have been selected out of  15640
 SELECTED COORDINATES SET IN THE MAIN SET.

  
 CHARMM>    coor set xdir   12.677 ydir  -58.001 zdir   11.543 sele segid dum .and. resi 279 end
 SELRPN>      1 atoms have been selected out of  15640
 SELECTED COORDINATES SET IN THE MAIN SET.

  
 CHARMM>    coor set xdir   11.205 ydir  -58.444 zdir    9.852 sele segid dum .and. resi 280 end
 SELRPN>      1 atoms have been selected out of  15640
 SELECTED COORDINATES SET IN THE MAIN SET.

  
 CHARMM>    coor set xdir    9.811 ydir   47.082 zdir   15.934 sele segid dum .and. resi 281 end
 SELRPN>      1 atoms have been selected out of  15640
 SELECTED COORDINATES SET IN THE MAIN SET.

  
 CHARMM>    coor set xdir   11.228 ydir   47.126 zdir   13.856 sele segid dum .and. resi 282 end
 SELRPN>      1 atoms have been selected out of  15640
 SELECTED COORDINATES SET IN THE MAIN SET.

  
 CHARMM>    coor set xdir   11.640 ydir   47.413 zdir    9.731 sele segid dum .and. resi 283 end
 SELRPN>      1 atoms have been selected out of  15640
 SELECTED COORDINATES SET IN THE MAIN SET.

  
 CHARMM>    coor set xdir   10.212 ydir   47.401 zdir   11.528 sele segid dum .and. resi 284 end
 SELRPN>      1 atoms have been selected out of  15640
 SELECTED COORDINATES SET IN THE MAIN SET.

  
 CHARMM>    coor set xdir   54.427 ydir   50.441 zdir   13.928 sele segid dum .and. resi 285 end
 SELRPN>      1 atoms have been selected out of  15640
 SELECTED COORDINATES SET IN THE MAIN SET.

  
 CHARMM>    coor set xdir   55.219 ydir   51.151 zdir   11.623 sele segid dum .and. resi 286 end
 SELRPN>      1 atoms have been selected out of  15640
 SELECTED COORDINATES SET IN THE MAIN SET.

  
 CHARMM>    coor set xdir   54.256 ydir   50.260 zdir    9.780 sele segid dum .and. resi 287 end
 SELRPN>      1 atoms have been selected out of  15640
 SELECTED COORDINATES SET IN THE MAIN SET.

  
 CHARMM>    coor set xdir   54.819 ydir   51.762 zdir   15.976 sele segid dum .and. resi 288 end
 SELRPN>      1 atoms have been selected out of  15640
 SELECTED COORDINATES SET IN THE MAIN SET.

  
 CHARMM>    coor set xdir   51.751 ydir   -9.281 zdir    9.560 sele segid dum .and. resi 289 end
 SELRPN>      1 atoms have been selected out of  15640
 SELECTED COORDINATES SET IN THE MAIN SET.

  
 CHARMM>    coor set xdir   50.710 ydir  -10.040 zdir   15.843 sele segid dum .and. resi 290 end
 SELRPN>      1 atoms have been selected out of  15640
 SELECTED COORDINATES SET IN THE MAIN SET.

  
 CHARMM>    coor set xdir   51.654 ydir   -9.272 zdir   13.675 sele segid dum .and. resi 291 end
 SELRPN>      1 atoms have been selected out of  15640
 SELECTED COORDINATES SET IN THE MAIN SET.

  
 CHARMM>    coor set xdir   50.772 ydir  -10.099 zdir   11.422 sele segid dum .and. resi 292 end
 SELRPN>      1 atoms have been selected out of  15640
 SELECTED COORDINATES SET IN THE MAIN SET.

  
 CHARMM>    coor set xdir   25.927 ydir  -50.939 zdir   13.661 sele segid dum .and. resi 293 end
 SELRPN>      1 atoms have been selected out of  15640
 SELECTED COORDINATES SET IN THE MAIN SET.

  
 CHARMM>    coor set xdir   25.544 ydir  -52.690 zdir   11.821 sele segid dum .and. resi 294 end
 SELRPN>      1 atoms have been selected out of  15640
 SELECTED COORDINATES SET IN THE MAIN SET.

  
 CHARMM>    coor set xdir   26.045 ydir  -52.093 zdir    9.704 sele segid dum .and. resi 295 end
 SELRPN>      1 atoms have been selected out of  15640
 SELECTED COORDINATES SET IN THE MAIN SET.

  
 CHARMM>    coor set xdir   25.872 ydir  -51.524 zdir   16.080 sele segid dum .and. resi 296 end
 SELRPN>      1 atoms have been selected out of  15640
 SELECTED COORDINATES SET IN THE MAIN SET.

  
 CHARMM>    coor set xdir  -23.603 ydir  -43.684 zdir   13.931 sele segid dum .and. resi 297 end
 SELRPN>      1 atoms have been selected out of  15640
 SELECTED COORDINATES SET IN THE MAIN SET.

  
 CHARMM>    coor set xdir  -23.189 ydir  -42.927 zdir    9.816 sele segid dum .and. resi 298 end
 SELRPN>      1 atoms have been selected out of  15640
 SELECTED COORDINATES SET IN THE MAIN SET.

  
 CHARMM>    coor set xdir  -24.602 ydir  -43.428 zdir   11.517 sele segid dum .and. resi 299 end
 SELRPN>      1 atoms have been selected out of  15640
 SELECTED COORDINATES SET IN THE MAIN SET.

  
 CHARMM>    coor set xdir  -24.984 ydir  -44.308 zdir   15.930 sele segid dum .and. resi 300 end
 SELRPN>      1 atoms have been selected out of  15640
 SELECTED COORDINATES SET IN THE MAIN SET.

  
 CHARMM>    coor set xdir  -52.072 ydir  -28.770 zdir   15.936 sele segid dum .and. resi 301 end
 SELRPN>      1 atoms have been selected out of  15640
 SELECTED COORDINATES SET IN THE MAIN SET.

  
 CHARMM>    coor set xdir  -51.059 ydir  -28.920 zdir   13.682 sele segid dum .and. resi 302 end
 SELRPN>      1 atoms have been selected out of  15640
 SELECTED COORDINATES SET IN THE MAIN SET.

  
 CHARMM>    coor set xdir  -51.316 ydir  -28.573 zdir    9.577 sele segid dum .and. resi 303 end
 SELRPN>      1 atoms have been selected out of  15640
 SELECTED COORDINATES SET IN THE MAIN SET.

  
 CHARMM>    coor set xdir  -52.356 ydir  -28.258 zdir   11.585 sele segid dum .and. resi 304 end
 SELRPN>      1 atoms have been selected out of  15640
 SELECTED COORDINATES SET IN THE MAIN SET.

  
 CHARMM>    coor set xdir   41.921 ydir   50.261 zdir    9.971 sele segid dum .and. resi 305 end
 SELRPN>      1 atoms have been selected out of  15640
 SELECTED COORDINATES SET IN THE MAIN SET.

  
 CHARMM>    coor set xdir   40.358 ydir   49.439 zdir   16.089 sele segid dum .and. resi 306 end
 SELRPN>      1 atoms have been selected out of  15640
 SELECTED COORDINATES SET IN THE MAIN SET.

  
 CHARMM>    coor set xdir   41.398 ydir   49.227 zdir   13.868 sele segid dum .and. resi 307 end
 SELRPN>      1 atoms have been selected out of  15640
 SELECTED COORDINATES SET IN THE MAIN SET.

  
 CHARMM>    coor set xdir   40.908 ydir   50.760 zdir   11.927 sele segid dum .and. resi 308 end
 SELRPN>      1 atoms have been selected out of  15640
 SELECTED COORDINATES SET IN THE MAIN SET.

  
 CHARMM>    coor set xdir  -24.374 ydir   33.721 zdir   13.979 sele segid dum .and. resi 309 end
 SELRPN>      1 atoms have been selected out of  15640
 SELECTED COORDINATES SET IN THE MAIN SET.

  
 CHARMM>    coor set xdir  -25.117 ydir   33.856 zdir   11.569 sele segid dum .and. resi 310 end
 SELRPN>      1 atoms have been selected out of  15640
 SELECTED COORDINATES SET IN THE MAIN SET.

  
 CHARMM>    coor set xdir  -23.846 ydir   32.905 zdir    9.983 sele segid dum .and. resi 311 end
 SELRPN>      1 atoms have been selected out of  15640
 SELECTED COORDINATES SET IN THE MAIN SET.

  
 CHARMM>    coor set xdir  -25.765 ydir   34.468 zdir   15.912 sele segid dum .and. resi 312 end
 SELRPN>      1 atoms have been selected out of  15640
 SELECTED COORDINATES SET IN THE MAIN SET.

  
 CHARMM>    coor set xdir  -57.976 ydir   58.147 zdir   15.947 sele segid dum .and. resi 313 end
 SELRPN>      1 atoms have been selected out of  15640
 SELECTED COORDINATES SET IN THE MAIN SET.

  
 CHARMM>    coor set xdir  -58.655 ydir   58.461 zdir   11.531 sele segid dum .and. resi 314 end
 SELRPN>      1 atoms have been selected out of  15640
 SELECTED COORDINATES SET IN THE MAIN SET.

  
 CHARMM>    coor set xdir  -59.000 ydir   59.830 zdir    9.745 sele segid dum .and. resi 315 end
 SELRPN>      1 atoms have been selected out of  15640
 SELECTED COORDINATES SET IN THE MAIN SET.

  
 CHARMM>    coor set xdir  -58.477 ydir   59.481 zdir   13.922 sele segid dum .and. resi 316 end
 SELRPN>      1 atoms have been selected out of  15640
 SELECTED COORDINATES SET IN THE MAIN SET.

  
 CHARMM>    coor set xdir  -47.577 ydir  -27.014 zdir   10.474 sele segid dum .and. resi 317 end
 SELRPN>      1 atoms have been selected out of  15640
 SELECTED COORDINATES SET IN THE MAIN SET.

  
 CHARMM>    coor set xdir  -46.780 ydir  -25.614 zdir   14.304 sele segid dum .and. resi 318 end
 SELRPN>      1 atoms have been selected out of  15640
 SELECTED COORDINATES SET IN THE MAIN SET.

  
 CHARMM>    coor set xdir  -46.397 ydir  -23.805 zdir   15.944 sele segid dum .and. resi 319 end
 SELRPN>      1 atoms have been selected out of  15640
 SELECTED COORDINATES SET IN THE MAIN SET.

  
 CHARMM>    coor set xdir  -47.047 ydir  -25.259 zdir   11.780 sele segid dum .and. resi 320 end
 SELRPN>      1 atoms have been selected out of  15640
 SELECTED COORDINATES SET IN THE MAIN SET.

  
 CHARMM>    coor set xdir   26.424 ydir  -27.492 zdir   13.583 sele segid dum .and. resi 321 end
 SELRPN>      1 atoms have been selected out of  15640
 SELECTED COORDINATES SET IN THE MAIN SET.

  
 CHARMM>    coor set xdir   26.409 ydir  -28.075 zdir    9.433 sele segid dum .and. resi 322 end
 SELRPN>      1 atoms have been selected out of  15640
 SELECTED COORDINATES SET IN THE MAIN SET.

  
 CHARMM>    coor set xdir   27.300 ydir  -28.698 zdir   11.434 sele segid dum .and. resi 323 end
 SELRPN>      1 atoms have been selected out of  15640
 SELECTED COORDINATES SET IN THE MAIN SET.

  
 CHARMM>    coor set xdir   27.394 ydir  -27.954 zdir   15.909 sele segid dum .and. resi 324 end
 SELRPN>      1 atoms have been selected out of  15640
 SELECTED COORDINATES SET IN THE MAIN SET.

  
 CHARMM>    coor set xdir   31.724 ydir  -23.603 zdir   10.119 sele segid dum .and. resi 325 end
 SELRPN>      1 atoms have been selected out of  15640
 SELECTED COORDINATES SET IN THE MAIN SET.

  
 CHARMM>    coor set xdir   31.572 ydir  -22.017 zdir   11.730 sele segid dum .and. resi 326 end
 SELRPN>      1 atoms have been selected out of  15640
 SELECTED COORDINATES SET IN THE MAIN SET.

  
 CHARMM>    coor set xdir   32.264 ydir  -22.705 zdir   14.074 sele segid dum .and. resi 327 end
 SELRPN>      1 atoms have been selected out of  15640
 SELECTED COORDINATES SET IN THE MAIN SET.

  
 CHARMM>    coor set xdir   32.337 ydir  -21.084 zdir   15.961 sele segid dum .and. resi 328 end
 SELRPN>      1 atoms have been selected out of  15640
 SELECTED COORDINATES SET IN THE MAIN SET.

  
 CHARMM>    coor set xdir  -47.123 ydir   16.795 zdir   16.012 sele segid dum .and. resi 329 end
 SELRPN>      1 atoms have been selected out of  15640
 SELECTED COORDINATES SET IN THE MAIN SET.

  
 CHARMM>    coor set xdir  -46.182 ydir   18.008 zdir   14.054 sele segid dum .and. resi 330 end
 SELRPN>      1 atoms have been selected out of  15640
 SELECTED COORDINATES SET IN THE MAIN SET.

  
 CHARMM>    coor set xdir  -45.877 ydir   18.739 zdir   10.014 sele segid dum .and. resi 331 end
 SELRPN>      1 atoms have been selected out of  15640
 SELECTED COORDINATES SET IN THE MAIN SET.

  
 CHARMM>    coor set xdir  -47.181 ydir   17.958 zdir   11.676 sele segid dum .and. resi 332 end
 SELRPN>      1 atoms have been selected out of  15640
 SELECTED COORDINATES SET IN THE MAIN SET.

  
 CHARMM>    coor set xdir  -27.398 ydir   57.490 zdir   13.580 sele segid dum .and. resi 333 end
 SELRPN>      1 atoms have been selected out of  15640
 SELECTED COORDINATES SET IN THE MAIN SET.

  
 CHARMM>    coor set xdir  -27.865 ydir   57.133 zdir   15.984 sele segid dum .and. resi 334 end
 SELRPN>      1 atoms have been selected out of  15640
 SELECTED COORDINATES SET IN THE MAIN SET.

  
 CHARMM>    coor set xdir  -27.761 ydir   55.709 zdir   11.738 sele segid dum .and. resi 335 end
 SELRPN>      1 atoms have been selected out of  15640
 SELECTED COORDINATES SET IN THE MAIN SET.

  
 CHARMM>    coor set xdir  -27.292 ydir   56.270 zdir    9.626 sele segid dum .and. resi 336 end
 SELRPN>      1 atoms have been selected out of  15640
 SELECTED COORDINATES SET IN THE MAIN SET.

  
 CHARMM>    coor set xdir   22.560 ydir  -57.650 zdir   13.879 sele segid dum .and. resi 337 end
 SELRPN>      1 atoms have been selected out of  15640
 SELECTED COORDINATES SET IN THE MAIN SET.

  
 CHARMM>    coor set xdir   23.354 ydir  -57.117 zdir    9.865 sele segid dum .and. resi 338 end
 SELRPN>      1 atoms have been selected out of  15640
 SELECTED COORDINATES SET IN THE MAIN SET.

  
 CHARMM>    coor set xdir   22.451 ydir  -56.237 zdir   11.749 sele segid dum .and. resi 339 end
 SELRPN>      1 atoms have been selected out of  15640
 SELECTED COORDINATES SET IN THE MAIN SET.

  
 CHARMM>    coor set xdir   21.506 ydir  -57.058 zdir   16.039 sele segid dum .and. resi 340 end
 SELRPN>      1 atoms have been selected out of  15640
 SELECTED COORDINATES SET IN THE MAIN SET.

  
 CHARMM>    coor set xdir   39.449 ydir  -23.828 zdir   14.011 sele segid dum .and. resi 341 end
 SELRPN>      1 atoms have been selected out of  15640
 SELECTED COORDINATES SET IN THE MAIN SET.

  
 CHARMM>    coor set xdir   40.089 ydir  -25.358 zdir   12.118 sele segid dum .and. resi 342 end
 SELRPN>      1 atoms have been selected out of  15640
 SELECTED COORDINATES SET IN THE MAIN SET.

  
 CHARMM>    coor set xdir   39.539 ydir  -24.631 zdir   10.014 sele segid dum .and. resi 343 end
 SELRPN>      1 atoms have been selected out of  15640
 SELECTED COORDINATES SET IN THE MAIN SET.

  
 CHARMM>    coor set xdir   40.213 ydir  -24.190 zdir   16.284 sele segid dum .and. resi 344 end
 SELRPN>      1 atoms have been selected out of  15640
 SELECTED COORDINATES SET IN THE MAIN SET.

  
 CHARMM>    coor set xdir   15.222 ydir   39.709 zdir   10.120 sele segid dum .and. resi 345 end
 SELRPN>      1 atoms have been selected out of  15640
 SELECTED COORDINATES SET IN THE MAIN SET.

  
 CHARMM>    coor set xdir   14.236 ydir   39.498 zdir   14.125 sele segid dum .and. resi 346 end
 SELRPN>      1 atoms have been selected out of  15640
 SELECTED COORDINATES SET IN THE MAIN SET.

  
 CHARMM>    coor set xdir   12.563 ydir   39.413 zdir   15.948 sele segid dum .and. resi 347 end
 SELRPN>      1 atoms have been selected out of  15640
 SELECTED COORDINATES SET IN THE MAIN SET.

  
 CHARMM>    coor set xdir   13.620 ydir   39.859 zdir   11.682 sele segid dum .and. resi 348 end
 SELRPN>      1 atoms have been selected out of  15640
 SELECTED COORDINATES SET IN THE MAIN SET.

  
 CHARMM>    coor set xdir  -43.537 ydir  -31.178 zdir   15.815 sele segid dum .and. resi 349 end
 SELRPN>      1 atoms have been selected out of  15640
 SELECTED COORDINATES SET IN THE MAIN SET.

  
 CHARMM>    coor set xdir  -43.046 ydir  -32.450 zdir   13.741 sele segid dum .and. resi 350 end
 SELRPN>      1 atoms have been selected out of  15640
 SELECTED COORDINATES SET IN THE MAIN SET.

  
 CHARMM>    coor set xdir  -43.227 ydir  -33.193 zdir    9.612 sele segid dum .and. resi 351 end
 SELRPN>      1 atoms have been selected out of  15640
 SELECTED COORDINATES SET IN THE MAIN SET.

  
 CHARMM>    coor set xdir  -43.779 ydir  -31.822 zdir   11.338 sele segid dum .and. resi 352 end
 SELRPN>      1 atoms have been selected out of  15640
 SELECTED COORDINATES SET IN THE MAIN SET.

  
 CHARMM>    coor set xdir  -52.827 ydir   19.157 zdir    9.763 sele segid dum .and. resi 353 end
 SELRPN>      1 atoms have been selected out of  15640
 SELECTED COORDINATES SET IN THE MAIN SET.

  
 CHARMM>    coor set xdir  -54.191 ydir   19.293 zdir   11.567 sele segid dum .and. resi 354 end
 SELRPN>      1 atoms have been selected out of  15640
 SELECTED COORDINATES SET IN THE MAIN SET.

  
 CHARMM>    coor set xdir  -53.155 ydir   18.740 zdir   13.847 sele segid dum .and. resi 355 end
 SELRPN>      1 atoms have been selected out of  15640
 SELECTED COORDINATES SET IN THE MAIN SET.

  
 CHARMM>    coor set xdir  -54.503 ydir   18.929 zdir   15.911 sele segid dum .and. resi 356 end
 SELRPN>      1 atoms have been selected out of  15640
 SELECTED COORDINATES SET IN THE MAIN SET.

  
 CHARMM>    coor set xdir   17.008 ydir  -32.008 zdir  -15.883 sele segid dum .and. resi 357 end
 SELRPN>      1 atoms have been selected out of  15640
 SELECTED COORDINATES SET IN THE MAIN SET.

  
 CHARMM>    coor set xdir   15.808 ydir  -31.668 zdir  -13.746 sele segid dum .and. resi 358 end
 SELRPN>      1 atoms have been selected out of  15640
 SELECTED COORDINATES SET IN THE MAIN SET.

  
 CHARMM>    coor set xdir   15.433 ydir  -32.127 zdir   -9.640 sele segid dum .and. resi 359 end
 SELRPN>      1 atoms have been selected out of  15640
 SELECTED COORDINATES SET IN THE MAIN SET.

  
 CHARMM>    coor set xdir   16.711 ydir  -32.388 zdir  -11.486 sele segid dum .and. resi 360 end
 SELRPN>      1 atoms have been selected out of  15640
 SELECTED COORDINATES SET IN THE MAIN SET.

  
 CHARMM>    coor set xdir  -39.167 ydir  -41.569 zdir  -13.653 sele segid dum .and. resi 361 end
 SELRPN>      1 atoms have been selected out of  15640
 SELECTED COORDINATES SET IN THE MAIN SET.

  
 CHARMM>    coor set xdir  -39.350 ydir  -42.787 zdir   -9.653 sele segid dum .and. resi 362 end
 SELRPN>      1 atoms have been selected out of  15640
 SELECTED COORDINATES SET IN THE MAIN SET.

  
 CHARMM>    coor set xdir  -39.072 ydir  -43.387 zdir  -11.842 sele segid dum .and. resi 363 end
 SELRPN>      1 atoms have been selected out of  15640
 SELECTED COORDINATES SET IN THE MAIN SET.

  
 CHARMM>    coor set xdir  -39.293 ydir  -42.011 zdir  -16.108 sele segid dum .and. resi 364 end
 SELRPN>      1 atoms have been selected out of  15640
 SELECTED COORDINATES SET IN THE MAIN SET.

  
 CHARMM>    coor set xdir   34.357 ydir   23.602 zdir  -14.343 sele segid dum .and. resi 365 end
 SELRPN>      1 atoms have been selected out of  15640
 SELECTED COORDINATES SET IN THE MAIN SET.

  
 CHARMM>    coor set xdir   32.820 ydir   23.180 zdir  -10.547 sele segid dum .and. resi 366 end
 SELRPN>      1 atoms have been selected out of  15640
 SELECTED COORDINATES SET IN THE MAIN SET.

  
 CHARMM>    coor set xdir   34.609 ydir   22.989 zdir  -11.894 sele segid dum .and. resi 367 end
 SELRPN>      1 atoms have been selected out of  15640
 SELECTED COORDINATES SET IN THE MAIN SET.

  
 CHARMM>    coor set xdir   36.189 ydir   23.288 zdir  -15.967 sele segid dum .and. resi 368 end
 SELRPN>      1 atoms have been selected out of  15640
 SELECTED COORDINATES SET IN THE MAIN SET.

  
 CHARMM>    coor set xdir  -37.173 ydir  -24.162 zdir   -9.607 sele segid dum .and. resi 369 end
 SELRPN>      1 atoms have been selected out of  15640
 SELECTED COORDINATES SET IN THE MAIN SET.

  
 CHARMM>    coor set xdir  -37.767 ydir  -25.338 zdir  -11.434 sele segid dum .and. resi 370 end
 SELRPN>      1 atoms have been selected out of  15640
 SELECTED COORDINATES SET IN THE MAIN SET.

  
 CHARMM>    coor set xdir  -37.849 ydir  -25.455 zdir  -15.889 sele segid dum .and. resi 371 end
 SELRPN>      1 atoms have been selected out of  15640
 SELECTED COORDINATES SET IN THE MAIN SET.

  
 CHARMM>    coor set xdir  -36.991 ydir  -24.497 zdir  -13.782 sele segid dum .and. resi 372 end
 SELRPN>      1 atoms have been selected out of  15640
 SELECTED COORDINATES SET IN THE MAIN SET.

  
 CHARMM>    coor set xdir  -53.028 ydir   -0.006 zdir  -16.035 sele segid dum .and. resi 373 end
 SELRPN>      1 atoms have been selected out of  15640
 SELECTED COORDINATES SET IN THE MAIN SET.

  
 CHARMM>    coor set xdir  -52.597 ydir    1.334 zdir  -14.059 sele segid dum .and. resi 374 end
 SELRPN>      1 atoms have been selected out of  15640
 SELECTED COORDINATES SET IN THE MAIN SET.

  
 CHARMM>    coor set xdir  -51.829 ydir    1.818 zdir  -10.059 sele segid dum .and. resi 375 end
 SELRPN>      1 atoms have been selected out of  15640
 SELECTED COORDINATES SET IN THE MAIN SET.

  
 CHARMM>    coor set xdir  -52.036 ydir    0.327 zdir  -11.776 sele segid dum .and. resi 376 end
 SELRPN>      1 atoms have been selected out of  15640
 SELECTED COORDINATES SET IN THE MAIN SET.

  
 CHARMM>    coor set xdir   42.744 ydir   28.904 zdir  -15.883 sele segid dum .and. resi 377 end
 SELRPN>      1 atoms have been selected out of  15640
 SELECTED COORDINATES SET IN THE MAIN SET.

  
 CHARMM>    coor set xdir   42.399 ydir   27.706 zdir  -13.746 sele segid dum .and. resi 378 end
 SELRPN>      1 atoms have been selected out of  15640
 SELECTED COORDINATES SET IN THE MAIN SET.

  
 CHARMM>    coor set xdir   42.857 ydir   27.329 zdir   -9.640 sele segid dum .and. resi 379 end
 SELRPN>      1 atoms have been selected out of  15640
 SELECTED COORDINATES SET IN THE MAIN SET.

  
 CHARMM>    coor set xdir   43.124 ydir   28.605 zdir  -11.486 sele segid dum .and. resi 380 end
 SELRPN>      1 atoms have been selected out of  15640
 SELECTED COORDINATES SET IN THE MAIN SET.

  
 CHARMM>    coor set xdir   37.673 ydir   -6.160 zdir  -10.177 sele segid dum .and. resi 381 end
 SELRPN>      1 atoms have been selected out of  15640
 SELECTED COORDINATES SET IN THE MAIN SET.

  
 CHARMM>    coor set xdir   39.560 ydir   -7.644 zdir  -16.051 sele segid dum .and. resi 382 end
 SELRPN>      1 atoms have been selected out of  15640
 SELECTED COORDINATES SET IN THE MAIN SET.

  
 CHARMM>    coor set xdir   38.091 ydir   -7.057 zdir  -14.099 sele segid dum .and. resi 383 end
 SELRPN>      1 atoms have been selected out of  15640
 SELECTED COORDINATES SET IN THE MAIN SET.

  
 CHARMM>    coor set xdir   39.082 ydir   -6.375 zdir  -11.898 sele segid dum .and. resi 384 end
 SELRPN>      1 atoms have been selected out of  15640
 SELECTED COORDINATES SET IN THE MAIN SET.

  
 CHARMM>    coor set xdir  -40.045 ydir   42.544 zdir  -13.626 sele segid dum .and. resi 385 end
 SELRPN>      1 atoms have been selected out of  15640
 SELECTED COORDINATES SET IN THE MAIN SET.

  
 CHARMM>    coor set xdir  -41.218 ydir   43.890 zdir  -11.768 sele segid dum .and. resi 386 end
 SELRPN>      1 atoms have been selected out of  15640
 SELECTED COORDINATES SET IN THE MAIN SET.

  
 CHARMM>    coor set xdir  -40.571 ydir   43.539 zdir   -9.611 sele segid dum .and. resi 387 end
 SELRPN>      1 atoms have been selected out of  15640
 SELECTED COORDINATES SET IN THE MAIN SET.

  
 CHARMM>    coor set xdir  -40.243 ydir   43.049 zdir  -16.010 sele segid dum .and. resi 388 end
 SELRPN>      1 atoms have been selected out of  15640
 SELECTED COORDINATES SET IN THE MAIN SET.

  
 CHARMM>    coor set xdir   53.033 ydir   54.441 zdir  -11.542 sele segid dum .and. resi 389 end
 SELRPN>      1 atoms have been selected out of  15640
 SELECTED COORDINATES SET IN THE MAIN SET.

  
 CHARMM>    coor set xdir   54.064 ydir   54.322 zdir   -9.510 sele segid dum .and. resi 390 end
 SELRPN>      1 atoms have been selected out of  15640
 SELECTED COORDINATES SET IN THE MAIN SET.

  
 CHARMM>    coor set xdir   54.440 ydir   54.227 zdir  -13.659 sele segid dum .and. resi 391 end
 SELRPN>      1 atoms have been selected out of  15640
 SELECTED COORDINATES SET IN THE MAIN SET.

  
 CHARMM>    coor set xdir   53.478 ydir   54.461 zdir  -15.967 sele segid dum .and. resi 392 end
 SELRPN>      1 atoms have been selected out of  15640
 SELECTED COORDINATES SET IN THE MAIN SET.

  
 CHARMM>    coor set xdir   48.294 ydir  -43.040 zdir  -15.958 sele segid dum .and. resi 393 end
 SELRPN>      1 atoms have been selected out of  15640
 SELECTED COORDINATES SET IN THE MAIN SET.

  
 CHARMM>    coor set xdir   48.668 ydir  -42.206 zdir  -13.652 sele segid dum .and. resi 394 end
 SELRPN>      1 atoms have been selected out of  15640
 SELECTED COORDINATES SET IN THE MAIN SET.

  
 CHARMM>    coor set xdir   48.289 ydir  -42.437 zdir   -9.536 sele segid dum .and. resi 395 end
 SELRPN>      1 atoms have been selected out of  15640
 SELECTED COORDINATES SET IN THE MAIN SET.

  
 CHARMM>    coor set xdir   48.173 ydir  -43.540 zdir  -11.530 sele segid dum .and. resi 396 end
 SELRPN>      1 atoms have been selected out of  15640
 SELECTED COORDINATES SET IN THE MAIN SET.

  
 CHARMM>    coor set xdir   38.972 ydir   14.734 zdir  -16.397 sele segid dum .and. resi 397 end
 SELRPN>      1 atoms have been selected out of  15640
 SELECTED COORDINATES SET IN THE MAIN SET.

  
 CHARMM>    coor set xdir   37.520 ydir   14.404 zdir  -14.356 sele segid dum .and. resi 398 end
 SELRPN>      1 atoms have been selected out of  15640
 SELECTED COORDINATES SET IN THE MAIN SET.

  
 CHARMM>    coor set xdir   37.269 ydir   16.151 zdir  -12.533 sele segid dum .and. resi 399 end
 SELRPN>      1 atoms have been selected out of  15640
 SELECTED COORDINATES SET IN THE MAIN SET.

  
 CHARMM>    coor set xdir   36.194 ydir   15.497 zdir  -10.648 sele segid dum .and. resi 400 end
 SELRPN>      1 atoms have been selected out of  15640
 SELECTED COORDINATES SET IN THE MAIN SET.

  
 CHARMM>    coor set xdir  -46.394 ydir   52.534 zdir   -9.914 sele segid dum .and. resi 401 end
 SELRPN>      1 atoms have been selected out of  15640
 SELECTED COORDINATES SET IN THE MAIN SET.

  
 CHARMM>    coor set xdir  -47.180 ydir   53.856 zdir  -11.563 sele segid dum .and. resi 402 end
 SELRPN>      1 atoms have been selected out of  15640
 SELECTED COORDINATES SET IN THE MAIN SET.

  
 CHARMM>    coor set xdir  -47.313 ydir   54.633 zdir  -15.958 sele segid dum .and. resi 403 end
 SELRPN>      1 atoms have been selected out of  15640
 SELECTED COORDINATES SET IN THE MAIN SET.

  
 CHARMM>    coor set xdir  -46.924 ydir   53.138 zdir  -14.036 sele segid dum .and. resi 404 end
 SELRPN>      1 atoms have been selected out of  15640
 SELECTED COORDINATES SET IN THE MAIN SET.

  
 CHARMM>    coor set xdir   55.809 ydir   38.082 zdir  -16.005 sele segid dum .and. resi 405 end
 SELRPN>      1 atoms have been selected out of  15640
 SELECTED COORDINATES SET IN THE MAIN SET.

  
 CHARMM>    coor set xdir   56.277 ydir   37.519 zdir  -13.672 sele segid dum .and. resi 406 end
 SELRPN>      1 atoms have been selected out of  15640
 SELECTED COORDINATES SET IN THE MAIN SET.

  
 CHARMM>    coor set xdir   55.372 ydir   37.278 zdir   -9.600 sele segid dum .and. resi 407 end
 SELRPN>      1 atoms have been selected out of  15640
 SELECTED COORDINATES SET IN THE MAIN SET.

  
 CHARMM>    coor set xdir   54.793 ydir   38.112 zdir  -11.674 sele segid dum .and. resi 408 end
 SELRPN>      1 atoms have been selected out of  15640
 SELECTED COORDINATES SET IN THE MAIN SET.

  
 CHARMM>    coor set xdir   -9.554 ydir  -49.197 zdir  -10.014 sele segid dum .and. resi 409 end
 SELRPN>      1 atoms have been selected out of  15640
 SELECTED COORDINATES SET IN THE MAIN SET.

  
 CHARMM>    coor set xdir   -9.171 ydir  -48.485 zdir  -14.011 sele segid dum .and. resi 410 end
 SELRPN>      1 atoms have been selected out of  15640
 SELECTED COORDINATES SET IN THE MAIN SET.

  
 CHARMM>    coor set xdir  -10.015 ydir  -48.537 zdir  -16.284 sele segid dum .and. resi 411 end
 SELRPN>      1 atoms have been selected out of  15640
 SELECTED COORDINATES SET IN THE MAIN SET.

  
 CHARMM>    coor set xdir  -10.335 ydir  -49.667 zdir  -12.118 sele segid dum .and. resi 412 end
 SELRPN>      1 atoms have been selected out of  15640
 SELECTED COORDINATES SET IN THE MAIN SET.

  
 CHARMM>    coor set xdir  -30.575 ydir   39.459 zdir  -13.873 sele segid dum .and. resi 413 end
 SELRPN>      1 atoms have been selected out of  15640
 SELECTED COORDINATES SET IN THE MAIN SET.

  
 CHARMM>    coor set xdir  -30.197 ydir   40.365 zdir   -9.958 sele segid dum .and. resi 414 end
 SELRPN>      1 atoms have been selected out of  15640
 SELECTED COORDINATES SET IN THE MAIN SET.

  
 CHARMM>    coor set xdir  -31.040 ydir   38.900 zdir  -11.433 sele segid dum .and. resi 415 end
 SELRPN>      1 atoms have been selected out of  15640
 SELECTED COORDINATES SET IN THE MAIN SET.

  
 CHARMM>    coor set xdir  -31.710 ydir   38.444 zdir  -15.887 sele segid dum .and. resi 416 end
 SELRPN>      1 atoms have been selected out of  15640
 SELECTED COORDINATES SET IN THE MAIN SET.

  
 CHARMM>    coor set xdir  -54.398 ydir  -33.073 zdir  -15.957 sele segid dum .and. resi 417 end
 SELRPN>      1 atoms have been selected out of  15640
 SELECTED COORDINATES SET IN THE MAIN SET.

  
 CHARMM>    coor set xdir  -52.546 ydir  -33.164 zdir  -14.301 sele segid dum .and. resi 418 end
 SELRPN>      1 atoms have been selected out of  15640
 SELECTED COORDINATES SET IN THE MAIN SET.

  
 CHARMM>    coor set xdir  -52.713 ydir  -32.451 zdir  -11.858 sele segid dum .and. resi 419 end
 SELRPN>      1 atoms have been selected out of  15640
 SELECTED COORDINATES SET IN THE MAIN SET.

  
 CHARMM>    coor set xdir  -50.945 ydir  -32.922 zdir  -10.518 sele segid dum .and. resi 420 end
 SELRPN>      1 atoms have been selected out of  15640
 SELECTED COORDINATES SET IN THE MAIN SET.

  
 CHARMM>    coor set xdir    5.815 ydir  -53.934 zdir  -15.885 sele segid dum .and. resi 421 end
 SELRPN>      1 atoms have been selected out of  15640
 SELECTED COORDINATES SET IN THE MAIN SET.

  
 CHARMM>    coor set xdir    4.480 ydir  -53.513 zdir  -13.815 sele segid dum .and. resi 422 end
 SELRPN>      1 atoms have been selected out of  15640
 SELECTED COORDINATES SET IN THE MAIN SET.

  
 CHARMM>    coor set xdir    3.823 ydir  -53.876 zdir   -9.796 sele segid dum .and. resi 423 end
 SELRPN>      1 atoms have been selected out of  15640
 SELECTED COORDINATES SET IN THE MAIN SET.

  
 CHARMM>    coor set xdir    5.337 ydir  -53.917 zdir  -11.454 sele segid dum .and. resi 424 end
 SELRPN>      1 atoms have been selected out of  15640
 SELECTED COORDINATES SET IN THE MAIN SET.

  
 CHARMM>    coor set xdir  -19.440 ydir  -36.345 zdir  -14.036 sele segid dum .and. resi 425 end
 SELRPN>      1 atoms have been selected out of  15640
 SELECTED COORDINATES SET IN THE MAIN SET.

  
 CHARMM>    coor set xdir  -19.405 ydir  -35.585 zdir  -11.563 sele segid dum .and. resi 426 end
 SELRPN>      1 atoms have been selected out of  15640
 SELECTED COORDINATES SET IN THE MAIN SET.

  
 CHARMM>    coor set xdir  -19.179 ydir  -37.105 zdir   -9.914 sele segid dum .and. resi 427 end
 SELRPN>      1 atoms have been selected out of  15640
 SELECTED COORDINATES SET IN THE MAIN SET.

  
 CHARMM>    coor set xdir  -19.233 ydir  -34.815 zdir  -15.958 sele segid dum .and. resi 428 end
 SELRPN>      1 atoms have been selected out of  15640
 SELECTED COORDINATES SET IN THE MAIN SET.

  
 CHARMM>    coor set xdir   59.013 ydir   21.781 zdir   -9.887 sele segid dum .and. resi 429 end
 SELRPN>      1 atoms have been selected out of  15640
 SELECTED COORDINATES SET IN THE MAIN SET.

  
 CHARMM>    coor set xdir   56.924 ydir   20.758 zdir  -15.866 sele segid dum .and. resi 430 end
 SELRPN>      1 atoms have been selected out of  15640
 SELECTED COORDINATES SET IN THE MAIN SET.

  
 CHARMM>    coor set xdir   58.394 ydir   21.127 zdir  -13.903 sele segid dum .and. resi 431 end
 SELRPN>      1 atoms have been selected out of  15640
 SELECTED COORDINATES SET IN THE MAIN SET.

  
 CHARMM>    coor set xdir   57.524 ydir   21.457 zdir  -11.532 sele segid dum .and. resi 432 end
 SELRPN>      1 atoms have been selected out of  15640
 SELECTED COORDINATES SET IN THE MAIN SET.

  
 CHARMM>    coor set xdir  -46.386 ydir   24.046 zdir  -14.392 sele segid dum .and. resi 433 end
 SELRPN>      1 atoms have been selected out of  15640
 SELECTED COORDINATES SET IN THE MAIN SET.

  
 CHARMM>    coor set xdir  -47.441 ydir   23.896 zdir  -12.074 sele segid dum .and. resi 434 end
 SELRPN>      1 atoms have been selected out of  15640
 SELECTED COORDINATES SET IN THE MAIN SET.

  
 CHARMM>    coor set xdir  -47.395 ydir   25.773 zdir  -10.792 sele segid dum .and. resi 435 end
 SELRPN>      1 atoms have been selected out of  15640
 SELECTED COORDINATES SET IN THE MAIN SET.

  
 CHARMM>    coor set xdir  -46.407 ydir   22.102 zdir  -15.992 sele segid dum .and. resi 436 end
 SELRPN>      1 atoms have been selected out of  15640
 SELECTED COORDINATES SET IN THE MAIN SET.

  
 CHARMM>    coor set xdir   27.158 ydir  -44.284 zdir  -15.976 sele segid dum .and. resi 437 end
 SELRPN>      1 atoms have been selected out of  15640
 SELECTED COORDINATES SET IN THE MAIN SET.

  
 CHARMM>    coor set xdir   28.762 ydir  -44.264 zdir   -9.780 sele segid dum .and. resi 438 end
 SELRPN>      1 atoms have been selected out of  15640
 SELECTED COORDINATES SET IN THE MAIN SET.

  
 CHARMM>    coor set xdir   27.597 ydir  -44.867 zdir  -11.623 sele segid dum .and. resi 439 end
 SELRPN>      1 atoms have been selected out of  15640
 SELECTED COORDINATES SET IN THE MAIN SET.

  
 CHARMM>    coor set xdir   28.533 ydir  -44.363 zdir  -13.928 sele segid dum .and. resi 440 end
 SELRPN>      1 atoms have been selected out of  15640
 SELECTED COORDINATES SET IN THE MAIN SET.

  
 CHARMM>    coor set xdir   41.434 ydir  -48.567 zdir  -16.030 sele segid dum .and. resi 441 end
 SELRPN>      1 atoms have been selected out of  15640
 SELECTED COORDINATES SET IN THE MAIN SET.

  
 CHARMM>    coor set xdir   41.895 ydir  -48.922 zdir  -13.602 sele segid dum .and. resi 442 end
 SELRPN>      1 atoms have been selected out of  15640
 SELECTED COORDINATES SET IN THE MAIN SET.

  
 CHARMM>    coor set xdir   40.945 ydir  -48.423 zdir   -9.632 sele segid dum .and. resi 443 end
 SELRPN>      1 atoms have been selected out of  15640
 SELECTED COORDINATES SET IN THE MAIN SET.

  
 CHARMM>    coor set xdir   40.208 ydir  -48.365 zdir  -11.748 sele segid dum .and. resi 444 end
 SELRPN>      1 atoms have been selected out of  15640
 SELECTED COORDINATES SET IN THE MAIN SET.

  
 CHARMM>    coor set xdir   40.502 ydir   46.201 zdir   -9.644 sele segid dum .and. resi 445 end
 SELRPN>      1 atoms have been selected out of  15640
 SELECTED COORDINATES SET IN THE MAIN SET.

  
 CHARMM>    coor set xdir   39.601 ydir   45.184 zdir  -15.916 sele segid dum .and. resi 446 end
 SELRPN>      1 atoms have been selected out of  15640
 SELECTED COORDINATES SET IN THE MAIN SET.

  
 CHARMM>    coor set xdir   40.575 ydir   45.493 zdir  -13.722 sele segid dum .and. resi 447 end
 SELRPN>      1 atoms have been selected out of  15640
 SELECTED COORDINATES SET IN THE MAIN SET.

  
 CHARMM>    coor set xdir   39.300 ydir   45.635 zdir  -11.461 sele segid dum .and. resi 448 end
 SELRPN>      1 atoms have been selected out of  15640
 SELECTED COORDINATES SET IN THE MAIN SET.

  
 CHARMM>    coor set xdir  -12.400 ydir  -40.359 zdir  -14.317 sele segid dum .and. resi 449 end
 SELRPN>      1 atoms have been selected out of  15640
 SELECTED COORDINATES SET IN THE MAIN SET.

  
 CHARMM>    coor set xdir  -12.849 ydir  -39.125 zdir  -12.161 sele segid dum .and. resi 450 end
 SELRPN>      1 atoms have been selected out of  15640
 SELECTED COORDINATES SET IN THE MAIN SET.

  
 CHARMM>    coor set xdir  -13.212 ydir  -40.297 zdir  -10.309 sele segid dum .and. resi 451 end
 SELRPN>      1 atoms have been selected out of  15640
 SELECTED COORDINATES SET IN THE MAIN SET.

  
 CHARMM>    coor set xdir  -11.535 ydir  -39.083 zdir  -16.213 sele segid dum .and. resi 452 end
 SELRPN>      1 atoms have been selected out of  15640
 SELECTED COORDINATES SET IN THE MAIN SET.

  
 CHARMM>    coor set xdir   38.490 ydir  -22.631 zdir  -16.221 sele segid dum .and. resi 453 end
 SELRPN>      1 atoms have been selected out of  15640
 SELECTED COORDINATES SET IN THE MAIN SET.

  
 CHARMM>    coor set xdir   37.618 ydir  -20.981 zdir  -12.166 sele segid dum .and. resi 454 end
 SELRPN>      1 atoms have been selected out of  15640
 SELECTED COORDINATES SET IN THE MAIN SET.

  
 CHARMM>    coor set xdir   36.283 ydir  -21.119 zdir  -10.343 sele segid dum .and. resi 455 end
 SELRPN>      1 atoms have been selected out of  15640
 SELECTED COORDINATES SET IN THE MAIN SET.

  
 CHARMM>    coor set xdir   37.055 ydir  -22.459 zdir  -14.230 sele segid dum .and. resi 456 end
 SELRPN>      1 atoms have been selected out of  15640
 SELECTED COORDINATES SET IN THE MAIN SET.

  
 CHARMM>    coor set xdir  -23.237 ydir  -48.136 zdir   -9.696 sele segid dum .and. resi 457 end
 SELRPN>      1 atoms have been selected out of  15640
 SELECTED COORDINATES SET IN THE MAIN SET.

  
 CHARMM>    coor set xdir  -23.742 ydir  -48.026 zdir  -13.845 sele segid dum .and. resi 458 end
 SELRPN>      1 atoms have been selected out of  15640
 SELECTED COORDINATES SET IN THE MAIN SET.

  
 CHARMM>    coor set xdir  -24.251 ydir  -49.011 zdir  -16.014 sele segid dum .and. resi 459 end
 SELRPN>      1 atoms have been selected out of  15640
 SELECTED COORDINATES SET IN THE MAIN SET.

  
 CHARMM>    coor set xdir  -23.374 ydir  -49.335 zdir  -11.599 sele segid dum .and. resi 460 end
 SELRPN>      1 atoms have been selected out of  15640
 SELECTED COORDINATES SET IN THE MAIN SET.

  
 CHARMM>    coor set xdir  -55.569 ydir  -49.121 zdir  -14.077 sele segid dum .and. resi 461 end
 SELRPN>      1 atoms have been selected out of  15640
 SELECTED COORDINATES SET IN THE MAIN SET.

  
 CHARMM>    coor set xdir  -55.867 ydir  -48.433 zdir  -10.003 sele segid dum .and. resi 462 end
 SELRPN>      1 atoms have been selected out of  15640
 SELECTED COORDINATES SET IN THE MAIN SET.

  
 CHARMM>    coor set xdir  -54.562 ydir  -48.325 zdir  -11.859 sele segid dum .and. resi 463 end
 SELRPN>      1 atoms have been selected out of  15640
 SELECTED COORDINATES SET IN THE MAIN SET.

  
 CHARMM>    coor set xdir  -54.205 ydir  -49.254 zdir  -16.178 sele segid dum .and. resi 464 end
 SELRPN>      1 atoms have been selected out of  15640
 SELECTED COORDINATES SET IN THE MAIN SET.

  
 CHARMM>    coor set xdir  -31.512 ydir   47.746 zdir   -9.476 sele segid dum .and. resi 465 end
 SELRPN>      1 atoms have been selected out of  15640
 SELECTED COORDINATES SET IN THE MAIN SET.

  
 CHARMM>    coor set xdir  -31.111 ydir   46.852 zdir  -11.561 sele segid dum .and. resi 466 end
 SELRPN>      1 atoms have been selected out of  15640
 SELECTED COORDINATES SET IN THE MAIN SET.

  
 CHARMM>    coor set xdir  -31.947 ydir   48.190 zdir  -13.584 sele segid dum .and. resi 467 end
 SELRPN>      1 atoms have been selected out of  15640
 SELECTED COORDINATES SET IN THE MAIN SET.

  
 CHARMM>    coor set xdir  -31.890 ydir   47.279 zdir  -15.928 sele segid dum .and. resi 468 end
 SELRPN>      1 atoms have been selected out of  15640
 SELECTED COORDINATES SET IN THE MAIN SET.

  
 CHARMM>    coor set xdir   31.105 ydir   56.768 zdir  -15.896 sele segid dum .and. resi 469 end
 SELRPN>      1 atoms have been selected out of  15640
 SELECTED COORDINATES SET IN THE MAIN SET.

  
 CHARMM>    coor set xdir   31.612 ydir   58.587 zdir  -14.233 sele segid dum .and. resi 470 end
 SELRPN>      1 atoms have been selected out of  15640
 SELECTED COORDINATES SET IN THE MAIN SET.

  
 CHARMM>    coor set xdir   31.932 ydir   60.033 zdir  -10.336 sele segid dum .and. resi 471 end
 SELRPN>      1 atoms have been selected out of  15640
 SELECTED COORDINATES SET IN THE MAIN SET.

  
 CHARMM>    coor set xdir   31.361 ydir   58.289 zdir  -11.662 sele segid dum .and. resi 472 end
 SELRPN>      1 atoms have been selected out of  15640
 SELECTED COORDINATES SET IN THE MAIN SET.

  
 CHARMM>    coor set xdir   47.277 ydir   41.899 zdir  -13.757 sele segid dum .and. resi 473 end
 SELRPN>      1 atoms have been selected out of  15640
 SELECTED COORDINATES SET IN THE MAIN SET.

  
 CHARMM>    coor set xdir   47.908 ydir   42.754 zdir  -15.994 sele segid dum .and. resi 474 end
 SELRPN>      1 atoms have been selected out of  15640
 SELECTED COORDINATES SET IN THE MAIN SET.

  
 CHARMM>    coor set xdir   47.886 ydir   43.140 zdir  -11.608 sele segid dum .and. resi 475 end
 SELRPN>      1 atoms have been selected out of  15640
 SELECTED COORDINATES SET IN THE MAIN SET.

  
 CHARMM>    coor set xdir   47.423 ydir   42.152 zdir   -9.620 sele segid dum .and. resi 476 end
 SELRPN>      1 atoms have been selected out of  15640
 SELECTED COORDINATES SET IN THE MAIN SET.

  
 CHARMM>    coor set xdir   45.582 ydir   50.372 zdir  -13.663 sele segid dum .and. resi 477 end
 SELRPN>      1 atoms have been selected out of  15640
 SELECTED COORDINATES SET IN THE MAIN SET.

  
 CHARMM>    coor set xdir   45.311 ydir   49.749 zdir   -9.623 sele segid dum .and. resi 478 end
 SELRPN>      1 atoms have been selected out of  15640
 SELECTED COORDINATES SET IN THE MAIN SET.

  
 CHARMM>    coor set xdir   46.599 ydir   49.603 zdir  -11.417 sele segid dum .and. resi 479 end
 SELRPN>      1 atoms have been selected out of  15640
 SELECTED COORDINATES SET IN THE MAIN SET.

  
 CHARMM>    coor set xdir   46.789 ydir   50.219 zdir  -15.854 sele segid dum .and. resi 480 end
 SELRPN>      1 atoms have been selected out of  15640
 SELECTED COORDINATES SET IN THE MAIN SET.

  
 CHARMM>    coor set xdir   56.236 ydir   -4.212 zdir  -13.612 sele segid dum .and. resi 481 end
 SELRPN>      1 atoms have been selected out of  15640
 SELECTED COORDINATES SET IN THE MAIN SET.

  
 CHARMM>    coor set xdir   57.347 ydir   -5.294 zdir  -11.591 sele segid dum .and. resi 482 end
 SELRPN>      1 atoms have been selected out of  15640
 SELECTED COORDINATES SET IN THE MAIN SET.

  
 CHARMM>    coor set xdir   56.675 ydir   -4.688 zdir   -9.485 sele segid dum .and. resi 483 end
 SELRPN>      1 atoms have been selected out of  15640
 SELECTED COORDINATES SET IN THE MAIN SET.

  
 CHARMM>    coor set xdir   56.776 ydir   -4.625 zdir  -15.961 sele segid dum .and. resi 484 end
 SELRPN>      1 atoms have been selected out of  15640
 SELECTED COORDINATES SET IN THE MAIN SET.

  
 CHARMM>     
  
 CHARMM>    scalar wmain set 0
  
 CHARMM>    scalar wmain set 1.0 sele segid PROA .and. resi 19 end
 SELRPN>     23 atoms have been selected out of  15640
  
 CHARMM>    scalar wmain set 1.0 sele segid PROA .and. resi 38 end
 SELRPN>     20 atoms have been selected out of  15640
  
 CHARMM>    scalar wmain set 1.0 sele segid PROA .and. resi 56 end
 SELRPN>     20 atoms have been selected out of  15640
  
 CHARMM>    scalar wmain set 1.0 sele segid PROA .and. resi 63 end
 SELRPN>     20 atoms have been selected out of  15640
  
 CHARMM>    scalar wmain set 1.0 sele segid PROA .and. resi 81 end
 SELRPN>     17 atoms have been selected out of  15640
  
 CHARMM>    scalar wmain set 1.0 sele segid PROA .and. resi 84 end
 SELRPN>     14 atoms have been selected out of  15640
  
 CHARMM>    scalar wmain set 1.0 sele segid PROA .and. resi 88 end
 SELRPN>     20 atoms have been selected out of  15640
  
 CHARMM>    scalar wmain set 1.0 sele segid PROA .and. resi 97 end
 SELRPN>     14 atoms have been selected out of  15640
  
 CHARMM>    scalar wmain set 1.0 sele segid PROA .and. resi 98 end
 SELRPN>     24 atoms have been selected out of  15640
  
 CHARMM>    scalar wmain set 1.0 sele segid PROA .and. resi 102 end
 SELRPN>     14 atoms have been selected out of  15640
  
 CHARMM>    scalar wmain set 1.0 sele segid PROA .and. resi 104 end
 SELRPN>     21 atoms have been selected out of  15640
  
 CHARMM>    scalar wmain set 1.0 sele segid PROA .and. resi 113 end
 SELRPN>     20 atoms have been selected out of  15640
  
 CHARMM>    scalar wmain set 1.0 sele segid PROA .and. resi 123 end
 SELRPN>     21 atoms have been selected out of  15640
  
 CHARMM>    scalar wmain set 1.0 sele segid PROA .and. resi 124 end
 SELRPN>     21 atoms have been selected out of  15640
  
 CHARMM>    scalar wmain set 1.0 sele segid PROA .and. resi 130 end
 SELRPN>     20 atoms have been selected out of  15640
  
 CHARMM>    scalar wmain set 1.0 sele segid PROA .and. resi 136 end
 SELRPN>     20 atoms have been selected out of  15640
  
 CHARMM>    scalar wmain set 1.0 sele segid PROA .and. resi 140 end
 SELRPN>     14 atoms have been selected out of  15640
  
 CHARMM>    scalar wmain set 1.0 sele segid PROA .and. resi 150 end
 SELRPN>     21 atoms have been selected out of  15640
  
 CHARMM>    scalar wmain set 1.0 sele segid PROA .and. resi 151 end
 SELRPN>     14 atoms have been selected out of  15640
  
 CHARMM>    scalar wmain set 1.0 sele segid PROA .and. resi 161 end
 SELRPN>     20 atoms have been selected out of  15640
  
 CHARMM>    scalar wmain set 1.0 sele segid PROA .and. resi 162 end
 SELRPN>     20 atoms have been selected out of  15640
  
 CHARMM>    scalar wmain set 1.0 sele segid PROA .and. resi 182 end
 SELRPN>     21 atoms have been selected out of  15640
  
 CHARMM>    scalar wmain set 1.0 sele segid PROA .and. resi 185 end
 SELRPN>     14 atoms have been selected out of  15640
  
 CHARMM>    scalar wmain set 1.0 sele segid PROA .and. resi 187 end
 SELRPN>     14 atoms have been selected out of  15640
  
 CHARMM>    scalar wmain set 1.0 sele segid PROA .and. resi 193 end
 SELRPN>     20 atoms have been selected out of  15640
  
 CHARMM>    scalar wmain set 1.0 sele segid PROA .and. resi 208 end
 SELRPN>     20 atoms have been selected out of  15640
  
 CHARMM>    scalar wmain set 1.0 sele segid PROA .and. resi 212 end
 SELRPN>     21 atoms have been selected out of  15640
  
 CHARMM>    scalar wmain set 1.0 sele segid PROA .and. resi 220 end
 SELRPN>     20 atoms have been selected out of  15640
  
 CHARMM>    scalar wmain set 1.0 sele segid PROA .and. resi 225 end
 SELRPN>     20 atoms have been selected out of  15640
  
 CHARMM>    scalar wmain set 1.0 sele segid PROA .and. resi 231 end
 SELRPN>     24 atoms have been selected out of  15640
  
 CHARMM>    scalar wmain set 1.0 sele segid PROA .and. resi 236 end
 SELRPN>     20 atoms have been selected out of  15640
  
 CHARMM>    scalar wmain set 1.0 sele segid PROA .and. resi 246 end
 SELRPN>     14 atoms have been selected out of  15640
  
 CHARMM>    scalar wmain set 1.0 sele segid PROA .and. resi 250 end
 SELRPN>     14 atoms have been selected out of  15640
  
 CHARMM>    scalar wmain set 1.0 sele segid PROA .and. resi 259 end
 SELRPN>     20 atoms have been selected out of  15640
  
 CHARMM>    scalar wmain set 1.0 sele segid PROA .and. resi 261 end
 SELRPN>     21 atoms have been selected out of  15640
  
 CHARMM>    scalar wmain set 1.0 sele segid PROA .and. resi 268 end
 SELRPN>     17 atoms have been selected out of  15640
  
 CHARMM>    scalar wmain set 1.0 sele segid PROA .and. resi 244 end
 SELRPN>     24 atoms have been selected out of  15640
  
 CHARMM>    scalar wmain set 1.0 sele segid PROA .and. resi 243 end
 SELRPN>     24 atoms have been selected out of  15640
  
 CHARMM>    scalar wmain set 1.0 sele segid PROA .and. resi 242 end
 SELRPN>     24 atoms have been selected out of  15640
  
 CHARMM>    scalar wmain set 1.0 sele segid PROA .and. resi 241 end
 SELRPN>     17 atoms have been selected out of  15640
  
 CHARMM>    scalar wmain set 1.0 sele segid PROA .and. resi 222 end
 SELRPN>     14 atoms have been selected out of  15640
  
 CHARMM>    scalar wmain set 1.0 sele segid PROA .and. resi 216 end
 SELRPN>     14 atoms have been selected out of  15640
  
 CHARMM>    scalar wmain set 1.0 sele segid PROA .and. resi 181 end
 SELRPN>     14 atoms have been selected out of  15640
  
 CHARMM>    scalar wmain set 1.0 sele segid PROA .and. resi 165 end
 SELRPN>     20 atoms have been selected out of  15640
  
 CHARMM>    scalar wmain set 1.0 sele segid PROA .and. resi 154 end
 SELRPN>     17 atoms have been selected out of  15640
  
 CHARMM>    scalar wmain set 1.0 sele segid PROA .and. resi 147 end
 SELRPN>     20 atoms have been selected out of  15640
  
 CHARMM>    scalar wmain set 1.0 sele segid PROA .and. resi 129 end
 SELRPN>     17 atoms have been selected out of  15640
  
 CHARMM>    scalar wmain set 1.0 sele segid PROA .and. resi 128 end
 SELRPN>     24 atoms have been selected out of  15640
  
 CHARMM>    scalar wmain set 1.0 sele segid PROA .and. resi 120 end
 SELRPN>     20 atoms have been selected out of  15640
  
 CHARMM>    scalar wmain set 1.0 sele segid PROA .and. resi 92 end
 SELRPN>     20 atoms have been selected out of  15640
  
 CHARMM>    scalar wmain set 1.0 sele segid PROA .and. resi 65 end
 SELRPN>     20 atoms have been selected out of  15640
  
 CHARMM>    scalar wmain set 1.0 sele segid PROA .and. resi 53 end
 SELRPN>     17 atoms have been selected out of  15640
  
 CHARMM>    scalar wmain set 1.0 sele segid PROB .and. resi 19 end
 SELRPN>     23 atoms have been selected out of  15640
  
 CHARMM>    scalar wmain set 1.0 sele segid PROB .and. resi 38 end
 SELRPN>     20 atoms have been selected out of  15640
  
 CHARMM>    scalar wmain set 1.0 sele segid PROB .and. resi 63 end
 SELRPN>     20 atoms have been selected out of  15640
  
 CHARMM>    scalar wmain set 1.0 sele segid PROB .and. resi 65 end
 SELRPN>     20 atoms have been selected out of  15640
  
 CHARMM>    scalar wmain set 1.0 sele segid PROB .and. resi 84 end
 SELRPN>     14 atoms have been selected out of  15640
  
 CHARMM>    scalar wmain set 1.0 sele segid PROB .and. resi 88 end
 SELRPN>     20 atoms have been selected out of  15640
  
 CHARMM>    scalar wmain set 1.0 sele segid PROB .and. resi 92 end
 SELRPN>     20 atoms have been selected out of  15640
  
 CHARMM>    scalar wmain set 1.0 sele segid PROB .and. resi 97 end
 SELRPN>     14 atoms have been selected out of  15640
  
 CHARMM>    scalar wmain set 1.0 sele segid PROB .and. resi 113 end
 SELRPN>     20 atoms have been selected out of  15640
  
 CHARMM>    scalar wmain set 1.0 sele segid PROB .and. resi 120 end
 SELRPN>     20 atoms have been selected out of  15640
  
 CHARMM>    scalar wmain set 1.0 sele segid PROB .and. resi 123 end
 SELRPN>     21 atoms have been selected out of  15640
  
 CHARMM>    scalar wmain set 1.0 sele segid PROB .and. resi 128 end
 SELRPN>     24 atoms have been selected out of  15640
  
 CHARMM>    scalar wmain set 1.0 sele segid PROB .and. resi 129 end
 SELRPN>     17 atoms have been selected out of  15640
  
 CHARMM>    scalar wmain set 1.0 sele segid PROB .and. resi 130 end
 SELRPN>     20 atoms have been selected out of  15640
  
 CHARMM>    scalar wmain set 1.0 sele segid PROB .and. resi 136 end
 SELRPN>     20 atoms have been selected out of  15640
  
 CHARMM>    scalar wmain set 1.0 sele segid PROB .and. resi 140 end
 SELRPN>     14 atoms have been selected out of  15640
  
 CHARMM>    scalar wmain set 1.0 sele segid PROB .and. resi 147 end
 SELRPN>     20 atoms have been selected out of  15640
  
 CHARMM>    scalar wmain set 1.0 sele segid PROB .and. resi 150 end
 SELRPN>     21 atoms have been selected out of  15640
  
 CHARMM>    scalar wmain set 1.0 sele segid PROB .and. resi 154 end
 SELRPN>     17 atoms have been selected out of  15640
  
 CHARMM>    scalar wmain set 1.0 sele segid PROB .and. resi 162 end
 SELRPN>     20 atoms have been selected out of  15640
  
 CHARMM>    scalar wmain set 1.0 sele segid PROB .and. resi 165 end
 SELRPN>     20 atoms have been selected out of  15640
  
 CHARMM>    scalar wmain set 1.0 sele segid PROB .and. resi 181 end
 SELRPN>     14 atoms have been selected out of  15640
  
 CHARMM>    scalar wmain set 1.0 sele segid PROB .and. resi 182 end
 SELRPN>     21 atoms have been selected out of  15640
  
 CHARMM>    scalar wmain set 1.0 sele segid PROB .and. resi 185 end
 SELRPN>     14 atoms have been selected out of  15640
  
 CHARMM>    scalar wmain set 1.0 sele segid PROB .and. resi 187 end
 SELRPN>     14 atoms have been selected out of  15640
  
 CHARMM>    scalar wmain set 1.0 sele segid PROB .and. resi 208 end
 SELRPN>     20 atoms have been selected out of  15640
  
 CHARMM>    scalar wmain set 1.0 sele segid PROB .and. resi 212 end
 SELRPN>     21 atoms have been selected out of  15640
  
 CHARMM>    scalar wmain set 1.0 sele segid PROB .and. resi 216 end
 SELRPN>     14 atoms have been selected out of  15640
  
 CHARMM>    scalar wmain set 1.0 sele segid PROB .and. resi 222 end
 SELRPN>     14 atoms have been selected out of  15640
  
 CHARMM>    scalar wmain set 1.0 sele segid PROB .and. resi 225 end
 SELRPN>     20 atoms have been selected out of  15640
  
 CHARMM>    scalar wmain set 1.0 sele segid PROB .and. resi 246 end
 SELRPN>     14 atoms have been selected out of  15640
  
 CHARMM>    scalar wmain set 1.0 sele segid PROB .and. resi 250 end
 SELRPN>     14 atoms have been selected out of  15640
  
 CHARMM>    scalar wmain set 1.0 sele segid PROB .and. resi 259 end
 SELRPN>     20 atoms have been selected out of  15640
  
 CHARMM>    scalar wmain set 1.0 sele segid PROB .and. resi 261 end
 SELRPN>     21 atoms have been selected out of  15640
  
 CHARMM>    scalar wmain set 1.0 sele segid PROB .and. resi 268 end
 SELRPN>     17 atoms have been selected out of  15640
  
 CHARMM>    scalar wmain set 1.0 sele segid PROB .and. resi 244 end
 SELRPN>     24 atoms have been selected out of  15640
  
 CHARMM>    scalar wmain set 1.0 sele segid PROB .and. resi 243 end
 SELRPN>     24 atoms have been selected out of  15640
  
 CHARMM>    scalar wmain set 1.0 sele segid PROB .and. resi 242 end
 SELRPN>     24 atoms have been selected out of  15640
  
 CHARMM>    scalar wmain set 1.0 sele segid PROB .and. resi 241 end
 SELRPN>     17 atoms have been selected out of  15640
  
 CHARMM>    scalar wmain set 1.0 sele segid PROB .and. resi 236 end
 SELRPN>     20 atoms have been selected out of  15640
  
 CHARMM>    scalar wmain set 1.0 sele segid PROB .and. resi 231 end
 SELRPN>     24 atoms have been selected out of  15640
  
 CHARMM>    scalar wmain set 1.0 sele segid PROB .and. resi 220 end
 SELRPN>     20 atoms have been selected out of  15640
  
 CHARMM>    scalar wmain set 1.0 sele segid PROB .and. resi 193 end
 SELRPN>     20 atoms have been selected out of  15640
  
 CHARMM>    scalar wmain set 1.0 sele segid PROB .and. resi 161 end
 SELRPN>     20 atoms have been selected out of  15640
  
 CHARMM>    scalar wmain set 1.0 sele segid PROB .and. resi 151 end
 SELRPN>     14 atoms have been selected out of  15640
  
 CHARMM>    scalar wmain set 1.0 sele segid PROB .and. resi 124 end
 SELRPN>     21 atoms have been selected out of  15640
  
 CHARMM>    scalar wmain set 1.0 sele segid PROB .and. resi 104 end
 SELRPN>     21 atoms have been selected out of  15640
  
 CHARMM>    scalar wmain set 1.0 sele segid PROB .and. resi 102 end
 SELRPN>     14 atoms have been selected out of  15640
  
 CHARMM>    scalar wmain set 1.0 sele segid PROB .and. resi 98 end
 SELRPN>     24 atoms have been selected out of  15640
  
 CHARMM>    scalar wmain set 1.0 sele segid PROB .and. resi 81 end
 SELRPN>     17 atoms have been selected out of  15640
  
 CHARMM>    scalar wmain set 1.0 sele segid PROB .and. resi 56 end
 SELRPN>     20 atoms have been selected out of  15640
  
 CHARMM>    scalar wmain set 1.0 sele segid PROB .and. resi 53 end
 SELRPN>     17 atoms have been selected out of  15640
  
 CHARMM>    scalar wmain set 1.0 sele segid PROC .and. resi 65 end
 SELRPN>     20 atoms have been selected out of  15640
  
 CHARMM>    scalar wmain set 1.0 sele segid PROC .and. resi 84 end
 SELRPN>     14 atoms have been selected out of  15640
  
 CHARMM>    scalar wmain set 1.0 sele segid PROC .and. resi 92 end
 SELRPN>     20 atoms have been selected out of  15640
  
 CHARMM>    scalar wmain set 1.0 sele segid PROC .and. resi 97 end
 SELRPN>     14 atoms have been selected out of  15640
  
 CHARMM>    scalar wmain set 1.0 sele segid PROC .and. resi 102 end
 SELRPN>     14 atoms have been selected out of  15640
  
 CHARMM>    scalar wmain set 1.0 sele segid PROC .and. resi 104 end
 SELRPN>     21 atoms have been selected out of  15640
  
 CHARMM>    scalar wmain set 1.0 sele segid PROC .and. resi 120 end
 SELRPN>     20 atoms have been selected out of  15640
  
 CHARMM>    scalar wmain set 1.0 sele segid PROC .and. resi 124 end
 SELRPN>     21 atoms have been selected out of  15640
  
 CHARMM>    scalar wmain set 1.0 sele segid PROC .and. resi 130 end
 SELRPN>     20 atoms have been selected out of  15640
  
 CHARMM>    scalar wmain set 1.0 sele segid PROC .and. resi 147 end
 SELRPN>     20 atoms have been selected out of  15640
  
 CHARMM>    scalar wmain set 1.0 sele segid PROC .and. resi 150 end
 SELRPN>     21 atoms have been selected out of  15640
  
 CHARMM>    scalar wmain set 1.0 sele segid PROC .and. resi 151 end
 SELRPN>     14 atoms have been selected out of  15640
  
 CHARMM>    scalar wmain set 1.0 sele segid PROC .and. resi 161 end
 SELRPN>     20 atoms have been selected out of  15640
  
 CHARMM>    scalar wmain set 1.0 sele segid PROC .and. resi 165 end
 SELRPN>     20 atoms have been selected out of  15640
  
 CHARMM>    scalar wmain set 1.0 sele segid PROC .and. resi 181 end
 SELRPN>     14 atoms have been selected out of  15640
  
 CHARMM>    scalar wmain set 1.0 sele segid PROC .and. resi 182 end
 SELRPN>     21 atoms have been selected out of  15640
  
 CHARMM>    scalar wmain set 1.0 sele segid PROC .and. resi 187 end
 SELRPN>     14 atoms have been selected out of  15640
  
 CHARMM>    scalar wmain set 1.0 sele segid PROC .and. resi 193 end
 SELRPN>     20 atoms have been selected out of  15640
  
 CHARMM>    scalar wmain set 1.0 sele segid PROC .and. resi 212 end
 SELRPN>     21 atoms have been selected out of  15640
  
 CHARMM>    scalar wmain set 1.0 sele segid PROC .and. resi 216 end
 SELRPN>     14 atoms have been selected out of  15640
  
 CHARMM>    scalar wmain set 1.0 sele segid PROC .and. resi 220 end
 SELRPN>     20 atoms have been selected out of  15640
  
 CHARMM>    scalar wmain set 1.0 sele segid PROC .and. resi 222 end
 SELRPN>     14 atoms have been selected out of  15640
  
 CHARMM>    scalar wmain set 1.0 sele segid PROC .and. resi 236 end
 SELRPN>     20 atoms have been selected out of  15640
  
 CHARMM>    scalar wmain set 1.0 sele segid PROC .and. resi 241 end
 SELRPN>     17 atoms have been selected out of  15640
  
 CHARMM>    scalar wmain set 1.0 sele segid PROC .and. resi 242 end
 SELRPN>     24 atoms have been selected out of  15640
  
 CHARMM>    scalar wmain set 1.0 sele segid PROC .and. resi 243 end
 SELRPN>     24 atoms have been selected out of  15640
  
 CHARMM>    scalar wmain set 1.0 sele segid PROC .and. resi 244 end
 SELRPN>     24 atoms have been selected out of  15640
  
 CHARMM>    scalar wmain set 1.0 sele segid PROC .and. resi 250 end
 SELRPN>     14 atoms have been selected out of  15640
  
 CHARMM>    scalar wmain set 1.0 sele segid PROC .and. resi 259 end
 SELRPN>     20 atoms have been selected out of  15640
  
 CHARMM>    scalar wmain set 1.0 sele segid PROC .and. resi 268 end
 SELRPN>     17 atoms have been selected out of  15640
  
 CHARMM>    scalar wmain set 1.0 sele segid PROC .and. resi 261 end
 SELRPN>     21 atoms have been selected out of  15640
  
 CHARMM>    scalar wmain set 1.0 sele segid PROC .and. resi 246 end
 SELRPN>     14 atoms have been selected out of  15640
  
 CHARMM>    scalar wmain set 1.0 sele segid PROC .and. resi 231 end
 SELRPN>     24 atoms have been selected out of  15640
  
 CHARMM>    scalar wmain set 1.0 sele segid PROC .and. resi 225 end
 SELRPN>     20 atoms have been selected out of  15640
  
 CHARMM>    scalar wmain set 1.0 sele segid PROC .and. resi 208 end
 SELRPN>     20 atoms have been selected out of  15640
  
 CHARMM>    scalar wmain set 1.0 sele segid PROC .and. resi 185 end
 SELRPN>     14 atoms have been selected out of  15640
  
 CHARMM>    scalar wmain set 1.0 sele segid PROC .and. resi 162 end
 SELRPN>     20 atoms have been selected out of  15640
  
 CHARMM>    scalar wmain set 1.0 sele segid PROC .and. resi 154 end
 SELRPN>     17 atoms have been selected out of  15640
  
 CHARMM>    scalar wmain set 1.0 sele segid PROC .and. resi 140 end
 SELRPN>     14 atoms have been selected out of  15640
  
 CHARMM>    scalar wmain set 1.0 sele segid PROC .and. resi 136 end
 SELRPN>     20 atoms have been selected out of  15640
  
 CHARMM>    scalar wmain set 1.0 sele segid PROC .and. resi 129 end
 SELRPN>     17 atoms have been selected out of  15640
  
 CHARMM>    scalar wmain set 1.0 sele segid PROC .and. resi 128 end
 SELRPN>     24 atoms have been selected out of  15640
  
 CHARMM>    scalar wmain set 1.0 sele segid PROC .and. resi 123 end
 SELRPN>     21 atoms have been selected out of  15640
  
 CHARMM>    scalar wmain set 1.0 sele segid PROC .and. resi 113 end
 SELRPN>     20 atoms have been selected out of  15640
  
 CHARMM>    scalar wmain set 1.0 sele segid PROC .and. resi 98 end
 SELRPN>     24 atoms have been selected out of  15640
  
 CHARMM>    scalar wmain set 1.0 sele segid PROC .and. resi 88 end
 SELRPN>     20 atoms have been selected out of  15640
  
 CHARMM>    scalar wmain set 1.0 sele segid PROC .and. resi 81 end
 SELRPN>     17 atoms have been selected out of  15640
  
 CHARMM>    scalar wmain set 1.0 sele segid PROC .and. resi 63 end
 SELRPN>     20 atoms have been selected out of  15640
  
 CHARMM>    scalar wmain set 1.0 sele segid PROC .and. resi 56 end
 SELRPN>     20 atoms have been selected out of  15640
  
 CHARMM>    scalar wmain set 1.0 sele segid PROC .and. resi 53 end
 SELRPN>     17 atoms have been selected out of  15640
  
 CHARMM>    scalar wmain set 1.0 sele segid PROC .and. resi 19 end
 SELRPN>     23 atoms have been selected out of  15640
  
 CHARMM>    scalar wmain set 1.0 sele segid PROC .and. resi 38 end
 SELRPN>     20 atoms have been selected out of  15640
  
 CHARMM>    scalar wmain set 1.0 sele segid PROD .and. resi 19 end
 SELRPN>     23 atoms have been selected out of  15640
  
 CHARMM>    scalar wmain set 1.0 sele segid PROD .and. resi 38 end
 SELRPN>     20 atoms have been selected out of  15640
  
 CHARMM>    scalar wmain set 1.0 sele segid PROD .and. resi 56 end
 SELRPN>     20 atoms have been selected out of  15640
  
 CHARMM>    scalar wmain set 1.0 sele segid PROD .and. resi 63 end
 SELRPN>     20 atoms have been selected out of  15640
  
 CHARMM>    scalar wmain set 1.0 sele segid PROD .and. resi 81 end
 SELRPN>     17 atoms have been selected out of  15640
  
 CHARMM>    scalar wmain set 1.0 sele segid PROD .and. resi 88 end
 SELRPN>     20 atoms have been selected out of  15640
  
 CHARMM>    scalar wmain set 1.0 sele segid PROD .and. resi 92 end
 SELRPN>     20 atoms have been selected out of  15640
  
 CHARMM>    scalar wmain set 1.0 sele segid PROD .and. resi 102 end
 SELRPN>     14 atoms have been selected out of  15640
  
 CHARMM>    scalar wmain set 1.0 sele segid PROD .and. resi 104 end
 SELRPN>     21 atoms have been selected out of  15640
  
 CHARMM>    scalar wmain set 1.0 sele segid PROD .and. resi 113 end
 SELRPN>     20 atoms have been selected out of  15640
  
 CHARMM>    scalar wmain set 1.0 sele segid PROD .and. resi 120 end
 SELRPN>     20 atoms have been selected out of  15640
  
 CHARMM>    scalar wmain set 1.0 sele segid PROD .and. resi 123 end
 SELRPN>     21 atoms have been selected out of  15640
  
 CHARMM>    scalar wmain set 1.0 sele segid PROD .and. resi 124 end
 SELRPN>     21 atoms have been selected out of  15640
  
 CHARMM>    scalar wmain set 1.0 sele segid PROD .and. resi 136 end
 SELRPN>     20 atoms have been selected out of  15640
  
 CHARMM>    scalar wmain set 1.0 sele segid PROD .and. resi 140 end
 SELRPN>     14 atoms have been selected out of  15640
  
 CHARMM>    scalar wmain set 1.0 sele segid PROD .and. resi 150 end
 SELRPN>     21 atoms have been selected out of  15640
  
 CHARMM>    scalar wmain set 1.0 sele segid PROD .and. resi 151 end
 SELRPN>     14 atoms have been selected out of  15640
  
 CHARMM>    scalar wmain set 1.0 sele segid PROD .and. resi 161 end
 SELRPN>     20 atoms have been selected out of  15640
  
 CHARMM>    scalar wmain set 1.0 sele segid PROD .and. resi 162 end
 SELRPN>     20 atoms have been selected out of  15640
  
 CHARMM>    scalar wmain set 1.0 sele segid PROD .and. resi 165 end
 SELRPN>     20 atoms have been selected out of  15640
  
 CHARMM>    scalar wmain set 1.0 sele segid PROD .and. resi 181 end
 SELRPN>     14 atoms have been selected out of  15640
  
 CHARMM>    scalar wmain set 1.0 sele segid PROD .and. resi 182 end
 SELRPN>     21 atoms have been selected out of  15640
  
 CHARMM>    scalar wmain set 1.0 sele segid PROD .and. resi 185 end
 SELRPN>     14 atoms have been selected out of  15640
  
 CHARMM>    scalar wmain set 1.0 sele segid PROD .and. resi 187 end
 SELRPN>     14 atoms have been selected out of  15640
  
 CHARMM>    scalar wmain set 1.0 sele segid PROD .and. resi 193 end
 SELRPN>     20 atoms have been selected out of  15640
  
 CHARMM>    scalar wmain set 1.0 sele segid PROD .and. resi 208 end
 SELRPN>     20 atoms have been selected out of  15640
  
 CHARMM>    scalar wmain set 1.0 sele segid PROD .and. resi 212 end
 SELRPN>     21 atoms have been selected out of  15640
  
 CHARMM>    scalar wmain set 1.0 sele segid PROD .and. resi 220 end
 SELRPN>     20 atoms have been selected out of  15640
  
 CHARMM>    scalar wmain set 1.0 sele segid PROD .and. resi 222 end
 SELRPN>     14 atoms have been selected out of  15640
  
 CHARMM>    scalar wmain set 1.0 sele segid PROD .and. resi 225 end
 SELRPN>     20 atoms have been selected out of  15640
  
 CHARMM>    scalar wmain set 1.0 sele segid PROD .and. resi 231 end
 SELRPN>     24 atoms have been selected out of  15640
  
 CHARMM>    scalar wmain set 1.0 sele segid PROD .and. resi 236 end
 SELRPN>     20 atoms have been selected out of  15640
  
 CHARMM>    scalar wmain set 1.0 sele segid PROD .and. resi 246 end
 SELRPN>     14 atoms have been selected out of  15640
  
 CHARMM>    scalar wmain set 1.0 sele segid PROD .and. resi 261 end
 SELRPN>     21 atoms have been selected out of  15640
  
 CHARMM>    scalar wmain set 1.0 sele segid PROD .and. resi 268 end
 SELRPN>     17 atoms have been selected out of  15640
  
 CHARMM>    scalar wmain set 1.0 sele segid PROD .and. resi 259 end
 SELRPN>     20 atoms have been selected out of  15640
  
 CHARMM>    scalar wmain set 1.0 sele segid PROD .and. resi 250 end
 SELRPN>     14 atoms have been selected out of  15640
  
 CHARMM>    scalar wmain set 1.0 sele segid PROD .and. resi 244 end
 SELRPN>     24 atoms have been selected out of  15640
  
 CHARMM>    scalar wmain set 1.0 sele segid PROD .and. resi 243 end
 SELRPN>     24 atoms have been selected out of  15640
  
 CHARMM>    scalar wmain set 1.0 sele segid PROD .and. resi 242 end
 SELRPN>     24 atoms have been selected out of  15640
  
 CHARMM>    scalar wmain set 1.0 sele segid PROD .and. resi 241 end
 SELRPN>     17 atoms have been selected out of  15640
  
 CHARMM>    scalar wmain set 1.0 sele segid PROD .and. resi 216 end
 SELRPN>     14 atoms have been selected out of  15640
  
 CHARMM>    scalar wmain set 1.0 sele segid PROD .and. resi 154 end
 SELRPN>     17 atoms have been selected out of  15640
  
 CHARMM>    scalar wmain set 1.0 sele segid PROD .and. resi 147 end
 SELRPN>     20 atoms have been selected out of  15640
  
 CHARMM>    scalar wmain set 1.0 sele segid PROD .and. resi 130 end
 SELRPN>     20 atoms have been selected out of  15640
  
 CHARMM>    scalar wmain set 1.0 sele segid PROD .and. resi 129 end
 SELRPN>     17 atoms have been selected out of  15640
  
 CHARMM>    scalar wmain set 1.0 sele segid PROD .and. resi 128 end
 SELRPN>     24 atoms have been selected out of  15640
  
 CHARMM>    scalar wmain set 1.0 sele segid PROD .and. resi 98 end
 SELRPN>     24 atoms have been selected out of  15640
  
 CHARMM>    scalar wmain set 1.0 sele segid PROD .and. resi 97 end
 SELRPN>     14 atoms have been selected out of  15640
  
 CHARMM>    scalar wmain set 1.0 sele segid PROD .and. resi 84 end
 SELRPN>     14 atoms have been selected out of  15640
  
 CHARMM>    scalar wmain set 1.0 sele segid PROD .and. resi 65 end
 SELRPN>     20 atoms have been selected out of  15640
  
 CHARMM>    scalar wmain set 1.0 sele segid PROD .and. resi 53 end
 SELRPN>     17 atoms have been selected out of  15640
  
 CHARMM>    scalar wmain set 1.0 sele segid MEMB .and. resi 1 end
 SELRPN>      0 atoms have been selected out of  15640
  
 CHARMM>    scalar wmain set 1.0 sele segid MEMB .and. resi 2 end
 SELRPN>      0 atoms have been selected out of  15640
  
 CHARMM>    scalar wmain set 1.0 sele segid MEMB .and. resi 3 end
 SELRPN>      0 atoms have been selected out of  15640
  
 CHARMM>    scalar wmain set 1.0 sele segid MEMB .and. resi 4 end
 SELRPN>      0 atoms have been selected out of  15640
  
 CHARMM>    scalar wmain set 1.0 sele segid MEMB .and. resi 5 end
 SELRPN>      0 atoms have been selected out of  15640
  
 CHARMM>    scalar wmain set 1.0 sele segid MEMB .and. resi 6 end
 SELRPN>      0 atoms have been selected out of  15640
  
 CHARMM>    scalar wmain set 1.0 sele segid MEMB .and. resi 7 end
 SELRPN>      0 atoms have been selected out of  15640
  
 CHARMM>    scalar wmain set 1.0 sele segid MEMB .and. resi 8 end
 SELRPN>      0 atoms have been selected out of  15640
  
 CHARMM>    scalar wmain set 1.0 sele segid MEMB .and. resi 9 end
 SELRPN>      0 atoms have been selected out of  15640
  
 CHARMM>    scalar wmain set 1.0 sele segid MEMB .and. resi 10 end
 SELRPN>      0 atoms have been selected out of  15640
  
 CHARMM>    scalar wmain set 1.0 sele segid MEMB .and. resi 11 end
 SELRPN>      0 atoms have been selected out of  15640
  
 CHARMM>    scalar wmain set 1.0 sele segid MEMB .and. resi 12 end
 SELRPN>      0 atoms have been selected out of  15640
  
 CHARMM>    scalar wmain set 1.0 sele segid MEMB .and. resi 13 end
 SELRPN>      0 atoms have been selected out of  15640
  
 CHARMM>    scalar wmain set 1.0 sele segid MEMB .and. resi 14 end
 SELRPN>      0 atoms have been selected out of  15640
  
 CHARMM>    scalar wmain set 1.0 sele segid MEMB .and. resi 15 end
 SELRPN>      0 atoms have been selected out of  15640
  
 CHARMM>    scalar wmain set 1.0 sele segid MEMB .and. resi 16 end
 SELRPN>      0 atoms have been selected out of  15640
  
 CHARMM>    scalar wmain set 1.0 sele segid MEMB .and. resi 17 end
 SELRPN>      0 atoms have been selected out of  15640
  
 CHARMM>    scalar wmain set 1.0 sele segid MEMB .and. resi 18 end
 SELRPN>      0 atoms have been selected out of  15640
  
 CHARMM>    scalar wmain set 1.0 sele segid MEMB .and. resi 19 end
 SELRPN>      0 atoms have been selected out of  15640
  
 CHARMM>    scalar wmain set 1.0 sele segid MEMB .and. resi 20 end
 SELRPN>      0 atoms have been selected out of  15640
  
 CHARMM>    scalar wmain set 1.0 sele segid MEMB .and. resi 21 end
 SELRPN>      0 atoms have been selected out of  15640
  
 CHARMM>    scalar wmain set 1.0 sele segid MEMB .and. resi 22 end
 SELRPN>      0 atoms have been selected out of  15640
  
 CHARMM>    scalar wmain set 1.0 sele segid MEMB .and. resi 23 end
 SELRPN>      0 atoms have been selected out of  15640
  
 CHARMM>    scalar wmain set 1.0 sele segid MEMB .and. resi 24 end
 SELRPN>      0 atoms have been selected out of  15640
  
 CHARMM>    scalar wmain set 1.0 sele segid MEMB .and. resi 25 end
 SELRPN>      0 atoms have been selected out of  15640
  
 CHARMM>    scalar wmain set 1.0 sele segid MEMB .and. resi 26 end
 SELRPN>      0 atoms have been selected out of  15640
  
 CHARMM>    scalar wmain set 1.0 sele segid MEMB .and. resi 27 end
 SELRPN>      0 atoms have been selected out of  15640
  
 CHARMM>    scalar wmain set 1.0 sele segid MEMB .and. resi 28 end
 SELRPN>      0 atoms have been selected out of  15640
  
 CHARMM>    scalar wmain set 1.0 sele segid MEMB .and. resi 29 end
 SELRPN>      0 atoms have been selected out of  15640
  
 CHARMM>    scalar wmain set 1.0 sele segid MEMB .and. resi 30 end
 SELRPN>      0 atoms have been selected out of  15640
  
 CHARMM>    scalar wmain set 1.0 sele segid MEMB .and. resi 31 end
 SELRPN>      0 atoms have been selected out of  15640
  
 CHARMM>    scalar wmain set 1.0 sele segid MEMB .and. resi 155 end
 SELRPN>      0 atoms have been selected out of  15640
  
 CHARMM>    scalar wmain set 1.0 sele segid MEMB .and. resi 156 end
 SELRPN>      0 atoms have been selected out of  15640
  
 CHARMM>    scalar wmain set 1.0 sele segid MEMB .and. resi 157 end
 SELRPN>      0 atoms have been selected out of  15640
  
 CHARMM>    scalar wmain set 1.0 sele segid MEMB .and. resi 158 end
 SELRPN>      0 atoms have been selected out of  15640
  
 CHARMM>    scalar wmain set 1.0 sele segid MEMB .and. resi 159 end
 SELRPN>      0 atoms have been selected out of  15640
  
 CHARMM>    scalar wmain set 1.0 sele segid MEMB .and. resi 160 end
 SELRPN>      0 atoms have been selected out of  15640
  
 CHARMM>    scalar wmain set 1.0 sele segid MEMB .and. resi 161 end
 SELRPN>      0 atoms have been selected out of  15640
  
 CHARMM>    scalar wmain set 1.0 sele segid MEMB .and. resi 162 end
 SELRPN>      0 atoms have been selected out of  15640
  
 CHARMM>    scalar wmain set 1.0 sele segid MEMB .and. resi 163 end
 SELRPN>      0 atoms have been selected out of  15640
  
 CHARMM>    scalar wmain set 1.0 sele segid MEMB .and. resi 164 end
 SELRPN>      0 atoms have been selected out of  15640
  
 CHARMM>    scalar wmain set 1.0 sele segid MEMB .and. resi 165 end
 SELRPN>      0 atoms have been selected out of  15640
  
 CHARMM>    scalar wmain set 1.0 sele segid MEMB .and. resi 166 end
 SELRPN>      0 atoms have been selected out of  15640
  
 CHARMM>    scalar wmain set 1.0 sele segid MEMB .and. resi 167 end
 SELRPN>      0 atoms have been selected out of  15640
  
 CHARMM>    scalar wmain set 1.0 sele segid MEMB .and. resi 168 end
 SELRPN>      0 atoms have been selected out of  15640
  
 CHARMM>    scalar wmain set 1.0 sele segid MEMB .and. resi 169 end
 SELRPN>      0 atoms have been selected out of  15640
  
 CHARMM>    scalar wmain set 1.0 sele segid MEMB .and. resi 170 end
 SELRPN>      0 atoms have been selected out of  15640
  
 CHARMM>    scalar wmain set 1.0 sele segid MEMB .and. resi 171 end
 SELRPN>      0 atoms have been selected out of  15640
  
 CHARMM>    scalar wmain set 1.0 sele segid MEMB .and. resi 172 end
 SELRPN>      0 atoms have been selected out of  15640
  
 CHARMM>    scalar wmain set 1.0 sele segid MEMB .and. resi 173 end
 SELRPN>      0 atoms have been selected out of  15640
  
 CHARMM>    scalar wmain set 1.0 sele segid MEMB .and. resi 174 end
 SELRPN>      0 atoms have been selected out of  15640
  
 CHARMM>    scalar wmain set 1.0 sele segid MEMB .and. resi 175 end
 SELRPN>      0 atoms have been selected out of  15640
  
 CHARMM>    scalar wmain set 1.0 sele segid MEMB .and. resi 176 end
 SELRPN>      0 atoms have been selected out of  15640
  
 CHARMM>    scalar wmain set 1.0 sele segid MEMB .and. resi 177 end
 SELRPN>      0 atoms have been selected out of  15640
  
 CHARMM>    scalar wmain set 1.0 sele segid MEMB .and. resi 178 end
 SELRPN>      0 atoms have been selected out of  15640
  
 CHARMM>    scalar wmain set 1.0 sele segid MEMB .and. resi 179 end
 SELRPN>      0 atoms have been selected out of  15640
  
 CHARMM>    scalar wmain set 1.0 sele segid MEMB .and. resi 180 end
 SELRPN>      0 atoms have been selected out of  15640
  
 CHARMM>    scalar wmain set 1.0 sele segid MEMB .and. resi 181 end
 SELRPN>      0 atoms have been selected out of  15640
  
 CHARMM>    scalar wmain set 1.0 sele segid MEMB .and. resi 182 end
 SELRPN>      0 atoms have been selected out of  15640
  
 CHARMM>    scalar wmain set 1.0 sele segid MEMB .and. resi 183 end
 SELRPN>      0 atoms have been selected out of  15640
  
 CHARMM>    scalar wmain set 1.0 sele segid MEMB .and. resi 184 end
 SELRPN>      0 atoms have been selected out of  15640
  
 CHARMM>    scalar wmain set 1.0 sele segid MEMB .and. resi 185 end
 SELRPN>      0 atoms have been selected out of  15640
  
 CHARMM>    scalar wmain set 1.0 sele segid MEMB .and. resi 186 end
 SELRPN>      0 atoms have been selected out of  15640
  
 CHARMM>     
  
 CHARMM>    return
 VCLOSE: Closing unit   99 with status "KEEP"

                    RETURNING TO INPUT STREAM     5
  
 CHARMM>     
  
 CHARMM>    ! Read Lipids
 CHARMM>    open read unit 10 card name step4_lipid_lipid.psf
 OPNLGU> Unit already open. The old file will be closed first.
 VCLOSE: Closing unit   10 with status "KEEP"
 VOPEN> Attempting to open::step4_lipid_lipid.psf::
 OPNLGU> Unit 10 opened for READONLY access to step4_lipid_lipid.psf
  
 CHARMM>    read psf  unit 10 card append
 MAINIO> Protein structure file being appended from unit  10.
 psf_read_formatted: Reading PSF in the expanded format.
 TITLE>  * GENERATED BY CHARMM-GUI (HTTP://WWW.CHARMM-GUI.ORG) V3.7 ON JUN, 01. 2026. JOB
 TITLE>  * GET A DIFFERENT CONFORMATION FOR LIPIDS PENETRATING PROTEIN / CHOL
 TITLE>  *  DATE:     6/ 1/26      0:46:59      CREATED BY USER: charmm-gui
 TITLE>  *
 PSFSUM> PSF modified: NONBOND lists and IMAGE atoms cleared.
 PSFSUM> Summary of the structure file counters :
         Number of segments      =        6   Number of residues   =     1800
         Number of atoms         =    53668   Number of groups     =    15328
         Number of bonds         =    53352   Number of angles     =   101387
         Number of dihedrals     =   145609   Number of impropers  =     3038
         Number of cross-terms   =      996   Number of autogens   =        0
         Number of HB acceptors  =     1308   Number of HB donors  =     1456
         Number of NB exclusions =        0   Total charge =   -4.00000
  
 CHARMM>     
  
 CHARMM>    open read unit 10 card name step4_lipid_lipid.crd
 OPNLGU> Unit already open. The old file will be closed first.
 VCLOSE: Closing unit   10 with status "KEEP"
 VOPEN> Attempting to open::step4_lipid_lipid.crd::
 OPNLGU> Unit 10 opened for READONLY access to step4_lipid_lipid.crd
  
 CHARMM>    read coor unit 10 card append
          SPATIAL COORDINATES BEING READ FROM UNIT 10
 A RESIDUE OFFSET OF1488 WILL BE USED.
 INFO: A subset of total atoms will be read.

 TITLE> * GENERATED BY CHARMM-GUI (HTTP://WWW.CHARMM-GUI.ORG) V3.7 ON JUN, 01. 2026. JOB
 TITLE> * REPLACE PACKED BIG SPHERES BY LIPID MOLECULES OF RANDOM CONFORMATION
 TITLE> *  DATE:     6/ 1/26      0:48:37      CREATED BY USER: CHARMM-GUI
 TITLE> *
  
 CHARMM>     
  
 CHARMM>    ! Read Water
 CHARMM>    if nwater .gt. 0 then
 Comparing "121" and "0".
 IF test evaluated as true.  Performing command
  
 CHARMM>       open read card unit 10 name step4_lipid_water.crd
 OPNLGU> Unit already open. The old file will be closed first.
 VCLOSE: Closing unit   10 with status "KEEP"
 VOPEN> Attempting to open::step4_lipid_water.crd::
 OPNLGU> Unit 10 opened for READONLY access to step4_lipid_water.crd
  
 CHARMM>       read sequence coor card unit 10
 **** Warning ****  The following extraneous characters
 were found while command processing in CHARMM
 CARD
 MAINIO> Sequence information being read from unit  10.
 TITLE> * GENERATED BY CHARMM-GUI (HTTP://WWW.CHARMM-GUI.ORG) V3.7 ON JUN, 01. 2026. JOB
 TITLE> * GET A DIFFERENT CONFORMATION FOR LIPIDS PENETRATING PROTEIN / CHOL
 TITLE> *  DATE:     6/ 1/26      0:46:57      CREATED BY USER: CHARMM-GUI
 TITLE> *

          RESIDUE SEQUENCE --   121 RESIDUES
          TIP3    TIP3    TIP3    TIP3    TIP3    TIP3    TIP3    TIP3    TIP3    TIP3    TIP3    TIP3    TIP3    TIP3    TIP3    TIP3    TIP3    TIP3    TIP3    TIP3    
          TIP3    TIP3    TIP3    TIP3    TIP3    TIP3    TIP3    TIP3    TIP3    TIP3    TIP3    TIP3    TIP3    TIP3    TIP3    TIP3    TIP3    TIP3    TIP3    TIP3    
          TIP3    TIP3    TIP3    TIP3    TIP3    TIP3    TIP3    TIP3    TIP3    TIP3    TIP3    TIP3    TIP3    TIP3    TIP3    TIP3    TIP3    TIP3    TIP3    TIP3    
          TIP3    TIP3    TIP3    TIP3    TIP3    TIP3    TIP3    TIP3    TIP3    TIP3    TIP3    TIP3    TIP3    TIP3    TIP3    TIP3    TIP3    TIP3    TIP3    TIP3    
          TIP3    TIP3    TIP3    TIP3    TIP3    TIP3    TIP3    TIP3    TIP3    TIP3    TIP3    TIP3    TIP3    TIP3    TIP3    TIP3    TIP3    TIP3    TIP3    TIP3    
          TIP3    TIP3    TIP3    TIP3    TIP3    TIP3    TIP3    TIP3    TIP3    TIP3    TIP3    TIP3    TIP3    TIP3    TIP3    TIP3    TIP3    TIP3    TIP3    TIP3    
          TIP3    
  
 CHARMM>       generate TIP3 setup warn noangle nodihedral
 NO PATCHING WILL BE DONE ON THE FIRST RESIDUE
 NO PATCHING WILL BE DONE ON THE LAST  RESIDUE
 GENPSF> Segment   7 has been generated. Its identifier is TIP3.
 PSFSUM> PSF modified: NONBOND lists and IMAGE atoms cleared.
 PSFSUM> Summary of the structure file counters :
         Number of segments      =        7   Number of residues   =     1921
         Number of atoms         =    54031   Number of groups     =    15449
         Number of bonds         =    53715   Number of angles     =   101508
         Number of dihedrals     =   145609   Number of impropers  =     3038
         Number of cross-terms   =      996   Number of autogens   =      121
         Number of HB acceptors  =     1429   Number of HB donors  =     1698
         Number of NB exclusions =        0   Total charge =   -4.00000
  
 CHARMM>     
  
 CHARMM>       open read unit 10 card name step4_lipid_water.crd
 OPNLGU> Unit already open. The old file will be closed first.
 VCLOSE: Closing unit   10 with status "KEEP"
 VOPEN> Attempting to open::step4_lipid_water.crd::
 OPNLGU> Unit 10 opened for READONLY access to step4_lipid_water.crd
  
 CHARMM>       read coor unit 10 card resid
          SPATIAL COORDINATES BEING READ FROM UNIT 10
 TITLE> * GENERATED BY CHARMM-GUI (HTTP://WWW.CHARMM-GUI.ORG) V3.7 ON JUN, 01. 2026. JOB
 TITLE> * GET A DIFFERENT CONFORMATION FOR LIPIDS PENETRATING PROTEIN / CHOL
 TITLE> *  DATE:     6/ 1/26      0:46:57      CREATED BY USER: CHARMM-GUI
 TITLE> *
  
 CHARMM>    endif
  
 CHARMM>     
  
 CHARMM>    coor stat
 STATISTICS FOR     54031 SELECTED ATOMS:
    XMIN =  -62.038731 XMAX =   67.572166 XAVE =    0.267536
    YMIN =  -64.278540 YMAX =   64.965419 YAVE =   -0.092636
    ZMIN =  -23.366875 ZMAX =   33.351475 ZAVE =    1.091190
    WMIN =  -18.450000 WMAX =   14.140000 WAVE =    0.073287
  
 CHARMM>     
  
 CHARMM>    define STEROL sele ( resn CHL1 .or. resn ERG .or. resn DPOP .or. resn SITO .or. resn STIG -
 CHARMM>                     .or. resn CHSD .or. resn CHSP .or. resn CAMP .or. resn GCAMP .or. resn GSITO -
 CHARMM>                     .or. resn GSTIG .or. resn LANO .or. resn PGCAMP .or. resn PGSITO .or. resn CHLH -
 CHARMM>                     .or. resn PGSTIG ) end
 SELRPN>   4662 atoms have been selected out of  54031
  
 CHARMM>    define XXX sele STEROL .and. type O3 end
 SELRPN>     63 atoms have been selected out of  54031
  
 CHARMM>    set nsterol = ?nsel
 RDCMND substituted energy or value "?NSEL" to "63"
 Parameter: NSTEROL <- "63"
  
 CHARMM>     
  
 CHARMM>    set nlipid = 2
 Parameter: NLIPID <- "2"
  
 CHARMM>    set badltype1 = MEMB
 Parameter: BADLTYPE1 <- "MEMB"
  
 CHARMM>    set badsegid1 = MEMB
 Parameter: BADSEGID1 <- "MEMB"
  
 CHARMM>    set badresid1 = 40
 Parameter: BADRESID1 <- "40"
  
 CHARMM>    set badltype2 = MEMB
 Parameter: BADLTYPE2 <- "MEMB"
  
 CHARMM>    set badsegid2 = MEMB
 Parameter: BADSEGID2 <- "MEMB"
  
 CHARMM>    set badresid2 = 40
 Parameter: BADRESID2 <- "40"
  
 CHARMM>     
  
 CHARMM>    !Random number generation for picking lipids
 CHARMM>    RAND UNIF ISEED 1780289326
RANDSPEC> CLCG random number generator in use:
RANDSPEC> UNIFORM distribution will be used
RANDSPEC> seeds  = 1780289326 213858497 213858497 213858497
RANDSPEC> SCALE  = 1.00000000
RANDSPEC> OFFSET = .00000000
  
 CHARMM>     
  
 CHARMM>    set LipidNum = 1
 Parameter: LIPIDNUM <- "1"
  
 CHARMM>     
  
 CHARMM>    label loop_gen
  
 CHARMM>     
  
 CHARMM>       if badltype@LipidNum .eq. MEMB then
 Parameter: LIPIDNUM -> "1"
 Comparing "MEMB" and "MEMB".
 IF test evaluated as true.  Performing command
  
 CHARMM>          define repack sele segid @badsegid@@LipidNum .and. resi @badresid@@LipidNum end
 Parameter: LIPIDNUM -> "1"
 Parameter: LIPIDNUM -> "1"
 Parameter: BADRESID1 -> "40"
 Parameter: BADSEGID1 -> "MEMB"
 SELRPN>    134 atoms have been selected out of  54031
  
 CHARMM>          coor stat sele repack end
 SELRPN>    134 atoms have been selected out of  54031
 STATISTICS FOR       134 SELECTED ATOMS:
    XMIN =   -4.144900 XMAX =    4.593439 XAVE =   -0.212266
    YMIN =  -43.428620 YMAX =  -33.743481 YAVE =  -38.641807
    ZMIN =   -0.351816 ZMAX =   20.991848 ZAVE =   11.178199
    WMIN =    0.000000 WMAX =    0.000000 WAVE =    0.000000
  
 CHARMM>          set lipid = ?selresn
 RDCMND substituted energy or value "?SELRESN" to "POPC"
 Parameter: LIPID <- "POPC"
  
 CHARMM>       else
 Skip commands until next ENDIF
  
 CHARMM>     
  
 CHARMM>       set cntrand = 0
 Parameter: CNTRAND <- "0"
  
 CHARMM>     
  
 CHARMM>       set issterol = no
 Parameter: ISSTEROL <- "NO"
  
 CHARMM>       if lipid .eq. CHL1 then
 Comparing "POPC" and "CHL1".
 IF test evaluated as false.  Skip to ELSE or ENDIF
  
 CHARMM>       if lipid .eq. ERG then
 Comparing "POPC" and "ERG".
 IF test evaluated as false.  Skip to ELSE or ENDIF
  
 CHARMM>       if lipid .eq. DPOP then
 Comparing "POPC" and "DPOP".
 IF test evaluated as false.  Skip to ELSE or ENDIF
  
 CHARMM>       if lipid .eq. SITO then
 Comparing "POPC" and "SITO".
 IF test evaluated as false.  Skip to ELSE or ENDIF
  
 CHARMM>       if lipid .eq. STIG then
 Comparing "POPC" and "STIG".
 IF test evaluated as false.  Skip to ELSE or ENDIF
  
 CHARMM>       if lipid .eq. CHSD then
 Comparing "POPC" and "CHSD".
 IF test evaluated as false.  Skip to ELSE or ENDIF
  
 CHARMM>       if lipid .eq. CHSP then
 Comparing "POPC" and "CHSP".
 IF test evaluated as false.  Skip to ELSE or ENDIF
  
 CHARMM>       if lipid .eq. CAMP then
 Comparing "POPC" and "CAMP".
 IF test evaluated as false.  Skip to ELSE or ENDIF
  
 CHARMM>       if lipid .eq. GCAMP then
 Comparing "POPC" and "GCAMP".
 IF test evaluated as false.  Skip to ELSE or ENDIF
  
 CHARMM>       if lipid .eq. GSITO then
 Comparing "POPC" and "GSITO".
 IF test evaluated as false.  Skip to ELSE or ENDIF
  
 CHARMM>       if lipid .eq. GSTIG then
 Comparing "POPC" and "GSTIG".
 IF test evaluated as false.  Skip to ELSE or ENDIF
  
 CHARMM>       if lipid .eq. LANO then
 Comparing "POPC" and "LANO".
 IF test evaluated as false.  Skip to ELSE or ENDIF
  
 CHARMM>       if lipid .eq. PGCAMP then
 Comparing "POPC" and "PGCAMP".
 IF test evaluated as false.  Skip to ELSE or ENDIF
  
 CHARMM>       if lipid .eq. PGSITO then
 Comparing "POPC" and "PGSITO".
 IF test evaluated as false.  Skip to ELSE or ENDIF
  
 CHARMM>       if lipid .eq. CHLH then
 Comparing "POPC" and "CHLH".
 IF test evaluated as false.  Skip to ELSE or ENDIF
  
 CHARMM>       if lipid .eq. PGSTIG then
 Comparing "POPC" and "PGSTIG".
 IF test evaluated as false.  Skip to ELSE or ENDIF
  
 CHARMM>       if lipid .eq. DLPA then
 Comparing "POPC" and "DLPA".
 IF test evaluated as false.  Skip to ELSE or ENDIF
  
 CHARMM>       if lipid .eq. DMPA then
 Comparing "POPC" and "DMPA".
 IF test evaluated as false.  Skip to ELSE or ENDIF
  
 CHARMM>       if lipid .eq. DPPA then
 Comparing "POPC" and "DPPA".
 IF test evaluated as false.  Skip to ELSE or ENDIF
  
 CHARMM>       if lipid .eq. PSPA then
 Comparing "POPC" and "PSPA".
 IF test evaluated as false.  Skip to ELSE or ENDIF
  
 CHARMM>       if lipid .eq. DSPA then
 Comparing "POPC" and "DSPA".
 IF test evaluated as false.  Skip to ELSE or ENDIF
  
 CHARMM>       if lipid .eq. POPA then
 Comparing "POPC" and "POPA".
 IF test evaluated as false.  Skip to ELSE or ENDIF
  
 CHARMM>       if lipid .eq. PLPA then
 Comparing "POPC" and "PLPA".
 IF test evaluated as false.  Skip to ELSE or ENDIF
  
 CHARMM>       if lipid .eq. SOPA then
 Comparing "POPC" and "SOPA".
 IF test evaluated as false.  Skip to ELSE or ENDIF
  
 CHARMM>       if lipid .eq. SLPA then
 Comparing "POPC" and "SLPA".
 IF test evaluated as false.  Skip to ELSE or ENDIF
  
 CHARMM>       if lipid .eq. DYPA then
 Comparing "POPC" and "DYPA".
 IF test evaluated as false.  Skip to ELSE or ENDIF
  
 CHARMM>       if lipid .eq. YOPA then
 Comparing "POPC" and "YOPA".
 IF test evaluated as false.  Skip to ELSE or ENDIF
  
 CHARMM>       if lipid .eq. DOPA then
 Comparing "POPC" and "DOPA".
 IF test evaluated as false.  Skip to ELSE or ENDIF
  
 CHARMM>       if lipid .eq. DGPA then
 Comparing "POPC" and "DGPA".
 IF test evaluated as false.  Skip to ELSE or ENDIF
  
 CHARMM>       if lipid .eq. DEPA then
 Comparing "POPC" and "DEPA".
 IF test evaluated as false.  Skip to ELSE or ENDIF
  
 CHARMM>       if lipid .eq. DNPA then
 Comparing "POPC" and "DNPA".
 IF test evaluated as false.  Skip to ELSE or ENDIF
  
 CHARMM>       if lipid .eq. DDPC then
 Comparing "POPC" and "DDPC".
 IF test evaluated as false.  Skip to ELSE or ENDIF
  
 CHARMM>       if lipid .eq. DCPC then
 Comparing "POPC" and "DCPC".
 IF test evaluated as false.  Skip to ELSE or ENDIF
  
 CHARMM>       if lipid .eq. DLPC then
 Comparing "POPC" and "DLPC".
 IF test evaluated as false.  Skip to ELSE or ENDIF
  
 CHARMM>       if lipid .eq. DMPC then
 Comparing "POPC" and "DMPC".
 IF test evaluated as false.  Skip to ELSE or ENDIF
  
 CHARMM>       if lipid .eq. DPPC then
 Comparing "POPC" and "DPPC".
 IF test evaluated as false.  Skip to ELSE or ENDIF
  
 CHARMM>       if lipid .eq. DSPC then
 Comparing "POPC" and "DSPC".
 IF test evaluated as false.  Skip to ELSE or ENDIF
  
 CHARMM>       if lipid .eq. PYPC then
 Comparing "POPC" and "PYPC".
 IF test evaluated as false.  Skip to ELSE or ENDIF
  
 CHARMM>       if lipid .eq. POPC then
 Comparing "POPC" and "POPC".
 IF test evaluated as true.  Performing command
  
 CHARMM>          calc zpostop = 19
Evaluating: 19
 Parameter: ZPOSTOP <- "19"
  
 CHARMM>          set HG ( type P .or. type N .or. type C1+ .or. type O1+ )
 Parameter: HG <- "( TYPE P .OR. TYPE N .OR. TYPE C1+ .OR. TYPE O1+ )"
  
 CHARMM>          set TL ( type C218 .or. type C316 )
 Parameter: TL <- "( TYPE C218 .OR. TYPE C316 )"
  
 CHARMM>          goto repeatrand
  
 CHARMM>     
  
 CHARMM>          calc cntrand = @cntrand + 1
 Parameter: CNTRAND -> "0"
Evaluating: 0+1
 Parameter: CNTRAND <- "1"
  
 CHARMM>          if cntrand .gt. 100 stop ! replacement may not work.. stop here
 Comparing "1" and "100".
 IF test evaluated as false.  Skipping command
  
 CHARMM>     
  
 CHARMM>          set randn ?RAND
 RDCMND substituted energy or value "?RAND" to "0.326846727"
 Parameter: RANDN <- "0.326846727"
  
 CHARMM>          if randn .le. 0.5 set Lipdir conf1   ! conf1 and conf2 are two directories
 Comparing "0.326846727" and "0.5".
 IF test evaluated as true.  Performing command
 Parameter: LIPDIR <- "CONF1"
  
 CHARMM>          if randn .gt. 0.5 set Lipdir conf2   ! containing lipid structures
 Comparing "0.326846727" and "0.5".
 IF test evaluated as false.  Skipping command
  
 CHARMM>          if randn .le. 0.001 goto repeatrand
 Comparing "0.326846727" and "0.001".
 IF test evaluated as false.  Skipping command
  
 CHARMM>          calc N = int( @randn * 1000 )
 Parameter: RANDN -> "0.326846727"
Evaluating: INT(0.326846727*1000)
 Parameter: N <- "326"
  
 CHARMM>     
  
 CHARMM>          open read card unit 1 name lipid_lib/@lipid/@Lipdir/@lipid_@N.crd
 Parameter: LIPID -> "POPC"
 Parameter: LIPDIR -> "CONF1"
 Parameter: LIPID -> "POPC"
 Parameter: N -> "326"
 VOPEN> Attempting to open::lipid_lib/popc/conf1/popc_326.crd::
 OPNLGU> Unit  1 opened for READONLY access to lipid_lib/popc/conf1/popc_326.crd
  
 CHARMM>          read sequence coor unit 1
 MAINIO> Sequence information being read from unit   1.
 TITLE> * CONF1 325 3.90638
 TITLE> *  DATE:     5/30/14      8: 3:13      CREATED BY USER: WONPIL
 TITLE> *

          RESIDUE SEQUENCE --     1 RESIDUES
          POPC    
  
 CHARMM>          generate L@LipidNum setup noangle nodihedrals first none last none
 Parameter: LIPIDNUM -> "1"
 NO PATCHING WILL BE DONE ON THE FIRST RESIDUE
 NO PATCHING WILL BE DONE ON THE LAST  RESIDUE
 GENPSF> Segment   8 has been generated. Its identifier is L1.
 PSFSUM> PSF modified: NONBOND lists and IMAGE atoms cleared.
 PSFSUM> Summary of the structure file counters :
         Number of segments      =        8   Number of residues   =     1922
         Number of atoms         =    54165   Number of groups     =    15483
         Number of bonds         =    53848   Number of angles     =   101508
         Number of dihedrals     =   145609   Number of impropers  =     3040
         Number of cross-terms   =      996   Number of autogens   =      121
         Number of HB acceptors  =     1429   Number of HB donors  =     1698
         Number of NB exclusions =        0   Total charge =   -4.00000
  
 CHARMM>          close unit 1
 VCLOSE: Closing unit    1 with status "KEEP"
  
 CHARMM>     
  
 CHARMM>          open read card unit 1 name lipid_lib/@lipid/@Lipdir/@lipid_@N.crd
 Parameter: LIPID -> "POPC"
 Parameter: LIPDIR -> "CONF1"
 Parameter: LIPID -> "POPC"
 Parameter: N -> "326"
 VOPEN> Attempting to open::lipid_lib/popc/conf1/popc_326.crd::
 OPNLGU> Unit  1 opened for READONLY access to lipid_lib/popc/conf1/popc_326.crd
  
 CHARMM>          read coor card unit 1 append
          SPATIAL COORDINATES BEING READ FROM UNIT  1
 A RESIDUE OFFSET OF1921 WILL BE USED.
 INFO: A subset of total atoms will be read.

 TITLE> * CONF1 325 3.90638
 TITLE> *  DATE:     5/30/14      8: 3:13      CREATED BY USER: WONPIL
 TITLE> *
  
 CHARMM>          close unit 1
 VCLOSE: Closing unit    1 with status "KEEP"
  
 CHARMM>     
  
 CHARMM>          coor print sele ( .not. INIT ) end
 SELRPN>      0 atoms have been selected out of  54165

      ***** LEVEL  2 WARNING FROM <COORIO> *****
      ***** ZERO ATOMS SPECIFIED TO WRITE. NO FILE CREATED
      ******************************************
      BOMLEV (  0) IS NOT REACHED. WRNLEV IS  5

  
 CHARMM>          ic param
  
 CHARMM>          ic build
  
 CHARMM>          prnlev 0

      ***** LEVEL  4 WARNING FROM <GTHBUI> *****
      ***** Zero selection specified
      ******************************************
      BOMLEV (  0) IS NOT REACHED. WRNLEV IS  5

  
 CHARMM>          coor print sele ( .not. INIT ) end
 SELRPN>      0 atoms have been selected out of  54165

      ***** LEVEL  2 WARNING FROM <COORIO> *****
      ***** ZERO ATOMS SPECIFIED TO WRITE. NO FILE CREATED
      ******************************************
      BOMLEV (  0) IS NOT REACHED. WRNLEV IS  5

  
 CHARMM>          if ?nsel .gt. 0 stop
 RDCMND substituted energy or value "?NSEL" to "0"
 Comparing "0" and "0".
 IF test evaluated as false.  Skipping command
  
 CHARMM>     
  
 CHARMM>          ! check to delete any lipids that have tail near head groups
  
 CHARMM>          !define ctl sele segid L@LipidNum .and. @tl end
  
 CHARMM>          !coor stat sele ctl end
  
 CHARMM>          !if ?ZAVE ge -5.0 then
  
 CHARMM>          !   delete atoms sele segid L@LipidNum end
  
 CHARMM>          !   goto repeatrand
  
 CHARMM>          !endif
  
 CHARMM>     
  
 CHARMM>          label nextstep
  
 CHARMM>     
  
 CHARMM>          ! put the X-Y center of mass of the lipid head at the origin
  
 CHARMM>          coor stat sele segid L@LipidNum .and. @HG end
 Parameter: LIPIDNUM -> "1"
 Parameter: HG -> "( TYPE P .OR. TYPE N .OR. TYPE C1+ .OR. TYPE O1+ )"
 SELRPN>     11 atoms have been selected out of  54165
 STATISTICS FOR        11 SELECTED ATOMS:
    XMIN =   -1.550443 XMAX =    3.399526 XAVE =    0.811755
    YMIN =   -0.846551 YMAX =    2.464909 YAVE =    1.228085
    ZMIN =   -4.911555 ZMAX =    0.743128 ZAVE =   -1.890085
    WMIN =    0.000000 WMAX =    0.000000 WAVE =    0.000000
  
 CHARMM>          coor trans xdir -?XAVE ydir -?YAVE zdir -?ZAVE select segid L@LipidNum end
 Parameter: LIPIDNUM -> "1"
 RDCMND substituted energy or value "?XAVE" to "0.811755173"
 RDCMND substituted energy or value "?YAVE" to "1.22808519"
 RDCMND substituted energy or value "?ZAVE" to "-1.89008492"
 SELRPN>    134 atoms have been selected out of  54165
 TRANSLATION VECTOR    -0.811755   -1.228085    1.890085
 SELECTED COORDINATES TRANSLATED IN THE MAIN SET.

  
 CHARMM>     
  
 CHARMM>          ! randomly rotate along Z
  
 CHARMM>          calc rotang = 360.0 * ?rand
 RDCMND substituted energy or value "?RAND" to "0.763016343"
Evaluating: 360.0*0.763016343
 Parameter: ROTANG <- "274.685883"
  
 CHARMM>          coor rotate zdir 1.0 phi @rotang select segid L@LipidNum end
 Parameter: ROTANG -> "274.685883"
 Parameter: LIPIDNUM -> "1"
 SELRPN>    134 atoms have been selected out of  54165
 ROTATION MATRIX
    0.081693   -0.996658    0.000000
    0.996658    0.081693    0.000000
    0.000000    0.000000    1.000000

 AXIS OF ROTATION IS  0.000000  0.000000 -1.000000  ANGLE IS   85.31

 SELECTED COORDINATES ROTATED IN THE MAIN SET.

  
 CHARMM>     
  
 CHARMM>          ! flip the orientation of the lipids in the lower monolayer if head Z le 0
  
 CHARMM>          coor stat sele repack .and. @HG end
 Parameter: HG -> "( TYPE P .OR. TYPE N .OR. TYPE C1+ .OR. TYPE O1+ )"
 SELRPN>     11 atoms have been selected out of  54165
 STATISTICS FOR        11 SELECTED ATOMS:
    XMIN =   -3.229953 XMAX =    0.307027 XAVE =   -1.594475
    YMIN =  -42.195722 YMAX =  -36.055685 YAVE =  -39.285815
    ZMIN =   17.453775 ZMAX =   20.364088 ZAVE =   19.000000
    WMIN =    0.000000 WMAX =    0.000000 WAVE =    0.000000
  
 CHARMM>          if ?ZMIN le 0  coor rotate xdir 1.0  phi 180.0 select segid L@LipidNum end
 Parameter: LIPIDNUM -> "1"
 RDCMND substituted energy or value "?ZMIN" to "17.4537753"
 Comparing "17.4537753" and "0".
 IF test evaluated as false.  Skipping command
  
 CHARMM>     
  
 CHARMM>          ! put the head group at the location of the spheres
  
 CHARMM>          coor stat sele repack .and. @HG end
 Parameter: HG -> "( TYPE P .OR. TYPE N .OR. TYPE C1+ .OR. TYPE O1+ )"
 SELRPN>     11 atoms have been selected out of  54165
 STATISTICS FOR        11 SELECTED ATOMS:
    XMIN =   -3.229953 XMAX =    0.307027 XAVE =   -1.594475
    YMIN =  -42.195722 YMAX =  -36.055685 YAVE =  -39.285815
    ZMIN =   17.453775 ZMAX =   20.364088 ZAVE =   19.000000
    WMIN =    0.000000 WMAX =    0.000000 WAVE =    0.000000
  
 CHARMM>          set xhead = ?xave
 RDCMND substituted energy or value "?XAVE" to "-1.5944748"
 Parameter: XHEAD <- "-1.5944748"
  
 CHARMM>          set yhead = ?yave
 RDCMND substituted energy or value "?YAVE" to "-39.2858149"
 Parameter: YHEAD <- "-39.2858149"
  
 CHARMM>          set zhead = ?zave
 RDCMND substituted energy or value "?ZAVE" to "19"
 Parameter: ZHEAD <- "19"
  
 CHARMM>          coor trans xdir @xhead ydir @yhead zdir @zhead select segid L@LipidNum end
 Parameter: XHEAD -> "-1.5944748"
 Parameter: YHEAD -> "-39.2858149"
 Parameter: ZHEAD -> "19"
 Parameter: LIPIDNUM -> "1"
 SELRPN>    134 atoms have been selected out of  54165
 TRANSLATION VECTOR    -1.594475  -39.285815   19.000000
 SELECTED COORDINATES TRANSLATED IN THE MAIN SET.

  
 CHARMM>     
  
 CHARMM>          set nbad = 5
 Parameter: NBAD <- "5"
  
 CHARMM>          ! increase the lipid bad contact limit for cardiolipin
  
 CHARMM>          if lipid .eq. TMCL1  set nbad = 10
 Comparing "POPC" and "TMCL1".
 IF test evaluated as false.  Skipping command
  
 CHARMM>          if lipid .eq. TMCL2  set nbad = 10
 Comparing "POPC" and "TMCL2".
 IF test evaluated as false.  Skipping command
  
 CHARMM>          if lipid .eq. PMCL1  set nbad = 10
 Comparing "POPC" and "PMCL1".
 IF test evaluated as false.  Skipping command
  
 CHARMM>          if lipid .eq. PMCL2  set nbad = 10
 Comparing "POPC" and "PMCL2".
 IF test evaluated as false.  Skipping command
  
 CHARMM>          if lipid .eq. PAICL2 set nbad = 10
 Comparing "POPC" and "PAICL2".
 IF test evaluated as false.  Skipping command
  
 CHARMM>          if lipid .eq. PVCL2  set nbad = 10
 Comparing "POPC" and "PVCL2".
 IF test evaluated as false.  Skipping command
  
 CHARMM>          if lipid .eq. POCL1  set nbad = 10
 Comparing "POPC" and "POCL1".
 IF test evaluated as false.  Skipping command
  
 CHARMM>          if lipid .eq. POCL2  set nbad = 10
 Comparing "POPC" and "POCL2".
 IF test evaluated as false.  Skipping command
  
 CHARMM>          if lipid .eq. TYCL1  set nbad = 10
 Comparing "POPC" and "TYCL1".
 IF test evaluated as false.  Skipping command
  
 CHARMM>          if lipid .eq. TYCL2  set nbad = 10
 Comparing "POPC" and "TYCL2".
 IF test evaluated as false.  Skipping command
  
 CHARMM>          if lipid .eq. TOCL1  set nbad = 10
 Comparing "POPC" and "TOCL1".
 IF test evaluated as false.  Skipping command
  
 CHARMM>          if lipid .eq. TOCL2  set nbad = 10
 Comparing "POPC" and "TOCL2".
 IF test evaluated as false.  Skipping command
  
 CHARMM>          if lipid .eq. LOACL1 set nbad = 10
 Comparing "POPC" and "LOACL1".
 IF test evaluated as false.  Skipping command
  
 CHARMM>          if lipid .eq. LOACL2 set nbad = 10
 Comparing "POPC" and "LOACL2".
 IF test evaluated as false.  Skipping command
  
 CHARMM>          if lipid .eq. LOCCL1 set nbad = 10
 Comparing "POPC" and "LOCCL1".
 IF test evaluated as false.  Skipping command
  
 CHARMM>          if lipid .eq. LOCCL2 set nbad = 10
 Comparing "POPC" and "LOCCL2".
 IF test evaluated as false.  Skipping command
  
 CHARMM>          if lipid .eq. TLCL1  set nbad = 10
 Comparing "POPC" and "TLCL1".
 IF test evaluated as false.  Skipping command
  
 CHARMM>          if lipid .eq. TLCL2  set nbad = 10
 Comparing "POPC" and "TLCL2".
 IF test evaluated as false.  Skipping command
  
 CHARMM>          if lipid .eq. LNCCL1 set nbad = 10
 Comparing "POPC" and "LNCCL1".
 IF test evaluated as false.  Skipping command
  
 CHARMM>          if lipid .eq. LNCCL2 set nbad = 10
 Comparing "POPC" and "LNCCL2".
 IF test evaluated as false.  Skipping command
  
 CHARMM>          if lipid .eq. LNACL1 set nbad = 10
 Comparing "POPC" and "LNACL1".
 IF test evaluated as false.  Skipping command
  
 CHARMM>          if lipid .eq. LNACL2 set nbad = 10
 Comparing "POPC" and "LNACL2".
 IF test evaluated as false.  Skipping command
  
 CHARMM>          if lipid .eq. LNDCL1 set nbad = 10
 Comparing "POPC" and "LNDCL1".
 IF test evaluated as false.  Skipping command
  
 CHARMM>          if lipid .eq. LNDCL2 set nbad = 10
 Comparing "POPC" and "LNDCL2".
 IF test evaluated as false.  Skipping command
  
 CHARMM>          if lipid .eq. LNBCL1 set nbad = 10
 Comparing "POPC" and "LNBCL1".
 IF test evaluated as false.  Skipping command
  
 CHARMM>          if lipid .eq. LNBCL2 set nbad = 10
 Comparing "POPC" and "LNBCL2".
 IF test evaluated as false.  Skipping command
  
 CHARMM>          if lipid .eq. ARCL2  set nbad = 10
 Comparing "POPC" and "ARCL2".
 IF test evaluated as false.  Skipping command
  
 CHARMM>     
  
 CHARMM>          !
  
 CHARMM>          ! check whether the lipid penetrates the protein (or cholesterol)
  
 CHARMM>          !
  
 CHARMM>     
  
 CHARMM>          calc delang    = 35.0   ! rotation increment
Evaluating: 35.0
 Parameter: DELANG <- "35"
  
 CHARMM>          calc delxy     =  1.0   ! xy translation increment
Evaluating: 1.0
 Parameter: DELXY <- "1"
  
 CHARMM>     
  
 CHARMM>          define target sele segid L@LipidNum end
 Parameter: LIPIDNUM -> "1"
 SELRPN>    134 atoms have been selected out of  54165
  
 CHARMM>     
  
 CHARMM>          coor stat sele target end
 SELRPN>    134 atoms have been selected out of  54165
 STATISTICS FOR       134 SELECTED ATOMS:
    XMIN =   -5.036194 XMAX =    3.403670 XAVE =   -1.120744
    YMIN =  -45.094446 YMAX =  -34.148266 YAVE =  -40.184596
    ZMIN =    0.483277 ZMAX =   21.633213 ZAVE =   11.045453
    WMIN =    0.000000 WMAX =    0.000000 WAVE =    0.000000
  
 CHARMM>          calc dcut = 5.0
Evaluating: 5.0
 Parameter: DCUT <- "5"
  
 CHARMM>          calc xmax = ?xmax + @dcut
 Parameter: DCUT -> "5"
 RDCMND substituted energy or value "?XMAX" to "3.40367029"
Evaluating: 3.40367029+5
 Parameter: XMAX <- "8.40367029"
  
 CHARMM>          calc ymax = ?ymax + @dcut
 Parameter: DCUT -> "5"
 RDCMND substituted energy or value "?YMAX" to "-34.1482661"
Evaluating: -34.1482661+5
 Parameter: YMAX <- "-29.1482661"
  
 CHARMM>          calc zmax = ?zmax + @dcut
 Parameter: DCUT -> "5"
 RDCMND substituted energy or value "?ZMAX" to "21.6332134"
Evaluating: 21.6332134+5
 Parameter: ZMAX <- "26.6332134"
  
 CHARMM>          calc xmin = ?xmin - @dcut
 Parameter: DCUT -> "5"
 RDCMND substituted energy or value "?XMIN" to "-5.03619394"
Evaluating: -5.03619394-5
 Parameter: XMIN <- "-10.0361939"
  
 CHARMM>          calc ymin = ?ymin - @dcut
 Parameter: DCUT -> "5"
 RDCMND substituted energy or value "?YMIN" to "-45.0944457"
Evaluating: -45.0944457-5
 Parameter: YMIN <- "-50.0944457"
  
 CHARMM>          calc zmin = ?zmin - @dcut
 Parameter: DCUT -> "5"
 RDCMND substituted energy or value "?ZMIN" to "0.483277346"
Evaluating: 0.483277346-5
 Parameter: ZMIN <- "-4.51672265"
  
 CHARMM>     
  
 CHARMM>          calc XYhalf = @A / 2
 Parameter: A -> "117.465304"
Evaluating: 117.465304/2
 Parameter: XYHALF <- "58.732652"
  
 CHARMM>     
  
 CHARMM>          define prxp sele ( prop X .ge. @XYhalf ) .and. .not. target end
 Parameter: XYHALF -> "58.732652"
 SELRPN>    476 atoms have been selected out of  54165
  
 CHARMM>          set nprxp = ?nsel
 RDCMND substituted energy or value "?NSEL" to "476"
 Parameter: NPRXP <- "476"
  
 CHARMM>          if nprxp .gt. 0 coor trans xdir -@A sele prxp end
 Parameter: A -> "117.465304"
 Comparing "476" and "0".
 IF test evaluated as true.  Performing command
 SELRPN>    476 atoms have been selected out of  54165
 TRANSLATION VECTOR  -117.465304    0.000000    0.000000
 SELECTED COORDINATES TRANSLATED IN THE MAIN SET.

  
 CHARMM>          define pryp sele ( prop Y .ge. @XYhalf ) .and. .not. target end
 Parameter: XYHALF -> "58.732652"
 SELRPN>    343 atoms have been selected out of  54165
  
 CHARMM>          set npryp = ?nsel
 RDCMND substituted energy or value "?NSEL" to "343"
 Parameter: NPRYP <- "343"
  
 CHARMM>          if npryp .gt. 0 coor trans ydir -@A sele pryp end
 Parameter: A -> "117.465304"
 Comparing "343" and "0".
 IF test evaluated as true.  Performing command
 SELRPN>    343 atoms have been selected out of  54165
 TRANSLATION VECTOR     0.000000 -117.465304    0.000000
 SELECTED COORDINATES TRANSLATED IN THE MAIN SET.

  
 CHARMM>          define prxn sele ( prop X .le. -@XYhalf ) .and. .not. target end
 Parameter: XYHALF -> "58.732652"
 SELRPN>    216 atoms have been selected out of  54165
  
 CHARMM>          set nprxn = ?nsel
 RDCMND substituted energy or value "?NSEL" to "216"
 Parameter: NPRXN <- "216"
  
 CHARMM>          if nprxn .gt. 0 coor trans xdir @A sele prxn end
 Parameter: A -> "117.465304"
 Comparing "216" and "0".
 IF test evaluated as true.  Performing command
 SELRPN>    216 atoms have been selected out of  54165
 TRANSLATION VECTOR   117.465304    0.000000    0.000000
 SELECTED COORDINATES TRANSLATED IN THE MAIN SET.

  
 CHARMM>          define pryn sele ( prop Y .le. -@XYhalf ) .and. .not. target end
 Parameter: XYHALF -> "58.732652"
 SELRPN>    588 atoms have been selected out of  54165
  
 CHARMM>          set npryn = ?nsel
 RDCMND substituted energy or value "?NSEL" to "588"
 Parameter: NPRYN <- "588"
  
 CHARMM>          if npryn .gt. 0 coor trans ydir @A sele pryn end
 Parameter: A -> "117.465304"
 Comparing "588" and "0".
 IF test evaluated as true.  Performing command
 SELRPN>    588 atoms have been selected out of  54165
 TRANSLATION VECTOR     0.000000  117.465304    0.000000
 SELECTED COORDINATES TRANSLATED IN THE MAIN SET.

  
 CHARMM>     
  
 CHARMM>          define imxp sele none end
 SELRPN>      0 atoms have been selected out of  54165
  
 CHARMM>          define imyp sele none end
 SELRPN>      0 atoms have been selected out of  54165
  
 CHARMM>          define imxn sele none end
 SELRPN>      0 atoms have been selected out of  54165
  
 CHARMM>          define imyn sele none end
 SELRPN>      0 atoms have been selected out of  54165
  
 CHARMM>     
  
 CHARMM>          set nimxp = 0
 Parameter: NIMXP <- "0"
  
 CHARMM>          set nimyp = 0
 Parameter: NIMYP <- "0"
  
 CHARMM>          set nimxn = 0
 Parameter: NIMXN <- "0"
  
 CHARMM>          set nimyn = 0
 Parameter: NIMYN <- "0"
  
 CHARMM>     
  
 CHARMM>          if xmax .gt. @XYhalf then
 Parameter: XYHALF -> "58.732652"
 Comparing "8.40367029" and "58.732652".
 IF test evaluated as false.  Skip to ELSE or ENDIF
  
 CHARMM>          if ymax .gt. @XYhalf then
 Parameter: XYHALF -> "58.732652"
 Comparing "-29.1482661" and "58.732652".
 IF test evaluated as false.  Skip to ELSE or ENDIF
  
 CHARMM>          if xmin .lt. -@XYhalf then
 Parameter: XYHALF -> "58.732652"
 Comparing "-10.0361939" and "-58.732652".
 IF test evaluated as false.  Skip to ELSE or ENDIF
  
 CHARMM>          if ymin .lt. -@XYhalf then
 Parameter: XYHALF -> "58.732652"
 Comparing "-50.0944457" and "-58.732652".
 IF test evaluated as false.  Skip to ELSE or ENDIF
  
 CHARMM>     
  
 CHARMM>          define JUNK sele .not. target .and. .not. hydrogen .and. -
 CHARMM>                           prop X .lt. @xmax .and. prop X .gt. @xmin .and. -
 CHARMM>                           prop Y .lt. @ymax .and. prop Y .gt. @ymin .and. -
 CHARMM>                           prop Z .lt. @zmax .and. prop Z .gt. @zmin  end
 Parameter: XMAX -> "8.40367029"
 Parameter: XMIN -> "-10.0361939"
 Parameter: YMAX -> "-29.1482661"
 Parameter: YMIN -> "-50.0944457"
 Parameter: ZMAX -> "26.6332134"
 Parameter: ZMIN -> "-4.51672265"
 SELRPN>    403 atoms have been selected out of  54165
  
 CHARMM>     
  
 CHARMM>          calc xmove = 0.0
Evaluating: 0.0
 Parameter: XMOVE <- "0"
  
 CHARMM>          calc ymove = 0.0
Evaluating: 0.0
 Parameter: YMOVE <- "0"
  
 CHARMM>          calc nxymove = 1
Evaluating: 1
 Parameter: NXYMOVE <- "1"
  
 CHARMM>     
  
 CHARMM>          label doxymove
  
 CHARMM>     
  
 CHARMM>             if nxymove .eq. 2 incr xmove by 1
 Comparing "1" and "2".
 IF test evaluated as false.  Skipping command
  
 CHARMM>             if nxymove .eq. 3 incr ymove by 1
 Comparing "1" and "3".
 IF test evaluated as false.  Skipping command
  
 CHARMM>             if nxymove .eq. 4 decr xmove by 1
 Comparing "1" and "4".
 IF test evaluated as false.  Skipping command
  
 CHARMM>             if nxymove .eq. 5 decr xmove by 1
 Comparing "1" and "5".
 IF test evaluated as false.  Skipping command
  
 CHARMM>             if nxymove .eq. 6 decr ymove by 1
 Comparing "1" and "6".
 IF test evaluated as false.  Skipping command
  
 CHARMM>             if nxymove .eq. 7 decr ymove by 1
 Comparing "1" and "7".
 IF test evaluated as false.  Skipping command
  
 CHARMM>             if nxymove .eq. 8 incr xmove by 1
 Comparing "1" and "8".
 IF test evaluated as false.  Skipping command
  
 CHARMM>             if nxymove .eq. 9 incr xmove by 1
 Comparing "1" and "9".
 IF test evaluated as false.  Skipping command
  
 CHARMM>     
  
 CHARMM>             calc xtran = @xhead + @xmove
 Parameter: XHEAD -> "-1.5944748"
 Parameter: XMOVE -> "0"
Evaluating: -1.5944748+0
 Parameter: XTRAN <- "-1.5944748"
  
 CHARMM>             calc ytran = @yhead + @ymove
 Parameter: YHEAD -> "-39.2858149"
 Parameter: YMOVE -> "0"
Evaluating: -39.2858149+0
 Parameter: YTRAN <- "-39.2858149"
  
 CHARMM>     
  
 CHARMM>             calc rotang = 0.0
Evaluating: 0.0
 Parameter: ROTANG <- "0"
  
 CHARMM>             label dorot
  
 CHARMM>     
  
 CHARMM>                coor rotate zdir 1.0 xcen @xtran ycen @ytran zcen @zhead phi @rotang sele target end
 Parameter: XTRAN -> "-1.5944748"
 Parameter: YTRAN -> "-39.2858149"
 Parameter: ZHEAD -> "19"
 Parameter: ROTANG -> "0"
 SELRPN>    134 atoms have been selected out of  54165
 ROTATION MATRIX
    1.000000    0.000000    0.000000
    0.000000    1.000000    0.000000
    0.000000    0.000000    1.000000

 VERY LITTLE ROTATION: NO AXIS FOUND
 SELECTED COORDINATES ROTATED IN THE MAIN SET.

  
 CHARMM>     
  
 CHARMM>                set dotrans = 1
 Parameter: DOTRANS <- "1"
  
 CHARMM>                label doclash
  
 CHARMM>                   if dotrans .eq. 2 coor trans xdir  1.0 ydir  1.0 dist 0.71 sele target end
 Comparing "1" and "2".
 IF test evaluated as false.  Skipping command
  
 CHARMM>                   if dotrans .eq. 3 coor trans xdir  1.0 ydir -1.0 dist 0.71 sele target end
 Comparing "1" and "3".
 IF test evaluated as false.  Skipping command
  
 CHARMM>                   if dotrans .eq. 4 coor trans xdir -1.0 ydir  1.0 dist 0.71 sele target end
 Comparing "1" and "4".
 IF test evaluated as false.  Skipping command
  
 CHARMM>                   if dotrans .eq. 5 coor trans xdir -1.0 ydir -1.0 dist 0.71 sele target end
 Comparing "1" and "5".
 IF test evaluated as false.  Skipping command
  
 CHARMM>     
  
 CHARMM>                   if issterol .eq. yes then
 Comparing "NO" and "YES".
 IF test evaluated as false.  Skip to ELSE or ENDIF
  
 CHARMM>                      if nsterol .gt. 0 then
 Comparing "63" and "0".
 IF test evaluated as true.  Performing command
  
 CHARMM>                         ! to prevent the penetration of lipid molecules into cholesterol rings
  
 CHARMM>                         coor dist cut 1.0 sele segid L@LipidNum .and. .not. resname TIP3 .and. .not. hydrogen end  -
 CHARMM>                                                sele ((STEROL .and. ( type c% .or. type c1* )) .or. segid DUM) .and. JUNK end
 Parameter: LIPIDNUM -> "1"
 SELRPN>     52 atoms have been selected out of  54165
 SELRPN>      6 atoms have been selected out of  54165

            DISTANCES FOR SELECTED ATOMS
 TOTAL EXCLUSION COUNT =         0
 TOTAL 1-4 EXCLUSIONS  =         0
 TOTAL NON-EXCLUSIONS  =         0
  
 CHARMM>                         if ?npair gt 0 goto domorerot
 RDCMND substituted energy or value "?NPAIR" to "0"
 Comparing "0" and "0".
 IF test evaluated as false.  Skipping command
  
 CHARMM>                      endif
  
 CHARMM>     
  
 CHARMM>                      !protein-check
  
 CHARMM>                      !
  
 CHARMM>                      coor dist cut 1.7 sele segid L@LipidNum .and. .not. resname TIP3 .and. .not. hydrogen end  -
 CHARMM>                                            sele PROT .and. .not. resname TIP3 .and. JUNK end
 Parameter: LIPIDNUM -> "1"
 SELRPN>     52 atoms have been selected out of  54165
 SELRPN>    164 atoms have been selected out of  54165

            DISTANCES FOR SELECTED ATOMS
 TOTAL EXCLUSION COUNT =         0
 TOTAL 1-4 EXCLUSIONS  =         0
 TOTAL NON-EXCLUSIONS  =         0
  
 CHARMM>                      if ?npair gt 8 goto domorerot
 RDCMND substituted energy or value "?NPAIR" to "0"
 Comparing "0" and "8".
 IF test evaluated as false.  Skipping command
  
 CHARMM>     
  
 CHARMM>                      !lipid-check
  
 CHARMM>                      !
  
 CHARMM>                      coor dist cut 1.2 sele segid L@LipidNum .and. .not. resname TIP3 .and. .not. hydrogen end  -
 CHARMM>                                             sele .not. ( repack .or. segid L@LipidNum .or. resname TIP3 .or. PROT ) .and. JUNK end
 Parameter: LIPIDNUM -> "1"
 Parameter: LIPIDNUM -> "1"
 SELRPN>     52 atoms have been selected out of  54165
 SELRPN>    187 atoms have been selected out of  54165

            DISTANCES FOR SELECTED ATOMS
54062 L1       POPC     1        C21     -**** MEMB     POPC     32       O14           0.9162
54063 L1       POPC     1        O22     -**** MEMB     POPC     32       P             1.0496
54063 L1       POPC     1        O22     -**** MEMB     POPC     32       O14           0.5356
 TOTAL EXCLUSION COUNT =         0
 TOTAL 1-4 EXCLUSIONS  =         0
 TOTAL NON-EXCLUSIONS  =         3
  
 CHARMM>                      if ?npair gt @nbad goto domorerot
 Parameter: NBAD -> "5"
 RDCMND substituted energy or value "?NPAIR" to "3"
 Comparing "3" and "5".
 IF test evaluated as false.  Skipping command
  
 CHARMM>                   endif
  
 CHARMM>     
  
 CHARMM>                   if dotrans .eq. 2 coor trans xdir -1.0 ydir -1.0 dist 0.71 sele target end
 Comparing "1" and "2".
 IF test evaluated as false.  Skipping command
  
 CHARMM>                   if dotrans .eq. 3 coor trans xdir -1.0 ydir  1.0 dist 0.71 sele target end
 Comparing "1" and "3".
 IF test evaluated as false.  Skipping command
  
 CHARMM>                   if dotrans .eq. 4 coor trans xdir  1.0 ydir -1.0 dist 0.71 sele target end
 Comparing "1" and "4".
 IF test evaluated as false.  Skipping command
  
 CHARMM>                   if dotrans .eq. 5 coor trans xdir  1.0 ydir  1.0 dist 0.71 sele target end
 Comparing "1" and "5".
 IF test evaluated as false.  Skipping command
  
 CHARMM>     
  
 CHARMM>                incr dotrans by 1
 Parameter: DOTRANS <- "2"
  
 CHARMM>                if dotrans .le. 5 goto doclash
 Comparing "2" and "5".
 IF test evaluated as true.  Performing command
  
 CHARMM>                   if dotrans .eq. 2 coor trans xdir  1.0 ydir  1.0 dist 0.71 sele target end
 Comparing "2" and "2".
 IF test evaluated as true.  Performing command
 SELRPN>    134 atoms have been selected out of  54165
 TRANSLATION VECTOR     0.502046    0.502046    0.000000
 SELECTED COORDINATES TRANSLATED IN THE MAIN SET.

  
 CHARMM>                   if dotrans .eq. 3 coor trans xdir  1.0 ydir -1.0 dist 0.71 sele target end
 Comparing "2" and "3".
 IF test evaluated as false.  Skipping command
  
 CHARMM>                   if dotrans .eq. 4 coor trans xdir -1.0 ydir  1.0 dist 0.71 sele target end
 Comparing "2" and "4".
 IF test evaluated as false.  Skipping command
  
 CHARMM>                   if dotrans .eq. 5 coor trans xdir -1.0 ydir -1.0 dist 0.71 sele target end
 Comparing "2" and "5".
 IF test evaluated as false.  Skipping command
  
 CHARMM>     
  
 CHARMM>                   if issterol .eq. yes then
 Comparing "NO" and "YES".
 IF test evaluated as false.  Skip to ELSE or ENDIF
  
 CHARMM>                      if nsterol .gt. 0 then
 Comparing "63" and "0".
 IF test evaluated as true.  Performing command
  
 CHARMM>                         ! to prevent the penetration of lipid molecules into cholesterol rings
  
 CHARMM>                         coor dist cut 1.0 sele segid L@LipidNum .and. .not. resname TIP3 .and. .not. hydrogen end  -
 CHARMM>                                                sele ((STEROL .and. ( type c% .or. type c1* )) .or. segid DUM) .and. JUNK end
 Parameter: LIPIDNUM -> "1"
 SELRPN>     52 atoms have been selected out of  54165
 SELRPN>      6 atoms have been selected out of  54165

            DISTANCES FOR SELECTED ATOMS
 TOTAL EXCLUSION COUNT =         0
 TOTAL 1-4 EXCLUSIONS  =         0
 TOTAL NON-EXCLUSIONS  =         0
  
 CHARMM>                         if ?npair gt 0 goto domorerot
 RDCMND substituted energy or value "?NPAIR" to "0"
 Comparing "0" and "0".
 IF test evaluated as false.  Skipping command
  
 CHARMM>                      endif
  
 CHARMM>     
  
 CHARMM>                      !protein-check
  
 CHARMM>                      !
  
 CHARMM>                      coor dist cut 1.7 sele segid L@LipidNum .and. .not. resname TIP3 .and. .not. hydrogen end  -
 CHARMM>                                            sele PROT .and. .not. resname TIP3 .and. JUNK end
 Parameter: LIPIDNUM -> "1"
 SELRPN>     52 atoms have been selected out of  54165
 SELRPN>    164 atoms have been selected out of  54165

            DISTANCES FOR SELECTED ATOMS
54036 L1       POPC     1        C13     -3214 PROA     SER      233      CB            1.5852
54044 L1       POPC     1        C15     -3220 PROA     SER      233      O             1.0838
 TOTAL EXCLUSION COUNT =         0
 TOTAL 1-4 EXCLUSIONS  =         0
 TOTAL NON-EXCLUSIONS  =         2
  
 CHARMM>                      if ?npair gt 8 goto domorerot
 RDCMND substituted energy or value "?NPAIR" to "2"
 Comparing "2" and "8".
 IF test evaluated as false.  Skipping command
  
 CHARMM>     
  
 CHARMM>                      !lipid-check
  
 CHARMM>                      !
  
 CHARMM>                      coor dist cut 1.2 sele segid L@LipidNum .and. .not. resname TIP3 .and. .not. hydrogen end  -
 CHARMM>                                             sele .not. ( repack .or. segid L@LipidNum .or. resname TIP3 .or. PROT ) .and. JUNK end
 Parameter: LIPIDNUM -> "1"
 Parameter: LIPIDNUM -> "1"
 SELRPN>     52 atoms have been selected out of  54165
 SELRPN>    187 atoms have been selected out of  54165

            DISTANCES FOR SELECTED ATOMS
54062 L1       POPC     1        C21     -**** MEMB     POPC     32       O14           1.1557
54063 L1       POPC     1        O22     -**** MEMB     POPC     32       P             0.5990
54063 L1       POPC     1        O22     -**** MEMB     POPC     32       O14           1.1679
 TOTAL EXCLUSION COUNT =         0
 TOTAL 1-4 EXCLUSIONS  =         0
 TOTAL NON-EXCLUSIONS  =         3
  
 CHARMM>                      if ?npair gt @nbad goto domorerot
 Parameter: NBAD -> "5"
 RDCMND substituted energy or value "?NPAIR" to "3"
 Comparing "3" and "5".
 IF test evaluated as false.  Skipping command
  
 CHARMM>                   endif
  
 CHARMM>     
  
 CHARMM>                   if dotrans .eq. 2 coor trans xdir -1.0 ydir -1.0 dist 0.71 sele target end
 Comparing "2" and "2".
 IF test evaluated as true.  Performing command
 SELRPN>    134 atoms have been selected out of  54165
 TRANSLATION VECTOR    -0.502046   -0.502046    0.000000
 SELECTED COORDINATES TRANSLATED IN THE MAIN SET.

  
 CHARMM>                   if dotrans .eq. 3 coor trans xdir -1.0 ydir  1.0 dist 0.71 sele target end
 Comparing "2" and "3".
 IF test evaluated as false.  Skipping command
  
 CHARMM>                   if dotrans .eq. 4 coor trans xdir  1.0 ydir -1.0 dist 0.71 sele target end
 Comparing "2" and "4".
 IF test evaluated as false.  Skipping command
  
 CHARMM>                   if dotrans .eq. 5 coor trans xdir  1.0 ydir  1.0 dist 0.71 sele target end
 Comparing "2" and "5".
 IF test evaluated as false.  Skipping command
  
 CHARMM>     
  
 CHARMM>                incr dotrans by 1
 Parameter: DOTRANS <- "3"
  
 CHARMM>                if dotrans .le. 5 goto doclash
 Comparing "3" and "5".
 IF test evaluated as true.  Performing command
  
 CHARMM>                   if dotrans .eq. 2 coor trans xdir  1.0 ydir  1.0 dist 0.71 sele target end
 Comparing "3" and "2".
 IF test evaluated as false.  Skipping command
  
 CHARMM>                   if dotrans .eq. 3 coor trans xdir  1.0 ydir -1.0 dist 0.71 sele target end
 Comparing "3" and "3".
 IF test evaluated as true.  Performing command
 SELRPN>    134 atoms have been selected out of  54165
 TRANSLATION VECTOR     0.502046   -0.502046    0.000000
 SELECTED COORDINATES TRANSLATED IN THE MAIN SET.

  
 CHARMM>                   if dotrans .eq. 4 coor trans xdir -1.0 ydir  1.0 dist 0.71 sele target end
 Comparing "3" and "4".
 IF test evaluated as false.  Skipping command
  
 CHARMM>                   if dotrans .eq. 5 coor trans xdir -1.0 ydir -1.0 dist 0.71 sele target end
 Comparing "3" and "5".
 IF test evaluated as false.  Skipping command
  
 CHARMM>     
  
 CHARMM>                   if issterol .eq. yes then
 Comparing "NO" and "YES".
 IF test evaluated as false.  Skip to ELSE or ENDIF
  
 CHARMM>                      if nsterol .gt. 0 then
 Comparing "63" and "0".
 IF test evaluated as true.  Performing command
  
 CHARMM>                         ! to prevent the penetration of lipid molecules into cholesterol rings
  
 CHARMM>                         coor dist cut 1.0 sele segid L@LipidNum .and. .not. resname TIP3 .and. .not. hydrogen end  -
 CHARMM>                                                sele ((STEROL .and. ( type c% .or. type c1* )) .or. segid DUM) .and. JUNK end
 Parameter: LIPIDNUM -> "1"
 SELRPN>     52 atoms have been selected out of  54165
 SELRPN>      6 atoms have been selected out of  54165

            DISTANCES FOR SELECTED ATOMS
 TOTAL EXCLUSION COUNT =         0
 TOTAL 1-4 EXCLUSIONS  =         0
 TOTAL NON-EXCLUSIONS  =         0
  
 CHARMM>                         if ?npair gt 0 goto domorerot
 RDCMND substituted energy or value "?NPAIR" to "0"
 Comparing "0" and "0".
 IF test evaluated as false.  Skipping command
  
 CHARMM>                      endif
  
 CHARMM>     
  
 CHARMM>                      !protein-check
  
 CHARMM>                      !
  
 CHARMM>                      coor dist cut 1.7 sele segid L@LipidNum .and. .not. resname TIP3 .and. .not. hydrogen end  -
 CHARMM>                                            sele PROT .and. .not. resname TIP3 .and. JUNK end
 Parameter: LIPIDNUM -> "1"
 SELRPN>     52 atoms have been selected out of  54165
 SELRPN>    164 atoms have been selected out of  54165

            DISTANCES FOR SELECTED ATOMS
54036 L1       POPC     1        C13     -3214 PROA     SER      233      CB            1.6476
 TOTAL EXCLUSION COUNT =         0
 TOTAL 1-4 EXCLUSIONS  =         0
 TOTAL NON-EXCLUSIONS  =         1
  
 CHARMM>                      if ?npair gt 8 goto domorerot
 RDCMND substituted energy or value "?NPAIR" to "1"
 Comparing "1" and "8".
 IF test evaluated as false.  Skipping command
  
 CHARMM>     
  
 CHARMM>                      !lipid-check
  
 CHARMM>                      !
  
 CHARMM>                      coor dist cut 1.2 sele segid L@LipidNum .and. .not. resname TIP3 .and. .not. hydrogen end  -
 CHARMM>                                             sele .not. ( repack .or. segid L@LipidNum .or. resname TIP3 .or. PROT ) .and. JUNK end
 Parameter: LIPIDNUM -> "1"
 Parameter: LIPIDNUM -> "1"
 SELRPN>     52 atoms have been selected out of  54165
 SELRPN>    187 atoms have been selected out of  54165

            DISTANCES FOR SELECTED ATOMS
54062 L1       POPC     1        C21     -**** MEMB     POPC     32       O14           0.4602
54063 L1       POPC     1        O22     -**** MEMB     POPC     32       P             0.9164
54063 L1       POPC     1        O22     -**** MEMB     POPC     32       O14           0.8923
54138 L1       POPC     1        C38     -**** MEMB     POPC     66       C26           1.1965
 TOTAL EXCLUSION COUNT =         0
 TOTAL 1-4 EXCLUSIONS  =         0
 TOTAL NON-EXCLUSIONS  =         4
  
 CHARMM>                      if ?npair gt @nbad goto domorerot
 Parameter: NBAD -> "5"
 RDCMND substituted energy or value "?NPAIR" to "4"
 Comparing "4" and "5".
 IF test evaluated as false.  Skipping command
  
 CHARMM>                   endif
  
 CHARMM>     
  
 CHARMM>                   if dotrans .eq. 2 coor trans xdir -1.0 ydir -1.0 dist 0.71 sele target end
 Comparing "3" and "2".
 IF test evaluated as false.  Skipping command
  
 CHARMM>                   if dotrans .eq. 3 coor trans xdir -1.0 ydir  1.0 dist 0.71 sele target end
 Comparing "3" and "3".
 IF test evaluated as true.  Performing command
 SELRPN>    134 atoms have been selected out of  54165
 TRANSLATION VECTOR    -0.502046    0.502046    0.000000
 SELECTED COORDINATES TRANSLATED IN THE MAIN SET.

  
 CHARMM>                   if dotrans .eq. 4 coor trans xdir  1.0 ydir -1.0 dist 0.71 sele target end
 Comparing "3" and "4".
 IF test evaluated as false.  Skipping command
  
 CHARMM>                   if dotrans .eq. 5 coor trans xdir  1.0 ydir  1.0 dist 0.71 sele target end
 Comparing "3" and "5".
 IF test evaluated as false.  Skipping command
  
 CHARMM>     
  
 CHARMM>                incr dotrans by 1
 Parameter: DOTRANS <- "4"
  
 CHARMM>                if dotrans .le. 5 goto doclash
 Comparing "4" and "5".
 IF test evaluated as true.  Performing command
  
 CHARMM>                   if dotrans .eq. 2 coor trans xdir  1.0 ydir  1.0 dist 0.71 sele target end
 Comparing "4" and "2".
 IF test evaluated as false.  Skipping command
  
 CHARMM>                   if dotrans .eq. 3 coor trans xdir  1.0 ydir -1.0 dist 0.71 sele target end
 Comparing "4" and "3".
 IF test evaluated as false.  Skipping command
  
 CHARMM>                   if dotrans .eq. 4 coor trans xdir -1.0 ydir  1.0 dist 0.71 sele target end
 Comparing "4" and "4".
 IF test evaluated as true.  Performing command
 SELRPN>    134 atoms have been selected out of  54165
 TRANSLATION VECTOR    -0.502046    0.502046    0.000000
 SELECTED COORDINATES TRANSLATED IN THE MAIN SET.

  
 CHARMM>                   if dotrans .eq. 5 coor trans xdir -1.0 ydir -1.0 dist 0.71 sele target end
 Comparing "4" and "5".
 IF test evaluated as false.  Skipping command
  
 CHARMM>     
  
 CHARMM>                   if issterol .eq. yes then
 Comparing "NO" and "YES".
 IF test evaluated as false.  Skip to ELSE or ENDIF
  
 CHARMM>                      if nsterol .gt. 0 then
 Comparing "63" and "0".
 IF test evaluated as true.  Performing command
  
 CHARMM>                         ! to prevent the penetration of lipid molecules into cholesterol rings
  
 CHARMM>                         coor dist cut 1.0 sele segid L@LipidNum .and. .not. resname TIP3 .and. .not. hydrogen end  -
 CHARMM>                                                sele ((STEROL .and. ( type c% .or. type c1* )) .or. segid DUM) .and. JUNK end
 Parameter: LIPIDNUM -> "1"
 SELRPN>     52 atoms have been selected out of  54165
 SELRPN>      6 atoms have been selected out of  54165

            DISTANCES FOR SELECTED ATOMS
 TOTAL EXCLUSION COUNT =         0
 TOTAL 1-4 EXCLUSIONS  =         0
 TOTAL NON-EXCLUSIONS  =         0
  
 CHARMM>                         if ?npair gt 0 goto domorerot
 RDCMND substituted energy or value "?NPAIR" to "0"
 Comparing "0" and "0".
 IF test evaluated as false.  Skipping command
  
 CHARMM>                      endif
  
 CHARMM>     
  
 CHARMM>                      !protein-check
  
 CHARMM>                      !
  
 CHARMM>                      coor dist cut 1.7 sele segid L@LipidNum .and. .not. resname TIP3 .and. .not. hydrogen end  -
 CHARMM>                                            sele PROT .and. .not. resname TIP3 .and. JUNK end
 Parameter: LIPIDNUM -> "1"
 SELRPN>     52 atoms have been selected out of  54165
 SELRPN>    164 atoms have been selected out of  54165

            DISTANCES FOR SELECTED ATOMS
 TOTAL EXCLUSION COUNT =         0
 TOTAL 1-4 EXCLUSIONS  =         0
 TOTAL NON-EXCLUSIONS  =         0
  
 CHARMM>                      if ?npair gt 8 goto domorerot
 RDCMND substituted energy or value "?NPAIR" to "0"
 Comparing "0" and "8".
 IF test evaluated as false.  Skipping command
  
 CHARMM>     
  
 CHARMM>                      !lipid-check
  
 CHARMM>                      !
  
 CHARMM>                      coor dist cut 1.2 sele segid L@LipidNum .and. .not. resname TIP3 .and. .not. hydrogen end  -
 CHARMM>                                             sele .not. ( repack .or. segid L@LipidNum .or. resname TIP3 .or. PROT ) .and. JUNK end
 Parameter: LIPIDNUM -> "1"
 Parameter: LIPIDNUM -> "1"
 SELRPN>     52 atoms have been selected out of  54165
 SELRPN>    187 atoms have been selected out of  54165

            DISTANCES FOR SELECTED ATOMS
54063 L1       POPC     1        O22     -**** MEMB     POPC     32       O14           0.8864
 TOTAL EXCLUSION COUNT =         0
 TOTAL 1-4 EXCLUSIONS  =         0
 TOTAL NON-EXCLUSIONS  =         1
  
 CHARMM>                      if ?npair gt @nbad goto domorerot
 Parameter: NBAD -> "5"
 RDCMND substituted energy or value "?NPAIR" to "1"
 Comparing "1" and "5".
 IF test evaluated as false.  Skipping command
  
 CHARMM>                   endif
  
 CHARMM>     
  
 CHARMM>                   if dotrans .eq. 2 coor trans xdir -1.0 ydir -1.0 dist 0.71 sele target end
 Comparing "4" and "2".
 IF test evaluated as false.  Skipping command
  
 CHARMM>                   if dotrans .eq. 3 coor trans xdir -1.0 ydir  1.0 dist 0.71 sele target end
 Comparing "4" and "3".
 IF test evaluated as false.  Skipping command
  
 CHARMM>                   if dotrans .eq. 4 coor trans xdir  1.0 ydir -1.0 dist 0.71 sele target end
 Comparing "4" and "4".
 IF test evaluated as true.  Performing command
 SELRPN>    134 atoms have been selected out of  54165
 TRANSLATION VECTOR     0.502046   -0.502046    0.000000
 SELECTED COORDINATES TRANSLATED IN THE MAIN SET.

  
 CHARMM>                   if dotrans .eq. 5 coor trans xdir  1.0 ydir  1.0 dist 0.71 sele target end
 Comparing "4" and "5".
 IF test evaluated as false.  Skipping command
  
 CHARMM>     
  
 CHARMM>                incr dotrans by 1
 Parameter: DOTRANS <- "5"
  
 CHARMM>                if dotrans .le. 5 goto doclash
 Comparing "5" and "5".
 IF test evaluated as true.  Performing command
  
 CHARMM>                   if dotrans .eq. 2 coor trans xdir  1.0 ydir  1.0 dist 0.71 sele target end
 Comparing "5" and "2".
 IF test evaluated as false.  Skipping command
  
 CHARMM>                   if dotrans .eq. 3 coor trans xdir  1.0 ydir -1.0 dist 0.71 sele target end
 Comparing "5" and "3".
 IF test evaluated as false.  Skipping command
  
 CHARMM>                   if dotrans .eq. 4 coor trans xdir -1.0 ydir  1.0 dist 0.71 sele target end
 Comparing "5" and "4".
 IF test evaluated as false.  Skipping command
  
 CHARMM>                   if dotrans .eq. 5 coor trans xdir -1.0 ydir -1.0 dist 0.71 sele target end
 Comparing "5" and "5".
 IF test evaluated as true.  Performing command
 SELRPN>    134 atoms have been selected out of  54165
 TRANSLATION VECTOR    -0.502046   -0.502046    0.000000
 SELECTED COORDINATES TRANSLATED IN THE MAIN SET.

  
 CHARMM>     
  
 CHARMM>                   if issterol .eq. yes then
 Comparing "NO" and "YES".
 IF test evaluated as false.  Skip to ELSE or ENDIF
  
 CHARMM>                      if nsterol .gt. 0 then
 Comparing "63" and "0".
 IF test evaluated as true.  Performing command
  
 CHARMM>                         ! to prevent the penetration of lipid molecules into cholesterol rings
  
 CHARMM>                         coor dist cut 1.0 sele segid L@LipidNum .and. .not. resname TIP3 .and. .not. hydrogen end  -
 CHARMM>                                                sele ((STEROL .and. ( type c% .or. type c1* )) .or. segid DUM) .and. JUNK end
 Parameter: LIPIDNUM -> "1"
 SELRPN>     52 atoms have been selected out of  54165
 SELRPN>      6 atoms have been selected out of  54165

            DISTANCES FOR SELECTED ATOMS
 TOTAL EXCLUSION COUNT =         0
 TOTAL 1-4 EXCLUSIONS  =         0
 TOTAL NON-EXCLUSIONS  =         0
  
 CHARMM>                         if ?npair gt 0 goto domorerot
 RDCMND substituted energy or value "?NPAIR" to "0"
 Comparing "0" and "0".
 IF test evaluated as false.  Skipping command
  
 CHARMM>                      endif
  
 CHARMM>     
  
 CHARMM>                      !protein-check
  
 CHARMM>                      !
  
 CHARMM>                      coor dist cut 1.7 sele segid L@LipidNum .and. .not. resname TIP3 .and. .not. hydrogen end  -
 CHARMM>                                            sele PROT .and. .not. resname TIP3 .and. JUNK end
 Parameter: LIPIDNUM -> "1"
 SELRPN>     52 atoms have been selected out of  54165
 SELRPN>    164 atoms have been selected out of  54165

            DISTANCES FOR SELECTED ATOMS
 TOTAL EXCLUSION COUNT =         0
 TOTAL 1-4 EXCLUSIONS  =         0
 TOTAL NON-EXCLUSIONS  =         0
  
 CHARMM>                      if ?npair gt 8 goto domorerot
 RDCMND substituted energy or value "?NPAIR" to "0"
 Comparing "0" and "8".
 IF test evaluated as false.  Skipping command
  
 CHARMM>     
  
 CHARMM>                      !lipid-check
  
 CHARMM>                      !
  
 CHARMM>                      coor dist cut 1.2 sele segid L@LipidNum .and. .not. resname TIP3 .and. .not. hydrogen end  -
 CHARMM>                                             sele .not. ( repack .or. segid L@LipidNum .or. resname TIP3 .or. PROT ) .and. JUNK end
 Parameter: LIPIDNUM -> "1"
 Parameter: LIPIDNUM -> "1"
 SELRPN>     52 atoms have been selected out of  54165
 SELRPN>    187 atoms have been selected out of  54165

            DISTANCES FOR SELECTED ATOMS
54062 L1       POPC     1        C21     -**** MEMB     POPC     32       O14           1.1625
54063 L1       POPC     1        O22     -**** MEMB     POPC     32       O14           0.4668
54144 L1       POPC     1        C310    -**** MEMB     POPC     66       C27           1.1873
 TOTAL EXCLUSION COUNT =         0
 TOTAL 1-4 EXCLUSIONS  =         0
 TOTAL NON-EXCLUSIONS  =         3
  
 CHARMM>                      if ?npair gt @nbad goto domorerot
 Parameter: NBAD -> "5"
 RDCMND substituted energy or value "?NPAIR" to "3"
 Comparing "3" and "5".
 IF test evaluated as false.  Skipping command
  
 CHARMM>                   endif
  
 CHARMM>     
  
 CHARMM>                   if dotrans .eq. 2 coor trans xdir -1.0 ydir -1.0 dist 0.71 sele target end
 Comparing "5" and "2".
 IF test evaluated as false.  Skipping command
  
 CHARMM>                   if dotrans .eq. 3 coor trans xdir -1.0 ydir  1.0 dist 0.71 sele target end
 Comparing "5" and "3".
 IF test evaluated as false.  Skipping command
  
 CHARMM>                   if dotrans .eq. 4 coor trans xdir  1.0 ydir -1.0 dist 0.71 sele target end
 Comparing "5" and "4".
 IF test evaluated as false.  Skipping command
  
 CHARMM>                   if dotrans .eq. 5 coor trans xdir  1.0 ydir  1.0 dist 0.71 sele target end
 Comparing "5" and "5".
 IF test evaluated as true.  Performing command
 SELRPN>    134 atoms have been selected out of  54165
 TRANSLATION VECTOR     0.502046    0.502046    0.000000
 SELECTED COORDINATES TRANSLATED IN THE MAIN SET.

  
 CHARMM>     
  
 CHARMM>                incr dotrans by 1
 Parameter: DOTRANS <- "6"
  
 CHARMM>                if dotrans .le. 5 goto doclash
 Comparing "6" and "5".
 IF test evaluated as false.  Skipping command
  
 CHARMM>     
  
 CHARMM>                if nimyn .gt. 0 coor trans ydir @A sele imyn end
 Parameter: A -> "117.465304"
 Comparing "0" and "0".
 IF test evaluated as false.  Skipping command
  
 CHARMM>                if nimxn .gt. 0 coor trans xdir @A sele imxn end
 Parameter: A -> "117.465304"
 Comparing "0" and "0".
 IF test evaluated as false.  Skipping command
  
 CHARMM>                if nimyp .gt. 0 coor trans ydir -@A sele imyp end
 Parameter: A -> "117.465304"
 Comparing "0" and "0".
 IF test evaluated as false.  Skipping command
  
 CHARMM>                if nimxp .gt. 0 coor trans xdir -@A sele imxp end
 Parameter: A -> "117.465304"
 Comparing "0" and "0".
 IF test evaluated as false.  Skipping command
  
 CHARMM>     
  
 CHARMM>                if npryn .gt. 0 coor trans ydir -@A sele pryn end
 Parameter: A -> "117.465304"
 Comparing "588" and "0".
 IF test evaluated as true.  Performing command
 SELRPN>    588 atoms have been selected out of  54165
 TRANSLATION VECTOR     0.000000 -117.465304    0.000000
 SELECTED COORDINATES TRANSLATED IN THE MAIN SET.

  
 CHARMM>                if nprxn .gt. 0 coor trans xdir -@A sele prxn end
 Parameter: A -> "117.465304"
 Comparing "216" and "0".
 IF test evaluated as true.  Performing command
 SELRPN>    216 atoms have been selected out of  54165
 TRANSLATION VECTOR  -117.465304    0.000000    0.000000
 SELECTED COORDINATES TRANSLATED IN THE MAIN SET.

  
 CHARMM>                if npryp .gt. 0 coor trans ydir @A sele pryp end
 Parameter: A -> "117.465304"
 Comparing "343" and "0".
 IF test evaluated as true.  Performing command
 SELRPN>    343 atoms have been selected out of  54165
 TRANSLATION VECTOR     0.000000  117.465304    0.000000
 SELECTED COORDINATES TRANSLATED IN THE MAIN SET.

  
 CHARMM>                if nprxp .gt. 0 coor trans xdir @A sele prxp end
 Parameter: A -> "117.465304"
 Comparing "476" and "0".
 IF test evaluated as true.  Performing command
 SELRPN>    476 atoms have been selected out of  54165
 TRANSLATION VECTOR   117.465304    0.000000    0.000000
 SELECTED COORDINATES TRANSLATED IN THE MAIN SET.

  
 CHARMM>     
  
 CHARMM>                goto nextlipid
  
 CHARMM>          coor dupl sele segid L@LipidNum end sele repack end
 Parameter: LIPIDNUM -> "1"
 SELRPN>    134 atoms have been selected out of  54165
 SELRPN>    134 atoms have been selected out of  54165
  
 CHARMM>          delete atom sele segid L@LipidNUm end
 Parameter: LIPIDNUM -> "1"
 SELRPN>    134 atoms have been selected out of  54165

 Message from MAPIC: Atom numbers are changed.

 Message from MAPIC:          1 residues deleted.

 Message from MAPIC:          1 segments deleted.
 DELTIC:       133 bonds deleted
 DELTIC:         2 improper dihedrals deleted
 PSFSUM> PSF modified: NONBOND lists and IMAGE atoms cleared.
 PSFSUM> Summary of the structure file counters :
         Number of segments      =        7   Number of residues   =     1921
         Number of atoms         =    54031   Number of groups     =    15449
         Number of bonds         =    53715   Number of angles     =   101508
         Number of dihedrals     =   145609   Number of impropers  =     3038
         Number of cross-terms   =      996   Number of autogens   =      121
         Number of HB acceptors  =     1429   Number of HB donors  =     1698
         Number of NB exclusions =        0   Total charge =   -4.00000
  
 CHARMM>     
  
 CHARMM>       ! continue for total number of lipids that are needed
  
 CHARMM>       incr LipidNum by 1
 Parameter: LIPIDNUM <- "2"
  
 CHARMM>     
  
 CHARMM>    if LipidNum le @NLipid goto loop_gen
 Parameter: NLIPID -> "2"
 Comparing "2" and "2".
 IF test evaluated as true.  Performing command
  
 CHARMM>     
  
 CHARMM>       if badltype@LipidNum .eq. MEMB then
 Parameter: LIPIDNUM -> "2"
 Comparing "MEMB" and "MEMB".
 IF test evaluated as true.  Performing command
  
 CHARMM>          define repack sele segid @badsegid@@LipidNum .and. resi @badresid@@LipidNum end
 Parameter: LIPIDNUM -> "2"
 Parameter: LIPIDNUM -> "2"
 Parameter: BADRESID2 -> "40"
 Parameter: BADSEGID2 -> "MEMB"
 SELRPN>    134 atoms have been selected out of  54031
  
 CHARMM>          coor stat sele repack end
 SELRPN>    134 atoms have been selected out of  54031
 STATISTICS FOR       134 SELECTED ATOMS:
    XMIN =   -5.036194 XMAX =    3.403670 XAVE =   -1.120744
    YMIN =  -45.094446 YMAX =  -34.148266 YAVE =  -40.184596
    ZMIN =    0.483277 ZMAX =   21.633213 ZAVE =   11.045453
    WMIN =    0.000000 WMAX =    0.000000 WAVE =    0.000000
  
 CHARMM>          set lipid = ?selresn
 RDCMND substituted energy or value "?SELRESN" to "POPC"
 Parameter: LIPID <- "POPC"
  
 CHARMM>       else
 Skip commands until next ENDIF
  
 CHARMM>     
  
 CHARMM>       set cntrand = 0
 Parameter: CNTRAND <- "0"
  
 CHARMM>     
  
 CHARMM>       set issterol = no
 Parameter: ISSTEROL <- "NO"
  
 CHARMM>       if lipid .eq. CHL1 then
 Comparing "POPC" and "CHL1".
 IF test evaluated as false.  Skip to ELSE or ENDIF
  
 CHARMM>       if lipid .eq. ERG then
 Comparing "POPC" and "ERG".
 IF test evaluated as false.  Skip to ELSE or ENDIF
  
 CHARMM>       if lipid .eq. DPOP then
 Comparing "POPC" and "DPOP".
 IF test evaluated as false.  Skip to ELSE or ENDIF
  
 CHARMM>       if lipid .eq. SITO then
 Comparing "POPC" and "SITO".
 IF test evaluated as false.  Skip to ELSE or ENDIF
  
 CHARMM>       if lipid .eq. STIG then
 Comparing "POPC" and "STIG".
 IF test evaluated as false.  Skip to ELSE or ENDIF
  
 CHARMM>       if lipid .eq. CHSD then
 Comparing "POPC" and "CHSD".
 IF test evaluated as false.  Skip to ELSE or ENDIF
  
 CHARMM>       if lipid .eq. CHSP then
 Comparing "POPC" and "CHSP".
 IF test evaluated as false.  Skip to ELSE or ENDIF
  
 CHARMM>       if lipid .eq. CAMP then
 Comparing "POPC" and "CAMP".
 IF test evaluated as false.  Skip to ELSE or ENDIF
  
 CHARMM>       if lipid .eq. GCAMP then
 Comparing "POPC" and "GCAMP".
 IF test evaluated as false.  Skip to ELSE or ENDIF
  
 CHARMM>       if lipid .eq. GSITO then
 Comparing "POPC" and "GSITO".
 IF test evaluated as false.  Skip to ELSE or ENDIF
  
 CHARMM>       if lipid .eq. GSTIG then
 Comparing "POPC" and "GSTIG".
 IF test evaluated as false.  Skip to ELSE or ENDIF
  
 CHARMM>       if lipid .eq. LANO then
 Comparing "POPC" and "LANO".
 IF test evaluated as false.  Skip to ELSE or ENDIF
  
 CHARMM>       if lipid .eq. PGCAMP then
 Comparing "POPC" and "PGCAMP".
 IF test evaluated as false.  Skip to ELSE or ENDIF
  
 CHARMM>       if lipid .eq. PGSITO then
 Comparing "POPC" and "PGSITO".
 IF test evaluated as false.  Skip to ELSE or ENDIF
  
 CHARMM>       if lipid .eq. CHLH then
 Comparing "POPC" and "CHLH".
 IF test evaluated as false.  Skip to ELSE or ENDIF
  
 CHARMM>       if lipid .eq. PGSTIG then
 Comparing "POPC" and "PGSTIG".
 IF test evaluated as false.  Skip to ELSE or ENDIF
  
 CHARMM>       if lipid .eq. DLPA then
 Comparing "POPC" and "DLPA".
 IF test evaluated as false.  Skip to ELSE or ENDIF
  
 CHARMM>       if lipid .eq. DMPA then
 Comparing "POPC" and "DMPA".
 IF test evaluated as false.  Skip to ELSE or ENDIF
  
 CHARMM>       if lipid .eq. DPPA then
 Comparing "POPC" and "DPPA".
 IF test evaluated as false.  Skip to ELSE or ENDIF
  
 CHARMM>       if lipid .eq. PSPA then
 Comparing "POPC" and "PSPA".
 IF test evaluated as false.  Skip to ELSE or ENDIF
  
 CHARMM>       if lipid .eq. DSPA then
 Comparing "POPC" and "DSPA".
 IF test evaluated as false.  Skip to ELSE or ENDIF
  
 CHARMM>       if lipid .eq. POPA then
 Comparing "POPC" and "POPA".
 IF test evaluated as false.  Skip to ELSE or ENDIF
  
 CHARMM>       if lipid .eq. PLPA then
 Comparing "POPC" and "PLPA".
 IF test evaluated as false.  Skip to ELSE or ENDIF
  
 CHARMM>       if lipid .eq. SOPA then
 Comparing "POPC" and "SOPA".
 IF test evaluated as false.  Skip to ELSE or ENDIF
  
 CHARMM>       if lipid .eq. SLPA then
 Comparing "POPC" and "SLPA".
 IF test evaluated as false.  Skip to ELSE or ENDIF
  
 CHARMM>       if lipid .eq. DYPA then
 Comparing "POPC" and "DYPA".
 IF test evaluated as false.  Skip to ELSE or ENDIF
  
 CHARMM>       if lipid .eq. YOPA then
 Comparing "POPC" and "YOPA".
 IF test evaluated as false.  Skip to ELSE or ENDIF
  
 CHARMM>       if lipid .eq. DOPA then
 Comparing "POPC" and "DOPA".
 IF test evaluated as false.  Skip to ELSE or ENDIF
  
 CHARMM>       if lipid .eq. DGPA then
 Comparing "POPC" and "DGPA".
 IF test evaluated as false.  Skip to ELSE or ENDIF
  
 CHARMM>       if lipid .eq. DEPA then
 Comparing "POPC" and "DEPA".
 IF test evaluated as false.  Skip to ELSE or ENDIF
  
 CHARMM>       if lipid .eq. DNPA then
 Comparing "POPC" and "DNPA".
 IF test evaluated as false.  Skip to ELSE or ENDIF
  
 CHARMM>       if lipid .eq. DDPC then
 Comparing "POPC" and "DDPC".
 IF test evaluated as false.  Skip to ELSE or ENDIF
  
 CHARMM>       if lipid .eq. DCPC then
 Comparing "POPC" and "DCPC".
 IF test evaluated as false.  Skip to ELSE or ENDIF
  
 CHARMM>       if lipid .eq. DLPC then
 Comparing "POPC" and "DLPC".
 IF test evaluated as false.  Skip to ELSE or ENDIF
  
 CHARMM>       if lipid .eq. DMPC then
 Comparing "POPC" and "DMPC".
 IF test evaluated as false.  Skip to ELSE or ENDIF
  
 CHARMM>       if lipid .eq. DPPC then
 Comparing "POPC" and "DPPC".
 IF test evaluated as false.  Skip to ELSE or ENDIF
  
 CHARMM>       if lipid .eq. DSPC then
 Comparing "POPC" and "DSPC".
 IF test evaluated as false.  Skip to ELSE or ENDIF
  
 CHARMM>       if lipid .eq. PYPC then
 Comparing "POPC" and "PYPC".
 IF test evaluated as false.  Skip to ELSE or ENDIF
  
 CHARMM>       if lipid .eq. POPC then
 Comparing "POPC" and "POPC".
 IF test evaluated as true.  Performing command
  
 CHARMM>          calc zpostop = 19
Evaluating: 19
 Parameter: ZPOSTOP <- "19"
  
 CHARMM>          set HG ( type P .or. type N .or. type C1+ .or. type O1+ )
 Parameter: HG <- "( TYPE P .OR. TYPE N .OR. TYPE C1+ .OR. TYPE O1+ )"
  
 CHARMM>          set TL ( type C218 .or. type C316 )
 Parameter: TL <- "( TYPE C218 .OR. TYPE C316 )"
  
 CHARMM>          goto repeatrand
  
 CHARMM>     
  
 CHARMM>          calc cntrand = @cntrand + 1
 Parameter: CNTRAND -> "0"
Evaluating: 0+1
 Parameter: CNTRAND <- "1"
  
 CHARMM>          if cntrand .gt. 100 stop ! replacement may not work.. stop here
 Comparing "1" and "100".
 IF test evaluated as false.  Skipping command
  
 CHARMM>     
  
 CHARMM>          set randn ?RAND
 RDCMND substituted energy or value "?RAND" to "0.900909504"
 Parameter: RANDN <- "0.900909504"
  
 CHARMM>          if randn .le. 0.5 set Lipdir conf1   ! conf1 and conf2 are two directories
 Comparing "0.900909504" and "0.5".
 IF test evaluated as false.  Skipping command
  
 CHARMM>          if randn .gt. 0.5 set Lipdir conf2   ! containing lipid structures
 Comparing "0.900909504" and "0.5".
 IF test evaluated as true.  Performing command
 Parameter: LIPDIR <- "CONF2"
  
 CHARMM>          if randn .le. 0.001 goto repeatrand
 Comparing "0.900909504" and "0.001".
 IF test evaluated as false.  Skipping command
  
 CHARMM>          calc N = int( @randn * 1000 )
 Parameter: RANDN -> "0.900909504"
Evaluating: INT(0.900909504*1000)
 Parameter: N <- "900"
  
 CHARMM>     
  
 CHARMM>          open read card unit 1 name lipid_lib/@lipid/@Lipdir/@lipid_@N.crd
 Parameter: LIPID -> "POPC"
 Parameter: LIPDIR -> "CONF2"
 Parameter: LIPID -> "POPC"
 Parameter: N -> "900"
 VOPEN> Attempting to open::lipid_lib/popc/conf2/popc_900.crd::
 OPNLGU> Unit  1 opened for READONLY access to lipid_lib/popc/conf2/popc_900.crd
  
 CHARMM>          read sequence coor unit 1
 MAINIO> Sequence information being read from unit   1.
 TITLE> * CONF2 899 4.10323
 TITLE> *  DATE:     5/30/14      8: 3:58      CREATED BY USER: WONPIL
 TITLE> *

          RESIDUE SEQUENCE --     1 RESIDUES
          POPC    
  
 CHARMM>          generate L@LipidNum setup noangle nodihedrals first none last none
 Parameter: LIPIDNUM -> "2"
 NO PATCHING WILL BE DONE ON THE FIRST RESIDUE
 NO PATCHING WILL BE DONE ON THE LAST  RESIDUE
 GENPSF> Segment   8 has been generated. Its identifier is L2.
 PSFSUM> PSF modified: NONBOND lists and IMAGE atoms cleared.
 PSFSUM> Summary of the structure file counters :
         Number of segments      =        8   Number of residues   =     1922
         Number of atoms         =    54165   Number of groups     =    15483
         Number of bonds         =    53848   Number of angles     =   101508
         Number of dihedrals     =   145609   Number of impropers  =     3040
         Number of cross-terms   =      996   Number of autogens   =      121
         Number of HB acceptors  =     1429   Number of HB donors  =     1698
         Number of NB exclusions =        0   Total charge =   -4.00000
  
 CHARMM>          close unit 1
 VCLOSE: Closing unit    1 with status "KEEP"
  
 CHARMM>     
  
 CHARMM>          open read card unit 1 name lipid_lib/@lipid/@Lipdir/@lipid_@N.crd
 Parameter: LIPID -> "POPC"
 Parameter: LIPDIR -> "CONF2"
 Parameter: LIPID -> "POPC"
 Parameter: N -> "900"
 VOPEN> Attempting to open::lipid_lib/popc/conf2/popc_900.crd::
 OPNLGU> Unit  1 opened for READONLY access to lipid_lib/popc/conf2/popc_900.crd
  
 CHARMM>          read coor card unit 1 append
          SPATIAL COORDINATES BEING READ FROM UNIT  1
 A RESIDUE OFFSET OF1921 WILL BE USED.
 INFO: A subset of total atoms will be read.

 TITLE> * CONF2 899 4.10323
 TITLE> *  DATE:     5/30/14      8: 3:58      CREATED BY USER: WONPIL
 TITLE> *
  
 CHARMM>          close unit 1
 VCLOSE: Closing unit    1 with status "KEEP"
  
 CHARMM>     
  
 CHARMM>          coor print sele ( .not. INIT ) end
 SELRPN>      0 atoms have been selected out of  54165

      ***** LEVEL  2 WARNING FROM <COORIO> *****
      ***** ZERO ATOMS SPECIFIED TO WRITE. NO FILE CREATED
      ******************************************
      BOMLEV (  0) IS NOT REACHED. WRNLEV IS  5

  
 CHARMM>          ic param
  
 CHARMM>          ic build
  
 CHARMM>          prnlev 0

      ***** LEVEL  4 WARNING FROM <GTHBUI> *****
      ***** Zero selection specified
      ******************************************
      BOMLEV (  0) IS NOT REACHED. WRNLEV IS  5

  
 CHARMM>          coor print sele ( .not. INIT ) end
 SELRPN>      0 atoms have been selected out of  54165

      ***** LEVEL  2 WARNING FROM <COORIO> *****
      ***** ZERO ATOMS SPECIFIED TO WRITE. NO FILE CREATED
      ******************************************
      BOMLEV (  0) IS NOT REACHED. WRNLEV IS  5

  
 CHARMM>          if ?nsel .gt. 0 stop
 RDCMND substituted energy or value "?NSEL" to "0"
 Comparing "0" and "0".
 IF test evaluated as false.  Skipping command
  
 CHARMM>     
  
 CHARMM>          ! check to delete any lipids that have tail near head groups
  
 CHARMM>          !define ctl sele segid L@LipidNum .and. @tl end
  
 CHARMM>          !coor stat sele ctl end
  
 CHARMM>          !if ?ZAVE ge -5.0 then
  
 CHARMM>          !   delete atoms sele segid L@LipidNum end
  
 CHARMM>          !   goto repeatrand
  
 CHARMM>          !endif
  
 CHARMM>     
  
 CHARMM>          label nextstep
  
 CHARMM>     
  
 CHARMM>          ! put the X-Y center of mass of the lipid head at the origin
  
 CHARMM>          coor stat sele segid L@LipidNum .and. @HG end
 Parameter: LIPIDNUM -> "2"
 Parameter: HG -> "( TYPE P .OR. TYPE N .OR. TYPE C1+ .OR. TYPE O1+ )"
 SELRPN>     11 atoms have been selected out of  54165
 STATISTICS FOR        11 SELECTED ATOMS:
    XMIN =   -2.370567 XMAX =    1.336244 XAVE =   -0.819878
    YMIN =   -1.665581 YMAX =    1.461285 YAVE =   -0.141508
    ZMIN =   -4.396597 ZMAX =    2.034040 ZAVE =   -1.325951
    WMIN =    0.000000 WMAX =    0.000000 WAVE =    0.000000
  
 CHARMM>          coor trans xdir -?XAVE ydir -?YAVE zdir -?ZAVE select segid L@LipidNum end
 Parameter: LIPIDNUM -> "2"
 RDCMND substituted energy or value "?XAVE" to "-0.819877561"
 RDCMND substituted energy or value "?YAVE" to "-0.141507807"
 RDCMND substituted energy or value "?ZAVE" to "-1.32595121"
 SELRPN>    134 atoms have been selected out of  54165
 TRANSLATION VECTOR     0.819878    0.141508    1.325951
 SELECTED COORDINATES TRANSLATED IN THE MAIN SET.

  
 CHARMM>     
  
 CHARMM>          ! randomly rotate along Z
  
 CHARMM>          calc rotang = 360.0 * ?rand
 RDCMND substituted energy or value "?RAND" to "0.656488108"
Evaluating: 360.0*0.656488108
 Parameter: ROTANG <- "236.335719"
  
 CHARMM>          coor rotate zdir 1.0 phi @rotang select segid L@LipidNum end
 Parameter: ROTANG -> "236.335719"
 Parameter: LIPIDNUM -> "2"
 SELRPN>    134 atoms have been selected out of  54165
 ROTATION MATRIX
   -0.554326   -0.832300    0.000000
    0.832300   -0.554326    0.000000
    0.000000    0.000000    1.000000

 AXIS OF ROTATION IS  0.000000  0.000000 -1.000000  ANGLE IS  123.66

 SELECTED COORDINATES ROTATED IN THE MAIN SET.

  
 CHARMM>     
  
 CHARMM>          ! flip the orientation of the lipids in the lower monolayer if head Z le 0
  
 CHARMM>          coor stat sele repack .and. @HG end
 Parameter: HG -> "( TYPE P .OR. TYPE N .OR. TYPE C1+ .OR. TYPE O1+ )"
 SELRPN>     11 atoms have been selected out of  54165
 STATISTICS FOR        11 SELECTED ATOMS:
    XMIN =   -2.814042 XMAX =    0.409907 XAVE =   -1.594475
    YMIN =  -41.744538 YMAX =  -36.626222 YAVE =  -39.285815
    ZMIN =   15.978530 ZMAX =   21.633213 ZAVE =   19.000000
    WMIN =    0.000000 WMAX =    0.000000 WAVE =    0.000000
  
 CHARMM>          if ?ZMIN le 0  coor rotate xdir 1.0  phi 180.0 select segid L@LipidNum end
 Parameter: LIPIDNUM -> "2"
 RDCMND substituted energy or value "?ZMIN" to "15.97853"
 Comparing "15.97853" and "0".
 IF test evaluated as false.  Skipping command
  
 CHARMM>     
  
 CHARMM>          ! put the head group at the location of the spheres
  
 CHARMM>          coor stat sele repack .and. @HG end
 Parameter: HG -> "( TYPE P .OR. TYPE N .OR. TYPE C1+ .OR. TYPE O1+ )"
 SELRPN>     11 atoms have been selected out of  54165
 STATISTICS FOR        11 SELECTED ATOMS:
    XMIN =   -2.814042 XMAX =    0.409907 XAVE =   -1.594475
    YMIN =  -41.744538 YMAX =  -36.626222 YAVE =  -39.285815
    ZMIN =   15.978530 ZMAX =   21.633213 ZAVE =   19.000000
    WMIN =    0.000000 WMAX =    0.000000 WAVE =    0.000000
  
 CHARMM>          set xhead = ?xave
 RDCMND substituted energy or value "?XAVE" to "-1.5944748"
 Parameter: XHEAD <- "-1.5944748"
  
 CHARMM>          set yhead = ?yave
 RDCMND substituted energy or value "?YAVE" to "-39.2858149"
 Parameter: YHEAD <- "-39.2858149"
  
 CHARMM>          set zhead = ?zave
 RDCMND substituted energy or value "?ZAVE" to "19"
 Parameter: ZHEAD <- "19"
  
 CHARMM>          coor trans xdir @xhead ydir @yhead zdir @zhead select segid L@LipidNum end
 Parameter: XHEAD -> "-1.5944748"
 Parameter: YHEAD -> "-39.2858149"
 Parameter: ZHEAD -> "19"
 Parameter: LIPIDNUM -> "2"
 SELRPN>    134 atoms have been selected out of  54165
 TRANSLATION VECTOR    -1.594475  -39.285815   19.000000
 SELECTED COORDINATES TRANSLATED IN THE MAIN SET.

  
 CHARMM>     
  
 CHARMM>          set nbad = 5
 Parameter: NBAD <- "5"
  
 CHARMM>          ! increase the lipid bad contact limit for cardiolipin
  
 CHARMM>          if lipid .eq. TMCL1  set nbad = 10
 Comparing "POPC" and "TMCL1".
 IF test evaluated as false.  Skipping command
  
 CHARMM>          if lipid .eq. TMCL2  set nbad = 10
 Comparing "POPC" and "TMCL2".
 IF test evaluated as false.  Skipping command
  
 CHARMM>          if lipid .eq. PMCL1  set nbad = 10
 Comparing "POPC" and "PMCL1".
 IF test evaluated as false.  Skipping command
  
 CHARMM>          if lipid .eq. PMCL2  set nbad = 10
 Comparing "POPC" and "PMCL2".
 IF test evaluated as false.  Skipping command
  
 CHARMM>          if lipid .eq. PAICL2 set nbad = 10
 Comparing "POPC" and "PAICL2".
 IF test evaluated as false.  Skipping command
  
 CHARMM>          if lipid .eq. PVCL2  set nbad = 10
 Comparing "POPC" and "PVCL2".
 IF test evaluated as false.  Skipping command
  
 CHARMM>          if lipid .eq. POCL1  set nbad = 10
 Comparing "POPC" and "POCL1".
 IF test evaluated as false.  Skipping command
  
 CHARMM>          if lipid .eq. POCL2  set nbad = 10
 Comparing "POPC" and "POCL2".
 IF test evaluated as false.  Skipping command
  
 CHARMM>          if lipid .eq. TYCL1  set nbad = 10
 Comparing "POPC" and "TYCL1".
 IF test evaluated as false.  Skipping command
  
 CHARMM>          if lipid .eq. TYCL2  set nbad = 10
 Comparing "POPC" and "TYCL2".
 IF test evaluated as false.  Skipping command
  
 CHARMM>          if lipid .eq. TOCL1  set nbad = 10
 Comparing "POPC" and "TOCL1".
 IF test evaluated as false.  Skipping command
  
 CHARMM>          if lipid .eq. TOCL2  set nbad = 10
 Comparing "POPC" and "TOCL2".
 IF test evaluated as false.  Skipping command
  
 CHARMM>          if lipid .eq. LOACL1 set nbad = 10
 Comparing "POPC" and "LOACL1".
 IF test evaluated as false.  Skipping command
  
 CHARMM>          if lipid .eq. LOACL2 set nbad = 10
 Comparing "POPC" and "LOACL2".
 IF test evaluated as false.  Skipping command
  
 CHARMM>          if lipid .eq. LOCCL1 set nbad = 10
 Comparing "POPC" and "LOCCL1".
 IF test evaluated as false.  Skipping command
  
 CHARMM>          if lipid .eq. LOCCL2 set nbad = 10
 Comparing "POPC" and "LOCCL2".
 IF test evaluated as false.  Skipping command
  
 CHARMM>          if lipid .eq. TLCL1  set nbad = 10
 Comparing "POPC" and "TLCL1".
 IF test evaluated as false.  Skipping command
  
 CHARMM>          if lipid .eq. TLCL2  set nbad = 10
 Comparing "POPC" and "TLCL2".
 IF test evaluated as false.  Skipping command
  
 CHARMM>          if lipid .eq. LNCCL1 set nbad = 10
 Comparing "POPC" and "LNCCL1".
 IF test evaluated as false.  Skipping command
  
 CHARMM>          if lipid .eq. LNCCL2 set nbad = 10
 Comparing "POPC" and "LNCCL2".
 IF test evaluated as false.  Skipping command
  
 CHARMM>          if lipid .eq. LNACL1 set nbad = 10
 Comparing "POPC" and "LNACL1".
 IF test evaluated as false.  Skipping command
  
 CHARMM>          if lipid .eq. LNACL2 set nbad = 10
 Comparing "POPC" and "LNACL2".
 IF test evaluated as false.  Skipping command
  
 CHARMM>          if lipid .eq. LNDCL1 set nbad = 10
 Comparing "POPC" and "LNDCL1".
 IF test evaluated as false.  Skipping command
  
 CHARMM>          if lipid .eq. LNDCL2 set nbad = 10
 Comparing "POPC" and "LNDCL2".
 IF test evaluated as false.  Skipping command
  
 CHARMM>          if lipid .eq. LNBCL1 set nbad = 10
 Comparing "POPC" and "LNBCL1".
 IF test evaluated as false.  Skipping command
  
 CHARMM>          if lipid .eq. LNBCL2 set nbad = 10
 Comparing "POPC" and "LNBCL2".
 IF test evaluated as false.  Skipping command
  
 CHARMM>          if lipid .eq. ARCL2  set nbad = 10
 Comparing "POPC" and "ARCL2".
 IF test evaluated as false.  Skipping command
  
 CHARMM>     
  
 CHARMM>          !
  
 CHARMM>          ! check whether the lipid penetrates the protein (or cholesterol)
  
 CHARMM>          !
  
 CHARMM>     
  
 CHARMM>          calc delang    = 35.0   ! rotation increment
Evaluating: 35.0
 Parameter: DELANG <- "35"
  
 CHARMM>          calc delxy     =  1.0   ! xy translation increment
Evaluating: 1.0
 Parameter: DELXY <- "1"
  
 CHARMM>     
  
 CHARMM>          define target sele segid L@LipidNum end
 Parameter: LIPIDNUM -> "2"
 SELRPN>    134 atoms have been selected out of  54165
  
 CHARMM>     
  
 CHARMM>          coor stat sele target end
 SELRPN>    134 atoms have been selected out of  54165
 STATISTICS FOR       134 SELECTED ATOMS:
    XMIN =   -8.226325 XMAX =    2.702349 XAVE =   -2.400925
    YMIN =  -43.723643 YMAX =  -34.709630 YAVE =  -39.309354
    ZMIN =    1.010082 ZMAX =   23.239340 ZAVE =   10.994890
    WMIN =    0.000000 WMAX =    0.000000 WAVE =    0.000000
  
 CHARMM>          calc dcut = 5.0
Evaluating: 5.0
 Parameter: DCUT <- "5"
  
 CHARMM>          calc xmax = ?xmax + @dcut
 Parameter: DCUT -> "5"
 RDCMND substituted energy or value "?XMAX" to "2.70234906"
Evaluating: 2.70234906+5
 Parameter: XMAX <- "7.70234906"
  
 CHARMM>          calc ymax = ?ymax + @dcut
 Parameter: DCUT -> "5"
 RDCMND substituted energy or value "?YMAX" to "-34.7096301"
Evaluating: -34.7096301+5
 Parameter: YMAX <- "-29.7096301"
  
 CHARMM>          calc zmax = ?zmax + @dcut
 Parameter: DCUT -> "5"
 RDCMND substituted energy or value "?ZMAX" to "23.2393399"
Evaluating: 23.2393399+5
 Parameter: ZMAX <- "28.2393399"
  
 CHARMM>          calc xmin = ?xmin - @dcut
 Parameter: DCUT -> "5"
 RDCMND substituted energy or value "?XMIN" to "-8.22632465"
Evaluating: -8.22632465-5
 Parameter: XMIN <- "-13.2263247"
  
 CHARMM>          calc ymin = ?ymin - @dcut
 Parameter: DCUT -> "5"
 RDCMND substituted energy or value "?YMIN" to "-43.7236425"
Evaluating: -43.7236425-5
 Parameter: YMIN <- "-48.7236425"
  
 CHARMM>          calc zmin = ?zmin - @dcut
 Parameter: DCUT -> "5"
 RDCMND substituted energy or value "?ZMIN" to "1.01008205"
Evaluating: 1.01008205-5
 Parameter: ZMIN <- "-3.98991795"
  
 CHARMM>     
  
 CHARMM>          calc XYhalf = @A / 2
 Parameter: A -> "117.465304"
Evaluating: 117.465304/2
 Parameter: XYHALF <- "58.732652"
  
 CHARMM>     
  
 CHARMM>          define prxp sele ( prop X .ge. @XYhalf ) .and. .not. target end
 Parameter: XYHALF -> "58.732652"
 SELRPN>    476 atoms have been selected out of  54165
  
 CHARMM>          set nprxp = ?nsel
 RDCMND substituted energy or value "?NSEL" to "476"
 Parameter: NPRXP <- "476"
  
 CHARMM>          if nprxp .gt. 0 coor trans xdir -@A sele prxp end
 Parameter: A -> "117.465304"
 Comparing "476" and "0".
 IF test evaluated as true.  Performing command
 SELRPN>    476 atoms have been selected out of  54165
 TRANSLATION VECTOR  -117.465304    0.000000    0.000000
 SELECTED COORDINATES TRANSLATED IN THE MAIN SET.

  
 CHARMM>          define pryp sele ( prop Y .ge. @XYhalf ) .and. .not. target end
 Parameter: XYHALF -> "58.732652"
 SELRPN>    343 atoms have been selected out of  54165
  
 CHARMM>          set npryp = ?nsel
 RDCMND substituted energy or value "?NSEL" to "343"
 Parameter: NPRYP <- "343"
  
 CHARMM>          if npryp .gt. 0 coor trans ydir -@A sele pryp end
 Parameter: A -> "117.465304"
 Comparing "343" and "0".
 IF test evaluated as true.  Performing command
 SELRPN>    343 atoms have been selected out of  54165
 TRANSLATION VECTOR     0.000000 -117.465304    0.000000
 SELECTED COORDINATES TRANSLATED IN THE MAIN SET.

  
 CHARMM>          define prxn sele ( prop X .le. -@XYhalf ) .and. .not. target end
 Parameter: XYHALF -> "58.732652"
 SELRPN>    216 atoms have been selected out of  54165
  
 CHARMM>          set nprxn = ?nsel
 RDCMND substituted energy or value "?NSEL" to "216"
 Parameter: NPRXN <- "216"
  
 CHARMM>          if nprxn .gt. 0 coor trans xdir @A sele prxn end
 Parameter: A -> "117.465304"
 Comparing "216" and "0".
 IF test evaluated as true.  Performing command
 SELRPN>    216 atoms have been selected out of  54165
 TRANSLATION VECTOR   117.465304    0.000000    0.000000
 SELECTED COORDINATES TRANSLATED IN THE MAIN SET.

  
 CHARMM>          define pryn sele ( prop Y .le. -@XYhalf ) .and. .not. target end
 Parameter: XYHALF -> "58.732652"
 SELRPN>    588 atoms have been selected out of  54165
  
 CHARMM>          set npryn = ?nsel
 RDCMND substituted energy or value "?NSEL" to "588"
 Parameter: NPRYN <- "588"
  
 CHARMM>          if npryn .gt. 0 coor trans ydir @A sele pryn end
 Parameter: A -> "117.465304"
 Comparing "588" and "0".
 IF test evaluated as true.  Performing command
 SELRPN>    588 atoms have been selected out of  54165
 TRANSLATION VECTOR     0.000000  117.465304    0.000000
 SELECTED COORDINATES TRANSLATED IN THE MAIN SET.

  
 CHARMM>     
  
 CHARMM>          define imxp sele none end
 SELRPN>      0 atoms have been selected out of  54165
  
 CHARMM>          define imyp sele none end
 SELRPN>      0 atoms have been selected out of  54165
  
 CHARMM>          define imxn sele none end
 SELRPN>      0 atoms have been selected out of  54165
  
 CHARMM>          define imyn sele none end
 SELRPN>      0 atoms have been selected out of  54165
  
 CHARMM>     
  
 CHARMM>          set nimxp = 0
 Parameter: NIMXP <- "0"
  
 CHARMM>          set nimyp = 0
 Parameter: NIMYP <- "0"
  
 CHARMM>          set nimxn = 0
 Parameter: NIMXN <- "0"
  
 CHARMM>          set nimyn = 0
 Parameter: NIMYN <- "0"
  
 CHARMM>     
  
 CHARMM>          if xmax .gt. @XYhalf then
 Parameter: XYHALF -> "58.732652"
 Comparing "7.70234906" and "58.732652".
 IF test evaluated as false.  Skip to ELSE or ENDIF
  
 CHARMM>          if ymax .gt. @XYhalf then
 Parameter: XYHALF -> "58.732652"
 Comparing "-29.7096301" and "58.732652".
 IF test evaluated as false.  Skip to ELSE or ENDIF
  
 CHARMM>          if xmin .lt. -@XYhalf then
 Parameter: XYHALF -> "58.732652"
 Comparing "-13.2263247" and "-58.732652".
 IF test evaluated as false.  Skip to ELSE or ENDIF
  
 CHARMM>          if ymin .lt. -@XYhalf then
 Parameter: XYHALF -> "58.732652"
 Comparing "-48.7236425" and "-58.732652".
 IF test evaluated as false.  Skip to ELSE or ENDIF
  
 CHARMM>     
  
 CHARMM>          define JUNK sele .not. target .and. .not. hydrogen .and. -
 CHARMM>                           prop X .lt. @xmax .and. prop X .gt. @xmin .and. -
 CHARMM>                           prop Y .lt. @ymax .and. prop Y .gt. @ymin .and. -
 CHARMM>                           prop Z .lt. @zmax .and. prop Z .gt. @zmin  end
 Parameter: XMAX -> "7.70234906"
 Parameter: XMIN -> "-13.2263247"
 Parameter: YMAX -> "-29.7096301"
 Parameter: YMIN -> "-48.7236425"
 Parameter: ZMAX -> "28.2393399"
 Parameter: ZMIN -> "-3.98991795"
 SELRPN>    416 atoms have been selected out of  54165
  
 CHARMM>     
  
 CHARMM>          calc xmove = 0.0
Evaluating: 0.0
 Parameter: XMOVE <- "0"
  
 CHARMM>          calc ymove = 0.0
Evaluating: 0.0
 Parameter: YMOVE <- "0"
  
 CHARMM>          calc nxymove = 1
Evaluating: 1
 Parameter: NXYMOVE <- "1"
  
 CHARMM>     
  
 CHARMM>          label doxymove
  
 CHARMM>     
  
 CHARMM>             if nxymove .eq. 2 incr xmove by 1
 Comparing "1" and "2".
 IF test evaluated as false.  Skipping command
  
 CHARMM>             if nxymove .eq. 3 incr ymove by 1
 Comparing "1" and "3".
 IF test evaluated as false.  Skipping command
  
 CHARMM>             if nxymove .eq. 4 decr xmove by 1
 Comparing "1" and "4".
 IF test evaluated as false.  Skipping command
  
 CHARMM>             if nxymove .eq. 5 decr xmove by 1
 Comparing "1" and "5".
 IF test evaluated as false.  Skipping command
  
 CHARMM>             if nxymove .eq. 6 decr ymove by 1
 Comparing "1" and "6".
 IF test evaluated as false.  Skipping command
  
 CHARMM>             if nxymove .eq. 7 decr ymove by 1
 Comparing "1" and "7".
 IF test evaluated as false.  Skipping command
  
 CHARMM>             if nxymove .eq. 8 incr xmove by 1
 Comparing "1" and "8".
 IF test evaluated as false.  Skipping command
  
 CHARMM>             if nxymove .eq. 9 incr xmove by 1
 Comparing "1" and "9".
 IF test evaluated as false.  Skipping command
  
 CHARMM>     
  
 CHARMM>             calc xtran = @xhead + @xmove
 Parameter: XHEAD -> "-1.5944748"
 Parameter: XMOVE -> "0"
Evaluating: -1.5944748+0
 Parameter: XTRAN <- "-1.5944748"
  
 CHARMM>             calc ytran = @yhead + @ymove
 Parameter: YHEAD -> "-39.2858149"
 Parameter: YMOVE -> "0"
Evaluating: -39.2858149+0
 Parameter: YTRAN <- "-39.2858149"
  
 CHARMM>     
  
 CHARMM>             calc rotang = 0.0
Evaluating: 0.0
 Parameter: ROTANG <- "0"
  
 CHARMM>             label dorot
  
 CHARMM>     
  
 CHARMM>                coor rotate zdir 1.0 xcen @xtran ycen @ytran zcen @zhead phi @rotang sele target end
 Parameter: XTRAN -> "-1.5944748"
 Parameter: YTRAN -> "-39.2858149"
 Parameter: ZHEAD -> "19"
 Parameter: ROTANG -> "0"
 SELRPN>    134 atoms have been selected out of  54165
 ROTATION MATRIX
    1.000000    0.000000    0.000000
    0.000000    1.000000    0.000000
    0.000000    0.000000    1.000000

 VERY LITTLE ROTATION: NO AXIS FOUND
 SELECTED COORDINATES ROTATED IN THE MAIN SET.

  
 CHARMM>     
  
 CHARMM>                set dotrans = 1
 Parameter: DOTRANS <- "1"
  
 CHARMM>                label doclash
  
 CHARMM>                   if dotrans .eq. 2 coor trans xdir  1.0 ydir  1.0 dist 0.71 sele target end
 Comparing "1" and "2".
 IF test evaluated as false.  Skipping command
  
 CHARMM>                   if dotrans .eq. 3 coor trans xdir  1.0 ydir -1.0 dist 0.71 sele target end
 Comparing "1" and "3".
 IF test evaluated as false.  Skipping command
  
 CHARMM>                   if dotrans .eq. 4 coor trans xdir -1.0 ydir  1.0 dist 0.71 sele target end
 Comparing "1" and "4".
 IF test evaluated as false.  Skipping command
  
 CHARMM>                   if dotrans .eq. 5 coor trans xdir -1.0 ydir -1.0 dist 0.71 sele target end
 Comparing "1" and "5".
 IF test evaluated as false.  Skipping command
  
 CHARMM>     
  
 CHARMM>                   if issterol .eq. yes then
 Comparing "NO" and "YES".
 IF test evaluated as false.  Skip to ELSE or ENDIF
  
 CHARMM>                      if nsterol .gt. 0 then
 Comparing "63" and "0".
 IF test evaluated as true.  Performing command
  
 CHARMM>                         ! to prevent the penetration of lipid molecules into cholesterol rings
  
 CHARMM>                         coor dist cut 1.0 sele segid L@LipidNum .and. .not. resname TIP3 .and. .not. hydrogen end  -
 CHARMM>                                                sele ((STEROL .and. ( type c% .or. type c1* )) .or. segid DUM) .and. JUNK end
 Parameter: LIPIDNUM -> "2"
 SELRPN>     52 atoms have been selected out of  54165
 SELRPN>      6 atoms have been selected out of  54165

            DISTANCES FOR SELECTED ATOMS
 TOTAL EXCLUSION COUNT =         0
 TOTAL 1-4 EXCLUSIONS  =         0
 TOTAL NON-EXCLUSIONS  =         0
  
 CHARMM>                         if ?npair gt 0 goto domorerot
 RDCMND substituted energy or value "?NPAIR" to "0"
 Comparing "0" and "0".
 IF test evaluated as false.  Skipping command
  
 CHARMM>                      endif
  
 CHARMM>     
  
 CHARMM>                      !protein-check
  
 CHARMM>                      !
  
 CHARMM>                      coor dist cut 1.7 sele segid L@LipidNum .and. .not. resname TIP3 .and. .not. hydrogen end  -
 CHARMM>                                            sele PROT .and. .not. resname TIP3 .and. JUNK end
 Parameter: LIPIDNUM -> "2"
 SELRPN>     52 atoms have been selected out of  54165
 SELRPN>    167 atoms have been selected out of  54165

            DISTANCES FOR SELECTED ATOMS
54126 L2       POPC     1        C34     -3259 PROA     PHE      236      CZ            1.4828
54126 L2       POPC     1        C34     -3263 PROA     PHE      236      CE2           1.3133
 TOTAL EXCLUSION COUNT =         0
 TOTAL 1-4 EXCLUSIONS  =         0
 TOTAL NON-EXCLUSIONS  =         2
  
 CHARMM>                      if ?npair gt 8 goto domorerot
 RDCMND substituted energy or value "?NPAIR" to "2"
 Comparing "2" and "8".
 IF test evaluated as false.  Skipping command
  
 CHARMM>     
  
 CHARMM>                      !lipid-check
  
 CHARMM>                      !
  
 CHARMM>                      coor dist cut 1.2 sele segid L@LipidNum .and. .not. resname TIP3 .and. .not. hydrogen end  -
 CHARMM>                                             sele .not. ( repack .or. segid L@LipidNum .or. resname TIP3 .or. PROT ) .and. JUNK end
 Parameter: LIPIDNUM -> "2"
 Parameter: LIPIDNUM -> "2"
 SELRPN>     52 atoms have been selected out of  54165
 SELRPN>    197 atoms have been selected out of  54165

            DISTANCES FOR SELECTED ATOMS
 TOTAL EXCLUSION COUNT =         0
 TOTAL 1-4 EXCLUSIONS  =         0
 TOTAL NON-EXCLUSIONS  =         0
  
 CHARMM>                      if ?npair gt @nbad goto domorerot
 Parameter: NBAD -> "5"
 RDCMND substituted energy or value "?NPAIR" to "0"
 Comparing "0" and "5".
 IF test evaluated as false.  Skipping command
  
 CHARMM>                   endif
  
 CHARMM>     
  
 CHARMM>                   if dotrans .eq. 2 coor trans xdir -1.0 ydir -1.0 dist 0.71 sele target end
 Comparing "1" and "2".
 IF test evaluated as false.  Skipping command
  
 CHARMM>                   if dotrans .eq. 3 coor trans xdir -1.0 ydir  1.0 dist 0.71 sele target end
 Comparing "1" and "3".
 IF test evaluated as false.  Skipping command
  
 CHARMM>                   if dotrans .eq. 4 coor trans xdir  1.0 ydir -1.0 dist 0.71 sele target end
 Comparing "1" and "4".
 IF test evaluated as false.  Skipping command
  
 CHARMM>                   if dotrans .eq. 5 coor trans xdir  1.0 ydir  1.0 dist 0.71 sele target end
 Comparing "1" and "5".
 IF test evaluated as false.  Skipping command
  
 CHARMM>     
  
 CHARMM>                incr dotrans by 1
 Parameter: DOTRANS <- "2"
  
 CHARMM>                if dotrans .le. 5 goto doclash
 Comparing "2" and "5".
 IF test evaluated as true.  Performing command
  
 CHARMM>                   if dotrans .eq. 2 coor trans xdir  1.0 ydir  1.0 dist 0.71 sele target end
 Comparing "2" and "2".
 IF test evaluated as true.  Performing command
 SELRPN>    134 atoms have been selected out of  54165
 TRANSLATION VECTOR     0.502046    0.502046    0.000000
 SELECTED COORDINATES TRANSLATED IN THE MAIN SET.

  
 CHARMM>                   if dotrans .eq. 3 coor trans xdir  1.0 ydir -1.0 dist 0.71 sele target end
 Comparing "2" and "3".
 IF test evaluated as false.  Skipping command
  
 CHARMM>                   if dotrans .eq. 4 coor trans xdir -1.0 ydir  1.0 dist 0.71 sele target end
 Comparing "2" and "4".
 IF test evaluated as false.  Skipping command
  
 CHARMM>                   if dotrans .eq. 5 coor trans xdir -1.0 ydir -1.0 dist 0.71 sele target end
 Comparing "2" and "5".
 IF test evaluated as false.  Skipping command
  
 CHARMM>     
  
 CHARMM>                   if issterol .eq. yes then
 Comparing "NO" and "YES".
 IF test evaluated as false.  Skip to ELSE or ENDIF
  
 CHARMM>                      if nsterol .gt. 0 then
 Comparing "63" and "0".
 IF test evaluated as true.  Performing command
  
 CHARMM>                         ! to prevent the penetration of lipid molecules into cholesterol rings
  
 CHARMM>                         coor dist cut 1.0 sele segid L@LipidNum .and. .not. resname TIP3 .and. .not. hydrogen end  -
 CHARMM>                                                sele ((STEROL .and. ( type c% .or. type c1* )) .or. segid DUM) .and. JUNK end
 Parameter: LIPIDNUM -> "2"
 SELRPN>     52 atoms have been selected out of  54165
 SELRPN>      6 atoms have been selected out of  54165

            DISTANCES FOR SELECTED ATOMS
 TOTAL EXCLUSION COUNT =         0
 TOTAL 1-4 EXCLUSIONS  =         0
 TOTAL NON-EXCLUSIONS  =         0
  
 CHARMM>                         if ?npair gt 0 goto domorerot
 RDCMND substituted energy or value "?NPAIR" to "0"
 Comparing "0" and "0".
 IF test evaluated as false.  Skipping command
  
 CHARMM>                      endif
  
 CHARMM>     
  
 CHARMM>                      !protein-check
  
 CHARMM>                      !
  
 CHARMM>                      coor dist cut 1.7 sele segid L@LipidNum .and. .not. resname TIP3 .and. .not. hydrogen end  -
 CHARMM>                                            sele PROT .and. .not. resname TIP3 .and. JUNK end
 Parameter: LIPIDNUM -> "2"
 SELRPN>     52 atoms have been selected out of  54165
 SELRPN>    167 atoms have been selected out of  54165

            DISTANCES FOR SELECTED ATOMS
54053 L2       POPC     1        O14     -3220 PROA     SER      233      O             1.6904
54126 L2       POPC     1        C34     -3259 PROA     PHE      236      CZ            1.1301
54126 L2       POPC     1        C34     -3263 PROA     PHE      236      CE2           0.9390
 TOTAL EXCLUSION COUNT =         0
 TOTAL 1-4 EXCLUSIONS  =         0
 TOTAL NON-EXCLUSIONS  =         3
  
 CHARMM>                      if ?npair gt 8 goto domorerot
 RDCMND substituted energy or value "?NPAIR" to "3"
 Comparing "3" and "8".
 IF test evaluated as false.  Skipping command
  
 CHARMM>     
  
 CHARMM>                      !lipid-check
  
 CHARMM>                      !
  
 CHARMM>                      coor dist cut 1.2 sele segid L@LipidNum .and. .not. resname TIP3 .and. .not. hydrogen end  -
 CHARMM>                                             sele .not. ( repack .or. segid L@LipidNum .or. resname TIP3 .or. PROT ) .and. JUNK end
 Parameter: LIPIDNUM -> "2"
 Parameter: LIPIDNUM -> "2"
 SELRPN>     52 atoms have been selected out of  54165
 SELRPN>    197 atoms have been selected out of  54165

            DISTANCES FOR SELECTED ATOMS
 TOTAL EXCLUSION COUNT =         0
 TOTAL 1-4 EXCLUSIONS  =         0
 TOTAL NON-EXCLUSIONS  =         0
  
 CHARMM>                      if ?npair gt @nbad goto domorerot
 Parameter: NBAD -> "5"
 RDCMND substituted energy or value "?NPAIR" to "0"
 Comparing "0" and "5".
 IF test evaluated as false.  Skipping command
  
 CHARMM>                   endif
  
 CHARMM>     
  
 CHARMM>                   if dotrans .eq. 2 coor trans xdir -1.0 ydir -1.0 dist 0.71 sele target end
 Comparing "2" and "2".
 IF test evaluated as true.  Performing command
 SELRPN>    134 atoms have been selected out of  54165
 TRANSLATION VECTOR    -0.502046   -0.502046    0.000000
 SELECTED COORDINATES TRANSLATED IN THE MAIN SET.

  
 CHARMM>                   if dotrans .eq. 3 coor trans xdir -1.0 ydir  1.0 dist 0.71 sele target end
 Comparing "2" and "3".
 IF test evaluated as false.  Skipping command
  
 CHARMM>                   if dotrans .eq. 4 coor trans xdir  1.0 ydir -1.0 dist 0.71 sele target end
 Comparing "2" and "4".
 IF test evaluated as false.  Skipping command
  
 CHARMM>                   if dotrans .eq. 5 coor trans xdir  1.0 ydir  1.0 dist 0.71 sele target end
 Comparing "2" and "5".
 IF test evaluated as false.  Skipping command
  
 CHARMM>     
  
 CHARMM>                incr dotrans by 1
 Parameter: DOTRANS <- "3"
  
 CHARMM>                if dotrans .le. 5 goto doclash
 Comparing "3" and "5".
 IF test evaluated as true.  Performing command
  
 CHARMM>                   if dotrans .eq. 2 coor trans xdir  1.0 ydir  1.0 dist 0.71 sele target end
 Comparing "3" and "2".
 IF test evaluated as false.  Skipping command
  
 CHARMM>                   if dotrans .eq. 3 coor trans xdir  1.0 ydir -1.0 dist 0.71 sele target end
 Comparing "3" and "3".
 IF test evaluated as true.  Performing command
 SELRPN>    134 atoms have been selected out of  54165
 TRANSLATION VECTOR     0.502046   -0.502046    0.000000
 SELECTED COORDINATES TRANSLATED IN THE MAIN SET.

  
 CHARMM>                   if dotrans .eq. 4 coor trans xdir -1.0 ydir  1.0 dist 0.71 sele target end
 Comparing "3" and "4".
 IF test evaluated as false.  Skipping command
  
 CHARMM>                   if dotrans .eq. 5 coor trans xdir -1.0 ydir -1.0 dist 0.71 sele target end
 Comparing "3" and "5".
 IF test evaluated as false.  Skipping command
  
 CHARMM>     
  
 CHARMM>                   if issterol .eq. yes then
 Comparing "NO" and "YES".
 IF test evaluated as false.  Skip to ELSE or ENDIF
  
 CHARMM>                      if nsterol .gt. 0 then
 Comparing "63" and "0".
 IF test evaluated as true.  Performing command
  
 CHARMM>                         ! to prevent the penetration of lipid molecules into cholesterol rings
  
 CHARMM>                         coor dist cut 1.0 sele segid L@LipidNum .and. .not. resname TIP3 .and. .not. hydrogen end  -
 CHARMM>                                                sele ((STEROL .and. ( type c% .or. type c1* )) .or. segid DUM) .and. JUNK end
 Parameter: LIPIDNUM -> "2"
 SELRPN>     52 atoms have been selected out of  54165
 SELRPN>      6 atoms have been selected out of  54165

            DISTANCES FOR SELECTED ATOMS
 TOTAL EXCLUSION COUNT =         0
 TOTAL 1-4 EXCLUSIONS  =         0
 TOTAL NON-EXCLUSIONS  =         0
  
 CHARMM>                         if ?npair gt 0 goto domorerot
 RDCMND substituted energy or value "?NPAIR" to "0"
 Comparing "0" and "0".
 IF test evaluated as false.  Skipping command
  
 CHARMM>                      endif
  
 CHARMM>     
  
 CHARMM>                      !protein-check
  
 CHARMM>                      !
  
 CHARMM>                      coor dist cut 1.7 sele segid L@LipidNum .and. .not. resname TIP3 .and. .not. hydrogen end  -
 CHARMM>                                            sele PROT .and. .not. resname TIP3 .and. JUNK end
 Parameter: LIPIDNUM -> "2"
 SELRPN>     52 atoms have been selected out of  54165
 SELRPN>    167 atoms have been selected out of  54165

            DISTANCES FOR SELECTED ATOMS
54126 L2       POPC     1        C34     -3263 PROA     PHE      236      CE2           1.5999
 TOTAL EXCLUSION COUNT =         0
 TOTAL 1-4 EXCLUSIONS  =         0
 TOTAL NON-EXCLUSIONS  =         1
  
 CHARMM>                      if ?npair gt 8 goto domorerot
 RDCMND substituted energy or value "?NPAIR" to "1"
 Comparing "1" and "8".
 IF test evaluated as false.  Skipping command
  
 CHARMM>     
  
 CHARMM>                      !lipid-check
  
 CHARMM>                      !
  
 CHARMM>                      coor dist cut 1.2 sele segid L@LipidNum .and. .not. resname TIP3 .and. .not. hydrogen end  -
 CHARMM>                                             sele .not. ( repack .or. segid L@LipidNum .or. resname TIP3 .or. PROT ) .and. JUNK end
 Parameter: LIPIDNUM -> "2"
 Parameter: LIPIDNUM -> "2"
 SELRPN>     52 atoms have been selected out of  54165
 SELRPN>    197 atoms have been selected out of  54165

            DISTANCES FOR SELECTED ATOMS
54085 L2       POPC     1        C26     -**** MEMB     POPC     66       C24           1.0580
 TOTAL EXCLUSION COUNT =         0
 TOTAL 1-4 EXCLUSIONS  =         0
 TOTAL NON-EXCLUSIONS  =         1
  
 CHARMM>                      if ?npair gt @nbad goto domorerot
 Parameter: NBAD -> "5"
 RDCMND substituted energy or value "?NPAIR" to "1"
 Comparing "1" and "5".
 IF test evaluated as false.  Skipping command
  
 CHARMM>                   endif
  
 CHARMM>     
  
 CHARMM>                   if dotrans .eq. 2 coor trans xdir -1.0 ydir -1.0 dist 0.71 sele target end
 Comparing "3" and "2".
 IF test evaluated as false.  Skipping command
  
 CHARMM>                   if dotrans .eq. 3 coor trans xdir -1.0 ydir  1.0 dist 0.71 sele target end
 Comparing "3" and "3".
 IF test evaluated as true.  Performing command
 SELRPN>    134 atoms have been selected out of  54165
 TRANSLATION VECTOR    -0.502046    0.502046    0.000000
 SELECTED COORDINATES TRANSLATED IN THE MAIN SET.

  
 CHARMM>                   if dotrans .eq. 4 coor trans xdir  1.0 ydir -1.0 dist 0.71 sele target end
 Comparing "3" and "4".
 IF test evaluated as false.  Skipping command
  
 CHARMM>                   if dotrans .eq. 5 coor trans xdir  1.0 ydir  1.0 dist 0.71 sele target end
 Comparing "3" and "5".
 IF test evaluated as false.  Skipping command
  
 CHARMM>     
  
 CHARMM>                incr dotrans by 1
 Parameter: DOTRANS <- "4"
  
 CHARMM>                if dotrans .le. 5 goto doclash
 Comparing "4" and "5".
 IF test evaluated as true.  Performing command
  
 CHARMM>                   if dotrans .eq. 2 coor trans xdir  1.0 ydir  1.0 dist 0.71 sele target end
 Comparing "4" and "2".
 IF test evaluated as false.  Skipping command
  
 CHARMM>                   if dotrans .eq. 3 coor trans xdir  1.0 ydir -1.0 dist 0.71 sele target end
 Comparing "4" and "3".
 IF test evaluated as false.  Skipping command
  
 CHARMM>                   if dotrans .eq. 4 coor trans xdir -1.0 ydir  1.0 dist 0.71 sele target end
 Comparing "4" and "4".
 IF test evaluated as true.  Performing command
 SELRPN>    134 atoms have been selected out of  54165
 TRANSLATION VECTOR    -0.502046    0.502046    0.000000
 SELECTED COORDINATES TRANSLATED IN THE MAIN SET.

  
 CHARMM>                   if dotrans .eq. 5 coor trans xdir -1.0 ydir -1.0 dist 0.71 sele target end
 Comparing "4" and "5".
 IF test evaluated as false.  Skipping command
  
 CHARMM>     
  
 CHARMM>                   if issterol .eq. yes then
 Comparing "NO" and "YES".
 IF test evaluated as false.  Skip to ELSE or ENDIF
  
 CHARMM>                      if nsterol .gt. 0 then
 Comparing "63" and "0".
 IF test evaluated as true.  Performing command
  
 CHARMM>                         ! to prevent the penetration of lipid molecules into cholesterol rings
  
 CHARMM>                         coor dist cut 1.0 sele segid L@LipidNum .and. .not. resname TIP3 .and. .not. hydrogen end  -
 CHARMM>                                                sele ((STEROL .and. ( type c% .or. type c1* )) .or. segid DUM) .and. JUNK end
 Parameter: LIPIDNUM -> "2"
 SELRPN>     52 atoms have been selected out of  54165
 SELRPN>      6 atoms have been selected out of  54165

            DISTANCES FOR SELECTED ATOMS
 TOTAL EXCLUSION COUNT =         0
 TOTAL 1-4 EXCLUSIONS  =         0
 TOTAL NON-EXCLUSIONS  =         0
  
 CHARMM>                         if ?npair gt 0 goto domorerot
 RDCMND substituted energy or value "?NPAIR" to "0"
 Comparing "0" and "0".
 IF test evaluated as false.  Skipping command
  
 CHARMM>                      endif
  
 CHARMM>     
  
 CHARMM>                      !protein-check
  
 CHARMM>                      !
  
 CHARMM>                      coor dist cut 1.7 sele segid L@LipidNum .and. .not. resname TIP3 .and. .not. hydrogen end  -
 CHARMM>                                            sele PROT .and. .not. resname TIP3 .and. JUNK end
 Parameter: LIPIDNUM -> "2"
 SELRPN>     52 atoms have been selected out of  54165
 SELRPN>    167 atoms have been selected out of  54165

            DISTANCES FOR SELECTED ATOMS
54072 L2       POPC     1        O32     -3372 PROA     TRP      243      CE2           1.3629
54126 L2       POPC     1        C34     -3257 PROA     PHE      236      CE1           1.6018
54126 L2       POPC     1        C34     -3259 PROA     PHE      236      CZ            1.0878
54126 L2       POPC     1        C34     -3263 PROA     PHE      236      CE2           1.3777
 TOTAL EXCLUSION COUNT =         0
 TOTAL 1-4 EXCLUSIONS  =         0
 TOTAL NON-EXCLUSIONS  =         4
  
 CHARMM>                      if ?npair gt 8 goto domorerot
 RDCMND substituted energy or value "?NPAIR" to "4"
 Comparing "4" and "8".
 IF test evaluated as false.  Skipping command
  
 CHARMM>     
  
 CHARMM>                      !lipid-check
  
 CHARMM>                      !
  
 CHARMM>                      coor dist cut 1.2 sele segid L@LipidNum .and. .not. resname TIP3 .and. .not. hydrogen end  -
 CHARMM>                                             sele .not. ( repack .or. segid L@LipidNum .or. resname TIP3 .or. PROT ) .and. JUNK end
 Parameter: LIPIDNUM -> "2"
 Parameter: LIPIDNUM -> "2"
 SELRPN>     52 atoms have been selected out of  54165
 SELRPN>    197 atoms have been selected out of  54165

            DISTANCES FOR SELECTED ATOMS
54098 L2       POPC     1        C211    -**** MEMB     POPC     41       C34           0.8651
54126 L2       POPC     1        C34     -**** DUM      POL      33       POLO          1.1825
 TOTAL EXCLUSION COUNT =         0
 TOTAL 1-4 EXCLUSIONS  =         0
 TOTAL NON-EXCLUSIONS  =         2
  
 CHARMM>                      if ?npair gt @nbad goto domorerot
 Parameter: NBAD -> "5"
 RDCMND substituted energy or value "?NPAIR" to "2"
 Comparing "2" and "5".
 IF test evaluated as false.  Skipping command
  
 CHARMM>                   endif
  
 CHARMM>     
  
 CHARMM>                   if dotrans .eq. 2 coor trans xdir -1.0 ydir -1.0 dist 0.71 sele target end
 Comparing "4" and "2".
 IF test evaluated as false.  Skipping command
  
 CHARMM>                   if dotrans .eq. 3 coor trans xdir -1.0 ydir  1.0 dist 0.71 sele target end
 Comparing "4" and "3".
 IF test evaluated as false.  Skipping command
  
 CHARMM>                   if dotrans .eq. 4 coor trans xdir  1.0 ydir -1.0 dist 0.71 sele target end
 Comparing "4" and "4".
 IF test evaluated as true.  Performing command
 SELRPN>    134 atoms have been selected out of  54165
 TRANSLATION VECTOR     0.502046   -0.502046    0.000000
 SELECTED COORDINATES TRANSLATED IN THE MAIN SET.

  
 CHARMM>                   if dotrans .eq. 5 coor trans xdir  1.0 ydir  1.0 dist 0.71 sele target end
 Comparing "4" and "5".
 IF test evaluated as false.  Skipping command
  
 CHARMM>     
  
 CHARMM>                incr dotrans by 1
 Parameter: DOTRANS <- "5"
  
 CHARMM>                if dotrans .le. 5 goto doclash
 Comparing "5" and "5".
 IF test evaluated as true.  Performing command
  
 CHARMM>                   if dotrans .eq. 2 coor trans xdir  1.0 ydir  1.0 dist 0.71 sele target end
 Comparing "5" and "2".
 IF test evaluated as false.  Skipping command
  
 CHARMM>                   if dotrans .eq. 3 coor trans xdir  1.0 ydir -1.0 dist 0.71 sele target end
 Comparing "5" and "3".
 IF test evaluated as false.  Skipping command
  
 CHARMM>                   if dotrans .eq. 4 coor trans xdir -1.0 ydir  1.0 dist 0.71 sele target end
 Comparing "5" and "4".
 IF test evaluated as false.  Skipping command
  
 CHARMM>                   if dotrans .eq. 5 coor trans xdir -1.0 ydir -1.0 dist 0.71 sele target end
 Comparing "5" and "5".
 IF test evaluated as true.  Performing command
 SELRPN>    134 atoms have been selected out of  54165
 TRANSLATION VECTOR    -0.502046   -0.502046    0.000000
 SELECTED COORDINATES TRANSLATED IN THE MAIN SET.

  
 CHARMM>     
  
 CHARMM>                   if issterol .eq. yes then
 Comparing "NO" and "YES".
 IF test evaluated as false.  Skip to ELSE or ENDIF
  
 CHARMM>                      if nsterol .gt. 0 then
 Comparing "63" and "0".
 IF test evaluated as true.  Performing command
  
 CHARMM>                         ! to prevent the penetration of lipid molecules into cholesterol rings
  
 CHARMM>                         coor dist cut 1.0 sele segid L@LipidNum .and. .not. resname TIP3 .and. .not. hydrogen end  -
 CHARMM>                                                sele ((STEROL .and. ( type c% .or. type c1* )) .or. segid DUM) .and. JUNK end
 Parameter: LIPIDNUM -> "2"
 SELRPN>     52 atoms have been selected out of  54165
 SELRPN>      6 atoms have been selected out of  54165

            DISTANCES FOR SELECTED ATOMS
 TOTAL EXCLUSION COUNT =         0
 TOTAL 1-4 EXCLUSIONS  =         0
 TOTAL NON-EXCLUSIONS  =         0
  
 CHARMM>                         if ?npair gt 0 goto domorerot
 RDCMND substituted energy or value "?NPAIR" to "0"
 Comparing "0" and "0".
 IF test evaluated as false.  Skipping command
  
 CHARMM>                      endif
  
 CHARMM>     
  
 CHARMM>                      !protein-check
  
 CHARMM>                      !
  
 CHARMM>                      coor dist cut 1.7 sele segid L@LipidNum .and. .not. resname TIP3 .and. .not. hydrogen end  -
 CHARMM>                                            sele PROT .and. .not. resname TIP3 .and. JUNK end
 Parameter: LIPIDNUM -> "2"
 SELRPN>     52 atoms have been selected out of  54165
 SELRPN>    167 atoms have been selected out of  54165

            DISTANCES FOR SELECTED ATOMS
 TOTAL EXCLUSION COUNT =         0
 TOTAL 1-4 EXCLUSIONS  =         0
 TOTAL NON-EXCLUSIONS  =         0
  
 CHARMM>                      if ?npair gt 8 goto domorerot
 RDCMND substituted energy or value "?NPAIR" to "0"
 Comparing "0" and "8".
 IF test evaluated as false.  Skipping command
  
 CHARMM>     
  
 CHARMM>                      !lipid-check
  
 CHARMM>                      !
  
 CHARMM>                      coor dist cut 1.2 sele segid L@LipidNum .and. .not. resname TIP3 .and. .not. hydrogen end  -
 CHARMM>                                             sele .not. ( repack .or. segid L@LipidNum .or. resname TIP3 .or. PROT ) .and. JUNK end
 Parameter: LIPIDNUM -> "2"
 Parameter: LIPIDNUM -> "2"
 SELRPN>     52 atoms have been selected out of  54165
 SELRPN>    197 atoms have been selected out of  54165

            DISTANCES FOR SELECTED ATOMS
 TOTAL EXCLUSION COUNT =         0
 TOTAL 1-4 EXCLUSIONS  =         0
 TOTAL NON-EXCLUSIONS  =         0
  
 CHARMM>                      if ?npair gt @nbad goto domorerot
 Parameter: NBAD -> "5"
 RDCMND substituted energy or value "?NPAIR" to "0"
 Comparing "0" and "5".
 IF test evaluated as false.  Skipping command
  
 CHARMM>                   endif
  
 CHARMM>     
  
 CHARMM>                   if dotrans .eq. 2 coor trans xdir -1.0 ydir -1.0 dist 0.71 sele target end
 Comparing "5" and "2".
 IF test evaluated as false.  Skipping command
  
 CHARMM>                   if dotrans .eq. 3 coor trans xdir -1.0 ydir  1.0 dist 0.71 sele target end
 Comparing "5" and "3".
 IF test evaluated as false.  Skipping command
  
 CHARMM>                   if dotrans .eq. 4 coor trans xdir  1.0 ydir -1.0 dist 0.71 sele target end
 Comparing "5" and "4".
 IF test evaluated as false.  Skipping command
  
 CHARMM>                   if dotrans .eq. 5 coor trans xdir  1.0 ydir  1.0 dist 0.71 sele target end
 Comparing "5" and "5".
 IF test evaluated as true.  Performing command
 SELRPN>    134 atoms have been selected out of  54165
 TRANSLATION VECTOR     0.502046    0.502046    0.000000
 SELECTED COORDINATES TRANSLATED IN THE MAIN SET.

  
 CHARMM>     
  
 CHARMM>                incr dotrans by 1
 Parameter: DOTRANS <- "6"
  
 CHARMM>                if dotrans .le. 5 goto doclash
 Comparing "6" and "5".
 IF test evaluated as false.  Skipping command
  
 CHARMM>     
  
 CHARMM>                if nimyn .gt. 0 coor trans ydir @A sele imyn end
 Parameter: A -> "117.465304"
 Comparing "0" and "0".
 IF test evaluated as false.  Skipping command
  
 CHARMM>                if nimxn .gt. 0 coor trans xdir @A sele imxn end
 Parameter: A -> "117.465304"
 Comparing "0" and "0".
 IF test evaluated as false.  Skipping command
  
 CHARMM>                if nimyp .gt. 0 coor trans ydir -@A sele imyp end
 Parameter: A -> "117.465304"
 Comparing "0" and "0".
 IF test evaluated as false.  Skipping command
  
 CHARMM>                if nimxp .gt. 0 coor trans xdir -@A sele imxp end
 Parameter: A -> "117.465304"
 Comparing "0" and "0".
 IF test evaluated as false.  Skipping command
  
 CHARMM>     
  
 CHARMM>                if npryn .gt. 0 coor trans ydir -@A sele pryn end
 Parameter: A -> "117.465304"
 Comparing "588" and "0".
 IF test evaluated as true.  Performing command
 SELRPN>    588 atoms have been selected out of  54165
 TRANSLATION VECTOR     0.000000 -117.465304    0.000000
 SELECTED COORDINATES TRANSLATED IN THE MAIN SET.

  
 CHARMM>                if nprxn .gt. 0 coor trans xdir -@A sele prxn end
 Parameter: A -> "117.465304"
 Comparing "216" and "0".
 IF test evaluated as true.  Performing command
 SELRPN>    216 atoms have been selected out of  54165
 TRANSLATION VECTOR  -117.465304    0.000000    0.000000
 SELECTED COORDINATES TRANSLATED IN THE MAIN SET.

  
 CHARMM>                if npryp .gt. 0 coor trans ydir @A sele pryp end
 Parameter: A -> "117.465304"
 Comparing "343" and "0".
 IF test evaluated as true.  Performing command
 SELRPN>    343 atoms have been selected out of  54165
 TRANSLATION VECTOR     0.000000  117.465304    0.000000
 SELECTED COORDINATES TRANSLATED IN THE MAIN SET.

  
 CHARMM>                if nprxp .gt. 0 coor trans xdir @A sele prxp end
 Parameter: A -> "117.465304"
 Comparing "476" and "0".
 IF test evaluated as true.  Performing command
 SELRPN>    476 atoms have been selected out of  54165
 TRANSLATION VECTOR   117.465304    0.000000    0.000000
 SELECTED COORDINATES TRANSLATED IN THE MAIN SET.

  
 CHARMM>     
  
 CHARMM>                goto nextlipid
  
 CHARMM>          coor dupl sele segid L@LipidNum end sele repack end
 Parameter: LIPIDNUM -> "2"
 SELRPN>    134 atoms have been selected out of  54165
 SELRPN>    134 atoms have been selected out of  54165
  
 CHARMM>          delete atom sele segid L@LipidNUm end
 Parameter: LIPIDNUM -> "2"
 SELRPN>    134 atoms have been selected out of  54165

 Message from MAPIC: Atom numbers are changed.

 Message from MAPIC:          1 residues deleted.

 Message from MAPIC:          1 segments deleted.
 DELTIC:       133 bonds deleted
 DELTIC:         2 improper dihedrals deleted
 PSFSUM> PSF modified: NONBOND lists and IMAGE atoms cleared.
 PSFSUM> Summary of the structure file counters :
         Number of segments      =        7   Number of residues   =     1921
         Number of atoms         =    54031   Number of groups     =    15449
         Number of bonds         =    53715   Number of angles     =   101508
         Number of dihedrals     =   145609   Number of impropers  =     3038
         Number of cross-terms   =      996   Number of autogens   =      121
         Number of HB acceptors  =     1429   Number of HB donors  =     1698
         Number of NB exclusions =        0   Total charge =   -4.00000
  
 CHARMM>     
  
 CHARMM>       ! continue for total number of lipids that are needed
  
 CHARMM>       incr LipidNum by 1
 Parameter: LIPIDNUM <- "3"
  
 CHARMM>     
  
 CHARMM>    if LipidNum le @NLipid goto loop_gen
 Parameter: NLIPID -> "2"
 Comparing "3" and "2".
 IF test evaluated as false.  Skipping command
  
 CHARMM>     
  
 CHARMM>    delete atom sele segid DUM end
 SELRPN>    484 atoms have been selected out of  54031

 Message from MAPIC: Atom numbers are changed.

 Message from MAPIC:        484 residues deleted.

 Message from MAPIC:          1 segments deleted.
 PSFSUM> PSF modified: NONBOND lists and IMAGE atoms cleared.
 PSFSUM> Summary of the structure file counters :
         Number of segments      =        6   Number of residues   =     1437
         Number of atoms         =    53547   Number of groups     =    14965
         Number of bonds         =    53715   Number of angles     =   101508
         Number of dihedrals     =   145609   Number of impropers  =     3038
         Number of cross-terms   =      996   Number of autogens   =      121
         Number of HB acceptors  =     1429   Number of HB donors  =     1698
         Number of NB exclusions =        0   Total charge =   -4.00000
  
 CHARMM>     
  
 CHARMM>    !==============================================================================
 CHARMM>    ! Write the coordinates
 CHARMM>    !
 CHARMM>     
  
 CHARMM>    open write unit 10 card name step4_lipid.pdb
 OPNLGU> Unit already open. The old file will be closed first.
 VCLOSE: Closing unit   10 with status "KEEP"
 VOPEN> Attempting to open::step4_lipid.pdb::
 OPNLGU> Unit 10 opened for WRITE access to step4_lipid.pdb
  
 CHARMM>    write coor unit 10 pdb
 RDTITL> CLOSE UNIT 10
 RDTITL> No title read.
  Write CHARMM-pdb format
  
 CHARMM>    close unit 10
 VCLOSE: Closing unit   10 with status "KEEP"
  
 CHARMM>     
  
 CHARMM>    open write unit 10 card name step4_lipid.crd
 VOPEN> Attempting to open::step4_lipid.crd::
 OPNLGU> Unit 10 opened for WRITE access to step4_lipid.crd
  
 CHARMM>    write coor unit 10 card
 RDTITL> CLOSE UNIT 10
 RDTITL> No title read.
 VCLOSE: Closing unit   10 with status "KEEP"
  
 CHARMM>    close unit 10
 CLOLGU>  *****  WARNING  ***** Attempt to close unit that was not open.
  
 CHARMM>     
  
 CHARMM>    define MEMB sele segid MEMB end
 SELRPN>  38028 atoms have been selected out of  53547
  
 CHARMM>    define NONMEMB sele .not. MEMB end
 SELRPN>  15519 atoms have been selected out of  53547
  
 CHARMM>    if ?nsel .gt. 0 delete atom sele NONMEMB end
 RDCMND substituted energy or value "?NSEL" to "15519"
 Comparing "15519" and "0".
 IF test evaluated as true.  Performing command
 SELRPN>  15519 atoms have been selected out of  53547

 Message from MAPIC: Atom numbers are changed.

 Message from MAPIC:       1125 residues deleted.

 Message from MAPIC:          5 segments deleted.
 DELTIC:     15747 bonds deleted
 DELTIC:     27873 angles deleted
 DELTIC:     40648 dihedrals deleted
 DELTIC:       121 autogen elements deleted
 DELTIC:      2540 improper dihedrals deleted
 DELTIC:       996 crossterm maps deleted
 DELTIC:      1698 donors deleted
 DELTIC:      1429 acceptors deleted
 PSFSUM> PSF modified: NONBOND lists and IMAGE atoms cleared.
 PSFSUM> Summary of the structure file counters :
         Number of segments      =        1   Number of residues   =      312
         Number of atoms         =    38028   Number of groups     =    10104
         Number of bonds         =    37968   Number of angles     =    73635
         Number of dihedrals     =   104961   Number of impropers  =      498
         Number of cross-terms   =        0   Number of autogens   =        0
         Number of HB acceptors  =        0   Number of HB donors  =        0
         Number of NB exclusions =        0   Total charge =   -0.00000
  
 CHARMM>     
  
 CHARMM>    open write unit 10 card name step4_lipid_lipid.crd
 VOPEN> Attempting to open::step4_lipid_lipid.crd::
 OPNLGU> Unit 10 opened for WRITE access to step4_lipid_lipid.crd
  
 CHARMM>    write coor unit 10 card
 RDTITL> CLOSE UNIT 10
 RDTITL> No title read.
 VCLOSE: Closing unit   10 with status "KEEP"
  
 CHARMM>    close unit 10
 CLOLGU>  *****  WARNING  ***** Attempt to close unit that was not open.
  
 CHARMM>     
  
 CHARMM>    stop
 VCLOSE: Closing unit   20 with status "KEEP"
$$$$$$  New timer profile $$$$$
 Total time                      8.84 Other:            0.00

                    NORMAL TERMINATION BY NORMAL STOP
                    MOST SEVERE WARNING WAS AT LEVEL  1

                    $$$$$ JOB ACCOUNTING INFORMATION $$$$$
                     ELAPSED TIME:     8.84  SECONDS 
                         CPU TIME:     8.84  SECONDS 
